# What the contaminated pre-2026-10 map table picked, where that pick is a billable
# code and differs from what the clean ICD-10-CM map assigns. Read by emr.icd_codes
# to recognise a code stamped by an old app build or the old server pick.
# Old table: emr_snomedicd10map_contaminated_2026-10-06.tsv.gz; clean map: der2_iisssccRefset_ExtendedMapSnapshot_US1000124_20260301.txt.
# Cannot be rebuilt once the export is gone. Do not edit by hand.
snomed_concept_id	icd10_code
100171000119109	J32.8
1002191006	E72.9
1002194003	E72.9
10028000	F13.930
10033001	Q79.69
1003370000	Q11.2
1003381002	L67.8
1003385006	F89
1003398002	Q43.6
1003422005	Q07.8
1003427004	Q78.4
1003438004	Q56.1
10037000	R41.89
1003728008	P01.8
1003729000	P01.8
1003844005	Q27.8
1003858007	Q77.3
1003861008	Q60.5
1003862001	Q77.3
1003916008	Q87.0
1003920007	Q84.2
1003938005	E70.1
1004011006	P00.6
1004015002	P02.1
1004019008	P00.6
1004020002	P00.3
1004022005	P00.3
1004026008	P00.1
1004049005	Z57.6
10058006	O03.2
100581000119102	S06.2X9S
10076004	M62.59
10079006	B69.9
10091002	I50.9
10100008	H40.839
101000161109	L89.90
1010241001	J98.8
1010242008	J22
1010245005	L08.9
1010246006	J06.9
1010247002	B44.9
1010248007	A49.8
1010249004	B37.9
1010250004	B36.9
1010251000	B34.1
1010252007	B49
1010253002	A49.2
1010254008	A49.8
1010255009	A31.9
1010256005	A31.0
1010257001	A49.8
1010261007	A49.1
1010262000	B34.9
1010263005	A54.9
1010264004	A49.8
1010265003	A49.9
1010266002	A41.9
1010269009	B64
1010270005	J18.9
1010271009	J18.9
1010283006	P00.5
1010286003	P00.3
1010444007	O04.89
1010494008	Q84.8
1010623000	J98.4
1010625007	I27.23
1010638004	Q87.89
1010675009	C11.9
1011000172100	Z63.6
101301000119106	J96.01
101351000119105	D16.9
10151000132103	R50.9
10165000	L85.9
10170007	H90.5
1017196003	J68.4
1017197007	J68.4
10181000119102	G89.3
10193001	M00.89
10205009	D53.1
102422007	Z57.8
102433005	Z57.8
102436002	Z57.8
102439009	Z57.8
102450007	H53.51
102451000119107	I44.2
102455002	A98.5
102471002	Z78.9
102476007	Z76.89
102483000	R69
102497008	R45.7
102500002	Z38.2
102501003	Z38.2
102502005	Z38.2
102548001	M62.89
102552001	R25.2
102601005	R20.8
102602003	R20.2
102603008	R20.8
102604002	R20.8
102610002	Z72.4
102619001	R19.8
102621006	R19.8
102630003	R19.8
10278007	F68.12
102850002	R82.5
102871000119101	E03.8
102873005	Z64.0
102874004	Z32.00
102876002	Z64.1
102888000	Z00.3
102909009	F20.2
102931001	F40.298
102937002	F98.5
10294000	Q82.2
102951002	Z63.0
10297007	J90
102997000	R20.8
103006007	R51.9
103077004	D84.9
103078009	D84.9
103080003	T66.XXXS
103081004	D84.9
10317009	M46.09
103259000	H51.0
103284002	R42
103288004	R42
103289007	R42
103303007	R42
103331000119103	I42.7
103406000	B20
103407009	B20
103411003	B20
103414006	B20
103415007	B20
103416008	B20
103418009	B20
10365005	I21.9
103781000119103	B48.8
10401002	L30.8
10437007	E25.8
104521000119108	H18.9
104681000119106	M02.38
104931000119100	N18.9
105121000119102	C52
10518000	K83.8
10519008	J68.1
1052356002	H90.2
105401000119101	E13.9
105414008	Z65.8
105422001	Z55.8
105441003	Z63.4
105443000	Z63.4
105444006	Z63.4
105445007	Z63.4
105446008	Z63.4
105447004	Z63.4
105481005	R63.8
105487009	Z76.89
105498005	Z56.6
105506000	H54.7
105522004	R63.8
1055222003	H90.2
1055223008	H90.2
1055224002	H90.5
1055225001	H90.5
1055226000	H90.5
1055227009	H90.5
1055228004	H90.5
1055229007	H90.5
1055230002	H90.2
1055283005	D12.6
1055316009	K63.5
1055317000	K63.5
1055320008	K62.1
1055323005	K00.2
1055325003	K00.2
1055326002	K00.2
1055327006	K00.4
1055328001	K00.2
1055329009	K00.0
1055330004	K00.6
1055331000	K00.6
1055332007	K00.6
1055333002	K00.6
1055334008	K01.1
1055335009	K00.6
1055338006	K00.2
1055339003	K00.2
1055340001	K00.2
1055341002	K00.2
1055342009	K00.2
1055343004	K00.2
1055344005	K00.2
1055345006	K00.6
105549004	F18.10
105592009	A41.9
105626007	A49.8
105628008	A01.00
105631009	B33.8
105633007	B34.8
105644004	A07.8
105649009	A07.3
105656003	A07.8
105661000119103	Z63.8
105670003	B66.4
105678005	B71.8
105681000	B71.8
105685009	B71.8
105687001	B71.8
105699008	B81.8
105701008	B81.8
105712008	B83.3
105714009	B83.8
10572007	Q91.7
105724001	Z78.9
10586006	R45.7
105965008	L30.8
105967000	L92.9
105969002	M35.9
105977003	J18.9
105978008	J70.9
105986008	Q87.5
105987004	Q89.7
105988009	Q89.9
10599009	L25.9
105993007	Q52.8
105994001	Q89.9
106007006	O75.9
106011000	O36.8990
106012007	P84
106013002	F98.9
106016005	G08
10602004	R49.8
106021008	Z63.8
106058008	R09.89
106134006	R44.8
106152006	G93.49
106154007	H49.40
106155008	B02.22
106156009	H49.40
106158005	G25.3
106160007	G52.2
106175004	R29.90
10623005	M85.09
10624871000119109	Q82.9
10625911000119108	L27.0
10625951000119109	L27.1
10628671000119100	L23.5
10628791000119105	L01.09
10629031000119100	L04.0
10629151000119105	J20.3
10633111000119105	L03.032
10633151000119106	L03.031
106511000119106	Z79.899
10662431000119107	L97.529
10662551000119100	L97.519
10674871000119105	J68.1
10676831000119101	J96.90
10680711000119109	R22.32
10684271000119100	R22.31
10690551000119101	I86.8
10692221000119107	R22.31
10692261000119102	R22.32
10692841000119102	L98.7
10701000087104	I49.9
10713006	M05.19
10720004	F89
10729003	J98.4
1073161000119109	M00.261
1073171000119103	M00.262
1073401000119103	M00.9
1074009	E26.02
10742003	P54.5
10743271000119103	M35.89
1074391000119103	M19.91
1074421000119105	M19.012
1074431000119108	M19.91
1074591000119106	M13.812
1074611000119101	M13.811
1074621000119108	M13.812
1074631000119106	M13.812
1074641000119102	M13.812
1074751000119109	M13.842
1074761000119106	M13.841
1074791000119104	M13.842
10749691000119103	O74.2
1074971000119103	M46.1
1074981000119100	M46.1
10749961000119104	I74.8
1075111000119105	M20.41
1075121000119103	M20.42
10751351000119104	O08.0
10752601000119104	O15.2
1075531000119108	M25.311
1075541000119104	M25.312
10755951000119102	R01.1
10755991000119107	R01.1
1075641000119103	M25.511
1075661000119104	M25.512
107591000119100	C68.0
10759191000119106	O87.0
10760261000119106	O71.1
1077002	I21.29
107751000119102	C54.1
107781000119109	C54.1
1077951000119100	M25.512
1078191000119108	Q79.8
1078211000119109	Q68.8
1078220008	K00.6
1078229009	Z59.41
1078231000119104	Q68.8
1078240001	G00.9
1078241002	J21.9
1078242009	J40
1078247003	B36.9
1078248008	G03.9
1078249000	A39.9
1078251001	J02.9
1078252008	B36.9
1078253003	N12
1078254009	B02.9
1078255005	A49.1
1078271005	Q74.2
1078285000	L60.1
1078290002	I61.9
10783000	F65.4
10786008	Q06.8
107881000119100	M19.039
1079001000119106	D17.5
1079221000119105	D16.9
1079231000119108	D16.9
1079281000119109	D16.9
1080101000119105	C50.912
1080151000119109	C50.212
1080171000119100	C50.611
1080181000119102	C50.911
1080201000119101	C50.311
1080211000119103	C50.511
1080231000119108	C50.211
1080411000119102	D24.2
1080421000119109	D24.1
10812001000119100	O03.0
1082371000119104	K00.2
1082421000119105	B99.9
1082631000119106	K92.2
1083341000119102	B36.9
10835571000119102	O46.029
10836111000119108	O71.6
10836161000119106	N62
1084121000119108	B36.9
1084291000119102	H65.33
1084991000119108	H71.92
1085001000119102	H71.91
1085131000119105	K63.0
1085171000119108	K62.5
1085181000119106	K63.0
1085201000119107	K63.2
1085221000119103	K62.5
1085231000119100	K63.0
1085251000119106	K63.2
1085271000119102	K62.5
1085471000119103	K94.03
108551000119106	K01.1
1085771000119109	K63.2
1085791000119105	K62.5
1085801000119106	K63.0
1085841000119108	K62.5
1085851000119105	K63.0
1085871000119101	K63.2
1085891000119100	K62.5
1085941000119104	K62.5
1086101000119107	K00.6
1086851000119100	K06.8
1086951000119108	K92.2
1087091000119104	K00.5
1087271000119105	K43.0
108781000119105	E11.621
108791000119108	H40.009
10883005	K06.8
1088471000119108	B36.9
108871000119104	A48.8
1088761000119108	H68.102
10888001	Z78.9
1088891000119106	H91.92
1089000	P36.9
1089181000119108	B36.9
1089321000119106	H92.02
1089361000119101	H65.32
1089661000119108	H66.42
1089891000119102	Q17.8
1089991000119109	K12.31
109006	F41.9
10901000087102	I95.9
1091081000119107	B36.9
1091371000119107	H68.101
1091501000119106	H91.91
1091791000119107	B36.9
1091931000119105	H92.01
1091971000119108	H65.31
1092271000119106	H66.41
1092381000119100	K65.8
1092471000119105	A41.4
109250009	L13.8
109257007	K12.33
1092581000119107	A41.1
1092631000119105	A40.0
1092641000119101	A40.1
109269004	D22.30
1092831000119109	N12
1092861000119101	K63.2
109314000	M86.18
109315004	M86.68
109333005	M87.39
109334004	M87.38
109337006	M87.38
109338001	M87.38
10934005	D68.8
109356001	C80.0
109357005	C80.0
109358000	C76.8
109362006	J39.0
109377003	D19.9
109390005	C46.7
109393007	Q87.0
109394001	Q75.8
109396004	Q75.8
109397008	Q75.8
109400004	Q75.8
109401000	Q75.8
109405009	Q75.1
109406005	Q67.4
109410008	Q75.9
109413005	Q75.9
109414004	Q75.8
109419009	Q79.8
109420003	Q79.8
109422006	Q68.8
109427000	Q21.0
109434003	Q40.9
109436001	K00.4
109445000	K00.0
109446004	K00.0
109450006	K00.1
109451005	K00.1
109455001	K00.1
109459007	K00.2
109468009	K00.6
109477002	N07.8
109480001	K00.4
109482009	K00.4
109485006	K00.4
109511009	K00.6
109514001	Q67.4
109531008	K08.0
109543009	K00.6
109547005	Q35.9
109553005	K09.1
109555003	P96.89
109564008	K02.9
109566005	K02.9
109569003	K02.9
109579001	K02.9
109595001	K03.89
109598004	K03.7
109604001	K04.7
109610001	K04.7
109614005	K05.5
109626000	K06.1
109641000	M26.69
109644008	K00.6
109653001	K00.0
109654007	K00.8
109655008	K08.109
109656009	K02.9
109694009	M86.68
10971000087107	I24.9
109712004	K06.8
109723000	M26.04
109737009	K06.8
109738004	K06.8
109739007	K06.8
109771000	K12.1
109787002	K13.6
109789004	L81.8
109801007	Q38.5
109805003	L98.1
109806002	K14.9
109813002	K27.9
109819003	K74.4
10987541000119104	Z91.82
10987721000119102	Z85.520
10987961000119105	Z85.020
109886000	C50.819
109887009	C50.829
109890003	D05.90
109895008	O72.2
109896009	R41.82
109897000	R41.82
109898005	R41.82
109899002	R45.89
109900007	F99
109901006	F99
109905002	Q05.9
1099121000119108	H01.004
109920008	D36.11
109951001	C75.8
109956006	D69.2
109957002	D69.2
10995761000119100	Z87.2
10996491000119105	Z96.611
10996531000119105	Z96.611
109991000119100	Z88.1
109996008	D46.4
10999881000119102	Z97.8
10999921000119109	Z97.8
110041000119104	M02.39
11023001	M11.09
110287002	Z78.9
110288007	M25.59
110331008	K00.2
110342004	K06.9
110351007	F99
110358001	F40.9
110471000119102	M65.19
110476007	Z76.89
110478008	Z76.89
110480002	Z65.8
11072008	R19.8
11084005	E23.0
110952161000119106	N80.8
111000003	H26.9
111000161106	R23.0
111005008	B65.8
111012004	G31.9
111023000	L90.0
111027004	I51.0
111029001	L85.1
111031005	Q82.8
111209006	L57.8
111227009	M24.69
111237004	M54.59
111273006	J98.9
111284004	I09.9
111294009	I86.8
111295005	I86.2
111300007	I42.5
111301006	E85.0
111304003	Q77.8
111308000	E00.0
111320008	Q20.8
111324004	Q83.8
111333002	Q55.9
111368002	K65.8
111392005	E85.9
111406002	G37.0
111411000119103	N18.5
11142000	K45.0
111424000	O02.1
111425004	O08.0
111430000	O04.5
111431001	O04.84
111432008	O04.7
111440002	O30.029
111443000	O34.40
111454005	O73.1
111458008	O87.9
111460005	P04.42
111467008	P54.9
111476001	F99
111477005	F94.2
111482003	F20.5
111486000	F65.52
111498005	G40.109
111500006	G71.09
111505001	Q04.3
111519001	H54.50
111556005	E11.69
111559003	E16.1
111567006	Q82.1
111570005	D64.9
111573007	D64.9
111575000	D58.2
111576004	D58.8
111587007	D81.9
11178005	E16.8
111802007	A05.8
111805009	A48.0
111809003	A30.9
111821004	A41.2
111835002	A04.5
111849006	J40
111853008	B00.9
111854002	B00.89
111859007	B02.9
111867004	B06.9
111870000	B26.9
111873003	B05.9
111891008	B18.1
111898002	B36.9
111908007	B48.8
1119232002	E16.2
1119233007	E16.2
1119236004	G44.1
1119237008	R06.6
1119239006	I74.9
111927001	B81.8
1119297005	L85.1
1119299008	I34.0
1119300000	I34.0
11193009	R43.2
111931007	B78.1
1119328006	G62.9
1119329003	G62.9
1119330008	G60.8
1119353009	G11.9
1119357005	G11.4
1119369002	I78.1
1119370001	I78.1
1119371002	I78.1
1119372009	I78.1
1119373004	I78.1
1119375006	I78.1
1119376007	R20.0
1119379000	R20.0
1119380002	I78.1
111938001	A09
1119381003	I78.1
1119382005	I78.1
1119384006	I78.1
1119385007	I78.1
1119443007	M62.50
1119507003	M62.89
1119520000	M62.82
1119521001	M62.89
1119524009	H53.8
1119535004	H54.3
1119537007	H53.8
1119558001	Q30.8
1119560004	Q30.8
1119564008	Q30.9
1119565009	Q28.9
1119567001	Q30.9
1119568006	Q30.9
111970001	I51.9
111972009	R00.8
111979000	L90.8
111982005	Q84.5
112001000119100	Z13.89
112071002	O48.1
112073004	P01.7
112076007	R44.8
112081003	Z65.4
112093007	E25.8
112108005	R25.8
112109002	R25.1
11246006	P01.7
11263005	L98.8
1128111000000103	H40.069
112871000119104	Q68.8
112971000119109	M19.072
112981000119107	M17.9
112991000119105	M16.9
113021000119102	M19.032
113031000119104	M19.022
113041000119108	M19.012
11304881000119103	D49.9
11307961000119106	D48.0
11308001	R49.8
11311401000119107	D48.0
11311481000119104	D48.0
11311561000119109	D48.0
11311681000119101	D48.0
11311721000119107	D48.0
11312321000119101	D49.9
11312361000119106	D49.9
11312801000119104	D49.2
11312921000119100	D49.2
113201000119101	D16.20
113211000119103	D16.20
113291000119107	D16.8
113331000119101	D16.00
113381000119100	Z65.8
113541000119102	Z79.899
1137305005	Q30.9
1137306006	Q30.9
1137308007	Q30.9
1137309004	Q30.9
1137310009	Q30.1
1137357005	B16.0
1137380002	G24.8
1137381003	G24.8
1137388009	G24.8
1137389001	G24.8
1137391009	G24.4
11374003	N81.89
1137403002	M62.89
1137405009	M62.82
1137411007	M62.85
1137415003	M62.82
1137416002	M62.84
1137447008	L53.9
1137469001	E30.8
1137470000	F88
1137471001	F88
1137472008	F89
1137473003	E30.0
1137474009	F89
1137475005	F89
1137476006	F89
1137477002	Q04.9
1137493006	Q78.8
1137495004	Q78.8
1137497007	M62.84
1137511009	M62.89
1137516004	M62.84
1137520000	Q78.8
1137525005	Q78.8
1137526006	Q78.8
1137527002	Q78.8
1137528007	Q78.8
1137529004	Q78.8
1137531008	Q78.8
1137534000	Q78.8
1137535004	Q78.8
1137538002	Q78.8
1137541006	Q78.8
1137543009	Q78.8
1137547005	Q78.8
1137550008	Q78.8
1137561000	Q63.8
1137594002	L81.8
1137597009	Q18.6
1137598004	Q18.6
1137599007	Q38.0
1137602002	Q37.9
1137604001	Q18.7
1137605000	Q18.7
1137607008	K13.0
1137691001	Z72.0
1140008	R20.3
1141000119101	Q52.5
1141602008	B53.8
1141646000	I33.9
1141661004	D22.9
1141773008	L81.8
11418007	Z65.0
1141807004	R23.4
1141832002	I51.4
1141841007	R21
1141847006	R85.4
1141851008	R89.4
1141858002	Q79.9
1141859005	M62.89
1141860000	G72.1
1141864009	R25.2
1141867002	M62.89
1141958003	R46.2
1141959006	R46.2
1142005008	Q02
1142006009	Q67.3
1142007000	Q75.3
1142008005	Q02
1142046003	L44.0
1142055000	B09
1142071000	P74.8
1142075009	P58.2
1142077001	P58.8
1142078006	P58.2
11421009	R01.2
1142101002	P39.8
1142102009	P39.8
1142106007	P72.2
1142107003	M35.2
1142205000	P39.4
1142244008	I51.7
1142245009	I51.7
1142254007	L91.9
1142258005	L91.8
1142260007	M62.89
1142264003	M62.82
1142265002	I28.8
1142266001	M62.81
1142274000	Q14.3
1142285003	K55.8
1142288001	I89.0
1142291001	L67.1
1142295005	L68.2
1142299004	L68.2
1142301006	L68.2
1142308000	I34.0
1142313001	M62.58
1142321007	M62.59
1142322000	M62.59
1142325003	G71.8
1142330004	G12.8
1142331000	H50.9
1142335009	M62.59
1144235006	Q04.6
1144242006	J98.4
1144252005	C02.1
1144260006	L68.0
1144261005	L68.0
1144262003	L68.0
1144263008	L68.0
1144264002	L68.2
1144265001	L68.8
1144266000	L68.2
1144267009	L68.2
1144268004	L68.2
1144269007	L65.9
1144270008	L65.9
1144271007	L65.9
1144272000	L65.9
1144312005	Q75.8
1144316008	M89.38
1144317004	Q75.8
1144319001	Q82.5
1144376004	Q38.5
1144378003	Q35.5
1144379006	Q35.3
1144388002	Q04.3
1144395006	Q27.8
1144396007	Q07.9
1144402004	Q04.3
1144438006	G11.8
1144524002	Z60.8
1144544008	Q42.8
1144557000	Q28.8
1144568000	Q74.0
1144570009	Q74.0
1144572001	Q74.2
1144573006	Q18.8
1144574000	Q74.0
1144575004	Q74.0
1144576003	Q67.8
1144577007	Q67.8
1144626006	G64
1144627002	G37.9
1144635004	G64
1144638002	G64
1144641006	G64
1144642004	G64
1144789007	R79.81
1144813009	E67.8
1144845004	R45.851
1144856004	L65.9
1144859006	Q79.8
1144873002	L74.8
1144874008	L74.8
1144897006	N11.9
1144899009	N11.9
1144902007	G58.7
1144906005	G58.7
1144923001	D89.9
1144924007	D38.4
1144925008	M34.9
1144937005	N73.6
1144942002	M32.9
1144947008	N91.2
1144950006	I77.6
1144955001	I77.6
1144956000	I77.6
1144957009	I77.6
1144958004	N48.5
1144967004	N73.6
1144972008	N10
1144983004	K62.6
1144987003	N91.1
1144990009	N73.6
1144991008	N91.2
1145026000	Z28.09
1145043002	K63.9
1145090000	L67.1
1145096006	Q10.3
1145229001	L67.8
1145231005	L67.8
1145234002	Q67.4
1145250005	R20.8
1145269000	D23.9
1145281001	D23.9
1145308008	Q18.8
1145309000	Q18.8
1145311009	L98.8
1145315000	Q38.0
1145355003	G93.9
1145360004	G93.9
1145361000	G93.9
1145363002	H35.9
1145365009	H35.9
1145366005	L98.9
1145367001	L81.9
1145369003	G25.9
1145370002	L44.8
1145372005	R21
1145373000	L98.9
1145382006	Q73.0
1145447009	Q73.0
1145530005	D55.0
11459001	E03.2
1148523003	Q70.4
1148524009	Q70.4
1148594002	I00
1148598004	I00
1148694009	E23.2
1148756004	O73.1
1148766007	K00.5
1148819003	J98.4
1148858008	N97.8
1148862002	D68.4
1148869006	D48.9
1148876001	N02.8
1148881005	G37.0
1148882003	N05.9
1148890003	D76.1
1148899002	D56.8
1148900007	N81.5
1148901006	C63.9
1148902004	N39.3
1148903009	N05.9
1148915008	N05.8
1148925003	N39.0
1148929009	D68.4
1148937001	Q62.0
1148939003	Q62.0
1148943004	O72.0
1148962001	J98.4
1148989006	E67.8
1149028005	G60.0
1149066008	I01.8
1149091008	J10.1
1149126007	Q73.8
1149154000	Q73.8
1149219001	M05.29
1149232006	N39.0
1149233001	N39.0
1149254008	Z63.8
1149362002	I46.9
1149478001	A49.8
1149479009	A49.8
1149486001	A49.8
1149493002	A26.9
1149519002	Z80.1
1151000119104	L11.0
1153331004	M10.00
1153334007	M10.10
1153335008	M87.39
1153337000	D43.9
1153338005	M87.19
1153358006	D59.8
1153363005	M10.19
1153364004	M10.29
1153370005	M71.19
1153373007	M10.09
1153374001	D47.4
1153375000	M10.09
1153384000	D37.2
1153385004	D37.2
1153388002	D37.1
1153393004	D48.4
1153396007	M46.39
1153405002	D37.5
1153408000	M61.49
1153411004	M46.59
1153419002	M10.29
1153420008	M10.19
1153452008	I42.0
1153482002	R79.89
1153534006	A49.1
1153563009	R79.89
1153564003	R79.89
1153574000	R79.89
1153576003	R79.89
11536005	R49.8
1153607003	I66.8
1153608008	I66.8
1155723008	Q28.8
1155725001	R74.8
1156003	N41.8
1156032009	O87.8
1156097001	Z87.59
1156108004	K00.2
1156185004	Q66.211
1156186003	Q66.211
1156385007	K92.2
1156411007	R58
1156412000	D43.9
1156418001	C49.9
1156460002	C71.6
1156469001	C71.6
115664001	L59.8
1156793005	A05.1
1156795003	C46.7
1156797006	C46.7
1156799009	D12.6
1156805003	D47.4
1156808001	C54.9
1156817001	M08.89
1156819003	M08.89
1156827007	Q07.8
1156837002	G12.1
1156840002	G60.8
1156843000	M08.89
1156844006	M08.89
1156846008	M08.89
1156850001	G60.8
1157065006	D36.7
116022009	Q89.7
11618000	P39.2
1162265009	N00.8
1162266005	N05.8
1162291005	M60.09
1162292003	A31.8
1162296000	A31.8
1162303002	M06.09
1162304008	M19.90
1162319009	M05.89
1162330007	M46.59
1162336001	M06.89
1162364006	M05.09
1162370000	L98.8
1162387003	Z72.4
1162398002	Z77.120
1162399005	Z77.123
1162400003	Z77.128
1162508007	H81.90
1162547009	Z77.011
1162552004	Z20.7
1162553009	Z77.090
1162567000	K56.0
1162569002	A49.9
1162579000	K22.4
1162587004	P78.0
1162654006	R16.1
1162677006	M05.19
1162719007	R77.8
1162723004	R74.8
1162732002	R74.8
1162791006	R74.8
1162792004	R74.8
1162852008	M11.29
1162856006	D37.4
1162864000	Q04.6
1162974001	H31.8
1163055001	A85.8
1163058004	A85.8
1163066008	B40.9
1163067004	A04.8
1163069001	A42.1
1163070000	B33.3
1163077002	N17.0
1163085006	A74.9
1163097007	A85.2
1163098002	A85.8
1163099005	B00.4
1163101003	A85.8
1163106008	A85.8
1163117009	A56.8
1163118004	P35.8
1163127003	A02.0
1163128008	A02.0
1163130005	B44.9
1163132002	G00.9
1163440003	I21.9
1163456008	K06.1
1163460006	A69.8
1163463008	B48.8
1163471007	A87.8
1163482004	I63.9
1163506001	B33.8
1163510003	A03.3
1163511004	B76.0
1163512006	A03.2
1163513001	A03.1
1163514007	A04.1
1163515008	A04.3
1163516009	A04.2
1163517000	A04.8
1163518005	A03.0
1163519002	A07.1
1163520008	A04.8
1163522000	A08.4
1163525003	H57.9
1163527006	B71.9
1163531000	A31.9
1163532007	B34.0
1163534008	B89
1163535009	B34.1
1163536005	I67.1
1163543004	A04.8
1163544005	A04.0
1163555005	A31.9
1163579007	Q68.8
116431000119103	M00.80
11659006	N19
11669000	O08.3
11673571000119101	M85.2
1167375003	Q87.0
11679003	G54.9
1169356004	Q07.8
1169364005	M85.89
1169370004	R94.6
1169374008	R94.6
1169375009	R94.6
11711000119104	Q12.0
1171357005	D51.0
11717701000119108	R63.5
11718111000119106	M79.9
11718301000119106	E75.5
11718401000119103	H02.65
11718531000119109	H02.534
11718681000119109	H02.206
1172565007	I28.8
1172590009	G11.4
1172604004	H90.3
1172692006	Q87.2
1172710005	R89.2
1172791005	K06.8
1172898008	Q87.0
1172959002	A49.8
1172960007	Z78.9
1172961006	K06.9
1172962004	Z78.9
1172966001	E53.8
1173044000	M79.81
1173099009	K92.2
1173998003	G11.4
11762561000119103	Z76.89
11766001	H83.8X9
117681000119102	N18.1
11768431000119109	L60.8
11768581000119109	L60.8
11768631000119107	L60.8
11768681000119108	L60.8
1176982003	B34.9
1176992006	A31.9
1176995008	L98.8
1176998005	A49.9
1177000004	J98.4
1177002007	F95.9
1177011007	B49
1177014004	A49.9
1177017006	A04.6
1177020003	G52.9
1177037005	A31.9
1177040005	A04.8
1177042002	A85.2
1177045000	A85.2
1177057009	B64
1177060002	F95.9
1177070000	B78.9
1177118004	L90.8
1177166006	Q87.0
1177169004	G11.0
1177175008	Q87.5
1178005	G80.0
11781000132104	C19
1179096007	D25.9
1179217006	K83.1
1179282009	F84.8
1179284005	D81.2
1179363003	D69.2
1179364009	P50.8
1179365005	R04.0
1179366006	R04.0
1179376009	E03.5
1179382007	E03.8
1179388006	A83.8
1179392004	E03.8
1179397005	E03.0
1179400001	E03.0
1179410005	P39.9
1179690002	N41.1
1179719005	Q33.8
1179803007	R93.0
11804009	L56.2
118178000	Z34.90
118180006	R94.8
118190003	G47.9
118191004	Z65.8
118209003	R53.83
11836002	K65.9
1184615004	Z60.8
1184694001	Z59.41
1184697008	Z59.41
11855002	O08.0
11856981000119107	L60.8
11857061000119102	L60.8
11857141000119102	L60.8
118612006	C96.9
1186610007	Z63.8
1186612004	C79.9
1186614003	C46.7
1186623000	Z60.8
1186624006	Z60.8
1186625007	Z60.8
1186693005	Z60.8
1186696002	Z60.8
1186698001	Z60.8
1186699009	Z60.8
1186712009	D82.3
1186715006	D82.3
1186796006	E61.8
1186797002	E20.9
1186799004	E22.1
1186810009	E80.0
1186811008	C20
1186814000	C17.0
1186821000	F81.9
1186823002	F81.9
1186830008	G62.2
1186832000	F81.9
1186834004	M35.89
1186837006	E23.0
1186841005	E61.8
1186843008	E29.1
1186845001	E29.1
1186851006	E06.9
1186852004	G93.2
1186856001	G23.0
1186860003	E29.1
1186861004	G23.0
1186863001	E23.2
1186864007	K76.9
1186868005	G93.9
1186869002	C25.9
1186879000	E51.9
1187038009	F84.8
1187114007	Q87.5
1187115008	Q87.2
1187126002	E85.4
1187171005	E77.8
1187229001	O35.5XX0
1187230006	P58.41
1187232003	O35.8XX0
1187250005	E77.8
1187258003	R79.0
1187290008	M40.46
1187359009	Q67.5
11873701000119107	D22.9
11873791000119101	M76.62
11874301000119109	M21.42
11874791000119104	M25.562
11874831000119105	M25.532
1187510006	M35.9
1187512003	G71.3
1187533007	G24.9
1187557007	E85.4
1187619001	G60.0
1187628000	R23.1
118951003	N25.1
119001000119108	G40.119
119181000119104	P72.2
1192004	E85.1
119251002	R06.7
1193662003	P03.4
119371000119100	A04.1
1193749009	A04.8
1196853006	C22.1
1196860000	C71.6
1196870003	G71.3
1196874007	C24.0
1196880004	D13.5
1196881000	C22.7
1196888006	D37.4
1196890007	D37.2
1196891006	D37.2
1196965006	K06.9
1197015008	K06.9
1197149002	F44.4
1197150002	B18.2
1197205005	D81.1
1197277003	D48.9
1197283000	C25.9
1197286008	C25.9
1197292002	C77.5
1197293007	C77.0
1197310007	C77.4
1197311006	C77.3
1197312004	C77.2
1197322005	C77.2
1197323000	C77.1
1197325007	C77.5
1197326008	C77.0
1197350005	C53.9
1197357008	Q14.8
119741000119108	Z89.611
1197415001	D82.4
1197417009	Q26.5
1197527000	K12.1
1197588008	Q87.0
1197663007	A03.9
1197670007	K86.3
1197671006	A04.4
1197682003	K63.2
1197685001	K26.9
1197688004	K26.9
1197690003	K26.9
1197705006	K31.7
1197708008	K25.9
1197714001	K25.9
1197720000	K76.1
1197740007	K86.1
1197771003	K25.9
119871000119109	A48.8
11999007	Z22.8
12021001	L60.8
120241000119100	N05.9
1204037006	O08.0
1204120002	I74.9
1204121003	I74.9
1204123000	I74.9
1204126008	I74.4
1204163004	L04.0
1204191007	I77.1
1204192000	I25.3
1204193005	I71.9
1204203009	I50.1
1204204003	I50.1
1204256006	R22.0
1204459002	J96.00
1204460007	I51.5
1204461006	K63.9
1204462004	I50.1
1204464003	K92.2
1204467005	K28.9
12050001000004101	G93.89
12064008	N85.8
12073000	K41.21
1208338004	Q00.0
1208342001	Q87.5
1208457007	C61
1208482007	Q68.8
120851000119104	I50.9
120861000119102	I50.9
120871000119108	I50.9
1208725005	D18.1
1208727002	Q87.0
1208744003	C25.4
1208745002	C25.4
120881000119106	I50.9
1208816008	I74.9
1208822004	I74.9
1208844009	I74.9
1208855009	I74.9
1208870005	I49.8
1208871009	G45.8
1208873007	I22.1
1208907008	I89.0
1208935007	Q04.3
1208945009	P02.1
1208947001	P02.1
12095001	O04.86
12104008	Q43.6
12121000119102	Q74.0
12138000	M85.2
1216942009	Q07.8
1217010007	C19
1217015002	R49.8
1217040009	E34.8
1217041008	E25.9
1217043006	E25.9
1217049005	E27.8
1217207008	Q07.8
1217211002	I95.1
1217213004	M89.59
1217228004	Q87.0
1217230002	G60.2
1217367007	F89
1217374002	R63.8
1217382002	Q87.0
1217517004	E20.818
1217650009	H26.9
1217692004	C18.9
1217699008	L73.0
121791000119109	O35.8XX0
121801000119105	Q45.9
12189000	D59.9
1220573009	G24.1
1220575002	Q87.2
1220590003	L93.2
1220597000	Q87.0
1220643007	I49.8
1220654002	O04.6
12223006	A31.8
1222643003	C7A.019
1222660008	Q04.2
1222669009	I89.0
1222670005	I89.0
12236401000119102	M70.72
12236441000119100	M70.71
12237031000119103	I70.202
12237071000119100	I73.9
12237151000119108	I70.201
12238007	D53.1
12239221000119100	H26.9
12239261000119105	H26.9
12239301000119102	H40.10X0
12239341000119100	H40.10X0
12239381000119105	H40.10X0
12239421000119101	H40.9
12242471000119107	N64.4
12242511000119103	N64.4
122449004	K66.8
12246141000119105	I89.8
12246561000119101	C79.72
12246801000119100	M75.102
12247221000119105	M22.2X2
12247571000119109	M25.572
12247611000119100	M25.552
12247731000119102	M25.572
12247851000119103	M25.522
122482001	M71.19
122491000119108	D47.9
12270007	K00.2
12271241000119109	F64.0
12277711000119108	F64.8
1228842003	L98.6
1228871002	G11.3
12296009	O04.6
1229942009	D81.2
1230019002	G54.9
1230096008	I49.8
1230097004	I49.8
1230098009	Q74.8
1230182004	I73.9
1230271002	Q68.8
123031000119109	B08.8
1230344000	Q68.8
1230385005	Q68.8
12311000132101	C91.Z0
1231153007	K00.8
1231179003	M87.09
12312009	P07.30
1231203009	H49.9
1231206001	Q01.8
123121000119107	D3A.024
1231223005	B89
1231225003	H16.8
1231233002	D48.9
1231244005	H51.8
1231255005	H31.8
1231259004	M08.99
1231273008	H31.8
1231276000	B49
1231279007	B49
1231281009	E29.1
1231283007	E23.6
123141000119101	D3A.022
123151000119104	D3A.025
123161000119102	D3A.021
1231626009	Q11.2
1231628005	H51.8
1231630007	H51.8
1231631006	H51.8
1231632004	H51.8
1231642002	H53.8
1231683004	H49.9
123171000119108	D3A.026
123181000119106	D3A.020
1231849008	L27.0
1232006	Q68.8
123201000119107	D12.6
123231000119100	D3A.012
123241000119109	D3A.092
123251000119106	D13.39
123271000119102	D3A.010
123281000119104	D3A.019
12329007	B65.9
123411000119106	K92.2
12347001	Z63.8
1234828008	M85.09
1234956004	P02.5
1234964005	P02.5
1234973002	P02.5
1234974008	P02.5
123527003	E30.1
123535000	G83.4
123568007	Q74.2
123569004	Q74.2
123585009	L60.1
123587001	J40
123589003	J40
123590007	J18.9
123592004	J18.8
123597005	I33.0
123603008	K75.2
123637000	L74.8
123661000119106	C7A.090
123665003	Q51.3
12366661000119100	J05.0
12366751000119106	L89.894
12366801000119100	L89.892
12366851000119101	L89.892
12366901000119105	L89.891
12366951000119109	L89.891
12367001000119106	L89.893
12367051000119105	L89.893
12367101000119105	L89.890
12367151000119109	L89.890
12367201000119101	L89.899
12367241000119104	L89.899
12367281000119109	I21.9
12367361000119109	M17.9
12367411000119102	M17.9
12367551000119100	F82
123689005	L85.8
123690001	L85.8
123691000119104	C7A.025
123691002	L85.8
123692009	L85.8
123693004	L85.8
123694005	L85.8
1236941006	C78.7
1236942004	C80.1
123695006	L85.8
123696007	L85.8
1236965009	C64.9
123697003	L85.8
123701000119104	C7A.024
1237046005	C78.4
1237191003	P02.3
12372001	B34.8
1237201004	F19.20
123721000119108	C7A.022
1237253007	P02.3
1237257008	P02.1
1237259006	P02.3
123731000119106	C7A.021
1237340007	C37
1237344003	Q99.2
1237365009	Q04.8
1237366005	Q04.3
123741000119102	C7A.029
1237412001	Q77.8
1237418002	Q02
1237433005	L25.8
1237456001	C78.5
1237458000	C78.5
1237460003	C78.5
1237509001	Q82.8
123751000119100	C7A.011
1237511005	G60.8
1237513008	Q78.5
1237520001	C79.2
1237521002	C79.2
123753008	N05.9
123756000	N95.1
1237577000	Q87.0
123758004	E23.6
123761000119103	C7A.010
123762005	E34.9
1237621006	C79.2
123763000	E23.6
123768009	D74.0
123786007	D68.9
123787003	D68.9
123788008	D68.9
123789000	D68.9
123790009	D68.9
123794000	L25.8
123800009	I70.1
123803006	I00
123825000	R19.8
123829006	R87.5
123841004	D39.0
123844007	D39.0
123949001	M02.89
12399051000119103	Y07.9
12399091000119108	Y07.9
1240000	Z78.9
12400001000004103	M76.891
124032000	R89.2
1240346000	C78.4
1240362006	C79.9
1240370001	C78.7
1240387004	P02.1
1240421004	L29.9
1240462005	Q80.8
124054003	R74.8
124083000	R79.89
12409007	P04.9
1241000119109	Z95.4
124142001	E88.89
124184009	E74.4
124185005	E74.4
124220008	E25.0
12441001	R04.0
124450003	D84.1
124611007	E71.19
124616002	E88.89
124703008	D84.1
12471000119106	D16.6
124746006	R29.0
124910006	E53.8
1251352004	L60.3
1251362006	E75.5
1251363001	L98.9
1251365008	L98.9
1251366009	L98.8
1251367000	L98.2
1251374005	L50.1
1251380002	L24.9
1251385007	L81.9
1251387004	L98.8
1251394001	L85.8
1251397008	L65.1
1251405009	L50.8
1251413005	L90.5
1251416002	L56.0
1251424007	L50.0
1251425008	L50.0
1251448003	D89.0
1251449006	Q04.8
125154007	Z76.89
1252647004	Z63.8
1252664001	Z74.8
1252739005	Z59.89
1254650002	Q87.0
1254720001	Z82.8
1254731009	C50.911
1254749009	C79.9
1254753006	C79.2
1254755004	C79.2
1254866003	B02.8
1254875001	L23.5
1254895007	L60.8
1254902003	L30.8
1254906000	D04.9
1254908004	L85.0
125491000119103	Q96.9
1254912005	L74.4
1254935008	L98.8
1254936009	Q82.8
1254939002	L94.8
1254948007	R60.1
1254949004	R60.1
1254950004	R60.1
1254958006	R25.1
1254977008	Z81.3
125501000119105	Q90.9
1255113009	K03.6
1255207005	J39.8
125521000119101	Q91.7
1255577005	N05.9
1255740000	C96.0
1255741001	C96.0
1255742008	C96.0
1255813007	C96.0
125583000	M21.929
1255885008	C96.0
1255979002	K00.8
1256044008	Z65.8
1256048006	L66.9
1256050003	L66.9
1256053001	L59.8
1256084004	L12.8
1258855004	K00.6
1258861001	Z71.89
1258862008	Z71.89
1258870003	K00.4
1258880004	R58
1258958003	A49.9
1258977001	E78.5
1259039002	G37.9
1259041001	G83.4
1259043003	G83.4
1259044009	G83.4
1259045005	G83.4
1259046006	G83.4
1259051000	G54.0
1259056005	G90.9
1259060008	G90.9
1259066002	G90.9
1259068001	G31.86
1259069009	G90.9
1259075000	E34.8
1259090001	G90.9
1259096007	G90.9
1259099000	G60.8
1259105003	G54.0
1259120009	R27.0
1259169006	K00.8
1259173009	K00.8
1259245000	N36.8
1259247008	R58
1259314002	C02.2
1259381000	C49.9
1259397005	C41.9
1259430009	C76.8
1259455003	C50.919
1259460004	N19
1259474006	C50.112
1259479001	C50.411
1259485008	I67.7
1259488005	E85.4
1259499007	I63.9
1259512004	C50.929
1259517005	M32.9
1259524006	B56.9
1259543006	C41.3
1259554001	G93.1
1259556004	G93.1
1259558003	G93.1
1259580000	C49.9
1259598001	C61
1259614007	G25.5
1259617000	G25.5
1259619002	G25.5
1259621007	G25.5
1259622000	G25.5
1259625003	G25.5
1259636005	G37.9
1259647003	G25.5
1259652008	G25.5
1259653003	C50.512
1259654009	G25.5
1259659004	C50.612
1259660009	C50.611
1259678004	C73
1259685000	G25.5
1259687008	G25.5
1259691003	G25.5
1259694006	G10
1259696008	G25.5
1259701001	G25.5
1259706006	G25.5
1259708007	G25.5
1259710009	C61
1259802002	C16.8
1259866001	N32.2
1259917002	P01.7
1259921009	P03.1
1260008006	G25.5
1260105007	L90.5
126013009	M62.89
1260199008	H90.5
1260224003	M61.59
1260331001	G24.9
1260332008	G24.8
1260334009	G24.8
1260337002	G91.0
1260350001	B52.8
1260360005	G24.8
1260366004	G24.8
1260368003	G04.81
1260378000	G24.9
1260386000	G25.5
1260387009	G25.5
1260389007	G25.5
1260390003	G24.8
1260391004	G24.8
1260396009	G24.9
1260397000	G24.9
1260399002	G24.8
1260400009	G24.8
1260405004	G25.5
12631007	Z78.9
1263445009	D16.4
1263463009	Q78.8
1263474000	C49.3
1263481007	Q78.8
1263523006	G03.8
1263524000	G24.9
1263573009	G90.9
1263581005	D48.9
1263610008	P03.5
1263612000	P03.6
1263615003	P03.6
1263616002	P03.6
1263628005	P01.7
1263631006	P03.1
1263632004	P03.1
1263635002	P03.1
1263636001	P03.1
1263637005	P03.1
1263665007	H31.8
1263681002	P01.7
1263686007	P02.1
1263692001	P01.5
1263694000	P01.5
1263722004	P03.6
1263724003	P01.3
1263726001	P01.0
1263727005	P01.2
1263755009	L60.8
1263756005	L60.8
1263757001	L60.8
1263758006	L60.8
1263930005	P54.5
1263931009	P54.5
1263933007	P52.8
1263958002	P52.0
1263959005	P52.1
1263960000	P52.21
1263968007	Z97.2
1263974007	P52.5
1263977000	P52.3
1263979002	O08.0
1263980004	P52.6
1263981000	P52.6
1263990007	P52.9
1263997005	C79.2
1264047001	P04.9
1264083005	P04.5
1264087006	P04.9
1264090000	P04.9
1264116009	C79.9
1264131000	A34
1264172003	P04.3
1264181009	P04.0
1264183007	P04.0
1264185000	P04.0
1264187008	P04.0
1264201004	P04.0
1264205008	P04.2
1264216001	P39.8
1264217005	P39.8
1264218000	P39.8
1264219008	P39.8
1264220002	P39.8
1264222005	P39.8
1264223000	P39.2
1264225007	P39.8
1264227004	P39.8
1264228009	P39.8
1264257008	C79.2
1264340007	C16.9
1264367001	C79.9
1264369003	C79.2
1264404009	I42.0
1264496004	C80.1
126488004	D48.5
126489007	D48.5
126490003	D48.5
126492006	D48.5
126494007	D48.5
126495008	D48.5
126496009	D48.5
126497000	D48.5
126498005	D48.5
126500006	D48.5
126502003	D48.5
126503008	D48.5
126504002	D48.5
126506000	D48.5
126508004	D48.5
126511003	D48.5
126512005	D48.5
126514006	D48.5
126515007	D48.5
126516008	D48.5
126519001	D48.5
126520007	D48.5
126521006	D48.5
126522004	D48.5
126523009	D48.5
126524003	D48.5
126525002	D48.5
126526001	D48.5
126527005	D48.5
126530003	D48.5
126532006	D48.5
126537000	D48.0
126539002	D48.0
126540000	D48.0
126541001	D48.0
126542008	D48.0
126543003	D48.0
126544009	D48.0
126546006	D48.0
126547002	D48.0
126548007	D48.0
126550004	D48.0
126553002	D48.0
126555009	D48.0
126556005	D48.0
126557001	D48.0
126560008	D48.0
126561007	D48.0
126562000	D48.0
126563005	D48.0
126564004	D48.0
126565003	D48.0
126566002	D48.0
126567006	D48.0
126570005	D48.0
126573007	D48.0
126574001	D48.0
126575000	D48.0
126576004	D48.0
126577008	D48.0
126578003	D48.0
126580009	D48.0
126581008	D48.0
126582001	D48.0
126583006	D48.0
126584000	D48.0
126587007	D48.0
126588002	D48.0
126589005	D48.0
126590001	D48.0
126591002	D48.0
126592009	D48.0
126593004	D48.0
126594005	D48.0
126595006	D48.0
126596007	D48.0
126597003	D48.0
126631000119108	L23.1
126633007	D48.7
126635000	D48.7
126636004	D48.7
126638003	D48.7
126639006	D48.7
126642000	D48.7
126644004	D48.7
126647006	D48.7
126648001	D48.7
126649009	D48.7
126650009	D48.7
126653006	D48.7
126654000	D48.7
126656003	D48.7
126663003	J39.9
126665005	J02.9
126669004	D48.7
126670003	D38.5
126671004	D38.5
126672006	D38.5
126675008	D38.5
126693009	D38.3
126695002	D38.0
126696001	D38.0
126697005	D38.0
126698000	D38.0
126700009	D38.0
126701008	D38.0
126702001	D38.0
126703006	D38.1
126704000	D38.1
126707007	D38.1
126708002	D38.1
126709005	D38.1
126710000	D38.1
126711001	D38.1
126712008	D38.1
126713003	D38.1
126719004	C38.4
126720005	D38.2
126721009	D38.2
126722002	D38.2
126724001	D48.7
126725000	D38.3
126726004	D38.3
126727008	D38.3
126731002	D48.7
126732009	D48.7
126733004	D48.7
126734005	D48.7
126735006	D48.7
12674005	Q89.7
126756008	D48.7
126763008	Q89.9
126768004	D37.9
126824007	D37.1
126825008	D37.1
126828005	D37.1
126829002	D37.1
1268294009	I77.6
1268295005	I77.6
126830007	D37.1
126831006	D37.1
126833009	D37.2
126834003	D37.2
126835002	D37.2
1268355005	C79.2
126836001	D37.2
126837005	D37.4
1268391003	C22.0
126841009	D37.4
126842002	D37.4
126843007	D37.4
126844001	D37.4
1268461009	C24.9
1268518009	C67.9
1268520007	I33.0
126852003	D37.6
1268541001	C22.0
126855001	D37.6
126856000	D37.6
126857009	D37.6
126858004	D37.6
126866008	D48.4
126868009	D48.4
126869001	D48.4
126870000	D48.4
1268703006	C47.9
126872008	D48.3
126873003	D48.3
126874009	D48.3
126875005	D48.3
126878007	N48.89
126879004	D41.9
1268825008	R27.0
126883004	D41.3
126885006	D41.4
126886007	D41.4
126887003	D41.4
126888008	D41.4
126889000	D41.4
126890009	D41.4
1268906006	C24.0
126892001	D41.4
1269067008	P03.9
1269073009	P02.8
126908007	D39.0
126909004	D39.0
1269102002	P00.9
126911008	D39.0
126912001	D39.0
1269123008	C78.5
1269125001	C78.4
126913006	D39.0
126914000	D39.0
126920004	D39.2
1269223003	D48.9
1269226006	Q87.5
126927001	D49.3
126930008	D49.3
126931007	D49.3
126933005	D49.3
126934004	D49.3
126937006	D49.3
1269414003	C71.9
126943008	F41.8
1269437009	D37.8
126947009	D43.1
126948004	D33.1
126951006	D43.9
126952004	D43.2
126953009	D43.0
126954003	D43.0
126955002	D43.0
126958000	D43.0
126962006	D43.4
126963001	G83.4
126964007	D42.1
126966009	D43.3
126967000	D43.3
126969002	D43.3
126970001	D43.3
126971002	D43.3
126972009	D43.3
126973004	D43.3
126975006	D43.3
126976007	D43.3
126977003	D43.3
126978008	D43.3
126979000	D48.2
126980002	D48.2
126982005	D48.2
126983000	D48.2
126984006	D48.2
126986008	D48.2
126987004	D48.2
126989001	D48.2
126990005	D48.2
126992002	D48.2
126993007	D48.2
126996004	D48.7
126997008	D48.7
126998003	D48.7
126999006	D48.7
127002001	D48.7
127003006	D48.7
127008002	D38.5
127019004	D44.0
127025000	D44.4
127028003	D44.6
127032009	D44.7
127058009	A52.9
127059001	D59.0
127063008	D75.1
127069007	D76.1
1271009	Q82.8
127102003	R59.0
127106000	R59.0
127108004	R59.0
127146006	R59.0
127165003	R59.0
127181000119102	A39.9
127182001	R59.1
127201003	R59.0
127215001	I89.8
127217009	I88.1
127231009	D38.4
127234001	D48.7
127236004	D48.7
127237008	D48.7
127238003	D48.7
127239006	D48.7
127241007	D48.7
127242000	D48.7
127243005	D48.7
127244004	D48.7
127245003	D48.7
127246002	D48.7
127248001	D48.7
127249009	D48.7
127251008	D48.7
127252001	D48.7
127253006	D48.7
127254000	D48.7
127256003	D48.7
127257007	D48.7
127258002	D48.7
127259005	D48.7
127260000	D48.7
127261001	D48.7
127263003	D48.7
127264009	D48.7
127265005	D48.7
127266006	D48.7
127268007	D48.7
127269004	D48.7
127270003	D48.7
127271000119106	A41.4
127271004	D48.7
127272006	D48.7
127301000119108	A41.3
12731000	M89.08
127319005	D59.4
127328006	Q79.9
127330008	D03.9
127331007	D49.9
127341000119105	A40.3
127361000119109	A02.1
127363001	Z33.1
127365008	Z33.1
127374005	Z64.1
127377003	G81.90
127388009	D89.2
127391000119102	A41.2
127401000	R71.8
127401000119100	A40.9
127631000119105	B60.19
127961000119108	C92.Z2
1279642005	Y07.9
1279729004	G25.5
1279730009	G25.5
1279839002	G11.8
1279840000	G11.8
1279967005	G58.9
1279976003	G58.9
1279978002	G58.9
128050000	D48.7
128066003	Q27.8
128068002	K92.9
128074002	N94.9
128077009	O71.9
128085000	G58.8
128091003	D69.6
128093000	D69.3
128094006	D69.1
12811000119100	E11.8
1281817009	Q38.8
128200000	M79.2
128213006	G70.9
128219005	Q75.9
128224008	Q75.9
128265008	I89.8
128295000	H10.9
128327004	Q15.8
128496001	G72.49
1285020006	I72.1
1285088001	Y07.9
1285089009	Y07.9
128516002	D48.7
12853006	G08
1285323003	Q87.2
1285410009	L51.8
128545000	K43.9
1285576009	J31.0
128563000	Q24.9
1285689005	Q27.9
1285690001	Q27.9
1285691002	Q27.9
128570000	Q20.8
1285704008	K08.3
128571000119108	D48.9
1285720003	Y07.9
128572008	Q24.9
128599005	Q24.9
1286003	E56.1
1286863002	C78.5
1286911005	P52.0
1287061007	P52.1
1287062000	P52.1
12873001	L28.0
1287471003	A01.4
1287512004	A01.2
1287513009	A01.3
1287564005	C37
1287644005	C17.2
1287657002	C24.1
1287661008	C18.1
1287663006	C17.0
1287664000	C17.1
1287665004	C25.9
1287667007	C17.9
1288024001	C54.9
1288026004	C18.9
1288027008	C20
1288034005	C17.9
1288036007	C16.9
128865003	D23.9
12890007	M89.8X7
128938009	B88.9
128944008	A49.9
128973006	I95.1
129001003	Z74.1
1290013004	C21.0
1290014005	C24.9
1290015006	C16.2
1290018008	C24.0
1290019000	C24.0
1290023008	C16.3
1290060007	C79.9
1290064003	C16.9
1290066001	C24.1
1290067005	C17.9
1290068000	C20
1290069008	C18.9
1290071008	C26.9
1290074000	C22.9
1290078002	I36.1
1290079005	I36.0
1290080008	C25.9
1290081007	C22.9
1290083005	C17.2
1290084004	C17.1
1290085003	C18.4
1290086002	C18.7
1290088001	C18.9
1290117000	C25.9
1290274008	C18.9
1290324009	Z53.9
1290344003	Z97.2
129043005	Z74.8
1290443008	N85.9
1290500002	D76.1
12905008	Z78.9
1290697003	C79.9
1290698008	C79.2
12907000	D51.1
1290725008	C41.9
1290857004	K00.3
1290858009	C49.9
1290898006	C49.9
129129003	K65.8
129133005	M02.89
129151000119102	N18.4
129161000119100	N18.5
129181000119109	N18.2
1293040003	M89.59
1293083009	D15.7
1293098006	C08.9
1293115007	N05.1
1293119001	N05.1
1293124003	D48.9
1293164004	J39.2
1293173007	I72.8
1293208009	M62.9
1293209001	D22.9
1295289001	R17
1295469004	H31.8
129574000	I21.9
129576003	R23.0
129580008	Q78.8
129593003	G58.9
129596006	N95.1
129600001	D26.7
129601002	Q43.1
129612002	G58.8
129644003	D72.0
129655003	D69.1
1296683001	I49.8
1296744006	H21.82
1296745007	H21.82
1296790003	H35.9
129682006	Z73.89
129698004	Z65.9
129709009	Z91.89
129724000	R92.8
129725004	R92.8
1297364006	Q68.8
1297368009	Q68.8
129744006	N64.9
129746008	N64.9
129771000119107	D48.9
129791000119108	D48.9
129840009	Z91.89
129847007	F98.0
129886006	Z65.8
129891007	Z74.9
1299152003	I67.3
1299154002	Q87.5
130021000119100	J34.0
13011791000119104	N83.202
130201000119104	D15.0
13025001	K63.5
1303131001	D16.9
1303268009	Q68.8
1303289000	Q06.1
1303362008	Z74.2
1303363003	Z74.2
1303411009	F44.9
1303592000	A41.4
1303719005	D38.1
1303868000	P70.2
1303869008	Q06.8
1303872001	P02.3
1303912008	Q76.0
1303913003	Q05.7
1303916006	Q05.6
130401000119103	C18.6
1304023003	Q17.3
1304024009	Q17.3
1304277005	Q87.3
1304306004	R44.8
130451000119104	D3A.8
130491000119109	D12.2
130501000119102	D12.3
130521000119106	D3A.8
13057000	R07.2
130571000119107	D3A.8
1306600003	J69.0
1306604007	J84.9
1306606009	J69.0
1306783005	Q13.9
1306784004	Q13.9
1306785003	Q13.9
13089009	J40
13092008	G31.01
13095005	A51.0
130964008	R41.0
130972005	F91.9
130989002	G47.9
130996000	R89.1
130999007	R89.1
131000006	R89.1
13100007	O04.84
131017004	R89.1
131065003	E28.0
131102000	E34.9
131122001	E67.8
131124000	E67.8
131127007	E53.8
131129005	E54
131133003	E53.8
131135005	E53.8
131139004	R89.2
13162001	B66.2
13206009	Q32.1
132591000119109	I80.8
132694301000119103	Q66.6
132721000119104	I10
13313007	F31.9
1332134000	Q82.2
1332441003	I15.1
1332442005	I15.1
1332464001	I15.1
1332467008	I15.1
1332468003	I15.1
1332474003	M60.09
1332486000	C79.2
133411000119108	K55.1
133510681000119108	R22.2
13351431000119102	C73
1335874004	P59.8
1335876002	E84.8
1335905003	L50.0
1335987009	C79.9
1336116001	L88
1336119008	N03.5
1336190008	C79.9
13367001	Z37.9
1338026004	H35.9
133841000119105	C4A.30
133871000119103	C4A.60
1339007001	N48.9
1339015003	H02.9
1339016002	H15.9
1339019009	H11.9
1339051005	C79.9
133938003	Z63.72
133939006	Z63.72
133951000119104	G37.9
133991000119109	F80.1
1340176000	Q87.3
134193000	L98.8
13420001000004101	I77.89
134219008	Q68.8
134290008	J38.3
1343377003	L90.5
134339005	Q43.3
1343510005	D48.9
134399007	I82.409
13440001000004103	K13.79
134405005	Z12.39
134436002	Z72.89
1344635001	I63.9
1344642001	K44.9
1344643006	K44.9
1344649005	J70.8
1344659006	M02.19
1344882005	Z65.8
1344884006	Z75.8
1344898003	M12.59
1345054009	Q87.0
1345091003	E27.3
1345095007	E27.3
1345172000	K63.9
1345173005	K63.9
13464007	B88.8
1348274009	M11.09
1348281002	M11.29
1348307004	E24.8
1348308009	E24.8
13491000119101	Q62.7
1351324009	D82.4
1351327002	D82.4
1351329004	D82.4
1351644009	D81.89
1351655009	Q87.0
1351676004	E04.9
1351677008	E03.4
1351695006	M79.89
1351776006	D82.0
135181000119109	J45.31
1351837003	Q87.0
1352026003	D83.8
135241000119107	Z23
13530001000004108	M62.84
135301000119103	G47.8
13538003	K13.0
13543005	R68.89
1354558001	O75.9
1354596000	D83.8
1354613004	P39.0
1354700003	E55.0
1354704007	P92.8
1354723000	P59.9
1354774008	D89.3
1354854005	Z59.6
1354858008	Q02
1354866004	Z59.6
1354867008	Z59.6
1354884002	Z59.6
1356777003	M02.29
1356823008	D80.8
1356856009	E29.1
1356879005	G93.9
1356880008	R90.0
1356892008	M02.29
1357721006	Z59.6
1357753002	E06.3
13582007	L27.9
135868008	Z63.4
135884009	D33.2
135888007	R21
1359841001	C13.8
1360033005	K00.4
1360075006	Q87.0
1360081003	E89.3
136051000119105	R10.83
1362022003	Q04.8
1362024002	D68.4
1362033000	H50.9
1362034006	H50.9
1362036008	R83.2
1362040004	H50.9
1362041000	H50.9
1362123005	Q74.0
1362144005	K00.4
136281000119109	D64.9
1363007	P00.3
1363118001	E24.8
1363164006	J32.0
1363165007	J32.0
1363369008	Z75.1
1363413000	J32.0
1363507007	N80.8
1363511001	R74.8
1363550002	B49
1365641007	B49
1365646002	Z60.8
1365768004	Z81.1
1365770008	Z81.1
1365831006	A18.4
1365942003	E23.2
1365968005	I22.9
1366162004	R19.8
1366182000	Z97.2
1366183005	N15.8
1366184004	Q77.7
1366309003	K45.8
1366545001	Q66.6
136751000119108	I80.8
1367654004	Q76.0
1367668006	E75.5
1367860001	Q75.9
1367861002	Q75.9
1367885005	L84
1367987003	Q67.5
1370820004	Q78.9
1370881003	J98.4
1370930009	G52.9
1370931008	Y75.2
1370944003	K56.0
1370952000	Q17.8
1370961000	Z90.5
1370984007	J32.9
1370994002	K92.2
1371005001	E74.4
1371041001	Q75.8
1371045005	R22.2
1371047002	R22.2
1371052007	B00.3
1371066002	Q89.4
1371098008	Q16.0
1371099000	Q16.0
1371100008	Q16.0
1371143000	J44.9
1371144006	J44.9
1371145007	J44.9
1371146008	J44.9
1371148009	I21.9
1371149001	I22.9
1371226009	B34.9
1371244001	B34.9
1371325006	Z65.1
1371355004	R22.9
1371368007	Z96.1
1371369004	M48.18
1371370003	M48.18
1371371004	Z96.1
1371374007	Y65.8
1371376009	Y65.8
1371378005	Y65.8
1371379002	Y63.8
1371382007	Y65.8
1371383002	H11.9
1371384008	H11.9
1371385009	H11.9
1371393009	M41.08
1371408008	N41.9
1371420000	R44.0
1371424009	B44.1
1371439005	R23.1
1371441006	R21
1371527004	D64.9
13720003	D89.0
1373234008	L98.9
13734003	H54.10
1373450003	Z74.2
1373503005	Q28.2
1373504004	I60.8
1373512007	Z88.8
1373513002	Z88.8
1373514008	Z88.8
1373515009	Z88.8
1373540002	K73.8
1373552009	R19.8
1373553004	R19.8
1373554005	R19.8
1373555006	R19.8
1373556007	R19.8
1373561009	E75.4
1373563007	E75.4
1373566004	Y65.8
1373587009	J43.0
1373599002	I46.9
1373600004	I46.9
1373615003	K03.0
1373616002	K03.0
1373635002	D32.0
1373713000	D10.0
1373719001	C70.9
1373720007	C79.9
1373746006	Q87.5
1373747002	P78.0
1373748007	Q87.0
1373768001	E75.4
1373770005	E75.4
1373771009	E75.4
1373773007	E75.4
1373774001	E75.4
1373775000	E75.4
1373777008	E75.4
1375924007	E75.4
1375926009	E75.4
1375927000	G11.4
1375939008	K00.0
1375943007	K00.0
1375954002	K31.6
1375955001	J93.9
1375994000	R94.4
1376001006	N17.9
1376003009	N17.9
1376004003	N17.9
1376005002	N18.5
13771001	K65.8
137991000119103	I69.398
1379922004	C76.2
1379963005	Q87.0
1379969009	G52.2
1380106000	L25.9
1380107009	L25.9
1380202005	D68.9
1380254000	G24.1
1380392002	Y07.9
13810001000004104	A31.0
1381222002	C68.9
1381223007	D30.3
1381224001	A63.0
1381293002	C96.9
1381416009	Q17.9
1381428001	J38.6
1381429009	I77.3
1381430004	I20.9
1381463006	D89.2
1381464000	Q23.0
1381490002	L29.3
1381493000	Q28.2
1381494006	Q45.3
1381500005	Q44.1
1381530002	Q27.8
1381536008	Q22.1
1381541000	Q20.3
1381566001	N05.9
1381569008	E16.1
1381570009	I50.9
13816006	B89
1381641006	B83.8
1381721008	E34.2
1381722001	E34.2
1381730000	P39.9
1381774003	E67.8
1381777005	E67.8
1381825007	N05.2
1381855000	I49.3
1381861002	J84.9
1381865006	I49.3
1381885005	Q22.5
1381892000	N05.3
1381893005	N05.5
1381918001	Q11.1
1381950006	D34
1382053008	Q22.5
1382129000	E85.4
1382152001	L04.2
1382153006	L04.0
1382154000	L04.9
1382169004	Q83.8
1382170003	Q83.8
1382171004	Q83.8
1382172006	Q83.8
1382176009	Q83.8
1382204002	Q24.1
1382227005	B83.9
1382241001	D44.0
1382242008	D44.0
1382243003	D44.0
1382244009	D44.0
1382304004	Z74.8
1382344006	Q38.3
1384162007	K14.8
1384163002	K14.8
1384164008	Q38.3
138441000119104	C41.2
138451000119102	C41.2
13889008	N17.0
13920009	K72.90
139351000119101	Z76.89
13947004	R29.2
13950001	G25.5
14022007	O02.1
140401000119104	E11.621
14052004	E11.9
14055002	G91.8
140561000119102	Z79.899
140633841000119106	C77.9
140881000119109	G93.5
14100001000004106	R22.40
141091000119105	G93.5
141451000119109	F98.5
141481000119102	M48.062
14160001000004107	J38.7
141731000119108	R29.898
14175009	M12.09
14178006	Q62.5
14188007	A18.02
14204003	Q82.1
142071000119101	Q85.03
1427008	G06.1
142811000119104	G30.9
142991000119101	J09.X3
143001000119100	J09.X9
14310000	J06.9
14331002	O66.5
143401000119106	C7A.098
14345008	Z63.8
14350001000004108	N17.9
143521000119103	I61.8
143561000119108	D73.5
14384003	R19.8
14394008	P01.3
14410001	C80.1
14435007	B60.8
14482000	Q25.8
14488001	N76.89
14500001000004103	Z91.89
14508001	R19.8
14512007	F91.9
14534009	D73.5
14546008	T50.901S
145741000119101	R48.2
14661003	R68.82
1469007	O03.5
146922001	Z76.89
147022006	Z76.89
1471000119103	F19.21
1471781000168106	Z65.8
14720231000119109	K66.8
147351000119105	N83.53
14763005	M10.9
14770001000004107	K65.0
1478001	I89.9
14781008	H54.7
147881000119108	K94.23
14800001	L10.1
14821001	Q89.3
148324002	Z76.89
148477008	Z76.89
148822661000119106	C30.0
14883001	F52.8
14914931000119107	C78.7
14918004	O90.1
14926007	C80.1
14927003	C51.9
14972006	A22.7
14973001	I12.9
15010004	H54.10
15032008	B88.8
150541000119104	K92.9
15076001	C80.1
150821000119108	Z30.8
15123008	E85.0
15214001	M95.4
15244003	G21.0
15271003	T23.099S
15295001	N85.4
15307001	D81.818
153221000146105	Z74.8
15336001	R20.8
15347008	Q63.0
153491000119103	F19.20
153501000119105	F19.20
15363000	N71.9
153811000119105	I87.8
153931000119109	I50.9
153941000119100	I50.9
154221000119101	K86.0
15477001	B96.20
15511008	N73.2
15520004	R49.8
15540006	C53.9
15552004	Q78.0
15566009	B60.8
156170000	N85.8
15625451000119105	Z79.899
15630731000119102	M67.844
15630891000119108	L03.032
15630931000119100	M70.72
15630971000119102	M46.1
15631451000119105	H50.331
15631491000119100	H50.332
15631571000119102	H31.012
15631781000119105	I87.8
15632171000119101	M21.6X1
15633171000119107	H33.21
15633201000119106	H33.22
15633241000119108	H33.23
15633281000119103	H40.1130
15633321000119108	H40.1120
15633401000119107	G83.20
15633441000119109	G83.20
15633481000119104	G83.10
15633521000119104	G83.10
15634391000119107	M79.652
15634511000119108	M79.605
15634551000119109	M79.642
15634751000119101	N83.8
15634931000119109	M25.662
15635011000119104	K11.9
15635051000119103	K11.9
15635091000119108	K11.8
15635251000119106	H02.36
15635681000119102	D24.1
15635761000119103	C50.911
15635801000119106	C50.912
15635881000119103	M75.92
15636001000119108	M77.12
15636041000119105	M77.02
15636491000119108	M79.672
15636611000119102	M99.05
15636651000119101	N63.20
15636771000119101	M25.372
15636811000119101	M25.612
15636991000119103	C64.2
15637231000119107	M76.52
15637551000119104	M23.332
15637791000119102	N60.02
15637831000119108	M67.432
15638171000119103	M21.372
15638211000119101	M25.312
15638331000119104	D31.32
15638931000119103	M25.462
15639641000119109	M62.84
15640081000119104	M77.32
15640441000119104	H40.1110
15648241000119103	I72.0
15648401000119104	I72.0
15648641000119100	I70.208
15664241000119100	D31.42
15664281000119105	D31.22
15665041000119105	Q68.0
15665081000119100	Q10.3
15665521000119105	H47.093
15666481000119100	Q74.2
15666561000119105	Q74.2
15666601000119105	Q74.2
15666641000119107	Q74.2
15666681000119102	Q74.2
15666841000119108	Q65.89
15666881000119103	Q65.89
15667041000119103	Q74.0
15667081000119108	Q74.0
15667121000119105	Q74.0
15667201000119105	Q66.211
15668121000119106	Q66.11
15668161000119101	Q66.221
15669441000119103	Q71.31
15671761000119103	Q66.6
15673081000119106	Q15.0
15674641000119105	M76.12
15674881000119101	M67.854
15675521000119102	M76.02
15675801000119108	M65.262
15675961000119102	M65.232
15676041000119107	M65.832
15676081000119102	M76.891
15676121000119100	M76.892
15676281000119108	M77.9
15676321000119103	M77.9
15681161000119107	H01.116
15682841000119106	M92.62
15683241000119104	M70.52
15683281000119109	M70.52
15683921000119103	M70.72
15686321000119106	M06.822
15686961000119102	M25.861
15687041000119100	M65.862
15687841000119108	M06.852
15687881000119103	M00.852
15688041000119101	M77.9
15688201000119108	M77.52
15688241000119105	M77.9
15689008	E87.8
15689921000119100	M00.062
15690281000119104	M00.812
15691161000119108	M06.042
15691321000119101	M06.032
15691721000119102	M06.872
15691761000119107	M06.832
15691881000119107	M05.862
15692081000119109	M93.1
15692121000119106	M93.1
15692161000119101	M93.1
15692721000119107	B00.52
15693761000119106	B49
15699003	R19.5
15701081000119105	M66.862
15701121000119107	M66.861
15702921000119101	M66.872
15703241000119105	M66.871
15703281000119100	M67.02
15703361000119100	M65.322
15703401000119109	M65.342
15703921000119106	M62.422
15704081000119108	M62.472
15704361000119102	M62.562
15705201000119109	M11.242
15705281000119101	M11.262
15707004	E87.4
15707961000119109	I72.0
15708001000119106	I72.0
15708041000119108	I72.0
15708321000119104	I74.2
15708401000119100	I80.8
15709441000119109	L81.6
15709521000119104	L81.6
15709561000119109	L81.6
15710641000119100	I72.6
15710841000119104	I72.3
15712681000119106	I73.9
15713001000119100	I21.9
15713081000119108	I21.3
15713121000119105	I21.9
15713401000119106	M20.032
15713441000119108	M20.022
15713681000119100	M21.052
15713721000119106	M21.851
15713761000119101	M21.852
15714201000119107	M20.5X2
15714441000119105	M21.862
15714881000119103	M76.892
15714961000119100	M25.712
15715001000119101	M25.772
15715041000119104	M25.732
15715161000119101	M89.28
15715201000119106	M89.28
15715241000119108	M89.28
15715681000119101	M86.68
15715761000119102	M86.68
15718481000119105	Q74.0
15721002	Z78.9
15721681000119105	M24.572
15721721000119104	M24.575
15722561000119106	M19.072
15723961000119106	M67.52
15724041000119109	M77.52
15724081000119104	M77.9
15725161000119108	M25.452
15725801000119104	M19.232
15726761000119103	M24.662
15726881000119103	M25.861
15726921000119105	M25.862
15729001000119106	M12.872
15729441000119103	M12.812
15731281000119106	H47.11
15731521000119105	H47.10
15731561000119100	H47.10
15732321000119108	H02.846
15732801000119105	H02.726
15736321000119107	H18.9
15736361000119102	H18.9
15736441000119108	H40.20X0
15736481000119103	H40.20X0
15736521000119103	H40.20X0
15736561000119108	H40.53X0
15736601000119108	H40.51X0
15736641000119105	H40.52X0
15736681000119100	H40.20X0
15736761000119101	H40.20X0
15736921000119108	H27.8
15736961000119103	H27.8
15737681000119103	H26.8
15737881000119104	H25.043
15737921000119106	H25.042
15737961000119101	H25.041
15738721000119105	H40.001
15738761000119100	H40.063
15738801000119108	H40.002
15739006	M91.80
15739201000119104	H40.52X0
15739241000119102	H40.51X0
15739281000119107	H40.53X0
15739321000119102	H40.51X0
15739361000119107	H40.53X0
15739401000119103	H40.52X0
15739681000119109	H42
15739721000119103	H42
15739761000119108	H42
15741081000119104	M67.431
15741801000119103	M21.542
15741921000119104	M21.962
15742000	I67.6
15742001000119100	M21.961
15742361000119102	M22.92
15743161000119106	M25.562
15743201000119101	M25.50
15743241000119104	M25.562
15743601000119103	M79.632
15743681000119106	M25.512
15744081000119101	R25.2
15744121000119104	M62.838
15744161000119109	M62.838
15744321000119102	M25.352
15744361000119107	M25.351
15744481000119106	M06.832
15745041000119107	M23.52
15745081000119102	M25.362
15746001000119104	M25.322
15746401000119105	H44.9
15747481000119100	M79.9
15747521000119100	M79.9
15747561000119105	M79.9
15747641000119107	M62.9
15747721000119108	M62.9
15748401000119109	R25.2
15749641000119103	L60.0
15749681000119108	L60.0
15749801000119104	M79.672
157533041000119108	Z86.69
15758361000119102	M25.312
15759031000119103	Z76.89
15770003	K83.1
15771004	E23.2
15782007	G21.2
15840001	F65.0
15859004	Z78.9
15863931000119108	H50.812
15864251000119108	Q17.8
15867007	Q56.0
15926601000119102	N89.8
15928101000119105	Z63.8
15929941000119103	R60.0
1593000	G80.2
15930101000119109	H02.844
15930741000119105	D27.1
15931541000119108	N83.02
15934141000119101	M21.962
15935181000119105	Q68.8
15935261000119107	M21.242
15935381000119107	M21.212
15937421000119107	L72.0
15937501000119102	L72.0
15938861000119103	L89.892
15938901000119109	L89.892
15938941000119106	L89.894
15938981000119101	L89.894
15939021000119107	L89.893
15939061000119102	L89.893
15939101000119104	L89.891
15945005	F63.9
15952541000119101	D24.1
15952581000119106	D24.2
15952741000119105	D24.2
15952981000119103	D05.02
15954021000119105	N62
15954541000119105	N64.9
15954861000119106	N64.89
15957261000119102	C46.7
15957741000119108	D35.02
15957781000119103	D35.02
15959861000119107	Q50.5
15959901000119101	Q50.5
15960101000119104	I20.9
15960341000119104	I20.0
15960381000119109	I20.9
15960541000119107	I20.0
15960581000119102	I20.9
15960701000119100	I20.9
15960741000119103	I20.0
15960861000119108	I20.0
15963181000119104	I21.21
15966501000119108	I72.2
15966541000119105	I72.2
15970061000119108	K64.1
15970101000119106	K64.2
15970141000119108	K64.3
15973381000119108	Q74.2
15973421000119104	Q74.2
15973541000119106	Q68.8
15973621000119101	Q68.8
15978751000119107	M89.08
15978791000119102	G90.2
15979951000119100	M26.69
15980191000119107	M26.69
15980231000119103	M26.69
15980271000119100	M26.69
15980351000119104	M26.69
15980551000119106	M26.69
15980591000119101	M26.69
15980631000119101	M26.69
15981008	R23.4
15983111000119107	Q16.0
15983191000119103	Q16.0
15983231000119107	Q17.3
15983951000119105	Q10.3
15984431000119109	H90.5
15984471000119107	H90.5
15985351000119105	G40.B11
15985991000119104	Q28.9
15986031000119105	Q28.9
15986391000119107	Q14.8
15988351000119101	I67.1
15988391000119106	I67.1
15988911000119103	B89
15988951000119102	B89
15988991000119107	B89
15990511000119106	H57.9
15993551000119100	H57.9
15993671000119108	H40.61X0
15993711000119107	H40.62X0
15993751000119108	H40.63X0
15995551000119104	H21.82
15999111000119105	H18.893
15999191000119101	H16.8
15999231000119105	H16.8
16000471000119107	I63.522
16000551000119102	I63.521
16001004	H92.09
16001751000119100	I77.3
16002231000119106	I63.331
16002271000119109	I63.332
16002431000119105	I63.131
16002471000119108	I63.132
16002671000119106	M79.602
16003031000119105	L03.011
16003111000119101	L03.012
16003151000119100	L60.9
16003551000119109	M75.42
16004071000119105	Q74.0
16004111000119103	Q74.0
16004151000119102	Q74.0
16004951000119100	I77.1
16004991000119105	I77.1
16005991000119109	M1A.9XX1
16006631000119109	M1A.9XX1
16008271000119106	M11.232
16009031000119108	Q68.8
16009191000119108	Q68.8
16009311000119101	I74.2
16010751000119107	M1A.0720
16011391000119108	I77.1
16011431000119103	I77.1
16012311000119106	I80.3
16015911000119102	M1A.0720
16015951000119101	M1A.0720
16017031000119102	M23.307
16018591000119107	Q74.0
16018671000119105	Q74.0
16023831000119107	I66.8
160240006	Z76.89
160241005	Z76.89
16024191000119100	I63.29
16024231000119109	I63.29
16024431000119108	M08.80
16025831000119106	I77.0
16026471000119103	G58.8
160265008	Z76.89
16026871000119101	G58.8
160312004	Z82.0
160327004	Z81.3
16035391000119102	M89.551
16035591000119105	M89.552
16039007	F44.0
160392000	Z84.2
160400002	Z84.89
16041671000119109	M08.062
160431009	Z84.89
16044751000119106	M08.80
16045951000119105	M24.9
16050831000119100	M02.28
16052151000119104	M76.892
16054391000119102	Q07.8
16054431000119107	Q07.8
16055431000119108	I95.9
1606009	B81.8
16065006	M43.28
16067651000119101	C78.6
16067811000119101	D3A.093
16067851000119100	D3A.093
16068491000119107	M1A.0620
16069000	K71.2
16071000	M24.59
160748000	Z74.1
160762007	Z74.1
160764008	Z76.89
160765009	Z76.89
160766005	Z76.89
160767001	Z76.89
160768006	Z76.89
160769003	Z76.89
160770002	Z71.9
160775007	Z74.1
160806000	Z76.89
160807009	Z76.89
160825002	Z63.8
160827005	Z63.1
160828000	Z63.1
160829008	Z63.8
160830003	Z62.820
16083003	O08.6
160842008	Z63.0
160854008	Z59.89
160859003	Z65.3
160860008	Z65.3
160871009	Z63.8
160877008	Z91.89
16087811000119104	Z89.212
160887007	Z76.89
160905000	Z56.6
16091131000119108	C49.0
16091371000119108	C49.0
160947001	Z82.8
160948006	Z82.8
160949003	Z82.8
160956009	Z63.4
160958005	Z63.4
160960007	Z63.4
160961006	Z63.4
160962004	Z63.4
160963009	Z63.4
160964003	Z63.4
160965002	Z81.8
161000119101	O43.90
161045001	Z73.6
161057005	Z60.8
161128009	F91.9
161152002	Z60.9
161153007	Z60.8
161154001	Z60.9
161155000	Z55.9
16124009	F52.9
16146001	J40
161462004	Z86.2
16147005	I12.9
161541000119104	N95.1
161558008	Z92.0
161590003	Z88.9
161591004	Z88.0
161638000	Z57.8
161681002	Z94.1
161682009	Z96.0
161684005	Z93.9
161685006	Z93.0
161686007	Z93.2
161687003	Z93.3
161688008	Z93.6
161689000	Z93.1
161726001	N92.1
161747002	Z87.59
161750004	Z87.59
161751000	Z87.59
161769009	Z76.89
161803004	Z87.59
161806007	O15.9
161811009	Z87.59
161820000	R39.89
161824009	R63.8
161829004	R68.89
161831008	R63.5
161855003	R68.83
161876008	I89.9
161885008	R23.8
161901003	R69
161956003	R09.89
161959005	J00
161960000	J40
161968007	R00.2
161974007	R07.2
161991006	I87.8
161993009	I87.8
161996001	R20.8
161997005	R20.8
161998000	R20.8
162007004	R22.0
162016000	K14.9
162018004	R19.8
162033007	R19.8
16206621000119103	G54.0
16207481000119100	Z22.321
16208561000119106	M08.062
162086005	R19.8
16208721000119109	M08.061
162189001	R45.0
16219201000119101	G30.1
162206003	R68.89
162207007	F51.5
162227008	R25.1
162236007	M62.89
162249002	R20.2
162250002	R20.8
162277006	H53.8
16228891000119105	L23.0
16229211000119106	R93.6
16229251000119107	R93.6
162297001	R51.9
162356005	H92.09
16235791000119106	H02.015
162367006	R06.7
162371009	R04.0
162373007	R04.0
162375000	R06.83
162382001	R09.82
162400007	J39.2
162410003	R60.9
162411004	M25.69
162415008	R21
162417000	Q89.9
162429009	R68.89
162430004	M79.89
162492005	R68.89
162494006	R39.9
162515006	Z78.9
162521005	Z78.9
162526000	E87.1
162528004	E87.0
162529007	E87.6
162531003	E87.5
162547001	Z72.4
162572001	Z12.9
162573006	Z12.2
162591001	Z03.89
162592008	Z03.89
162593003	Z03.89
162594009	Z13.5
16260631000119101	C77.9
162666005	R69
162682006	R45.7
162683001	R61
162684007	R64
162686009	R68.89
162688005	I99.8
162690006	E66.9
162691005	R23.1
162692003	L74.4
162694002	R68.89
162702000	R41.0
162704004	R40.0
162705003	R40.1
162707006	R41.82
162709009	R55
162710004	I46.9
162711000	R09.2
162713002	R55
162719003	R45.3
162720009	R45.89
162721008	R45.1
162722001	F32.9
162723006	F41.9
162724000	R45.0
162725004	R45.4
162726003	R45.4
162727007	R45.89
162736006	P59.9
162738007	R23.1
162739004	R23.2
162740002	R17
162742005	R23.0
162744006	R23.0
162745007	R23.0
162746008	R23.0
162752009	E34.8
162753004	E25.9
162755006	R29.890
162761009	R29.890
162763007	E66.9
162764001	R63.6
162771006	R29.898
162773009	R29.0
162777005	R29.3
162781005	R60.0
162782003	R60.0
162783008	R60.0
162784002	R60.0
162785001	R60.0
162786000	R60.0
162787009	R60.0
162789007	H05.229
162790003	R60.0
162792006	L67.8
162794007	L67.8
162795008	L67.8
162797000	L65.9
162799002	L67.8
162801004	L68.0
162803001	L65.9
162804007	L65.9
162806009	Z01.00
162808005	H18.419
162810007	H57.04
162811006	H26.9
162812004	Z97.0
162815002	H11.30
162819008	Z01.00
162820002	H26.9
162821003	Z90.01
162825007	Q75.8
162829001	R22.0
162831005	K11.9
162832003	R22.0
162833008	R19.8
162836000	E07.89
162840009	E07.9
162842001	E30.0
162847007	E30.0
162849005	R62.52
162852002	R99
162853007	R99
162854001	R99
162855000	R99
162857008	R99
162866007	Z87.828
162867003	Z87.828
162868008	Z87.828
162871000	R46.89
162872007	R46.89
162873002	R46.0
16288341000119100	I72.4
16288421000119101	I72.4
16289261000119103	I72.8
162893005	R06.3
16289301000119106	I72.8
16289341000119108	I72.8
162894004	R06.2
162895003	R06.89
162896002	R06.89
162898001	R09.89
162899009	R06.4
162900004	R06.89
162902007	R09.89
162904008	R09.89
162905009	R09.89
162906005	R09.89
162908006	R06.89
162909003	R06.89
162910008	R06.89
162911007	R06.5
162913005	R06.89
162920003	R06.89
162921004	R06.4
162923001	M95.4
162924007	Q67.7
162925008	M95.4
162926009	Q67.6
162927000	M95.4
162928005	M95.4
162931006	M95.4
162933009	Q32.1
162935002	J98.8
162936001	Q32.1
162938000	R09.89
162940005	R09.89
162941009	R09.89
162943007	R09.89
162945000	R09.89
162947008	R09.89
162949006	R06.89
16295005	F31.4
162951005	R06.89
162957009	R09.89
162959007	R49.8
162960002	R09.89
162966008	R09.89
162967004	R09.89
162969001	J98.9
162971001	J18.1
162972008	J98.4
162974009	J84.10
162986007	P29.12
162987003	R00.1
162988008	R00.1
162989000	R00.1
162991008	R00.0
162992001	R00.0
162993006	R00.0
162994000	R09.89
163000006	R00.8
163001005	R00.8
163004002	R09.89
16300531000119107	Z23
16300571000119105	Z23
163006000	R09.89
163007009	R09.89
163008004	R00.8
163010002	R09.89
163012005	R09.89
163014006	R09.89
163016008	R09.89
163017004	R09.89
163018009	I72.9
163022004	R03.1
163023009	R03.1
16302351000119109	M89.8X7
163024003	R03.1
163026001	R03.0
163027005	R03.0
163028000	R03.0
163029008	I95.1
163036009	R03.1
163037000	R09.89
163044009	R09.89
163046006	R09.89
163047002	R09.89
163048007	R09.89
163053002	R09.89
163054008	I86.8
163055009	I86.8
163056005	I86.8
163057001	R09.89
163061007	I51.7
163062000	I51.7
163065003	R01.2
163067006	R01.2
163069009	R01.1
163070005	R01.1
163071009	R00.8
163073007	R01.2
163075000	R01.2
163077008	R01.2
163078003	R01.2
163079006	R01.2
163080009	R01.2
163081008	R00.8
163083006	R01.2
163085004	R09.89
163089005	R01.0
163090001	R01.1
163091002	I38
163092009	I35.8
163093004	R01.1
163094005	R01.1
163095006	I37.8
163096007	I07.9
163097003	R01.1
163109009	R09.89
163115009	R09.89
163121008	R09.89
163138007	K13.0
163139004	B00.1
163140002	R22.0
163142005	Z01.89
16314371000119109	B35.8
163144006	K11.7
163145007	K12.1
163147004	D69.2
163148009	R21
163151002	Z01.20
163152009	K02.9
163153004	R46.89
163154005	Z97.2
163155006	K08.59
163156007	K03.7
163158008	Z01.20
163159000	Z01.20
163160005	K05.10
163161009	K05.20
163162002	K06.8
163163007	K06.1
163164001	K06.8
163166004	K14.8
163168003	K14.8
163169006	K14.8
163170007	K14.0
163171006	K14.8
163172004	K14.5
163173009	K14.0
163174003	K13.21
163177005	R19.6
163179008	R19.6
163180006	R19.6
163181005	R19.8
163182003	R19.6
163183008	R19.6
163184002	R19.6
163186000	R23.8
163188004	R23.8
163189007	L90.5
163191004	R19.8
163192006	L90.6
163195008	R19.8
163197000	R19.8
163198005	R19.8
163201000	R14.0
163204008	R19.8
163206005	R19.8
16320631000119104	Z99.2
163207001	R19.8
163208006	R19.2
163215003	R10.13
163217006	R10.11
163218001	R10.33
163219009	R10.12
163222006	R10.32
163224007	R19.8
163226009	R19.8
163227000	R19.36
163228005	R19.32
163229002	R19.33
163230007	R19.35
163231006	R19.34
163232004	R19.8
163233009	R19.8
163234003	R19.34
163238000	R10.821
163241009	R10.823
163246004	R10.824
163248003	R19.30
163254002	R16.0
163255001	R16.0
163256000	R16.0
163258004	R19.8
163260002	R19.8
163261003	R19.8
163262005	R19.8
163263000	R19.8
163264006	R19.8
163267004	R10.811
163268009	R19.8
163272008	K82.8
163273003	R19.8
163274009	K82.8
163275005	K82.8
163283004	R19.07
163290009	R19.00
163291008	R19.00
163292001	R19.00
163293006	R19.00
163297007	R19.00
163305007	R19.00
163306008	R19.00
163307004	R19.00
163313008	R18.8
163317009	K46.9
163318004	K46.0
163319007	K46.0
163320001	K46.9
163321002	K46.9
163327003	R39.89
163329000	R19.8
163333007	Z01.89
163334001	Z01.89
163336004	R19.00
163338003	R19.11
163342000	R19.15
163354000	N28.89
163356003	N28.89
163358002	N23
163360000	R39.89
163364009	R39.89
163365005	R39.89
163367002	R19.00
163368007	R19.04
163377000	N50.89
163379002	N50.9
163383002	R39.89
163388006	N48.9
163390007	N48.9
163395002	R39.89
163399008	Z01.419
163400001	N85.2
163404005	N85.4
163405006	N85.4
163408008	Z01.419
163409000	Z01.411
163410005	R39.89
16341002	L41.1
163412002	Z01.419
163413007	Z01.419
163414001	N88.9
163415000	N93.9
163416004	N89.8
163422008	N89.8
163424009	N89.8
163425005	N89.8
163426006	N89.8
163427002	N89.8
163428007	N89.8
163429004	N89.8
163430009	N89.8
163435004	N62
163436003	N64.59
163437007	N64.59
163438002	N64.59
163441006	N61.0
163442004	N64.59
163453005	N64.53
163459009	N64.52
163461000	N64.52
163467001	N63.0
163469003	N63.0
163470002	N63.0
163471003	N63.0
163472005	N63.0
163474006	N63.0
163477004	N63.0
163478009	N63.0
163479001	N63.0
163480003	N63.0
163487000	N63.0
163489002	N63.0
163491005	N63.0
163492003	N63.0
163494002	N63.0
163499007	Z34.90
163500003	Z34.90
163501004	Z34.90
163502006	Z34.90
163504007	Z34.90
163505008	Z34.90
163506009	Z34.90
163507000	Z34.90
163508005	Z34.90
163509002	Z34.90
163510007	Z34.90
163516001	O32.2XX0
163518000	Z34.93
163520002	O80
163521003	O80
163522005	O80
163523000	O80
163524006	O80
163525007	O80
163526008	O80
163529001	O80
163530006	O80
163531005	O80
163532003	O80
163533008	O80
163535001	Z34.90
163536000	O36.8190
163537009	Z34.90
163539007	Z34.90
163540009	O36.8190
163542001	Z34.90
163543006	O36.8390
163544000	O76
163546003	O36.8390
163547007	Z34.90
163548002	Z34.90
163549005	Z34.90
163550005	O36.8390
163551009	O36.8390
163552002	O76
163553007	O76
163555000	Z34.90
163556004	Z34.90
163557008	Z01.411
163559006	Z34.90
163560001	Z01.419
163561002	Z34.90
163563004	O80
163564005	O80
163565006	O80
163566007	O80
163567003	O80
163568008	O80
163569000	O80
163570004	O80
163571000	O80
163574008	Z34.90
163575009	Z34.90
163576005	Z34.90
163577001	Z34.90
163590008	G40.309
163593005	G40.209
163595003	R56.00
163600007	M62.81
163601006	G81.90
163606001	G83.0
163612006	R46.1
163614007	R46.5
163615008	R41.0
163616009	R41.840
163628001	Z53.9
163630004	R23.8
163632007	R23.8
163633002	R23.8
163639003	M62.89
163645006	R25.2
163646007	R29.898
163647003	R29.898
163648008	R29.898
163650000	R25.2
163653003	R25.3
163656006	M62.49
163658007	M62.40
163659004	M62.40
163660009	M24.59
163662001	R25.9
163664000	G25.5
163665004	R25.8
163666003	R25.2
163667007	R25.1
163668002	R25.1
163669005	G25.2
163670006	R25.8
163671005	G25.3
163674002	R29.3
163676000	R29.3
163678004	G82.20
163679007	M21.339
163680005	M21.80
163681009	R29.3
163683007	R26.1
163685000	R26.1
163686004	R26.0
163688003	R26.89
163690002	F44.4
163691003	R26.89
163693000	M62.81
163695007	M62.81
163697004	M62.89
163699001	R20.8
163702008	R20.0
163703003	R20.0
163705005	R20.1
163707002	R20.2
163708007	R20.2
163711008	R20.8
163713006	R20.8
16371831000119108	D56.3
163723002	R44.8
163725009	R44.8
163726005	R20.8
163728006	R20.1
163730008	R20.1
163731007	R20.0
163735003	R20.1
163736002	R20.8
163738001	R29.898
163740006	R29.898
163741005	M24.80
163745001	R20.8
163746000	R20.8
163752004	R44.8
163754003	R44.8
163756001	R44.8
163759008	H53.34
163760003	R41.4
163764007	R48.1
163768005	R27.0
163769002	R26.0
163770001	R26.89
163772009	R29.818
163773004	R27.8
163774005	R26.81
163775006	R27.8
163779000	Z01.89
163782005	R29.2
163783000	R29.2
163784006	R29.2
163785007	R29.2
163786008	R29.2
163787004	R29.2
163789001	R29.2
163791009	R29.2
163792002	R29.2
163793007	R29.2
163794001	R29.2
163795000	R29.2
163797008	R29.2
163799006	R29.2
163800005	R29.2
163802002	R29.2
163803007	R29.2
163806004	R29.2
163808003	R29.2
163809006	R29.2
163810001	R29.2
163811002	R29.2
163812009	R29.2
163813004	R29.2
163815006	R29.2
163817003	R29.2
163818008	R29.2
163819000	R29.2
163820006	R29.2
163821005	R29.2
163823008	R29.2
163825001	R29.2
163826000	R29.2
163827009	R29.2
163828004	R29.2
163829007	R29.2
163831003	R29.2
163833000	R29.2
163834006	R29.2
163835007	R29.2
163836008	R29.2
163837004	R29.2
163839001	R29.2
163841000	R29.2
163842007	R29.2
163843002	R29.2
163847001	R25.8
163848006	R25.8
163849003	R25.8
163850003	R25.8
163852006	R29.2
163858005	R29.2
163859002	R29.2
16386004	R23.4
163861006	R29.2
163863009	R29.2
163864003	R29.2
163865002	R29.2
163867005	R29.2
163869008	R29.2
163870009	R29.2
163873006	R29.2
163876003	R29.2
163882000	R29.2
163884004	R29.2
163886002	R39.198
163888001	R29.2
163891001	R29.2
163893003	R29.2
163894009	R29.2
163895005	R29.2
163899004	Z01.89
163900009	Z53.9
163901008	Z01.89
163903006	G93.2
163910000	R29.1
163911001	R25.2
163919004	R47.01
163920005	F80.2
163925000	R47.1
163926004	F98.5
163928003	R48.8
163929006	R48.8
163930001	R48.1
163931002	R48.2
163932009	R48.8
163933004	R48.0
163936007	Z01.00
163937003	Z01.00
163938008	Z01.00
163939000	Z01.00
163940003	Z01.00
163941004	Z01.00
163942006	Z01.00
163943001	Z01.00
163944007	H54.7
163946009	H54.7
163950002	Z01.00
163951003	Z01.00
163952005	Z01.00
163953000	Z01.00
163954006	Z01.00
163955007	Z01.00
163956008	Z01.00
163957004	Z01.00
163958009	H54.50
163960006	H54.40
163963008	Z01.00
163964002	Z01.00
163965001	H53.9
163968004	Z01.00
163969007	H53.59
163971007	Z01.01
163975003	H47.399
163978001	H47.399
163979009	H47.399
163982004	Z01.00
163983009	Z01.00
163989008	H35.059
163990004	H43.10
164001002	Z01.00
164002009	Z01.00
164004005	H53.469
164005006	H53.47
164006007	H53.47
164008008	H53.469
164011009	H50.9
164012002	H50.00
164013007	H50.10
164015000	H02.409
164018003	G90.2
164020000	Z01.01
164022008	Z01.01
164023003	H57.03
164026006	Z01.00
164027002	Z01.00
164028007	Z01.01
164031008	Z01.00
164032001	Z01.00
164036003	Z01.00
164037007	Z01.01
164038002	Z01.00
164039005	Z01.01
164040007	Z01.00
164041006	R29.818
164044003	H55.89
164046001	H51.8
164047005	H51.8
164048000	R94.113
164049008	R94.113
164050008	R25.3
164053005	R43.8
164055003	R43.8
164056002	R43.8
164062007	H91.90
164066005	Z01.10
164068006	H90.2
164069003	H90.5
164070002	H90.5
164076008	H55.00
164078009	K13.79
164080003	K13.79
164081004	K13.79
164083001	R43.1
164085008	R43.1
164086009	R43.0
164092003	H49.00
164094002	H49.10
164097009	H49.20
164098004	H49.20
164100004	G51.0
1641000119107	I25.10
164103002	G50.9
164104008	G50.8
164106005	G51.0
164107001	G51.0
164109003	G52.8
164110008	G51.0
164112000	G52.1
164115003	G52.1
164116002	G52.1
164118001	G52.8
164119009	G52.8
16412007	R49.8
164121004	G52.3
164122006	G52.3
164139008	D64.9
164141009	D64.9
164142002	D64.9
164143007	D64.9
164148003	R59.0
164149006	R59.0
164150006	R59.0
164151005	R59.0
164152003	R59.0
164154002	R59.1
164155001	R59.1
164156000	R59.1
164157009	R59.1
164159007	R59.1
164160002	I89.9
164162005	R16.1
164164006	R16.1
164165007	R16.1
164166008	R16.1
164167004	R16.1
164169001	Z01.89
164171001	D69.8
164182009	R09.89
164185006	R09.89
164186007	J00
164187003	R04.0
164191008	Z01.89
164193006	J33.9
164194000	J34.2
164195004	J34.89
164196003	R60.0
164197007	R22.0
164198002	R09.89
164200008	R04.0
164202000	Z01.89
164203005	Z01.89
164204004	J35.2
164208001	M10.08
164213002	H92.10
164215009	H92.10
164216005	H92.20
164217001	H92.20
164221008	H92.09
164222001	H92.09
164233003	R93.0
164234009	Z01.118
164236006	H73.899
164238007	H72.00
164240002	H73.90
164241003	H75.80
164242005	H73.899
164244006	R09.89
164246008	R09.89
164247004	J34.89
164248009	Z01.89
164252009	J35.8
164253004	J35.1
164254005	J35.1
164255006	J36
164258008	J39.2
164260005	J31.2
164265000	Z01.89
164266004	J38.3
164267008	J38.3
164268003	J38.2
164269006	J38.2
164270007	R93.89
164272004	R09.89
164274003	R06.1
164275002	J98.8
164276001	R49.0
164277005	R49.0
164278000	R49.1
164279008	R04.1
164281005	R09.89
164282003	J39.2
164285001	R50.9
164286000	Z53.9
164288004	R50.9
164299002	R50.9
164301009	R68.0
164303007	R50.9
164304001	R50.9
164306004	R50.9
164307008	R50.9
164308003	R50.9
164309006	R50.9
164311002	R50.9
164312009	R50.9
164313004	R50.9
164314005	R50.9
164315006	R50.9
164316007	R50.9
164321005	Z53.9
164323008	R23.8
164325001	R23.4
164328004	R21
164330002	R21
164331003	R23.3
164332005	R23.3
164333000	D18.00
164335007	R23.8
164337004	R23.8
164339001	R22.9
164341000	R22.9
164345009	R23.8
16434671000119101	R94.8
164349003	R23.8
164350003	L13.8
164351004	R23.8
164352006	R23.8
164354007	L08.9
164356009	L08.9
164357000	L08.9
164358005	L08.9
164359002	L08.9
164361006	R21
164365002	R23.4
164368000	R23.4
164369008	R23.4
164371008	L98.8
164373006	R23.8
164375004	L70.0
164377007	L70.0
164379005	L98.8
164381007	R23.8
164385003	L72.9
164386002	L72.9
164387006	L72.9
164389009	R23.8
164391001	R23.8
164392008	R23.4
164393003	R23.8
164399004	L90.5
164401005	L90.5
164402003	L90.5
164403008	L90.5
164405001	L98.8
164407009	R23.8
164408004	R23.8
164409007	R23.8
164410002	R23.8
164412005	R23.8
164414006	L98.8
16441621000119100	F52.9
164417004	L98.8
164418009	L98.8
164420007	L91.8
164421006	R23.4
164422004	L28.0
164423009	R23.2
164424003	R23.8
164425002	R23.8
164426001	R52
164427005	R21
164428000	L72.0
164445005	Z53.9
164447002	R09.89
164449004	R23.8
164451000	R23.8
164452007	M21.949
164453002	Q68.1
164455009	M15.1
164456005	M06.9
164457001	R68.3
164458006	M21.839
164462000	L60.8
164464004	L60.8
164465003	L60.8
164466002	L60.3
164467006	L60.8
164468001	L60.8
164482001	R29.91
164508002	M25.9
164513003	M21.949
164513451000119102	N80.8
164514009	M25.849
164515005	M25.9
164517002	M23.8X9
164518007	M25.879
164520005	M20.60
164522002	M24.69
164530001	M25.80
164533004	M25.80
164537003	R29.898
164538008	M25.80
164539000	M25.59
164540003	M24.9
164543001	M25.80
164546009	M25.39
164550002	M25.60
164552005	R29.898
164554006	R29.898
164555007	R29.898
164556008	M25.80
164562003	M53.82
164564002	M53.86
164566000	R29.91
164568004	R29.898
164575003	M89.9
164579009	R29.91
164582004	R29.898
164585002	R29.91
164589008	M95.9
164591000	R29.3
164599003	M79.89
164600000	R22.9
164603003	R23.8
164604009	R23.8
164605005	R23.8
164606006	R23.8
164607002	R23.8
164608007	R23.0
164610009	L98.9
164611008	L98.9
164612001	R23.8
164614000	R23.8
164615004	R23.8
164621000	R22.9
164626005	I80.9
164644002	R23.9
164645001	R23.9
164646000	R29.91
164647009	R29.91
164648004	R29.90
164649007	R29.91
164667000	R68.89
164671002	R68.89
164673004	R68.89
164674005	R68.89
164675006	R68.89
164677003	R68.89
164679000	R68.89
164681003	R23.8
164684006	R23.8
16468541000119105	Z20.828
164688009	R52
164690005	R52
164691009	R52
164692002	R52
16470101000119107	R32
16475231000119102	H00.014
16475271000119104	H00.015
16477701000119105	I72.8
16477751000119109	O28.3
164810006	Z76.89
164824005	Z76.89
164861001	I25.9
164891006	R00.0
164970004	Z78.9
164973002	R89.4
165220001	Z73.6
165311008	F91.9
165312001	R46.2
165334004	Z75.2
165335003	Z75.2
165336002	Z75.2
165337006	Z75.2
165339009	Z75.2
165340006	Z75.2
165372009	Z76.89
165373004	Z76.89
165375006	Z75.2
165378008	Z75.2
165384006	R79.89
165386008	R79.89
165387004	R79.89
165388009	D68.9
165389001	I74.9
165390005	R79.89
165395000	Z75.2
165396004	R71.8
165398003	R71.0
165400004	R79.89
165402007	D58.2
165404501000119103	N80.8
165412000	R71.8
165415003	R71.0
165425008	R71.8
165431006	R71.8
165434003	R71.8
165438000	R71.8
165441009	R71.8
165446004	R71.8
165449006	R71.8
165456000	R71.8
165460002	R70.1
165463000	R70.1
165465007	R70.1
16549004	K46.9
16550001000004104	R22.40
165575007	R74.8
165626000	R79.0
165630002	R79.0
16573007	E85.4
165742001	Z75.2
16576004	G90.3
165761002	Z75.2
165790008	Z75.2
165803005	Z75.2
165806002	B18.1
165807006	B18.1
16581008	P11.5
165814008	Z75.2
165819003	Z75.2
165821008	R76.0
165824000	Z75.2
165840002	M06.00
165939003	R76.9
165996008	Z11.59
16602611000119108	Z75.2
16602691000119104	Z76.82
1661000119106	C78.00
16611005	F52.8
166160000	R86.8
16623961000119100	D61.1
166314008	Z75.2
166317001	E87.8
16631881000119104	K43.5
166323006	R94.6
166337002	R94.6
16636051000119105	C18.9
16636101000119105	C20
166371006	R87.1
166384002	Z32.02
166385001	Z32.01
166441004	R89.1
166444007	R74.8
166447000	R89.1
166458009	R79.89
166557002	Z75.2
16662411000119105	I72.1
16662451000119106	I72.1
16662571000119103	I72.4
16662611000119107	I72.4
166646003	R74.8
166649005	R77.8
166660001	Z75.2
166664005	R89.0
166684009	Z75.2
166689004	R79.0
166813006	Z75.2
166815004	R79.89
166816003	R74.8
166831007	R74.8
166860003	R79.89
16690641000119105	N83.12
166914001	R73.09
166915000	R73.09
166916004	R73.09
166917008	R73.09
166918003	R73.09
166919006	R73.09
166923003	R73.09
16697021000119105	Q27.9
16697101000119102	Q27.9
166972005	R78.9
166975007	R78.9
16697611000119107	I72.1
167007008	Z75.2
167022003	R79.81
16702441000119104	R46.4
16702561000119104	R46.4
16702671000119109	R46.4
16703551000119107	R41.3
16703661000119105	R41.3
16703711000119100	R41.3
16703761000119102	R41.3
16703821000119101	R41.3
16705521000119100	I72.1
16705611000119108	I72.1
167057000	R89.4
167223000	Z75.2
16728003	G11.4
16730001000004104	I82.452
167313007	R82.998
167331008	Z75.2
16743291000119105	N36.8
16743931000119103	N36.8
167511005	R82.2
16754591000119108	N93.8
16754641000119104	N93.8
16754691000119107	N93.8
16754741000119109	N93.8
16754841000119103	N93.8
16754891000119106	N93.8
16754941000119107	N93.8
16755041000119107	N93.8
16755141000119106	N93.8
16755191000119103	N93.8
16755281000119108	N93.8
167595002	Z75.2
167626001	R19.5
167640000	R19.5
16766000	A93.8
167669009	K92.1
167702007	Z75.2
16772201000119107	Z79.899
16773005	D68.9
167734003	R83.8
167735002	R83.8
167750006	R83.2
167751005	R83.2
167760002	Z75.2
167766008	R86.9
167778007	R86.9
167779004	R86.9
167780001	R86.9
167795004	R86.9
167798002	R86.6
167800009	R36.1
167801008	R86.6
167822002	Z75.2
16784003	E72.09
167854006	Z75.2
167855007	R11.10
167856008	R85.3
167861005	Z75.2
167891000	R89.8
1679003	M13.80
167909009	Z75.2
167927007	R89.6
167946008	Z75.2
167964001	R84.6
167975002	J94.8
167984002	Z75.2
16799003	M62.89
167992006	R09.3
168001007	R84.9
168009009	Z75.2
168021008	R85.7
168033003	Z75.2
168036006	K80.20
168038007	K80.20
168040002	N42.0
168041003	N20.0
168042005	N20.0
168044006	N20.0
168045007	E72.09
168047004	K11.5
168048009	K11.5
168049001	K11.5
168051002	N20.1
168052009	N21.1
168053004	N21.0
168058008	R89.8
168059000	R89.8
168060005	R89.8
168061009	R89.8
168085001	Z75.2
168091004	R88.8
168101009	R89.8
168109006	R89.2
16812000	N52.8
168175004	R89.8
168195005	Z75.2
168196006	Z75.2
168215000	Z75.2
168221001	Z75.2
168225005	R89.5
168226006	R89.5
168235004	R89.5
168237007	R89.5
168238002	R89.5
168239005	R89.5
16823941000119108	C25.9
16824021000119104	C55
168241006	R89.5
168242004	R89.5
168244003	R89.5
168245002	R89.5
168246001	R89.5
168247005	R89.5
168286009	Z75.2
168287000	Z75.2
168296000	R84.9
16831006	R48.8
168312000	Z75.2
168313005	Z75.2
168314004	Z75.2
168315003	Z75.2
168316002	Z75.2
168317006	R19.5
168321004	Z75.2
168330007	Z75.2
168331006	Z75.2
168332004	Z75.2
168336001	Z75.2
168337005	Z75.2
168338000	Z75.2
168339008	Z75.2
168364006	Z75.2
168369001	Z75.2
168372008	Z75.2
168373003	Z75.2
168374009	R89.5
16837461000119106	H31.8
16837521000119102	H31.8
16837681000119104	I21.9
168382009	R76.0
168395004	Z75.2
168396003	Z75.2
168441008	Z75.2
16846341000119101	I77.1
168472007	R87.9
168495003	Z76.89
168496002	Z98.890
168497006	Z53.9
168498001	Z76.89
168499009	Z53.20
168540006	Z76.89
168568005	R93.0
168582005	R93.7
168593007	R93.7
168598003	R93.7
168606003	R93.7
168613003	R93.6
168616006	R93.7
16862331000119101	E89.0
168625000	R93.6
168650002	R93.6
168653000	R93.6
168659001	R93.6
168674004	R93.6
168676002	R93.6
168678001	R93.6
168693002	R93.6
168700002	R93.7
168709001	Z76.89
168721002	R93.7
168727003	R93.0
16873003	G40.802
168734001	R93.89
168791006	R93.89
168868002	Z90.49
168869005	R93.2
168872003	R93.2
168880005	R93.89
16894671000119102	D80.3
16903531000119107	D42.9
169054001	R93.89
1691000119104	C78.7
169145002	R94.4
16917007	E83.2
16935003	M13.89
169445007	Z30.8
169450001	Z76.89
169477005	Z97.5
169530003	Z92.0
16958000	K00.0
169608009	Z76.89
16961000119105	A49.8
169610006	Z53.20
169633007	Z32.3
169636004	Z32.3
169648001	Z76.89
169659005	Z76.89
169675008	Z36.5
169684008	Z36.1
169686005	Z36.1
169688006	Z36.1
169692004	Z76.89
169700009	Z75.2
169755007	Z39.2
169757004	Z39.2
169759001	Z53.20
169789008	Z76.89
169790004	Z76.89
169813005	Z37.9
169814004	Z37.9
169828005	Z38.5
169836001	Z37.9
169849006	P07.30
169935003	Z91.89
169938001	Z76.2
169939009	Z76.2
169940006	Z81.2
169954003	Z34.90
169957005	O28.9
169958000	O72.0
169961004	O80
170059221000119102	J69.1
170110001	Z04.9
170115006	Z76.89
170117003	Z53.8
170119000	Z04.9
170124002	Z76.89
170126000	Z53.8
170129007	Z04.9
170133000	Z76.89
170135007	Z53.8
170137004	Z04.9
170139001	Z04.9
170142007	Z76.89
170144008	Z53.8
170146005	Z04.9
170147001	Z04.9
170151004	Z76.89
170153001	Z53.8
170155008	Z04.9
170156009	Z04.9
170160007	Z76.89
170162004	Z53.8
170164003	Z04.9
170165002	Z04.9
170169008	Z76.89
170171008	Z53.8
170178002	Z76.89
170180008	Z53.8
170255003	Z76.89
170257006	Z53.8
170259009	Z04.9
170261000	Z04.9
170264008	Z76.89
170266005	Z53.8
170268006	Z04.9
170270002	Z04.9
170273000	Z76.89
170275007	Z53.8
170277004	Z04.9
170282006	Z76.89
170284007	Z53.8
170286009	Z04.9
170287000	Z04.9
170288005	Z04.9
170291005	Z76.89
170293008	Z53.8
170295001	Z04.9
170296000	Z04.9
170301000	Z76.89
170304008	Z53.8
170306005	Z04.9
170459006	Z92.29
170485005	Z22.1
170489004	B19.9
170552004	Z92.89
170557005	Z78.9
170558000	Z09
170562006	Z91.199
170564007	Z76.89
170566009	Z76.89
170581003	R03.0
170582005	R03.0
170694008	R29.90
170695009	F79
17076002	C80.1
170769004	E11.9
170770003	E11.9
170801006	Z76.89
170951000	N95.1
170976004	Z76.89
170977008	Z76.89
171033006	Z76.89
171102007	Z76.89
171106005	Z53.20
171112000	Z78.9
171150006	Z76.89
171151005	Z76.89
171261009	Z76.89
171273009	Z28.20
171282003	Z71.85
171325001	Z76.89
171327009	Z13.9
171328004	Z13.9
1720006	Q20.3
172001	O08.0
1721000119108	Z76.82
172672006	A80.39
17318002	E25.8
173234004	Q36.9
17335003	O04.84
17338001	I49.3
17401000119104	M85.2
17440005	K59.4
174511002	I01.0
175004	G52.9
17527002	Q75.9
17541006	Q14.2
17545002	R89.8
17547005	J38.7
17570001000004102	G93.89
17601009	Q68.8
1761000119103	J44.9
176425001	Z90.79
17674000	G36.9
1771008	E16.8
17719008	R23.8
177291008	I30.9
17829005	N80.8
17857003	M94.20
178935009	D58.1
17940001	G70.1
180541341000119102	I20.9
18079007	N92.5
18089006	K65.0
181000119105	O35.8XX0
181198009	A19.9
18122002	O80
181456001	D68.4
18232000	Z73.9
18241005	Q64.39
1826005	K13.0
18269002	Q41.9
182747006	G72.3
182782007	L30.9
182817000	Z76.89
182819002	Z76.89
182849000	Z76.89
182851001	Z76.89
182853003	Z53.20
182857002	Z76.89
182859004	Z76.89
182867007	Z53.1
182881009	Z76.89
182888003	Z23
182889006	Z76.89
182890002	Z76.89
182891003	Z76.89
182892005	Z76.89
1829003	Q02
182925002	Z78.9
182927005	Z78.9
182985004	Z76.89
18300001000004102	N28.1
183039008	Z71.9
183042002	Z71.9
183044001	Z71.9
183045000	Z71.9
183077002	Z71.89
183079004	Z71.89
18311006	G03.8
18321000122100	Z88.8
183281000119107	K28.3
1833005	H44.19
18355000	Q75.8
183638004	Z53.20
183646003	Z09
183654001	Z09
183761751000119105	H50.9
18385005	Q18.4
18393005	F45.1
183944003	Z53.20
183947005	Z53.20
183961000	Z53.20
183987000	Z30.8
183995001	Z33.2
184005004	Z64.0
184147002	Z76.89
184159003	Z76.89
184162000	Z76.89
184165003	Z76.89
184166002	Z76.89
184167006	Z76.89
184168001	Z76.89
18425006	R19.8
184293009	R99
184295002	R99
184297005	R99
184298000	R99
184473003	Z98.890
184475005	Z98.890
184476006	Z98.890
184477002	Z98.890
18471004	O36.5990
185039005	Z76.89
185040007	Z76.89
185326000	Z53.20
185329007	Z53.8
18534003	B43.8
185367005	B36.1
185383005	Z71.2
185472002	Z76.89
185654003	Z76.89
185699006	Z53.20
185710003	R92.8
185711004	Z76.89
185713001	Z53.20
185716009	Z09
185717000	Z53.20
185728001	Z76.89
185729009	Z53.20
185741002	Z76.89
185742009	Z53.20
185753003	E11.9
185765004	Z76.89
185766003	Z53.20
185777009	Z76.89
185778004	Z53.20
185789006	Z76.89
185790002	Z53.20
1858000	B71.8
185803000	Z53.20
185815001	Z53.20
185828008	Z53.20
185889003	Z13.9
185890007	Z53.20
185908005	Z51.81
185923000	Z76.89
185924006	Z76.89
185939007	Z76.89
185940009	Z76.89
185956004	Z59.89
185957008	Z59.89
185968008	Z75.1
185969000	Z75.1
185970004	Z75.1
185971000	Z75.1
185973002	Z75.2
186090001	A01.00
186104004	A03.1
186105003	A03.2
186117001	A06.1
18613002	O03.5
186156007	A09
186192006	A15.9
186198005	A15.4
186201000	A15.7
18621008	E03.8
186231006	A18.03
186293006	A21.8
186323004	A26.7
186379002	A40.0
186380004	A40.1
186386005	A41.1
186398000	A42.7
18644006	G52.2
186461000	A48.8
186463002	A48.8
186504007	B09
186524006	B02.30
186580000	B08.8
186581001	B09
186612006	A92.2
18662002	D58.2
186621007	B15.0
186626002	B16.1
186628001	B19.0
186634008	B17.8
186679007	B30.9
186741005	B34.9
186831000119104	R48.2
18684002	O04.83
186893003	I60.9
186932009	A54.6
186975003	A67.3
186991000	B35.6
187014000	B37.2
187022007	B37.7
187038001	B39.4
187042003	B39.2
187048004	B39.5
187049007	B39.9
187057005	B39.9
187059008	B39.4
187079000	B43.9
187091009	B45.8
187157008	B72
187171000	B77.0
187197006	B58.1
187221007	B87.2
187250000	B94.9
187601000	C00.0
187604008	C00.1
187613005	C00.4
187624007	C00.8
187698002	C11.2
187702003	C11.3
187757001	C18.8
187760008	C21.8
187767006	C22.9
187786003	C24.1
187807003	C48.8
187808008	C48.1
187838002	C31.8
187864008	C34.2
187866005	C34.2
187868006	C34.30
187881004	C38.3
187920001	C41.3
18793008	L25.4
187969004	C32.3
187992004	C49.10
187993009	C49.10
187999008	C49.20
188001003	C49.20
188002005	C49.20
188005007	C49.20
188006008	C49.20
188009001	C49.3
188010006	C49.3
188013008	C49.3
188015001	C49.4
188016000	C49.4
188017009	C49.6
188019007	C49.5
188020001	C49.5
188021002	C49.5
188022009	C49.5
188023004	C49.5
188042000	C43.39
188044004	C43.4
1881003	E88.89
188127001	C44.701
188147009	C50.019
188153009	C50.319
188155002	C50.519
188196004	C54.0
188198003	C54.8
18822004	L81.4
188240003	C67.9
188251003	C64.9
188280007	C71.0
188353002	C76.0
18842008	G23.9
188458007	C79.2
188459004	C79.2
188478004	C80.1
188514005	C83.75
188534006	C81.71
188537004	C81.94
188547001	C81.94
188548006	C81.75
188559002	C81.45
188568000	C81.14
188569008	C81.15
188578002	C81.24
188579005	C81.25
188590000	C81.35
188640007	C96.A
188641006	C96.9
188642004	C96.A
188665009	C96.29
188666005	C96.29
188679001	C85.80
18872002	O04.84
188729005	C91.50
188745007	C93.10
188748009	C93.Z0
188777005	D10.0
188857008	D20.0
188859006	D20.0
188861002	D19.1
188862009	D21.5
188867003	D20.0
188868008	D21.4
18894005	O04.89
18899000	Q87.0
18905000	P03.1
189053003	D21.0
189064000	D23.4
189066003	D23.5
18909006	P03.1
189164002	D32.0
18920006	M00.89
189231007	D01.1
189295000	D04.5
189300003	D04.5
189309002	D04.60
18931000119103	B58.9
189494003	D48.2
189509003	D46.0
189646481000119102	M62.58
18966001	R44.1
18978002	Q56.0
190236006	E04.9
190305000	E07.89
19033007	M54.17
190388001	E11.8
190410002	E46
190416008	E13.9
190429008	E16.1
190444009	E16.4
190448007	E16.0
190492009	D49.9
190525000	E89.6
190535006	E28.1
19060001000004103	L89.899
190605005	E44.1
190615004	E50.7
190674005	E64.9
190753003	E74.31
190828008	M10.09
190829000	M10.39
190842000	M10.9
1909000	H54.7
190955000	C96.6
190993005	D81.9
191001007	D81.6
19109004	G95.0
191156009	D53.0
191178002	D55.21
191219006	D59.4
191247005	D61.2
191262007	D64.2
191265009	D48.9
19129003	R40.1
191301000	D66
191357009	D72.89
191372008	D75.1
191388008	D74.0
191447007	F09
191496002	F60.9
191536002	F20.1
191537006	F20.1
191538001	F20.1
191539009	F20.1
191540006	F20.1
19155002	N93.8
191559008	F21
191561004	F21
191562006	F21
191563001	F21
191564007	F21
191565008	F21
191567000	F25.9
191570001	F25.9
191571002	F25.9
191572009	F25.9
191574005	F25.9
191583000	F30.9
191584006	F30.9
191588009	F30.9
191601008	F32.0
191602001	F32.1
191606003	F32.9
191615005	F33.42
191625000	F31.74
191632009	F31.5
191634005	F31.76
191670008	F24
191737008	F42.8
191738003	F42.8
191766006	F60.4
191788006	F64.2
191789003	F64.2
191798000	F64.9
191802004	F10.229
191806001	F10.229
19181003	M65.89
191825003	F13.20
191826002	F13.20
191845006	F15.21
191867007	F11.20
191868002	F11.20
191873008	F19.20
191875001	F19.21
191877009	F15.20
191905001	F13.10
191907009	F13.10
191924003	F15.10
191925002	F15.10
191936009	F19.10
191937000	F19.10
191938005	F19.10
192003008	G47.8
192007009	G47.8
192014006	F42.8
192029008	F45.8
192041001	F43.0
19206003	A52.3
192069009	F09
192079006	F32.9
192097003	F60.3
192118006	F91.0
192122001	F93.8
192123006	F81.9
192131001	F90.1
192450008	F50.89
19260001000004109	Z71.0
192640001	E83.01
192681000119104	C7A.020
192701000119101	C7A.012
192707002	G04.02
19272000	N71.0
192741005	G06.0
192753009	G08
192754003	G08
192755002	G08
192756001	G08
192757005	G08
192760003	G08
19276002	Q04.6
192761004	G08
192763001	G08
192765008	G08
192767000	G08
192771002	G08
192813004	I67.9
192835007	G90.3
192848006	G25.69
192859002	G24.1
192877007	D48.9
192905004	G95.9
192906003	D48.9
192907007	M47.9
192915005	G90.2
192918007	G90.9
192933004	G36.1
192957004	G80.4
192965001	G80.0
192982004	G40.409
192992007	G40.409
192999003	G40.209
193002005	G40.802
193004006	G40.209
193008009	G40.109
193009001	G40.109
19303008	G72.1
193074007	G03.8
193118002	D48.9
193157005	G60.9
193206003	P94.8
193216006	G70.2
193246009	G73.7
193250002	M05.39
193276002	H52.10
193281006	H44.429
193287005	H44.819
193296005	H44.629
193299003	H44.649
193311003	H44.709
193320007	H33.029
193396007	H35.459
193415008	H35.52
193534006	H40.039
193549003	H40.60X0
193553001	Q13.2
193555008	R69
19357001	B94.0
193590000	H25.9
193610005	H26.8
193707006	H54.10
193716005	H54.7
193719003	H54.10
193720009	H54.7
19372002	N72
193725004	H54.7
193727007	H54.7
193735005	H54.7
193742005	H54.50
193748009	H54.50
193751002	H54.50
193756007	F06.0
19377008	B81.8
19393004	M24.50
193950006	G52.8
194021007	Q75.2
194023005	Q10.7
19408000	C80.1
19410003	Q75.3
194176002	H51.8
194249007	H65.20
1943009	R41.0
194334002	H74.319
194372007	H83.2X9
194374008	H83.2X9
194377001	H83.2X3
19441002	Q75.9
194416000	H90.2
194418004	H90.2
194425006	H90.5
194708008	I01.9
194737007	I08.0
194750008	I09.0
194766005	I11.9
194774006	I12.0
194785008	I15.9
194861007	I23.8
194921005	I33.9
194926000	I39
194968000	I31.1
195005	O04.5
19501000175107	Z71.0
195012000	R69
195023001	I42.8
195027000	E76.3
19520006	D68.021
195201005	G45.2
195212005	I66.9
195217004	I63.9
195226001	I67.0
195231004	I66.9
19527009	F32.9
195318006	I74.4
195336006	I74.5
195337002	I74.5
195394007	I80.9
195413003	I80.3
195448005	I83.899
195453000	K64.0
195457004	K64.9
195475003	I85.11
195476002	I85.10
1955003	Q18.8
19564003	O04.84
195658003	J02.8
195659006	J02.8
195662009	J02.8
195663004	J02.9
195714005	J20.9
195715006	J40
195738009	J40
195747001	J40
195756009	J33.1
195769008	J31.0
195835003	J39.2
195836002	J39.1
195853009	J38.2
19593003	G40.109
195963002	J43.9
195990006	J67.7
196009005	J62.8
196019004	J40
196020005	J40
196023007	J68.2
196025000	J68.4
196026004	J68.4
19603004	N49.2
196032009	J69.0
196168001	J98.9
196267002	K00.0
196280004	K00.4
196294003	K00.8
196318002	K03.7
196339009	K04.7
196380002	M26.9
196449006	K09.0
196453008	K09.1
196461003	M86.68
196462005	M86.69
196531008	K12.0
196535004	K12.0
196537007	K12.2
196547005	K09.8
196550008	K09.8
196572005	L85.8
196655008	Q18.0
1967001	Q71.10
196757008	K30
196792000	K38.1
196794004	K38.1
196811000	K40.31
196817001	K40.91
196839004	K41.91
196843000	K41.90
196867008	K42.9
196868003	Q79.2
196869006	K42.9
196880006	K43.1
196894007	K43.2
196905002	K44.9
196919002	K45.8
196924004	K45.8
196929009	K45.8
196934008	K45.8
196938006	K45.0
196939003	K45.8
196944005	K45.8
196951001	K45.8
196958007	K43.9
196976000	K50.00
196983007	K50.80
197006009	K55.1
197017005	K52.1
197018000	K52.1
197048002	K56.1
197140007	Q43.2
197163002	K61.2
197177004	K65.0
197178009	K65.0
197180003	K65.9
197224002	K62.6
197252006	K63.3
197261006	K63.4
197276003	K72.00
197279005	K74.60
197301006	K71.7
197315008	K76.0
197325003	K75.0
197344005	B19.9
197355005	K71.0
197356006	K71.10
197358007	K71.2
197359004	K71.3
197360009	K71.4
197361008	K71.50
197362001	K71.7
197390002	K80.42
197453004	K83.8
197464001	K86.2
197478000	K90.0
197479008	K90.0
197483008	K91.1
197583006	N05.8
197589005	N04.4
1976008	A41.4
197604006	E85.4
197614002	N01.8
197617009	N03.8
197619007	N03.8
197628008	N05.1
197632002	N02.8
197663003	N25.9
197671004	N25.0
197698000	N02.9
197699008	N02.0
197700009	N02.1
197701008	N02.2
197702001	N02.3
197703006	N02.4
197704000	N02.5
197705004	N02.6
197706003	N02.7
197716006	N06.9
197717002	N06.0
197719004	N06.1
197721009	N06.3
197722002	N06.4
197723007	N06.5
197724001	N06.6
197725000	N06.7
197743001	D75.9
197747000	T86.91
197752005	N14.2
197760006	N11.9
197783009	N12
197788000	N13.2
19793001	B81.8
197954003	B65.0
198029003	N50.1
198036002	N52.9
198154001	N73.0
198161002	N73.4
198176005	A56.11
198185005	K65.0
198206001	N88.8
198212006	N76.0
198216009	N76.0
198219002	N76.0
198220008	N76.3
198247003	N80.02
198308002	N83.53
198337003	N86
198438009	N95.1
19845004	L73.8
198462004	A28.0
19849005	J68.4
19856004	T26.40XS
198644001	O03.0
198645000	O03.1
198646004	O03.34
198706000	O07.1
198707009	O07.34
198710002	O07.31
198718009	O04.5
198719001	O04.6
198724003	O04.7
198744009	O07.0
198746006	O04.84
198747002	O04.82
198748007	O04.83
198749004	O04.81
198757001	O04.6
198761007	O04.81
1988005	T14.8XXS
198824009	O08.0
198830009	O04.6
198832001	O08.6
198862007	O04.89
198878009	O07.4
198900002	O44.00
198911005	O45.90
198917009	O46.009
198922009	O46.8X9
198928008	O46.8X9
198947006	O10.019
198951008	O10.219
198952001	O10.219
198954000	O10.219
198983002	O14.10
198986005	O14.10
198991006	O15.2
198993009	O15.2
199003007	O11.9
199022003	O21.0
199023008	O21.0
199027009	O21.1
199028004	O21.1
19903002	R49.8
199032005	O21.2
199033000	O21.2
199069008	O31.00X0
199070009	O31.00X0
199087006	O26.20
199093003	O26.829
199095005	O26.829
199099004	O23.40
199102004	O23.40
199106001	O23.90
199108000	O23.90
199117000	O26.619
199121007	O26.819
199130004	O26.40
199134008	O26.839
199153003	O98.819
199156006	O98.119
199163006	O98.219
199165004	O98.219
199166003	O98.23
199178004	O98.019
199180005	O98.019
199181009	O98.03
199193000	O98.53
199225007	O24.919
199226008	O24.93
199237009	O99.280
199239007	O99.280
199240009	O99.285
199252002	O99.320
199254001	O99.320
199255000	O99.325
199267003	O99.893
199268008	O99.419
199269000	O99.893
199284009	O99.893
199318003	O31.8X90
199321001	O09.40
199344003	O32.0XX0
199345002	O32.0XX0
199354004	O32.1XX0
199358001	O32.2XX0
199363002	O32.2XX0
199367001	O32.3XX0
199370002	P03.1
199371003	O32.3XX0
199375007	O32.4XX0
199380003	O32.9XX0
199385008	O64.4XX0
199400000	O33.0
199402008	O33.0
199405005	O33.1
199406006	O33.1
199409004	O33.2
199410009	O33.2
199413006	O33.3XX0
199418002	O33.4XX0
199419005	O33.4XX0
199422007	O33.5XX0
199423002	O33.5XX0
199427001	O33.6XX0
199461004	O34.29
199469002	O34.539
199482005	N88.3
199484006	O34.30
199511005	O99.893
199512003	O65.5
199513008	O99.891
199519007	Q07.9
199533007	O35.2XX0
199534001	O35.2XX0
199538003	P00.2
199539006	P00.2
199550009	O35.5XX0
199555004	P04.6
199560000	P00.89
199561001	O35.7XX0
199582007	O36.0990
199583002	O36.0990
199592004	P84
199593009	O77.9
199607009	O36.4XX0
199608004	O36.4XX0
199616008	O35.8XX0
199618009	O35.8XX0
19963000	P08.1
199647002	O40.9XX0
199659003	O42.90
199673007	O75.5
199694005	O61.1
199695006	O61.1
199710008	O75.3
199711007	O75.3
199715003	O09.40
199718001	O09.519
199719009	O09.519
199750006	O64.9XX0
199759007	O65.8
199760002	O65.9
199769001	O65.5
199770000	O65.5
199780001	O64.0XX0
199783004	O66.0
199784005	O66.0
199787003	P03.1
199788008	O66.1
199819004	O62.0
199821009	O62.0
199824001	O62.1
199825000	O62.1
199833004	O62.3
199834005	O62.3
199838008	O62.4
199839000	O62.4
199847000	O63.0
199848005	O63.0
199857004	O63.1
199858009	O63.1
199860006	O63.2
199862003	O63.2
199863008	O63.2
199874004	O69.1XX0
199875003	O69.1XX0
199900008	O69.5XX0
199901007	O69.5XX0
199916005	O70.0
199917001	O70.0
199925004	O70.1
199926003	O70.1
199930000	O70.20
199931001	O70.20
199934009	O70.3
199944006	O71.7
199945007	O71.7
199958008	O71.00
199960005	O71.00
199964001	O71.1
199965000	O71.1
199969006	O71.2
199970007	O71.2
199974003	O71.3
199975002	O71.3
199979008	O71.4
199980006	O71.4
199990003	O71.6
199991004	O71.6
199995008	O71.7
199996009	O71.7
199997000	O71.7
200015003	O72.0
200016002	O72.0
200025008	O72.2
200026009	O72.2
200030007	O72.3
200031006	O72.3
200038000	O73.0
200040005	O73.1
200043007	O73.1
200049006	O74.1
200050006	O99.893
200051005	O74.1
200057009	O89.1
200059007	O99.893
200063000	O74.3
200064006	O74.3
200066008	O74.3
200079004	O74.7
200080001	O89.6
200099005	O75.0
200100002	O75.0
200101003	O75.0
200102005	O75.0
200105007	O75.1
200106008	O75.1
200107004	O75.1
200108009	O75.1
200113008	O26.50
200114002	O26.50
200181000	O86.12
200190007	O85
200191006	O85
200195002	O85
200196001	O85
200204002	O22.00
200206000	O22.00
200215007	O22.10
200216008	O22.10
200218009	O22.10
200222004	O22.20
200224003	O22.20
200226001	O22.20
200227005	O87.0
200237000	O87.1
200238005	O87.1
200251000	O22.40
200252007	O87.2
200253002	O22.40
200254008	O87.2
200280009	O86.4
200281008	O86.4
200288002	O88.03
200289005	O88.03
200290001	O88.019
200294005	O88.13
200297003	O88.13
200302000	O88.23
200308001	O88.33
200331001	O99.43
200332008	O99.43
200333003	O99.43
200337002	O90.0
200338007	O90.0
200342005	O90.1
200343000	O90.1
200351002	O90.89
200352009	O90.89
200368003	O91.02
200369006	O91.019
200376001	O91.119
200377005	O91.12
200381005	O91.22
200383008	O91.219
200404000	O92.019
200406003	O92.019
200407007	O92.019
200412008	O92.119
200413003	O92.119
200418007	O92.79
200419004	O92.79
200420005	O92.79
200433004	O92.3
200434005	O92.3
200435006	O92.3
200436007	O92.3
200439000	O92.5
200440003	O92.5
200441004	O92.5
200442006	O92.5
200446009	O92.6
200447000	O92.6
200448005	O92.6
200449002	O92.6
200603001	L02.02
200610007	L02.429
200714005	L05.02
200724002	L92.8
200766001	R23.4
200776003	L21.1
200784004	L24.2
200785003	L24.2
200789009	L24.5
200805005	L24.5
200824008	L23.7
200832000	L56.4
20084001	O08.1
200848004	L23.7
200855002	L24.7
200871002	L25.8
200879000	L57.8
200890005	L27.9
200902009	L10.9
200922008	L65.8
200923003	L53.9
200931008	L71.1
200932001	L71.8
200940007	L93.0
200948000	L44.0
200951007	I00
200974006	L40.8
200976008	L40.2
200993008	L21.8
200999007	L43.8
201015007	L56.4
201020007	L28.0
201037000	L84
201056005	Q82.8
201057001	L85.1
201097003	L57.0
20110000	Q82.8
2011000124105	Z76.89
201128002	L73.9
201144006	L65.9
201146008	L64.0
201158008	L68.8
201162002	L68.9
201170007	L67.8
201192006	L74.3
20121000119105	G40.109
201218001	L70.8
201222006	L70.8
201236001	L21.9
201240005	L21.9
201268009	L50.8
201284005	L81.8
201308009	L90.5
201328008	L98.8
201340008	L98.9
201466005	M00.09
201474006	M02.319
201477004	A64
201478009	M02.359
201480003	M02.879
201481004	M02.39
201501004	M02.159
201504007	M02.10
201541008	B49
201553007	B83.9
201558003	M02.9
201560001	M02.9
201563004	M02.839
201625003	M11.89
201637001	M11.29
201731007	D75.9
201732000	L98.9
201733005	J98.9
201788009	M06.29
201789001	M06.39
201796004	M08.29
201799006	M08.09
201827009	M15.1
201829007	M19.09
201847001	M19.29
201858005	M17.2
201985002	M13.80
201996005	M12.80
202001008	M12.88
202110002	M23.51
202122004	M23.51
202247006	A36.9
202292004	M24.59
202375006	M25.439
202428005	M12.259
202432004	M12.20
202465007	M12.30
202570002	R26.2
202572005	R26.2
20258000	M30.0
20259008	P96.89
202649003	M46.99
202661006	M47.12
202662004	M47.12
202663009	M47.12
202683005	M47.22
202684004	M47.22
202685003	M47.22
202686002	M47.22
202699004	A04.9
202717005	M50.00
202719008	M51.06
202756004	M46.39
202768008	M06.88
202796002	M54.17
202813002	M43.21
20286008	O26.90
202900007	M65.99
202910003	M65.89
202962001	M66.349
203019005	M60.09
203033005	M61.29
203050007	M72.0
203053009	M72.0
203067000	M62.84
203179003	M86.09
203182008	A39.0
20322005	P27.9
203251001	M89.8X5
203266003	A18.01
203271005	A18.03
203284001	M89.69
203290002	M89.659
203327008	M88.88
203329006	M88.88
20334002	N94.89
203356008	M90.69
203392007	M92.8
203407351000119100	D57.1
203417003	M42.19
203418008	M93.1
203437004	E34.9
203468000	M85.59
203471008	E21.0
203482000	M87.00
203483005	M87.19
203484004	M87.29
203515009	M89.39
203516005	M89.39
203548009	M21.939
203578000	M24.59
203587009	M21.6X9
203591004	M21.6X9
203592006	D81.9
203676006	M95.4
203681002	M43.19
203682009	M43.19
203683004	M43.19
203696003	M99.02
203697007	M99.13
203698002	M99.84
203703008	M99.84
203922009	Q00.0
203923004	Q00.0
203957007	Q03.1
203967002	Q05.9
203969004	Q05.5
203974007	Q05.5
203975008	Q05.6
203976009	Q05.7
203996001	Q05.9
204022003	Q01.9
204032005	Q04.3
204039001	Q04.9
204047001	Q04.9
204067005	Q04.6
204068000	Q04.6
204080008	Q06.3
204099004	Q11.1
204124004	H26.8
204125003	H26.8
204130004	Q12.0
204151001	Q13.9
204163006	Q13.9
204177009	Q14.8
204179007	Q14.1
204181009	Q14.8
204186004	Q14.8
204191003	Q14.3
20420001	R45.4
204217005	Q79.8
204233008	Q16.4
204234002	Q16.1
204235001	Q16.1
204250005	Q16.4
204258003	Q17.8
204263004	Q17.8
204270004	Q18.1
204271000	Q18.1
204277001	Q18.1
204297006	Q20.3
204311009	Q21.8
204343009	Q22.0
204346001	Q22.1
204407002	Q24.9
204409004	Q24.9
204443008	Q25.5
204461004	I77.0
204464007	Q26.8
204467000	Q26.3
204469002	Q27.0
204497008	Q28.3
204511005	Q30.0
204512003	Q30.0
204533007	Q34.8
204537008	J39.8
204538003	Q31.8
204559005	Q31.8
204612005	Q37.5
204613000	Q37.3
204615007	Q37.5
204616008	Q37.5
204621006	Q37.1
204630003	Q38.3
204658006	Q39.2
204702007	Q41.1
204731006	Q42.3
204732004	Q42.2
204781002	Q44.2
204790009	Q89.9
204797007	Q44.5
204829006	Q50.4
20485009	H53.16
204855007	Q51.6
204886001	Q54.9
204891000	Q54.0
204907006	Q55.1
204920009	Q50.5
204926003	Q55.8
204948009	Q60.3
204951002	Q61.4
204960005	Q61.5
204962002	Q61.3
204991004	N28.9
205039006	Q67.4
205056003	Q65.89
205059005	Q65.6
205060000	Q65.6
205131007	Q69.9
205163001	Q71.899
205168005	Q71.899
205180002	Q74.0
205181003	Q78.8
205183000	Q74.0
205188009	Q71.30
205189001	Q71.30
205191009	Q71.30
205202001	Q72.20
205219004	Q72.30
205274004	Q74.0
205276002	Q78.8
205280007	Q70.00
205294008	P94.2
205311003	Q74.0
205348007	Q74.2
205352007	Q74.2
205353002	Q74.2
205359003	Q66.6
205365003	Q78.8
205372002	Q74.2
205378003	Q66.89
205379006	Q66.89
205398008	Q68.8
205461008	Q76.7
205473008	Q73.8
205480005	Q77.3
205481009	Q78.6
205482002	Q78.8
205490002	Q79.8
205501009	Q78.2
205506004	Q78.8
205548006	Q80.8
205575004	Q82.8
205644003	Q95.9
205656002	Q92.0
205661000	Q92.2
205688005	Q96.3
205689002	Q96.4
205708001	Q98.7
205719003	Q99.1
205777005	Q89.4
205791004	P04.3
205796009	Q89.9
205797000	Q87.0
2058001	H83.2X3
205812004	Q87.2
205813009	Q87.0
206001006	P00.9
206002004	P00.9
206005002	P00.2
206011004	P00.4
206012006	P00.5
206013001	P00.6
206017000	P04.49
206025003	P04.18
206035009	P01.9
206036005	P01.0
206037001	P01.1
206038006	P01.2
206040001	P01.4
206042009	P01.4
206043004	P01.4
206044005	P01.4
206046007	P01.5
206048008	P01.5
206049000	P01.5
206054009	P01.7
206055005	P01.7
206056006	P01.7
206057002	P01.7
206058007	P01.7
206059004	P01.7
206065004	P02.0
206069005	P02.1
206070006	P03.4
206071005	P02.1
206073008	P02.29
206078004	P02.29
206082002	P02.3
206083007	P02.3
206084001	P02.3
206085000	P02.3
206087008	P02.4
206089006	P02.5
206090002	P02.5
206091003	P02.5
206092005	P02.5
206095007	P02.69
206099001	P02.69
206102001	P02.78
206112008	P03.1
206113003	P03.1
206114009	P03.1
206115005	P03.1
206116006	P03.1
206117002	P03.1
206118007	P03.1
206121009	P03.2
206122002	P03.3
206123007	P03.4
206124001	P04.0
206125000	P04.0
206126004	P04.0
206127008	P04.0
206128003	P04.0
206129006	P04.0
206130001	P04.0
206134005	P03.5
206137003	P03.6
206146009	P03.89
20615009	E89.5
206154006	P04.2
206155007	P04.5
206156008	P04.6
206164002	P05.10
206169007	P07.10
206194008	P52.4
206195009	P52.8
206199003	P12.9
206216003	P13.8
206220004	P11.5
20623006	Z78.9
206247009	P15.8
206251006	P00.6
206262006	P84
206331005	P39.9
206366007	P39.2
206390008	P50.9
206395003	P52.0
206396002	P52.1
206414002	D69.2
206417009	P52.9
206419007	P52.6
206421002	R04.0
206442000	P58.0
206444004	P58.2
206446002	P58.3
206447006	P58.5
206448001	P58.1
206453006	P59.8
206454000	E80.5
206469004	Q44.3
206470003	E74.21
206471004	E84.8
206478005	P57.8
206519009	P61.3
206537005	P81.9
206538000	P83.2
206572008	P96.1
206597007	P29.38
206598002	A75.2
20676001	Z78.9
20678000	L68.0
2070002	R20.8
20725005	G90.9
20729004	Q35.5
20734000	F44.9
207363009	F41.1
20740001000004108	M25.829
20759009	K52.9
20766005	Q79.61
207905008	M43.02
208008	Q82.8
208060001	G83.4
20818009	F44.6
20825002	E16.1
20834007	Q68.8
2091005	Q38.7
20930002	R41.89
20948006	Q74.0
20949003	Z37.9
20956009	O22.20
21000000	F10.959
21018002	G61.9
2103002	M89.00
21070001	B53.8
21090005	B81.8
210915008	T75.89XS
210957002	S41.109S
210959004	S49.80XS
210960009	S46.909S
210963006	S81.809S
210964000	S89.80XS
21106009	B34.9
21112004	D69.8
2114004	B71.8
211420008	P37.5
211616004	Z76.89
212024007	T30.4
212026009	T30.4
212192004	G83.4
212197005	M54.12
212199008	M54.12
212200006	M54.12
212201005	M54.12
212203008	M54.12
212234007	G54.1
212242008	G90.9
212243003	G90.9
212244009	G90.9
212246006	G58.0
21234008	Q25.3
21255005	B87.1
212572003	Z72.4
21280005	O04.81
21290002	I31.9
213017001	Y07.9
21311000175107	Z53.9
213191001	T86.821
213199004	N98.9
213203004	N98.3
213213007	I46.9
213215000	R09.2
213218003	I80.9
213223003	J95.4
213238002	R34
213239005	R34
213275007	I96
213281004	E87.4
213338000	L53.9
21361000119109	D48.9
2138000	P01.7
21404001	P58.3
21412009	D64.0
21415006	K13.70
214600002	B35.8
214660000	Q89.2
21504004	O74.1
21508001	Q92.8
21534009	M00.89
215506009	T30.0
215677009	E03.1
216693007	E03.9
216762001	A05.9
216954001	Y63.0
216955000	Y63.0
216962009	Y63.4
216984009	Y82.8
217315002	R69
21745005	M99.9
2176006	L70.8
21787007	D86.9
218332001	R29.2
21851000119103	C7A.8
218541000119109	K92.2
21871003	B81.8
21893008	Q68.8
21917009	C80.1
21939006	H31.019
21941000119109	L05.91
21972006	E55.9
21984008	Q87.3
21985009	L91.8
22009001	N89.8
22033007	P05.9
22062008	E72.3
22073001	Z78.9
22079002	C80.1
220935971000119109	H35.9
22126005	G93.6
221365751000119108	N80.8
22178008	Z39.2
22207007	K52.9
222376002	R63.2
22317004	K65.0
22343003	J68.0
22364004	C51.9
2237002	R07.1
223726008	M89.49
22385004	H54.50
22391002	T86.828
22404003	A79.89
22406001	D81.9
22407005	F31.4
2241003	Q89.2
224107004	Z60.8
224131009	Z59.89
224220007	Z59.89
224282001	Z73.6
224332008	Z65.3
224334009	Z65.3
224386000	Z56.0
22443004	G11.9
224483009	Z74.1
224520008	Z74.8
224958001	F89
22497004	Q92.8
225055005	L25.9
225447006	R44.8
225448001	R44.2
225454000	R44.8
225503002	R41.841
225505009	R44.8
225508006	R44.8
225526009	Z72.4
225541009	L92.9
225549006	L81.9
225560002	L89.509
225573003	N64.4
22558005	E03.1
225600008	R29.898
225606002	G25.9
225609009	R29.898
225629005	F40.8
225632008	F40.8
225635005	F41.9
225637002	F41.9
225639004	F41.9
225641003	F41.9
225642005	F41.9
225643000	F41.9
225802003	Z65.8
225806000	Z65.8
22583005	L27.0
225848007	Z76.89
225893004	Z76.89
225894005	R19.5
225907008	F63.9
225921005	R48.8
225939001	Z91.89
226077000	Z78.9
226078005	Z78.9
226079002	Z78.9
226081000	Z78.9
226082007	Z78.9
226085009	Z78.9
226089003	Z78.9
226091006	Z78.9
226095002	Z78.9
226097005	Z78.9
226101001	Z78.9
226106006	Z78.9
226107002	Z78.9
226108007	Z78.9
226115004	Z78.9
226116003	Z78.9
226117007	Z78.9
226120004	Z78.9
226122007	Z78.9
226123002	Z78.9
226124008	Z78.9
226126005	Z78.9
226127001	Z78.9
226128006	Z78.9
226129003	Z78.9
226132000	Z78.9
226137006	Z78.9
226138001	Z78.9
226139009	Z78.9
226143008	Z78.9
226144002	Z78.9
226145001	Z78.9
226148004	Z78.9
226151006	Z78.9
226152004	Z78.9
226155002	Z78.9
226157005	Z78.9
226158000	Z78.9
226161004	Z78.9
226162961000119108	G96.9
226165008	Z78.9
226166009	Z78.9
226168005	Z78.9
226169002	Z78.9
226170001	Z78.9
226171002	Z78.9
226172009	Z78.9
226173004	Z78.9
226174005	Z78.9
226176007	Z78.9
226179000	Z78.9
226180002	Z78.9
226184006	Z78.9
226185007	Z78.9
226186008	Z78.9
226187004	Z78.9
226188009	Z78.9
226190005	Z78.9
226191009	Z78.9
226195000	Z78.9
226196004	Z78.9
226197008	Z78.9
226198003	Z78.9
226199006	Z78.9
226200009	Z78.9
226201008	Z78.9
226202001	Z78.9
226205004	Z78.9
226206003	Z78.9
226207007	Z78.9
226208002	Z78.9
226210000	Z78.9
226212008	Z78.9
226218007	Z78.9
226219004	Z78.9
22630001000004108	R91.8
22636003	N91.2
22750001	Q26.2
227561004	N97.0
22764001	Q77.8
228126003	Z65.3
228141003	Z55.9
228142005	Z55.9
228147004	R27.8
228154005	Z73.6
228380004	F13.10
22841000119105	M00.89
228447005	Z78.9
22886006	E72.3
22888007	L93.0
22920003	L70.8
22934003	L65.8
22950006	H54.40
229621000	F80.1
229622007	F80.1
229623002	F80.1
229625009	F80.1
229627001	F98.5
229630008	F98.5
229631007	F98.5
229632000	F98.5
229637006	F44.4
229645001	R49.8
229667000	F80.1
229669002	F80.1
229670001	F80.1
229673004	F80.1
229676007	F80.9
229689001	R47.1
229699006	F82
229706001	R27.8
229707005	R27.8
229709008	R27.8
229714007	F82
229722000	F80.0
229729009	F80.9
229730004	F80.1
229731000	F80.2
229747003	F80.2
229748008	F80.2
2298005	Q82.8
229815001	Q74.2
229816000	Q68.8
22994000	R29.2
23006000	L81.5
230063004	Z72.0
230144003	A87.0
230184007	B89
230186009	B60.8
230188005	J11.81
230202002	G95.9
230212009	G06.0
230214005	B67.99
230220006	I66.9
230221005	I66.9
230223008	I80.8
230234006	G11.8
230235007	G23.3
230236008	G23.3
230238009	G11.2
230240004	G11.8
230244008	G98.8
230250003	G12.1
230251004	G12.8
230253001	G12.1
230264003	G11.4
230293003	G21.2
230295005	G21.9
230297002	G23.2
230298007	G25.5
230305002	G31.9
230314007	G24.8
230321007	G24.1
230330004	G24.9
230340001	R25.1
230341002	R49.8
230343004	G25.3
230344005	G25.3
230361008	G93.41
230375001	G36.1
230392005	G40.802
2304001	M46.49
230406002	G40.109
230408001	G40.009
230412007	G40.309
230415009	G40.409
230417001	G40.822
230419003	G40.812
230420009	G40.812
230426003	G71.3
230427007	G40.409
230428002	G40.409
230430000	G40.409
230445007	G40.802
230453004	G40.802
230455006	F68.12
230480006	G97.1
230498005	G47.9
230500006	G47.8
230504002	Q14.2
230505001	Q14.2
230528000	Q10.3
230542008	P11.3
230551000	G60.9
230557001	G60.0
230561007	G60.9
230569009	E56.0
230573007	E11.42
230578003	E11.49
230590001	G58.8
230591002	G62.9
230592009	G62.9
230595006	G58.9
230597003	G58.0
230599000	G64
230602005	G64
230603000	G54.8
230607004	G62.2
230609001	G62.2
230610006	G62.2
230611005	G62.2
230648001	G58.0
230651008	G95.9
230656003	G60.0
230659005	G90.9
230660000	G90.9
230664009	G23.8
230667002	G90.9
23067006	L51.2
230677000	G70.2
230678005	G70.2
230679002	G70.2
230689003	I67.9
230692004	I63.9
230693009	I63.9
230694003	I63.9
230701008	I63.9
230706003	I63.9
230720005	G08
230722002	I67.6
230723007	G08
230728003	I67.0
230729006	I72.0
230733004	I67.7
230734005	I67.7
230743001	G96.9
230749002	G91.8
230764002	Q07.9
230765001	G96.9
230772000	G80.9
230774004	G80.0
230785002	Q07.8
230786001	Q07.8
230787005	Q07.8
230791000	Q85.9
230795009	E23.0
23125004	Q33.6
23128002	O80
231449007	F06.8
231457005	F07.9
231458000	F55.3
231461004	F13.10
231482005	F19.20
231506008	F41.8
231518004	F45.8
231535000	F80.2
231800009	L71.8
231859001	B30.8
23186000	N94.3
231875003	H15.099
231908001	H16.8
231909009	H16.8
231958008	P03.819
231964001	D48.7
231970007	R69
231982003	H30.90
232027007	T30.0
232030000	H34.9
232080006	H21.82
232081005	H40.9
232227002	H60.20
232228007	H60.20
232304008	Q16.5
232331006	H90.5
232332004	H90.5
232337005	Q78.0
232338000	D48.0
232344001	J31.0
232346004	J30.81
232358004	R04.0
232371001	J35.8
232372008	J39.2
232373003	Q87.5
232374009	Q30.0
232379004	L98.9
232381002	Q30.1
232383004	D36.7
232388008	D38.5
232390009	J32.9
232411006	J39.2
232416001	J39.2
232420002	J00
232421003	J35.1
232425007	J35.8
232435001	J38.3
232438004	J38.4
232455000	J38.3
2326000	Z63.0
23292001	R49.8
23298002	K59.39
23320001	H54.3
23346002	L55.9
23351008	C80.1
23359005	Q87.5
233598009	J20.8
233602006	J21.8
233606009	J15.9
233650005	J94.0
233651009	N80.8
233656004	J94.8
233661002	J98.4
233673002	J68.4
233675009	J68.4
233695003	J67.9
233706004	J70.2
233709006	J70.9
233710001	J68.1
233711002	J68.1
233714005	J98.4
233733000	J68.0
233738009	J70.0
233745009	J98.6
233750003	J64
233758005	J62.8
233773006	R50.9
233799004	J40
233810009	J96.00
233843008	I21.9
233859008	I34.0
233865008	I07.1
233885007	I23.8
233886008	I30.1
233918003	I44.2
233929004	I21.9
233932001	T86.20
233941006	I27.0
233942004	I27.0
233945002	I27.29
233947005	I27.29
233961000	I73.9
233966005	Q25.3
233969003	I77.1
233980003	I77.1
233989002	I72.9
233992003	I72.9
233993008	I72.8
234000009	I72.4
234016006	I77.6
234025000	G45.8
234026004	G45.8
234032009	I73.9
234043001	I80.3
234070008	I87.1
234075003	I87.1
234080007	I83.90
234081006	I86.8
234089008	I89.8
234126001	Q27.9
234139002	Q27.8
234143003	Q87.2
234146006	Q87.0
234150004	Q27.9
234151000	Q27.9
234153002	Q27.9
234156005	Q27.9
234158006	Q28.8
234162000	R55
234163005	R55
234171009	I95.2
234178003	E86.1
234205007	I77.0
234370001	D60.9
234371002	D61.01
234372009	D61.01
234373004	D61.01
234386008	D56.0
234388009	D56.8
234397008	D74.8
234402007	D55.8
234403002	E88.89
234404008	D55.0
234408006	D55.9
234413005	E78.2
234416002	D80.0
234429002	D72.9
234430007	D72.89
234434003	D72.0
234436001	D76.3
234441009	D66
234446004	D68.00
234455001	D68.9
234457009	D68.2
234462005	D68.4
234484005	D72.0
234490009	D69.3
234500001	D75.89
234511009	D73.0
234535004	R77.1
234536003	D80.5
234537007	D80.5
234538002	D80.8
234543009	D80.9
234553005	D80.9
234555003	D80.9
234556002	D80.9
234558001	D80.8
234560004	D80.8
234561000	D80.8
234562007	D80.8
234563002	D80.9
234568006	B37.2
234589002	D55.1
234603007	D84.1
23462007	N89.9
234635007	D80.1
234643002	D82.9
234649003	Z87.730
234948008	K00.6
234954009	K00.2
234956006	K00.4
234959004	K00.4
234960009	K00.5
234980005	K03.7
234985000	K00.8
234998009	L92.9
235001002	K06.8
235005006	K05.6
235007003	K05.4
235008008	K05.5
235023003	L12.1
235039005	L81.9
235050008	L43.8
235052000	D23.0
23508005	O62.4
235117006	M88.9
23550005	A52.78
235614000	K27.3
235617007	K22.2
235618002	K22.2
235619005	K22.2
235621000	K22.2
235622007	Q39.4
235631007	J39.9
235632000	J39.2
235647009	K25.3
235649007	K25.7
235651000112104	N89.0
235657005	A41.9
235685007	Q85.9
235687004	K26.3
23569000	E72.89
235691009	K27.7
235699006	Q43.8
235705002	K52.9
235728001	K90.9
235745006	K52.3
235765004	K52.3
235768002	K63.3
235771005	K38.9
23578006	D69.6
235781009	N32.1
235782002	N36.0
235791003	K52.89
235795007	K61.0
235834001	K56.0
235845003	K55.9
235853006	K55.8
235854000	K64.4
235855004	K64.9
235861001	A54.9
235862008	K75.9
235868007	B17.8
235870003	B18.8
235873001	K71.6
235876009	K71.6
235889003	K73.8
235890007	K76.9
235900003	K74.1
235902006	K74.2
235914003	Q44.5
235915002	K83.8
235918000	K83.8
235931005	K83.3
235932003	K83.8
235940009	K83.3
235951009	K86.1
235955000	K86.1
235963004	K86.2
235965006	C25.7
235984009	K65.0
235987002	K65.9
235991007	K65.8
235992000	K65.9
235993005	K66.8
235995003	K65.0
236005001	C78.6
236008004	K65.8
236019001	D48.3
236026001	N43.3
236033001	Q89.9
236036009	K43.0
236047002	K43.9
236048007	K43.9
236049004	K43.5
236050004	K43.5
236058006	K44.9
236059003	K44.9
236060008	K92.9
236068001	K62.5
236077008	R19.8
236302005	J84.9
236377000	B49
236385009	N04.1
236391006	N05.9
236393009	N00.4
236403004	N05.1
236420000	N07.9
236421001	N02.9
236424009	N17.9
236425005	N18.9
236429004	N17.8
236430009	N14.4
236434000	N18.5
236435004	Z99.2
236436003	N18.5
236437007	N28.9
236439005	Q61.9
236449008	N27.0
236450008	N27.0
236453005	N14.3
236454004	N14.3
236455003	N14.3
236456002	N14.3
236457006	N14.3
236465009	E26.81
236483001	N28.9
236486009	R39.0
236489002	I74.9
236492003	Q27.8
236506009	M31.0
236516001	N14.3
236517005	N14.3
23652008	O80
236523000	N14.4
236524006	N05.9
236526008	N28.9
236530006	N04.9
236534002	N05.5
236544000	N20.9
236606001	N28.9
236607005	R39.0
236608000	R39.0
236610003	R39.0
236633002	N32.81
236634008	N31.9
236635009	N31.2
236638006	N31.8
236642009	N31.8
236653003	N31.9
236655005	N31.8
236657002	N31.9
236666003	F98.0
236673008	N41.9
236687008	A54.1
236700000	R39.0
236704009	N39.0
236705005	Q04.8
236714000	N39.9
236718002	N39.9
236739009	N39.8
236750007	N48.9
236752004	N52.9
236765008	N45.3
236771002	B26.0
236777003	N50.89
236807008	Q55.8
23688003	P78.2
23698009	J90
237037006	N73.0
237044002	N73.1
237066009	N83.8
237070001	N71.0
237098003	N76.5
237120002	N91.5
237126008	N92.2
237133008	N93.0
237134002	N93.8
237153007	Z03.73
237160001	O34.70
237161002	O34.70
237162009	O34.70
237166007	O34.70
237167003	O34.70
237168008	O34.70
237175009	O34.60
237176005	O34.60
237177001	O34.60
237178006	O34.60
237184009	O34.60
237185005	O34.60
237188007	O90.89
237190008	O34.40
237195003	O90.89
237198001	O90.89
237199009	O90.89
237200007	O34.80
237204003	O34.80
237205002	O34.80
237212006	O90.89
237213001	O34.10
237220008	Q51.3
237221007	O90.89
237230004	N18.9
237266003	O42.919
237294006	O72.2
237319004	O62.2
237327008	O71.6
237328003	O71.6
237329006	O71.5
237336007	O72.3
237343001	O87.9
237350002	F53.1
237353000	O92.20
2374000	I45.5
237467005	D24.9
237496006	E04.1
237513002	Q79.8
237522001	E03.9
237523006	E03.8
237529005	E06.0
237535005	E06.3
237536006	E06.3
237541003	E06.1
237548009	R94.6
237557003	R22.1
237562002	E61.8
237577005	E16.8
237586000	E34.8
237587009	R94.8
237592006	E34.8
237593001	E34.8
237595008	E23.7
237613005	E13.9
237618001	E10.69
237619009	E13.9
237636001	E16.2
237637005	E16.1
237641009	E16.1
237648003	D37.8
237650006	E11.69
237653008	E21.2
237674009	E22.9
237678007	E22.8
237680001	E22.8
237694000	E23.1
237699005	E23.0
237701005	E23.0
237709007	E23.6
237711003	E23.3
237714006	Q85.9
237721006	D44.3
237731004	E23.6
237734007	E24.3
237736009	E24.0
237737000	E24.8
237739002	E24.4
237740000	E24.0
237749004	E25.8
237750004	E25.8
237766002	E27.8
237770005	E26.1
237775000	E27.8
237780009	E27.8
237793004	E25.9
237796007	E25.9
237799000	E28.8
237807003	E25.9
237818003	E30.1
237820000	E34.9
237821001	Q56.0
237830009	E34.2
237832001	D37.9
237834000	E34.9
237839005	E23.0
237849008	E87.5
237850008	E87.5
237860004	E87.3
237861000	E87.4
237871003	E85.4
237873000	E85.4
237877004	E85.3
237896000	M61.9
237913008	E70.1
237925006	E70.9
23793007	O03.9
23795000	R01.0
237955004	E71.2
237978005	E74.9
237985009	D64.0
237992004	E88.49
237993009	E74.4
238017009	E75.6
238067002	E80.3
238086005	E78.3
238090007	E78.6
238104009	E78.6
238110009	F79
238111008	E63.8
238120004	E61.8
238130008	R63.2
238131007	E66.9
238137006	R63.2
238145001	E67.8
238147009	R57.9
238150007	A41.9
238151006	R65.20
238152004	K28.9
238154003	R64
238191000087107	L25.9
238271000087104	L25.9
238281000087102	L25.9
238291000087100	L25.9
238371009	L98.9
238373007	A70
238378003	L73.9
238379006	L73.9
238380009	L73.9
238392009	B35.0
238394005	L73.8
238395006	L03.119
238400007	L98.499
238406001	L08.9
238413001	B48.8
238415008	B36.9
23842007	I30.8
238435009	B35.9
238437001	B36.8
238438006	B36.8
238439003	B48.8
238443004	B36.9
238447003	B83.9
238448008	B74.4
238452008	L98.0
238453003	R21
238454009	L98.9
238465004	L57.0
238468002	L84
238472003	L30.4
238473008	L30.8
238477009	L98.8
238479007	R23.3
238480005	R23.8
238481009	R23.8
238482002	L30.4
238485000	L30.4
238495007	L73.1
238501009	L81.8
238502002	L81.8
238503007	L98.9
238507008	L53.9
238512009	L57.8
238513004	L57.8
238518008	L57.8
238527009	L57.1
238528004	L57.0
238531003	L98.9
238535007	L98.9
238540004	L30.9
238557000	L30.8
238559002	L20.9
238560007	L30.9
238565002	L21.8
238567005	L21.9
238568000	L25.3
238569008	L25.3
238570009	L25.3
238571008	L25.4
238572001	L24.1
238576003	L23.0
238577007	L23.89
238578002	L25.9
238581007	L23.9
238585003	L20.81
238588001	L28.2
238592008	L30.9
238594009	L85.3
238598007	L30.9
238601002	L40.8
238614001	L40.1
238615000	L40.1
238625005	Q82.8
23863009	A41.3
238635004	L83
238638002	L85.2
238642004	L98.8
238648000	B02.8
238662007	L43.9
238668006	L43.8
238670002	L43.8
238675007	L52
238679001	D86.9
238686009	L50.3
238687000	L50.2
238702000	L81.8
238703005	L81.8
238704004	L81.8
238705003	L81.8
238707006	L81.4
238708001	L81.4
238710004	L81.4
238715009	L60.8
238717001	L60.8
238718006	L60.3
238720009	L60.8
238729005	L65.8
238746008	L73.0
238748009	L21.9
238754005	L74.8
238757003	L74.8
238760005	R23.1
238762002	L95.0
238763007	I78.0
238765000	I78.0
238766004	I78.1
238768003	I78.1
238779008	I87.8
238781005	I78.8
238783008	L81.7
238785001	L95.8
238797000	I89.9
238801004	I89.0
238807000	I89.0
238809002	R59.9
238813009	B09
238814003	L27.0
238815002	L27.0
238820002	L51.8
238821003	L57.4
238822005	L57.4
238826008	Q87.89
238827004	L90.8
238830006	L90.9
238832003	Q82.8
238834002	L81.8
238836000	Q81.8
238837009	L81.6
238843006	M62.59
238845004	L90.8
238846003	L94.9
238847007	Q82.8
238852002	L90.5
238858003	M79.89
238866007	M85.09
238875009	E34.8
238879003	L94.6
238893005	L91.8
238909003	L98.8
238911007	Q27.0
238913005	Q85.9
238914004	L98.8
238916002	L98.8
238917006	L72.3
238919009	L68.0
238925008	L91.0
238926009	L93.2
238928005	L93.2
238932004	N48.0
238941009	L12.2
238942002	D80.2
238948003	L98.5
238953008	E75.5
238959007	F99
238961003	F40.298
238969001	N50.9
238970000	K62.89
238971001	L29.0
238989000	L27.0
238994000	L27.1
238998002	L27.0
238999005	L80
239018005	Q82.4
239022000	Q82.4
239024004	Q82.8
239026002	E23.2
239035009	Q82.8
239041002	Q82.4
239045006	Q84.8
239047003	Q74.0
239049000	Q82.4
239051001	Q82.4
239054009	L81.8
239055005	Q84.9
239061008	Q82.8
239062001	Q82.8
239068002	Q82.8
239074002	Q82.8
239075001	Q82.8
239082002	L81.9
239085000	L81.9
239087008	I51.7
239088003	Q82.4
239089006	L81.4
239090002	L98.9
239094006	M79.89
239095007	L08.9
239098009	L40.3
239107007	D22.9
239108002	D22.9
239123007	Q85.9
239124001	D23.4
239126004	L98.8
239127008	D23.9
239131002	L81.4
239132009	D15.1
239135006	L81.8
239136007	K13.0
239137003	D21.9
239138008	D23.9
239140003	Q82.8
239143001	D22.9
239144007	Q82.5
239146009	Q85.9
239148005	Q18.1
239154006	Q82.8
239158009	L98.8
239179009	T86.829
239181006	T86.828
23960006	K42.9
239744003	M25.39
239746001	M24.39
239749008	M24.49
239751007	M24.39
239780003	B34.9
239785008	M02.39
239789002	M02.29
239789191000119106	H50.9
239792003	M06.09
239793008	M05.39
239795001	M05.39
239796000	M08.90
239797009	M08.09
239798004	M08.40
239808004	M02.39
239809007	K52.9
239814006	K52.9
239815007	M46.1
239819001	M13.89
239827005	M11.89
239828000	M11.09
239831004	M77.9
239832006	M11.89
239834007	M11.89
239835008	M11.89
239836009	M11.89
239838005	M11.29
239839002	M11.29
239840000	M11.19
239841001	M11.29
239846006	M10.19
239847002	M10.49
239848007	M10.09
239862000	M19.90
239865003	M19.91
239881008	M24.7
239890001	M32.8
239893004	D68.61
239896007	D68.61
239903007	M34.89
239913004	M35.09
239914005	M35.09
239916007	M35.09
239917003	M35.09
239928004	M31.7
239929007	M31.7
239930002	M31.7
239933000	M31.8
239941000	M05.249
239942007	M05.29
239944008	M32.8
239948006	I79.1
239950003	M24.29
239951004	M71.80
239973006	M65.4
239985003	M25.239
240034000	M65.99
240041006	I00
240059009	G71.09
240087000	Q79.8
240088005	M61.59
240092003	E34.9
240093008	G72.3
240099007	G73.7
240100004	G72.2
240113005	M60.09
240116002	B83.8
240119009	M60.89
240127000	M62.89
240130007	M62.58
24013007	E71.2
240132004	M62.89
240133009	M62.89
240138000	M24.19
240151005	M86.30
240161003	M81.8
240164006	M81.8
240190009	Q78.9
240196003	M87.9
240203005	M66.0
240205003	M71.39
240219003	M48.00
240221008	M43.09
240270007	M65.89
240299002	P29.12
240302002	P83.88
240303007	P39.8
240311002	P24.9
240313004	P52.4
240315006	P13.0
240322003	P02.29
240335007	A04.4
240336008	A04.1
240337004	A04.3
240344008	B82.9
240358005	K52.3
240363009	A06.0
240372001	A07.8
240381007	A19.0
240391001	A24.1
240393003	A32.9
240405001	A30.8
240408004	A30.8
240411003	L52
240412005	A30.8
240413000	A31.8
240415007	A31.1
24043009	B00.9
240432006	R25.2
240443003	A43.9
240470005	B02.8
240474001	B02.8
240482001	B08.4
240483006	B05.9
240493004	A98.8
240494005	A98.8
24051007	O08.0
240513003	A93.8
240520005	A94
240524001	A96.8
240548005	M60.09
240553000	A50.7
240558009	R21
240571007	P39.8
240572000	A54.9
240578001	A54.1
240590004	P39.8
240594008	A63.8
240607002	A58
240625009	K76.4
240628006	B60.8
240634004	B60.8
240640006	B55.1
240652004	B55.9
240653009	B57.2
240658000	B57.5
240674005	A27.0
240675006	A69.1
240684006	A67.2
240691009	A65
240702004	B44.1
240708000	B37.2
240716009	B37.2
240718005	B37.2
240719002	B37.2
240722000	B37.9
240725003	B45.7
240733002	B39.9
240739003	B39.3
240740001	B39.9
240744005	B39.9
240760009	B42.9
240762001	B36.2
240769005	B43.9
240793000	B65.9
240797004	B66.8
240802005	B66.9
240805007	B66.8
240830005	B74.8
240834001	B74.8
240862008	B77.9
240878005	B87.0
240896001	B88.9
240902006	B88.8
240914003	B88.8
241556001	K43.2
241759005	H10.89
242027005	G83.9
242030003	R55
242042008	Y07.9
242046006	Y07.9
242047002	Y07.9
24234009	R20.1
24249001	R09.3
24251002	N83.9
24258008	O71.6
24269006	Q68.8
24291004	Q43.2
242951000119108	C00.2
24302002	J90
24311002	A31.9
24353001	Q73.8
243799002	Z01.89
243820002	Z30.49
243824006	Z30.49
243827004	Z36.5
243828009	Z36.1
24383005	K65.8
243850005	Z62.21
243856004	R29.90
243882008	Z76.89
2439002	I33.9
243981000119109	B74.9
24414006	N64.9
24473007	G90.9
24565001	N88.8
245754007	K21.9
24595009	M10.09
24624008	I72.0
246524009	R68.89
246531008	G40.109
246537007	F44.5
246539005	F44.5
246540007	G40.109
246546001	G40.A09
246550008	G40.A09
246590006	R29.2
246593008	R29.2
246622003	H53.8
246635007	H53.8
246638009	H53.8
246642007	H53.8
246650003	H53.8
246657000	H53.40
246739007	H50.9
246740009	H50.53
246741008	H50.53
246742001	H50.53
246774008	H51.8
246782008	H51.8
246831001	H11.239
246833003	H11.239
246841003	C44.111
246871006	E50.1
246882003	H10.9
246883008	H11.89
246884002	H11.89
246885001	H11.89
246894007	H16.8
246896009	H11.9
246952008	H18.599
246964000	H18.329
246975001	R17
246977009	H11.439
246994006	H21.00
2470005	G93.9
247031005	H21.9
247040009	H21.40
247052002	H26.9
247058003	H26.9
247060001	H26.9
247072007	Z96.1
247089004	H43.89
247122008	H35.09
247126006	Q14.8
247128007	Q14.1
247130009	H35.09
247188005	H35.9
247190006	H35.9
247192003	H35.9
247193008	H59.819
247209006	Q14.2
247228004	H47.399
247244008	H61.119
247257000	Q17.8
247269008	H73.899
247321007	R43.8
247325003	R20.8
247349000	K00.8
247353003	R10.9
247369005	M54.89
247393000	G58.8
247409009	R52
247420009	F52.9
247429005	L90.8
247447004	R23.4
247454005	L98.8
247458008	D22.9
247462002	L90.6
247464001	R21
247474003	L98.9
247478000	R23.8
247538005	L73.8
247541001	L63.8
24761000119107	M00.9
247633007	R46.6
247654000	R41.89
247727008	F48.1
247728003	F48.1
247744007	R44.2
24776000	B33.8
247761005	R41.840
247781006	R44.8
247836001	F40.8
247845000	F40.8
247846004	F40.8
247893006	R45.3
247962006	G47.9
247980002	F91.8
247997008	Z65.8
248001001	Z65.8
248015004	F91.8
248017007	F91.9
248022007	F91.8
248027001	F91.9
248028006	F91.9
248029003	F91.9
248034004	F91.9
248036002	F91.9
248037006	F91.9
248040006	Z62.0
248041005	F91.8
248044002	F91.8
248050007	F91.2
248051006	Z55.8
248091009	F64.9
248099006	F91.8
24810006	A18.4
248119008	F55.8
248120002	R46.3
248122005	R63.2
248126008	Z72.4
248144000	F98.8
248146003	R29.898
248147007	R29.898
248191007	L98.7
248194004	L98.9
248195003	L98.9
248200007	Q75.9
248205002	E03.9
248211004	R23.8
248212006	R23.8
248223005	R55
248224004	R41.0
248225003	R40.1
248226002	F48.1
248246007	R61
248265004	Z56.6
248281009	R69
248282002	R69
248283007	R69
248284001	R69
248286004	R69
248287008	R69
248301008	E66.9
248306003	R23.8
248309005	R23.8
248310000	R23.8
248313003	R23.8
248330001	R29.898
248391000	Q75.8
248401009	M26.69
248417003	R23.2
248427009	R50.9
248438009	B54
248443002	K81.9
248451004	O85
248457000	R68.89
248461006	R20.8
248468000	R20.8
248477007	R60.9
248478002	R60.9
248490000	R14.0
248495005	I87.8
248496006	I87.8
248540002	R68.11
248567008	R06.89
248568003	R09.89
248583008	R06.3
248584002	R06.3
248602007	R09.3
248650006	I49.9
248653008	I49.9
248675005	I35.8
248676006	I37.8
248677002	I38
248679004	I34.0
248683004	I37.8
248685006	I07.8
248687003	R01.0
248688008	I07.8
248694000	Z95.2
248695004	Z95.2
248699005	R01.1
248706000	R58
248711003	I87.8
248712005	I87.8
248719001	Q27.8
248740000	I87.8
248763005	F52.9
248777008	R86.8
248779006	R86.8
248781008	R39.89
248790001	F52.9
248791002	F52.9
248793004	F52.9
248796007	F52.9
248798008	F52.8
248799000	F52.8
248800001	E30.0
248820000	Q83.2
248890006	N82.9
248896000	O03.9
248922009	N81.4
248933007	N88.8
248938003	N73.8
248965005	N92.6
248966006	N92.6
248967002	N92.6
24897005	Q76.429
248975008	N91.2
248979002	N93.9
248980004	N93.9
248981000	N92.3
248996001	M95.5
249007008	R29.898
249018008	N85.8
249060007	Z76.89
249063009	O80
249066001	O32.9XX0
249067005	O80
249068000	O80
249069008	O80
249070009	P01.7
249073006	P96.89
249074000	P96.89
249075004	P96.89
249092008	P01.7
249093003	P01.7
249106001	P01.7
249109008	P01.7
24911006	P58.9
249118005	O80
249130004	N85.8
249131000	O41.8X90
249147003	O80
249154009	O80
249157002	O80
249158007	O80
249159004	O80
249175001	O43.899
24920001000004101	K63.89
249239007	Q55.8
249304005	N34.2
249306007	R09.89
249326006	Q30.8
249341006	Q36.9
249367001	R04.1
249368006	R04.0
249370002	Z01.89
249373000	R09.89
249375007	Q30.8
249382006	K14.8
249387000	Q38.3
249391005	Z87.730
249393008	Z90.09
249394002	J35.8
249417007	K13.79
249429003	K11.9
249433005	J38.7
249468005	R63.0
249475006	R63.1
249485007	R13.10
249494001	K11.7
249496004	K21.9
249499006	K92.0
249514002	R19.8
249524005	R19.8
249531009	R19.8
249533007	E66.9
249534001	L98.7
249538003	R19.8
249541007	L98.7
249545003	R19.8
249586005	R39.89
249589003	R01.1
249614006	R19.5
24962009	D53.8
249623009	B82.0
249624003	R19.5
249626001	R19.5
249627005	R19.5
249631004	K62.9
249639002	K59.4
249652007	R19.8
249653002	K62.89
249654008	Q43.9
249655009	K62.2
249657001	K64.8
249659003	K64.8
249674001	M95.4
249732004	Q74.2
249756000	Q71.899
249762005	M62.84
249777002	M21.80
249779004	Q74.2
249795004	Q79.8
249828003	R29.898
249830001	M62.89
249851003	R25.2
249880007	R25.8
24988007	K55.1
249901007	R29.898
249923006	M24.89
249925004	M24.89
249926003	M24.89
249939004	M62.89
249983008	R42
250002000	R26.2
250009009	Z89.619
250028002	R26.89
250057003	Z76.5
250062002	R27.8
250072004	R25.2
250075002	R29.898
250092006	M25.859
250093001	M25.859
250220000	R71.8
250279001	D72.0
250349006	P60
250376006	Z67.91
25045008	G83.9
250531007	A49.01
250536002	M65.89
25055007	L60.0
250621009	R79.89
250991000119100	R26.0
251001002	I05.8
251002009	I05.8
251020000	Z95.818
251021001	Z95.818
251026006	Z95.818
251033006	Z95.818
251047005	I28.8
25109007	D81.9
251097009	I49.8
25113000	G25.5
251178007	I49.3
251180001	R00.8
25129008	Q01.9
251330002	K02.9
251332005	K02.9
251494005	R94.01
251504000	R94.01
251530001	G25.3
251589008	R94.111
251674005	O76
251675006	O76
251676007	O76
251733002	H44.9
251734008	D48.7
251839006	E87.8
252099009	R21
252402000	I89.0
25256003	N89.8
25273001	Q38.2
252986008	I74.9
252991009	D06.9
253002004	D37.3
253005002	C25.4
253006001	C26.9
253017000	C24.0
253038006	D23.9
253096008	C47.9
253100009	Q01.8
253104000	Q01.8
253105004	Q75.8
253112008	Q05.9
253115005	Q05.4
253116006	Q05.4
253122002	Q01.9
253126004	Q06.8
253127008	Q06.8
253129006	Q02
253131002	Q03.0
253132009	G91.8
253133004	Q03.0
253143001	Q04.4
253145008	Q04.3
253148005	Q04.3
253156008	Q04.6
253157004	Q07.9
253161005	Q04.6
253173005	Q04.3
253176002	G11.0
253177006	Q04.3
253185002	Q07.8
253191000	Q87.2
253193002	Q27.8
253198006	Q28.9
253205005	Q10.5
253217007	Q10.4
253229003	Q13.4
253239009	Q14.2
253244002	Q10.7
253253009	Q17.3
253258000	Q18.2
253265008	Q24.8
253267000	Q24.8
253270001	Q20.0
253295000	Q20.5
253306009	Q26.8
253311006	Q26.1
253324006	Q24.8
253326008	Q20.8
253329001	Q27.8
253331005	Q26.8
253333008	Q27.9
253339007	Q20.8
253340009	Q26.8
253343006	Q24.8
253344000	Q20.8
253346003	Q20.8
253347007	Q20.8
253348002	Q24.8
253354001	Q24.9
253355000	Q24.9
253362009	Q20.8
253375009	Q22.9
253386006	Q22.8
253387002	Q24.8
253388007	Q24.8
253389004	Q24.8
253393005	Q22.8
253394004	Q22.8
253398001	I05.8
253417009	Q21.0
253427003	Q24.8
253430005	Q24.8
253433007	Q24.8
253435000	Q24.8
253436004	Q24.8
253437008	Q24.8
253440008	Q24.8
253456003	Q24.8
253459005	Q20.4
253460000	Q24.8
253461001	I38
253462008	I38
253463003	Q24.8
253464009	Q22.9
253467002	Q22.8
253468007	Q22.5
253471004	Q24.8
253472006	Q22.8
253476009	Q24.8
253478005	Q24.8
253484008	Q23.2
253485009	Q24.8
253488006	I34.0
253490007	Q24.8
253491006	I05.0
253492004	Q24.8
253493009	Q24.8
253496001	Q22.5
253497005	I34.1
253498000	Q24.8
253500004	Q24.8
25350007	B60.8
253502007	Q24.8
253516002	Q24.8
253528005	Q20.8
253529002	Q24.8
253530007	Q24.8
253531006	I42.1
253532004	Q20.8
253533009	I42.1
253534003	Q24.8
253536001	Q24.8
253537005	Q23.4
253538000	Q24.8
253539008	Q23.4
253579004	Q24.8
253580001	Q24.8
253581002	I35.0
253582009	Q20.0
253583004	Q20.0
253587003	Q22.1
253590009	Q25.5
253591008	Q25.5
253592001	Q25.5
253593006	Q22.0
253594000	Q25.5
253601007	Q23.1
253630000	Q25.8
253631001	Q25.6
253639004	I28.0
253641003	Q25.3
253642005	Q25.3
253643000	Q23.4
253650001	Q24.8
253661009	Q25.45
253669006	Q28.8
253674003	Q25.1
253686000	Q25.0
253689007	Q25.8
253692006	P27.1
253695008	Q27.8
253696009	Q27.8
253699002	Q28.1
253709000	Q24.8
253713007	Q24.5
253721001	Q24.5
253722008	Q24.5
253723003	Q24.5
253727002	Q28.8
253729004	Q28.8
253735004	Q30.2
253740007	Q34.8
253744003	Q32.4
253747005	Q33.9
253750008	Q40.8
253759009	Q40.9
253761000	Q40.2
253803008	Q44.1
253806000	Q44.0
253816008	Q79.1
253821006	Q50.1
253828000	Q51.0
253837000	Q52.8
253846006	Q53.10
253857001	Q56.0
253860008	Q63.0
253872002	Q63.8
253881008	Q04.6
253896007	Q62.7
253909006	Q64.8
253911002	Q79.8
253914005	Q73.8
253916007	Q79.8
253922003	Q74.0
253926000	Q73.1
253930002	Q74.0
253931003	Q74.8
253947001	Q68.5
253949003	Q65.9
253952006	Q65.6
253966001	Q74.2
253969008	Q70.20
253971008	Q74.2
253973006	M12.10
253978002	Q75.8
253983005	Q37.9
253984004	Q36.0
253985003	Q37.1
253986002	Q35.9
253987006	Q36.9
253988001	Q36.9
253989009	Q36.0
253990000	Q36.0
254008009	Q18.8
254011005	Q18.8
254012003	Q18.8
254014002	Q18.8
254015001	Q18.8
254018004	Q18.8
254025006	Q75.8
254026007	Q87.0
254029000	Q67.5
254042000	C96.6
254043005	Q79.9
254045003	Q79.8
254047006	Q77.8
254048001	Q79.8
254049009	Q77.7
254053006	Q79.8
254055004	Q77.5
254056003	Q78.8
254057007	Q78.8
254060000	Q77.7
254063003	Q79.8
254064009	Q77.7
254068007	Q78.8
254078005	Q78.8
254079002	Q77.7
254084008	Q78.9
254087001	Q76.49
254088006	Q78.8
254089003	Q75.8
254093009	Q75.8
254095002	Q78.8
254100000	Q77.7
25410001000004103	G93.89
254101001	E23.0
254103003	Q78.8
254104009	Q79.8
254114000	Q79.8
254116003	Q82.8
254117007	Q79.8
254126005	Q78.2
254128006	L67.8
254129003	Q78.8
254130008	M85.89
254133005	M89.49
254139009	Q87.89
254140006	Q87.5
254142003	Q79.8
254145001	Q78.1
254147009	Q79.8
254152004	M89.59
254153009	Q79.8
25416002	G62.9
254165008	Q80.8
254166009	Q80.8
254172009	Q80.8
254173004	Q80.8
254174005	Q80.8
254182005	Q81.0
254183000	Q82.8
254217002	Q82.8
25422006	P84
254227008	Q84.2
254228003	Q84.1
254238008	Q82.8
254245008	Q86.8
254246009	Q89.9
25425008	E71.313
254258009	Q89.4
254268004	Q91.7
254287005	Q99.2
254288000	Q99.2
254289008	D48.9
254396007	D49.0
254405002	D48.0
254408000	C02.1
25443007	D64.0
254463006	D48.7
254468002	D38.5
254469005	D38.5
254471005	C30.1
254476000	D38.5
254477009	D38.5
254480005	D38.5
254483007	D38.5
254485000	D38.5
254490002	D38.5
254497004	D49.0
254508003	D38.0
254512009	D38.0
254516007	D38.0
254519000	D38.0
254522003	D38.0
254525001	D38.0
254528004	D38.0
254583005	D49.0
254591001	D12.6
254610005	D49.7
254618003	D38.6
254621001	D10.9
254628007	C34.90
254644003	D38.1
254646001	D15.7
254649008	D48.5
254674006	L72.9
254683001	L72.0
254684007	L72.8
254687000	D23.9
254688005	L72.8
254692003	L98.8
254705003	Q85.9
254706002	D23.9
254723006	D48.5
254725004	L75.9
254734009	P96.89
254754005	C49.9
254757003	L95.8
254758008	D48.5
254760005	L98.8
254761009	D21.9
254767008	D21.9
254769006	D21.9
254770007	D21.6
254778000	Q27.4
254779008	M19.90
254782003	Q82.8
254790003	D21.9
254794007	C49.9
254795008	D18.01
254797000	C49.9
254806009	D22.9
254807000	D22.9
254808005	D22.9
254815002	D22.9
254826008	D19.7
254828009	C49.9
254843006	Z80.3
254854001	D39.10
254859006	D27.9
254861002	C56.9
254871000	C56.9
254879003	D28.2
254881001	D26.9
254882008	D26.9
254884009	D25.9
254889004	D06.9
254891007	D26.0
254909003	C60.9
254929002	D41.4
254932004	D41.4
254935002	D43.2
254936001	D43.2
254937005	C71.9
254942002	D43.0
254944001	D43.2
254946004	D43.9
254953008	D43.4
254961003	D44.3
254978007	D32.0
254980001	C72.40
254981002	D33.3
254982009	D48.2
255010001	D31.10
255038009	D49.0
255040004	D49.0
255042007	D3A.8
255044008	C75.3
255045009	D35.4
255046005	D3A.8
255047001	D35.9
255050003	D48.9
255051004	D48.9
255052006	C80.0
255054007	D48.9
255057000	D36.7
255078002	C15.9
255083005	C21.0
255101006	C84.19
255132007	D00.07
255146007	D04.9
255188003	D23.9
255189006	D23.9
255200003	D33.2
255201004	D36.9
255202006	D36.9
25533006	D69.6
255598000	Z91.89
25582006	B33.8
255988004	K08.9
25617003	Q43.3
25654007	C53.9
25674000	L90.0
25691001	O04.87
2571000175108	Z76.89
25725007	O08.2
258001	M72.1
25807006	N52.8
258155009	L56.9
25825004	O20.9
258297005	C80.1
258298000	C80.1
258299008	C80.1
2584003	G31.9
25862002	L73.8
25868003	Z91.018
25881000119108	N39.9
25881005	D75.1
25922000	F53.0
25944005	F43.12
25948008	K31.2
25954009	J38.5
25957002	A27.81
259608005	L56.2
26010008	O04.5
26016002	B83.8
26021000119107	R42
260295004	Z01.00
260912008	R25.8
26112003	F45.9
261407007	Q43.3
261646003	C80.1
261647007	C80.1
261648002	C80.1
261649005	C80.1
261650005	C80.1
261651009	C80.1
261652002	C80.1
261653007	C80.1
261654001	C80.1
261655000	C80.1
261656004	C80.1
261657008	C80.1
261658003	C80.1
261659006	C80.1
261660001	C80.1
261661002	C80.1
261662009	C80.1
26174007	I27.0
26180004	Q00.0
261850007	I72.9
261927002	C80.1
261928007	C80.1
261929004	C80.1
261967001	C80.1
261968006	C80.1
261969003	C80.1
26206000	B16.2
26235008	O08.4
2624008	K05.4
262527008	R60.9
26261000119109	G61.89
262677003	J04.0
262729009	M54.12
262763006	H93.249
262781009	B00.0
262876009	K62.5
26291002	P58.5
263008003	M26.69
263033000	M26.69
26320009	K41.01
26345007	B39.4
26348009	N90.4
26350001	B66.8
263960005	Q24.8
263961009	Q20.6
26416006	F19.10
264162009	Q24.9
26421009	K64.9
26424001	I00
26433004	R44.3
26440003	R43.2
264516005	L08.9
264557003	I87.1
264575002	A49.9
26480007	Q92.8
26485002	K72.90
26511004	J66.8
265320003	Q36.9
265321004	Q36.9
265322006	Q36.9
26544005	M62.89
265602001	Z90.79
26576000	R76.9
266073002	A03.0
266074008	A03.3
266079003	A08.39
266109000	A74.0
266138002	A54.49
266148000	B35.0
266151007	B35.4
266237004	I33.0
266242007	I42.8
266259002	I77.9
266267005	I80.209
266330004	I83.90
266366003	J70.9
266403005	J68.0
266404004	J68.4
266412007	K13.70
266413002	K00.9
266415009	K00.2
266416005	K00.4
266418006	K05.6
266432008	K22.9
26644000	P01.7
266441003	K40.90
266443000	K43.9
266470007	K76.1
266549004	N04.0
266563005	N34.1
266582001	N73.0
266591002	N83.9
266592009	Z90.79
266593004	N89.5
266602005	N92.2
266677000	N95.9
266881002	Z76.89
266885006	Z80.1
266899005	Z82.5
266933005	Z78.9
266964007	Z76.89
266967000	Z82.8
266974005	Z72.89
267006003	Z91.89
267029006	R23.1
267043001	I87.8
267047000	K11.7
267048005	R19.8
267053000	R19.8
267057004	R19.5
267060006	R19.8
267062003	R39.9
267072000	F60.7
267078001	R25.8
267080007	F95.9
267081006	R25.2
267082004	R29.898
267089008	H50.9
267098006	R68.89
267099003	R09.89
267103008	J39.2
267104002	R52
267105001	L29.9
267106000	R68.89
267107009	R29.898
267109007	R29.91
267224005	O90.89
267239006	O34.60
267242000	O34.60
267246002	O34.70
267254000	P00.2
267256003	P84
267268007	O71.82
267271004	O71.6
267273001	O73.1
267282007	O87.8
267283002	O22.20
267372009	Q80.8
267389001	E23.0
267390005	E23.0
267412000	E63.8
267425008	E73.9
26743002	O04.7
267437005	E75.6
267440005	D47.2
267459007	D80.9
267525005	D61.01
267527002	D61.1
267535004	D69.42
267596000	G97.1
267602002	N18.5
267618008	H20.00
267626000	H26.9
267655008	H05.229
267727004	H54.3
267728009	H54.60
267759006	H66.20
267780000	L03.119
267783003	L03.119
267793005	L24.1
267796002	L23.0
267798001	L27.8
267800008	L12.1
26780008	Q25.6
267808001	L67.9
267812007	L73.8
267819003	L81.9
267854005	L28.0
267883008	M02.89
267914007	M24.019
268006001	M24.29
268007005	M61.59
268113003	M79.5
268150002	Q01.9
268158009	Q15.8
268159001	Q12.0
268162003	Q14.2
268194008	Q33.0
268201001	Q39.8
268208007	Q43.1
268209004	Q43.1
268227001	Q53.10
268229003	Q56.4
268242003	Q65.30
26825009	Q82.5
268282005	L53.8
268284006	Q85.9
268290005	Q82.8
268294001	Q93.2
268300003	Q98.4
26840006	O46.8X9
26841000087104	Z73.6
268457007	Z30.8
268461001	Z30.8
268471004	N93.8
26850007	O22.90
268542002	Z53.20
268543007	Z12.4
268561003	Z76.89
268612007	F09
268620009	F32.9
268621008	F33.2
268640002	F13.20
268647004	F13.10
268648009	F15.10
268669006	F94.0
268794002	P00.0
268795001	P00.1
268796000	P04.3
268798004	P01.3
268799007	P01.6
268800006	P01.7
268803008	P02.1
268809007	P03.1
268811003	P03.6
268812005	P03.6
268817004	P07.00
268818009	P08.1
268832006	P24.10
268862000	P02.4
268865003	O69.3XX0
268911002	R21
268912009	R41.81
268915006	E66.3
268916007	E66.9
268918008	R60.9
268919000	R60.0
268920006	L67.8
268921005	L63.8
268922003	R62.0
268923008	R99
268927009	R06.89
268931003	R00.8
268933000	Z01.89
268934006	R01.1
268938009	K13.0
268939001	B05.9
268940004	R23.8
268942007	R19.30
268946005	N50.89
268947001	R39.89
268948006	Z01.419
268949003	N63.0
268950003	N64.0
268952006	O32.1XX0
268954007	O80
268955008	Z34.90
268960007	R46.2
268962004	M62.59
268963009	R29.898
268964003	R26.89
268966001	R20.0
268967005	R20.3
268968000	R27.8
268969008	R25.8
268971008	R29.1
268973006	H53.8
268974000	H53.8
268975004	Z01.00
268976003	H57.01
268977007	Z01.10
268978002	Z01.89
268979005	H73.899
268980008	J35.8
268982000	J39.2
268983005	Z01.89
268987006	R23.8
268988001	R23.8
268989009	R23.4
268991001	M25.9
268993003	M79.9
269187004	T75.89XS
269188009	T22.00XS
269369009	H02.819
26954004	I67.6
269616004	C77.3
269617008	C77.4
269729005	T30.4
269731001	Y09
269832003	Z75.2
269859006	E79.0
269899009	R19.5
269908006	K92.0
269912000	R84.6
269914004	N20.0
269915003	N21.0
269916002	N21.0
269917006	N21.0
269941009	Z75.2
269947008	Z75.2
269948003	Z75.2
269949006	Z75.2
269951005	Z75.2
269952003	Z75.2
269953008	Z75.2
269954002	Z75.2
269955001	Z75.2
269956000	Z75.2
270061008	Z76.89
270072003	Z59.3
270117002	D68.09
27015006	O04.7
270224008	Z98.890
27031003	B56.0
270426007	Z53.9
270428008	Z76.5
270455004	Z76.89
270459005	Z75.1
270474007	R23.2
270476009	M43.6
270479002	Z01.20
270500004	P02.4
270505009	M12.19
270550006	N73.8
270881008	E75.6
270891002	R55
270902002	F50.89
27097002	E85.0
271084006	M95.9
271087004	Q74.0
271308002	R94.2
271327008	E16.1
271336007	Z00.00
271388000	Z81.8
271399003	R68.89
271403007	O43.819
271441000	Q20.3
271475004	D16.7
271477007	D23.20
271479005	D35.3
271488001	N73.8
271504004	J86.9
271542005	Q79.8
271572004	Q02
271573009	Q25.8
271589007	R94.39
271596009	Z73.3
271615003	K11.8
271631006	J39.8
271669001	R68.2
27167007	C80.1
271696003	R29.898
271698002	M62.89
271717004	R29.2
271730003	G90.2
27179007	Z65.8
271804005	R23.9
271809000	R60.0
271843009	R19.8
271845002	R34
271870002	R03.1
271873000	R54
271875007	R54
271884007	Z93.9
271891005	Z01.10
271892003	R44.9
271897009	R50.9
271901003	R89.9
271949009	E01.2
27195007	F07.9
272008009	R68.89
272009001	R68.89
27201004	M89.59
272021002	N23
272022009	F32.9
272024005	R45.2
272026007	R40.0
272028008	R43.0
27203001	R19.2
272032002	H04.203
272033007	H91.90
272034001	R09.81
272035000	R68.89
272037008	Z56.6
272041007	R43.2
272045003	K92.1
272046002	R19.5
272047006	M54.59
272049009	N23
272059005	R63.2
272061001	R40.1
272062008	R53.82
272418005	D48.9
272420008	D48.9
27330009	Q77.2
27358001	G46.3
273984003	P03.9
273985002	P55.9
273986001	P61.8
274096000	I27.9
274121004	I51.9
274126009	O66.5
274135002	M19.90
274137005	M51.9
274140005	M75.80
274177002	M12.50
274178007	L90.5
274282003	R09.2
274283008	R09.89
274284002	I86.8
274285001	R19.8
274287009	R10.9
274292006	R10.814
274293001	R19.00
274294007	R22.2
274297000	Z34.90
274301009	R29.2
274302002	R29.2
274303007	R59.1
274304001	H74.8X9
274308003	R50.9
274309006	R23.3
274395005	Z75.2
274399004	R04.2
274400006	R09.3
274408004	Z30.8
274548005	R48.1
274639009	R99
274643008	R23.1
274713001	R94.2
274715008	R94.2
274719002	R19.00
274745006	R22.40
274747003	R22.1
274748008	R22.2
274750000	R22.30
27475006	J40
274775001	R78.9
274780005	R78.5
274781009	R78.6
274782002	R77.8
274815001	R44.8
274816000	R20.8
274851008	R85.0
274852001	R86.0
274855004	R87.0
274856003	R84.0
274859005	R85.1
274860000	R86.1
274862008	R87.1
274865005	R84.1
274890007	R82.5
274945004	E85.9
274950005	F45.8
274952002	F21
274977001	N97.1
2751001	E13.9
275101005	Z81.0
275111003	Z80.41
275114006	Z81.1
275115007	Z81.1
275125002	Z83.6
275144009	Z76.89
275265005	C44.91
275277000	R41.3
275282007	I35.8
275283002	R01.1
275284008	R01.2
275285009	R01.1
275286005	R09.89
275287001	R09.89
275288006	R09.89
275289003	R09.89
275290007	R09.89
275291006	R09.89
275292004	R09.89
275293009	R09.89
275295002	K11.7
275296001	R16.0
275297005	R19.8
275315004	R10.30
275325009	D58.2
275355002	M21.70
275359008	P50.1
275363001	I61.1
275376007	A50.9
275394001	C02.2
275395000	C02.3
275399006	C00.2
275410008	N32.3
275419009	C51.9
275426009	O33.0
275427000	O73.1
275438000	E88.9
275447008	L27.0
275466008	G80.9
275469001	G80.8
275470000	I46.9
275497007	J98.8
275499005	J20.9
275500001	R09.1
275503004	J98.4
275511009	I25.3
275512002	I40.0
275520000	I73.9
27552001	O08.6
275556002	Z91.89
275557006	Z91.89
275563002	Z52.3
275566005	Z98.0
275570002	N94.89
275585008	Z75.2
275631003	Z76.89
275694009	Z53.20
275718000	R09.3
275722005	Z75.2
275743006	R19.5
275746003	R85.89
275748002	R85.5
275750005	R89.6
275752002	N20.9
275753007	R89.7
275765006	N39.0
27578005	A68.9
275782008	K92.1
275785005	R19.5
275786006	K92.0
275804004	R89.6
275813002	Z30.012
275852009	Z75.2
275853004	Z75.2
275854005	Z75.2
275855006	Z75.2
275856007	Z75.2
275857003	R25.8
275858008	R27.0
275859000	R27.8
275860005	R20.3
275861009	R20.8
275863007	Z75.2
275864001	M20.5X9
275866004	R29.898
275867008	R25.8
275869006	L98.9
275870007	Z75.2
275871006	R23.8
275876001	J35.1
275877005	Z01.118
275880006	Z01.00
275882003	Z01.00
275883008	Z18.81
275885001	Z75.2
275888004	Z75.2
275889007	L30.1
275890003	R29.2
275891004	M89.9
275892006	Z75.2
275894007	Z75.2
275896009	R52
275897000	R22.9
275899002	H53.50
275909008	Z76.89
275917000	Z51.81
275923005	Z04.9
275938006	Z80.9
275943004	K13.0
275946007	R55
275947003	E66.3
275950000	L65.9
275951001	R53.83
275953003	J98.01
275954009	R00.8
275956006	K13.0
275958007	R23.8
275959004	K46.9
275962001	Z01.419
275964000	N63.0
275965004	Z34.93
275966003	O30.109
275967007	O30.009
275968002	Z34.90
275969005	O80
275970006	R46.89
275971005	I86.8
275973008	R41.81
275983007	Z71.89
275984001	Z53.20
276039008	Z74.1
276040005	Z76.89
276041009	Z63.6
276072008	Z65.8
276082009	Z76.89
276104006	Z65.9
276109001	Z63.0
276129000	Z63.0
27619001	B34.2
27620007	L30.8
276219001	I63.9
276221006	I67.9
276224003	I67.1
276229008	K92.2
276269009	I67.1
276270005	I67.1
276271009	I67.1
276273007	I67.1
276274001	I67.1
276275000	I67.1
276276004	I67.1
276279006	I72.0
276288002	A02.1
276302000	F48.1
276304004	R46.6
276319003	N92.6
276322001	L40.8
276327007	L98.499
276368003	Z34.90
276370007	O36.8190
276392006	K64.8
276393001	K64.8
276411001	R39.89
276438008	R22.9
276449002	Q84.6
276452005	K03.6
276453000	K03.6
276477006	N95.1
276479009	O72.2
276494008	I80.219
276503009	P95
276508000	P83.2
276509008	P83.2
276523005	P78.3
276524004	P78.3
276526002	I89.8
276552008	P15.0
276556006	P70.0
276563006	P70.4
276571005	J98.8
276588003	P10.8
276594006	P52.8
276601004	P96.9
276602006	O36.8990
276604007	P05.9
276608005	P05.2
276620002	P15.4
276624006	P54.5
276632003	P71.3
276639007	P84
276653007	B34.3
276658003	P07.20
276668008	P35.3
276677001	P39.4
276678006	P36.9
276683003	P39.1
276694004	P24.9
276701009	P35.1
276717003	P92.9
276719000	L59.8
276721005	Q04.8
276729007	D23.9
276730002	Q04.6
276735007	R89.8
276739001	D48.5
276741000	A41.9
276789009	I10
276798007	D21.9
276808007	C16.9
276816003	D37.9
276818002	C17.9
276819005	D37.4
276849007	Y07.9
276869002	N28.9
2769005	J98.6
277180005	G47.8
277190002	G72.2
27720003	L98.1
277213009	Z97.4
277239007	R22.0
277260001	J38.7
277299009	I60.8
277301002	Q28.8
277311009	I67.1
277313007	I72.8
277314001	I72.0
277319006	I60.7
277338002	D33.4
277365009	E87.8
277408007	L08.9
277424008	H90.5
277432000	H90.2
277436002	J38.3
277473004	C91.10
277479000	P91.60
277494001	Q16.5
277495000	Q16.5
277508009	D44.5
277526007	D42.9
27757009	R09.1
277580004	D47.9
277638005	I50.1
277639002	I50.810
277653002	C84.Z0
277657001	R29.818
277658006	P05.9
277663005	F44.6
277672002	C80.1
277674001	C80.1
277678003	K65.0
277744001	C80.1
277772008	C80.1
277776006	C80.1
277777002	C80.1
277778007	C80.1
277784005	L23.9
277786007	L81.4
277787003	L81.9
277797007	R23.8
277810000	Q82.4
277811001	Q81.8
277820005	F40.8
277821009	F40.8
277822002	F40.8
277838008	F40.8
277843001	F69
277872000	E25.8
277918006	D56.0
277939004	G72.9
277945007	Q89.2
277950001	Q04.3
27798002	D53.1
278038007	L98.499
278041003	B76.9
278064001	E89.41
278084002	Z34.90
278085001	R00.1
278086000	R00.0
278087009	M95.5
278090003	O80
278091004	O80
278098005	L67.8
2781009	O03.6
27816006	F44.89
278309003	Q62.5
278431005	R19.8
278432003	R19.8
278442001	N94.9
278457008	R44.8
278479003	L92.8
278486006	K63.0
278523002	Q84.4
278530008	Q10.5
278531007	Q62.0
278533005	I77.0
27858009	A04.8
2786004	C56.9
278613003	Z46.4
278622002	K08.59
278623007	K08.59
278624001	K08.59
278625000	K08.59
278626004	K08.59
278643001	K08.59
278644007	K08.59
278645008	K08.59
278646009	Z46.4
278655007	M26.29
278697001	D48.5
278710006	Q77.2
278712003	Q77.8
278714002	K13.79
278841002	E20.1
278862001	M54.59
278871005	F91.9
278899001	E85.9
278904002	Z78.9
278920007	R27.8
278991002	E77.1
279016001	G44.89
279036000	M79.18
279060001	G50.8
279085005	R44.8
27911000	M24.29
279334008	L98.9
27938007	Z78.9
279496009	B00.0
279622009	F40.8
279990005	R23.1
280032002	F80.2
280111008	N50.1
280126005	M79.89
280144002	Q27.9
28039004	L98.8
2806008	R62.0
28096009	L30.8
280962005	L81.6
280966008	O87.1
280981002	I74.9
281020005	Z82.8
281026004	Z63.72
281034005	E85.3
281102003	K92.0
281104002	L30.9
281127005	N88.8
281170005	I42.8
28128004	Z76.89
281350007	C96.9
281362006	M10.09
281363001	M10.09
281365008	M10.9
281371002	M46.49
281399006	Z53.20
28140001000004102	R22.0
281411007	G83.0
281428005	M65.19
281497007	M21.6X9
28154007	F52.9
281565009	C47.9
281576008	Z76.89
281577004	Z76.89
281583001	E61.9
2816000	I42.0
281662004	Z76.89
281689009	Y07.9
281690000	L98.9
281775009	K12.0
2818004	Q27.8
281857003	N02.9
281858008	N02.9
281882003	E85.4
28193003	K76.9
28196006	O08.4
282006	I21.29
282039003	Q16.3
282040001	Q30.8
28204005	Q68.8
282347007	N52.9
282742004	G58.0
282747005	G90.9
282748000	G90.9
282787000	G95.9
282793008	G90.9
282794002	G90.9
282797009	G90.9
282800006	G90.9
28280003	M99.88
282801005	G90.9
282803008	G90.9
282834007	E85.4
282849004	Z78.9
282945009	R26.89
28319009	D75.1
28343007	A66.1
28353008	R09.89
28381002	I01.0
28384005	T30.4
28386007	D48.9
284078000	R21
284169008	R29.898
284171008	R29.898
284172001	R29.898
284183005	L21.8
284191001	T30.0
284510009	F60.3
284602001	F91.8
284670008	E63.9
284680007	M10.9
284770003	Z72.51
284784008	Z74.1
284901000119105	I70.209
284911000119108	I70.209
28493005	Z87.898
284931000119103	I70.209
284939002	Z73.89
284941001	Z73.89
284942008	Z73.89
284961000119106	N18.9
284972002	Z74.1
284981000119102	N18.2
285011000119108	N18.5
285035003	Z74.8
28505005	D69.3
285116001	F64.2
285153007	T75.89XS
285265004	F60.9
285268002	F60.9
285270006	F60.2
2853006	H16.8
285305004	R23.8
285311001	D16.5
28534004	G80.1
285344007	A08.4
285381006	J44.1
285396005	K92.0
285588004	E63.9
285598005	C78.39
2856003	L98.8
285603002	C78.00
285604008	C78.00
285605009	C78.2
285606005	C79.89
285607001	C80.0
285608006	C79.89
285609003	C78.4
285610008	C78.5
285611007	C78.5
285612000	C78.5
285613005	C78.7
285614004	C78.89
285616002	C78.6
285617006	C78.6
285618001	C79.51
285631006	C79.2
285633009	C79.9
285634003	C79.81
285635002	C79.82
285638000	C79.82
285639008	C79.00
285641009	C79.31
285643007	C79.70
285644001	C77.9
285645000	C80.0
285721000119104	I25.2
285755009	R48.1
285757001	R48.1
285758006	R48.1
285777008	D75.9
28581003	R27.0
285839005	C92.50
285840007	Z55.8
285861000119100	N18.2
28599006	L98.8
286031000119106	I05.8
286327002	R49.8
286375007	R41.841
286377004	R41.841
28640001000004103	R19.04
286652007	R44.8
286658006	R41.841
286659003	R41.841
286686003	F60.9
286735002	F34.0
286742002	I67.9
286781000119109	Z85.060
286802001	J35.9
28689008	N12
286900008	C63.10
286903005	D22.9
286910004	E03.9
286914008	E23.7
286926003	E87.0
286943000	H61.119
286948009	I05.2
286950001	I06.9
286964001	J70.0
286983008	N48.22
286996009	O02.0
287004008	L25.5
287016002	M65.89
287019009	M65.839
287021004	M65.869
287023001	M71.50
287032004	M67.469
287062005	M92.8
287087003	Q76.429
287151008	T31.50
287152001	T30.0
287266002	E74.4
28728008	Q61.2
28735000	O08.2
287369006	B48.8
287495009	R52
28766006	B19.9
287860003	Z98.0
287891009	Z98.890
287979001	O60.00
288004005	Z94.0
288011000119100	F69
288079001	Z98.890
288101000119104	F51.8
288120003	Z53.9
288204004	N85.8
288208001	O71.5
288213002	M65.849
288225004	M60.89
288231001	M79.18
288234009	M79.2
288235005	M79.2
288239004	M79.2
288248009	Q68.3
288249001	Z84.89
288269006	K43.0
288271000119103	F80.1
288279008	P58.9
288281000119100	F55.1
28837001	I61.5
288511000119108	F39
288517002	R64
288531000119103	Z60.9
28857002	F94.1
288723005	I67.89
288761000119104	F15.10
288771000119105	F13.10
288791000119106	F14.10
28880005	M05.39
288801000119107	F16.10
288821000119103	Z86.59
288841000119109	F13.10
288850009	Z91.89
288851000119106	F11.14
288861000119108	F11.24
288887001	R63.0
288936000	Z78.9
288986006	P92.5
288989004	P92.5
288992000	P92.5
289159000	R63.1
289190003	R49.8
289204008	Z34.90
289209003	O26.90
289257009	Z33.1
289263000	O43.899
289264006	O43.899
289265007	Z34.90
289266008	O80
289284005	Z34.90
289292001	O41.00X0
289300002	O69.89X0
289304006	Z34.90
289310006	O80
289316000	P02.60
289339006	Z34.90
289342000	Z34.90
289349009	P96.89
289350009	P96.89
289351008	P96.89
289352001	P96.89
289353006	P96.89
289359005	O80
289360000	O80
289361000119106	Z63.8
289361001	O80
289367002	P01.7
289397005	O32.8XX0
289410005	O80
289425005	O80
289426006	O80
289427002	O80
289428007	O80
289429004	O80
289431008	Z34.90
289438002	Z34.90
289439005	P96.89
289441006	Z34.90
289442004	Z34.90
289443009	Z34.90
289445002	P96.89
289448000	Z34.90
289449008	P84
289461000	R29.898
289473000	N90.89
289479001	N76.2
289483001	R23.4
289513009	N89.8
289517005	N89.8
289530006	N93.9
289534002	N93.9
289538004	N93.9
289540009	N93.9
289543006	N93.9
289588007	N89.8
289614007	Q52.4
289633002	N85.8
289656006	N85.8
289657002	N85.8
289682002	Z34.90
289698009	O34.29
289735003	O62.8
289737006	O80
289742003	N85.9
289745001	O34.599
289746000	Z34.90
289752004	N85.8
289758000	Q51.9
289762006	N88.3
289769002	N88.8
28977008	R23.8
289771002	Z34.90
28979006	M95.5
289824002	O26.879
289841000	N94.0
289850003	R39.89
289855008	N94.9
289858005	N90.9
289861006	N90.4
289879005	N89.8
289882000	R23.8
289885003	N91.2
289886002	N91.2
289892008	N92.1
289893003	N92.5
289904000	N95.8
289921009	N83.8
289999003	K82.9
2900003	I77.89
290028006	Q99.9
290067000	L81.5
290074005	R22.2
290088009	N64.59
290101004	R22.2
290116001	N64.4
290123000	N64.89
290124006	N64.59
290246007	D50.9
29057008	Q27.0
29062009	B16.9
290681000119102	G40.211
290711000119101	G40.311
290741000119102	G40.019
290761000119103	G40.111
2912004	J43.9
29143009	R89.8
29150008	N43.3
291511000119103	I61.2
29165009	R68.89
29171003	O72.0
29177004	D55.1
291841000119102	G58.9
291851000119100	G58.9
29187000	B77.9
292001000119101	G57.82
292002002	N97.1
29201009	I42.0
29212009	F10.988
292261000119107	G58.8
292281000119103	G58.9
29231000119109	Z65.4
292361000119103	G58.8
292371000119109	G58.8
29248006	Q78.8
292701000119103	G56.21
29271008	Q68.1
292711000119100	G56.22
29281007	M87.9
2929001	I74.9
29326002	E21.2
293580007	Z88.8
293582004	Z88.6
293583009	Z88.6
293587005	Z88.6
293590004	Z88.6
293603003	Z88.5
293634004	Z88.8
293638001	Z88.8
293639009	Z88.8
293640006	Z88.7
293641005	Z88.8
293643008	Z88.8
293644002	Z88.8
293664007	Z88.8
293667000	Z88.8
293670001	Z88.8
293672009	Z88.8
293677003	Z88.8
293683000	Z88.8
293684006	Z88.8
293688009	Z88.8
293689001	Z88.8
293698003	Z88.8
293702004	Z88.8
293703009	Z88.4
293704003	Z88.4
293705002	Z88.4
293711004	Z88.4
293713001	Z88.4
293730004	Z88.8
29373008	G47.8
293734008	Z88.8
293739003	Z88.8
293757002	Z88.8
293759004	Z88.8
293764000	Z88.8
293765004	Z88.8
293766003	Z88.8
293767007	Z88.8
293769005	Z88.8
293797004	Z88.8
293800002	Z88.8
293801003	Z88.8
293807004	Z88.8
293809001	Z88.8
293810006	Z88.8
293816000	Z88.8
293817009	Z88.8
293821000119107	I65.23
293821002	Z88.8
293841007	Z88.8
293852001	Z88.8
293857007	Z88.8
293862008	Z88.8
293863003	Z88.8
293873001	Z88.8
293879002	Z88.8
293883002	Z88.8
293885009	Z88.8
293896001	Z88.8
293905008	Z88.8
293907000	Z88.8
293910007	Z88.8
293913009	Z88.8
293922005	Z88.8
293931000119101	G64
293931005	Z88.8
293932003	Z88.8
293941000119105	G64
293944000	Z88.8
293945004	Z88.8
293951009	Z88.8
293953007	Z88.8
293959006	Z88.8
293961000119109	G64
293961002	Z88.8
293971000	Z88.8
293971000119103	G64
293994004	Z88.8
2940009	L30.8
294006000	Z88.8
294008004	Z88.8
294010002	Z88.8
294020007	Z88.8
294021006	Z88.8
294022004	Z88.8
294025002	Z88.8
294032006	Z88.8
294046006	Z88.8
294051000	Z88.8
294052007	Z88.8
294053002	Z88.8
294054008	Z88.8
294056005	Z88.8
294065003	Z88.8
294066002	Z88.8
294068001	Z88.8
294070005	Z88.8
294071009	Z88.8
294072002	Z88.8
294075000	Z88.8
294085004	Z88.8
294086003	Z88.8
294090001	Z88.8
294092009	Z88.8
294094005	Z88.8
294098008	Z88.8
294102000	Z88.8
294104004	Z88.8
294107006	Z88.8
294108001	Z88.8
294110004	Z88.8
294117001	Z88.8
294124000	Z88.8
294141003	Z88.8
294143000	Z88.8
294146008	Z88.8
294147004	Z88.8
294149001	Z88.8
294151002	Z88.8
294152009	Z88.5
294154005	Z88.8
294155006	Z88.8
294156007	Z88.8
294159000	Z88.8
294161009	Z88.8
294162002	Z88.8
294163007	Z88.8
294164001	Z88.8
294165000	Z88.8
294166004	Z88.8
294167008	Z88.8
294170007	Z88.8
294171006	Z88.8
294174003	Z88.8
294175002	Z88.8
294176001	Z88.8
294177005	Z88.8
294179008	Z91.09
294181005	Z88.8
294184002	Z88.8
294185001	Z88.8
294186000	Z88.8
294187009	Z88.8
294188004	Z88.8
294192006	Z88.8
294193001	Z88.8
294194007	Z88.8
294195008	Z88.8
294196009	Z88.8
294197000	Z88.8
294198005	Z88.8
294199002	Z88.8
294201000	Z88.8
294202007	Z88.8
294204008	Z88.8
294212000	Z88.8
294213005	Z88.8
294216002	Z88.8
294221004	Z88.8
294222006	Z88.8
294223001	Z88.8
294241009	Z88.8
294244001	Z88.8
294262005	Z88.8
294263000	Z88.8
294272008	Z88.8
294274009	Z88.8
294279004	Z88.8
294282009	Z88.8
294286007	Z88.8
294287003	Z88.8
294288008	Z88.8
294289000	Z88.8
294293006	Z88.8
294295004	Z88.8
294297007	Z88.8
294300002	Z88.8
294301003	Z88.8
294302005	Z88.8
294304006	Z88.8
294307004	Z88.8
294308009	Z88.8
294309001	Z88.8
29431000119108	C80.1
294310006	Z88.8
294311005	Z88.8
294312003	Z88.8
294313008	Z88.8
294315001	Z88.8
294317009	Z88.8
294319007	Z88.8
294321002	Z88.8
294322009	Z91.09
294325006	Z91.09
294326007	Z91.09
294331009	Z88.8
294334001	Z88.8
294336004	Z88.8
294340008	Z88.3
294352001	Z88.3
294355004	Z88.3
294364009	Z88.3
294367002	Z88.3
294386005	Z88.3
294387001	Z88.3
294389003	Z88.3
294395002	Z88.3
294397005	Z88.3
294401002	Z88.7
294402009	Z88.3
294403004	Z88.3
294409000	Z88.3
294410005	Z88.3
29441003	Q76.1
294411009	Z88.3
294412002	Z88.3
294414001	Z88.3
294419006	Z88.3
294420000	Z88.8
294422008	Z88.3
294427002	Z88.3
294428007	Z88.3
294429004	Z88.3
294430009	Z88.3
294432001	Z88.3
294435004	Z88.3
294444003	Z88.3
294445002	Z88.3
294446001	Z88.3
294450008	Z88.3
294457006	Z88.3
294461000	Z88.3
294473000	Z88.1
294477004	Z88.1
294478009	Z88.1
294479001	Z88.8
294483001	Z88.1
294486009	Z88.1
294492003	Z88.0
294495001	Z88.0
294498004	Z88.0
294500003	Z88.0
294504007	Z88.0
294513009	Z88.0
294518000	Z88.1
294521003	Z88.0
294522005	Z88.0
294523000	Z88.1
294524006	Z88.0
294525007	Z88.0
294526008	Z88.0
294527004	Z88.0
294533008	Z88.1
294540009	Z88.1
294544000	Z88.1
294555000	Z88.1
294560001	Z88.1
294566007	Z88.1
294569000	Z88.1
294580000	Z88.2
294581001	Z88.2
294583003	Z88.1
294589004	Z88.1
294594004	Z88.1
294595003	Z88.3
294597006	Z88.3
294599009	Z88.3
294601006	Z88.3
294603009	Z88.3
294605002	Z88.1
294606001	Z88.3
294608000	Z88.1
29461000119100	Z76.89
294613001	Z88.1
294616009	Z88.1
294617000	Z88.1
294624004	Z88.8
294626002	Z88.8
294631000	Z88.7
294632007	Z88.8
294634008	Z88.7
294635009	Z88.7
294636005	Z88.7
294637001	Z88.7
294640001	Z88.7
294643004	Z88.7
294648008	Z88.7
294649000	Z88.7
294660009	Z88.7
294661008	Z88.7
294665004	Z88.7
294666003	Z88.7
294667007	Z88.7
294670006	Z88.8
294672003	Z88.8
294673008	Z88.8
294675001	Z88.8
294680005	Z88.8
294681009	Z88.8
294703003	Z88.8
294704009	Z88.8
294708007	Z88.8
294709004	Z88.8
294710009	Z88.8
294713006	Z88.8
294715004	Z88.8
294716003	Z88.8
294718002	Z88.8
294719005	Z88.8
294722007	Z88.8
294727001	Z88.8
294744002	Z88.8
294753009	Z88.8
294759008	Z88.8
294766009	Z88.8
294770001	Z88.8
294772009	Z88.8
294777003	Z88.8
294778008	Z88.8
294779000	Z88.8
294780002	Z88.8
294783000	Z88.8
294784006	Z88.8
294785007	Z88.8
294786008	Z88.8
294790005	Z88.8
294791009	Z88.8
294797008	Z88.8
294802002	Z88.8
294805000	Z88.8
294806004	Z88.8
294808003	Z88.8
294824002	Z88.8
294831003	Z88.8
294834006	Z88.8
294835007	Z88.8
294836008	Z88.8
294837004	Z88.8
294842007	Z88.8
294843002	Z88.8
294846005	Z88.8
294852006	Z88.8
294853001	Z88.8
294856009	Z88.7
294857000	Z88.8
294859002	Z88.8
294860007	Z88.8
294862004	Z88.8
294863009	Z88.7
294864003	Z88.8
294866001	Z88.8
294867005	Z88.8
294868000	Z88.7
294869008	Z88.8
294870009	Z88.8
294877007	Z88.8
294878002	Z88.8
294879005	Z88.8
294882000	Z88.8
294884004	Z88.8
294886002	Z88.7
294891001	Z88.8
294892008	Z88.8
294895005	Z88.8
294904000	Z88.8
294905004	Z88.8
294906003	Z88.8
294907007	Z88.8
294908002	Z88.8
294909005	Z88.8
294910000	Z88.8
294911001	Z88.8
294916006	Z88.8
294917002	Z88.8
294919004	Z88.8
294920005	Z88.8
294921009	Z88.8
294922002	Z88.8
294927008	Z88.8
294928003	Z88.8
294932009	Z88.8
294935006	Z88.8
294936007	Z88.8
294938008	Z88.8
294939000	Z88.8
294941004	Z88.8
294942006	Z88.8
294943001	Z88.8
294944007	Z88.8
294946009	Z88.8
294947000	Z88.8
294948005	Z88.8
294949002	Z88.8
294950002	Z88.8
294952005	Z88.8
294953000	Z88.8
294954006	Z88.8
294955007	Z88.8
294960006	Z88.8
294961000119107	J32.8
294974004	Z88.8
294976002	Z88.8
294985002	Z88.8
294987005	Z88.8
294989008	Z88.8
294990004	Z88.8
294991000	Z88.8
294999003	Z88.8
295000003	Z88.8
29500006	A53.9
295001004	Z88.8
295005008	Z88.8
295011006	Z88.8
295012004	Z88.8
295013009	Z88.8
295014003	Z88.8
295015002	Z88.8
295016001	Z88.8
295017005	Z88.8
295018000	Z88.8
295020002	Z88.8
295025007	Z88.8
295028009	Z88.8
295031005	Z88.8
295032003	Z88.8
295047007	Z88.8
295050005	Z88.8
295051009	Z88.8
295052002	Z88.8
295053007	Z88.8
295063004	Z88.8
295065006	Z88.8
295067003	Z88.8
295069000	Z88.8
295071000119101	M41.80
295072007	Z88.8
295078006	Z88.8
295080000	Z88.8
295081001	Z88.8
295082008	Z88.8
295083003	Z88.8
295084009	Z88.8
295085005	Z88.8
295086006	Z88.8
295087002	Z88.8
295088007	Z88.8
295089004	Z88.8
295090008	Z88.8
295092000	Z88.8
295093005	Z88.8
295097006	Z88.8
295104005	Z88.8
295105006	Z88.8
295107003	Z88.8
295121000119101	M32.14
29577008	A40.9
29591002	J40
29610001000004107	G93.89
297139009	J85.3
297156001	I80.8
297177003	Z43.9
297190005	K63.4
297191009	L90.5
2972007	I65.09
29721000119101	I72.8
297225000	E70.0
297257004	E74.89
297938000	Z88.6
297951005	R23.8
297976006	P81.9
297977002	L98.9
297992001	L67.8
298001000	L63.1
298118004	G58.8
298139006	L50.9
298150009	M26.69
298158002	M46.94
298188006	M35.7
298191006	M35.7
298194003	M35.7
298195002	M99.14
298217004	M24.873
298236009	M53.86
298246006	M25.39
298255009	M25.59
298285004	M34.9
298349001	R22.9
298377005	M26.69
298390003	M43.9
29839008	B33.8
29847008	O74.9
298476002	M54.2
298484003	R29.898
298491000	M43.9
298577009	M54.6
298588003	M43.9
298592005	M43.8X6
298595007	M53.86
298632003	M53.86
298671000	M79.18
298716007	M95.4
298721005	Q76.7
29874009	K38.8
298876007	M21.839
298877003	M21.839
29889000	I21.9
2989004	O08.9
298905006	M25.829
298906007	M25.829
298911009	M25.829
298916004	M25.829
299042006	M62.84
29908007	O08.4
299311008	R29.4
299337006	M21.269
299358000	R29.898
299368005	M23.8X9
299369002	M23.50
299409003	M25.39
29941000119105	R27.0
299425008	M25.373
299426009	M25.673
299427000	M25.673
299430007	M25.373
299431006	M25.879
299432004	M25.879
299436001	M25.373
299437005	M25.879
299438000	M25.879
299441009	M25.373
299442002	M25.879
299469001	R23.8
29950007	O04.7
299508008	M25.376
29963001	G40.109
299660007	R23.8
299661006	Q74.2
299686002	G37.0
299756004	R29.2
299759006	R29.2
299784009	R29.2
299785005	R29.2
299887009	R25.8
299899002	R43.8
299905002	R20.8
299922000	R20.8
299945006	R48.8
29995000	O04.7
299966003	G54.8
299967007	G54.8
30005005	Q82.8
300086006	Q17.4
300094004	H61.119
300102009	H61.109
300113007	L81.8
300165009	Q16.3
300169003	Q16.3
300176008	Q16.3
300183001	Q16.3
300187000	H92.09
300221005	H91.90
300234006	K00.8
300235007	K08.89
300245009	Q38.3
300254007	Z87.730
300273006	R04.1
300275004	J39.2
300286002	K22.9
300300007	R19.8
300306001	R19.8
300311000119106	M21.942
300312006	K62.9
300321000119104	M21.941
300336005	R16.0
300338006	R19.8
300356006	R19.8
300361008	R19.8
300363006	R85.89
300367007	P92.1
300393000	R19.5
300394006	R19.5
300413002	R19.8
300415009	R19.8
300418006	R19.8
300419003	R19.8
300439004	R19.8
300441003	N28.89
300442005	R39.89
300448009	Z94.0
300466004	R39.89
30048004	L53.8
300488004	R39.89
300522004	N48.89
300523009	N42.9
300543003	R86.6
300545005	F52.22
300554008	N97.0
300568001	R19.8
300578003	R91.1
300580009	R91.1
300582001	R23.8
300706003	F33.2
300849006	H57.9
300875005	J98.8
300878007	R22.0
300879004	R59.0
300882009	R22.2
300885006	R22.2
300891000119108	M23.92
300901000119107	M23.91
300909004	Z88.8
300912001	Z88.8
300914000	Z88.8
300917007	I73.9
300921000	I77.1
300932000	J00
300941005	L08.0
300950007	L08.9
300957005	M54.59
300985007	A41.59
300986008	A41.59
301013004	N39.0
301028004	Z63.4
301109008	I07.9
301114007	I49.9
301194006	R43.0
301202006	J32.9
301213009	R07.0
301262009	R09.89
301297006	J86.0
301327002	R69
301328007	R69
301331008	Z68.1
301348000	Q18.7
301353005	H57.10
301361000	K13.79
301369003	R52
301378009	R52
301384007	R52
301411000119109	M71.022
301464007	Z55.9
301491000119100	M71.021
301563003	Z76.89
301643003	F13.96
30165006	Z37.3
301792001	N21.0
301810000	B99.9
301811001	A49.9
301814009	N17.8
301838008	Z75.2
301866000	R59.0
301887005	Z74.9
301910004	H57.10
301911000	H04.123
301933003	H44.89
301946008	Z01.00
301957003	Z96.1
301971006	H04.9
302019003	E23.0
302025004	R29.898
302091004	I89.8
30211000119106	R20.8
302153001	Z65.8
302162004	L50.1
302163009	L50.1
302172001	Z63.5
302176003	R23.8
302183005	Z93.0
302213007	I67.1
302271003	Z78.9
302276008	Z73.89
302278009	Z73.89
302279001	Z73.89
302306005	J98.6
302320003	Z78.9
302322006	Z78.9
30233002	R19.8
302361000119105	M48.11
302371000119104	M48.18
30238006	N97.9
30243004	O08.89
30248008	Q89.4
302507002	F13.96
30272003	H54.3
302786005	Z11.59
302817000	C80.0
302822000	D13.7
302823005	D13.7
302861008	Q78.4
302865004	E34.9
302873008	D69.3
302885000	G58.9
302887008	E85.3
302895007	H40.049
302915007	K22.10
302920007	K90.9
302935008	M46.39
302951000	Q43.8
302962000	P12.1
302970005	T87.2
302981000119100	M75.22
302991000119102	M75.21
303001000119101	M16.30
303081002	G96.89
303287007	K14.8
303294005	R58
30330001	M60.09
303361000119103	M61.30
303379008	H53.8
30382004	C54.1
304067009	Q36.9
304121000119108	M10.30
304131000119106	M10.30
30415006	B34.8
304210006	M25.819
304211005	M25.819
304215001	R99
304229000	L81.9
304231009	L81.9
304298000	M25.819
304302008	M25.829
304311000119103	M10.38
304321000	R29.898
304321000119105	M10.39
304331000119108	M10.39
304386008	R21
30451004	L24.0
304523003	I28.8
304527002	J45.901
304576008	Q78.5
304631003	R29.3
304666001	F81.0
304701000119100	M21.532
304711000119102	M21.531
30479005	O04.6
304858008	Z63.8
304865000	F60.1
304870007	Z65.8
304874003	R41.89
304875002	R41.89
304877005	R41.89
304878000	R41.89
304896009	F41.8
304914007	I21.3
304930004	I83.009
30496006	I40.0
304985000	K05.4
304986004	K05.4
304987008	K05.4
304988003	K05.4
305031000119109	Q72.01
305091000119108	Q65.02
305101000119103	Q65.01
305201000119107	Q65.32
305211000119105	Q65.31
305518007	Z76.89
305563008	Z76.89
305698003	Z76.89
305713001	Z76.89
305740001	Z76.89
305803000	Z76.89
305804006	Z76.89
305869004	Z76.89
305911006	Z51.5
30600004	R87.7
30605009	F32.2
306561000119100	M10.28
306571000119106	M10.29
306581000119109	M10.29
30667004	I45.2
30671001	P10.4
306731000119104	M10.20
306911000119107	M25.432
306915005	Q17.3
306939000	R94.120
306991000119103	M25.431
307091009	D68.2
3071008	Z63.4
307116001	D68.2
307202004	J94.2
307309005	N17.8
307316006	I72.4
307356008	G40.109
307357004	G40.109
307359001	Q07.8
307391000119101	M11.832
307406004	I73.9
307407008	I73.9
307409006	I73.9
307413004	R41.3
307420006	K55.059
307451000119100	M11.861
307501007	D38.0
307504004	F23
307514008	D66
307532008	N28.9
30755009	M60.28
307650006	C96.A
307651005	D47.1
307699005	H81.4
307738005	O03.9
307844003	Z98.890
30799000	P37.5
308072006	R09.89
308073001	R09.89
308078005	R20.8
308080004	R20.8
308082007	Z01.00
308083002	Z01.00
308085009	H35.89
308086005	Z01.00
308087001	Z01.00
308088006	H26.9
308089003	H26.9
308093009	Z89.611
308094003	Z89.619
308095002	Z89.611
308098000	Z89.512
308099008	L97.519
308102008	Z89.432
308103003	R29.898
308105005	E11.51
308107002	L08.9
308108007	Z89.421
308121000119104	M40.36
308134004	O87.4
308143008	M05.89
308232009	J39.8
30833006	N76.2
308342008	Z76.89
308426002	Z76.89
308429009	Z13.6
30850008	O20.9
308534006	Z51.81
308559002	Z76.89
308560007	Z76.89
308637007	R85.89
308639005	R82.71
308640007	R85.5
308680003	E16.2
308687000	I35.8
308692003	R23.2
308722001	Z71.2
308731001	R89.6
308816001	Z76.89
308856004	Q40.2
308861002	Q44.5
308864005	Q44.5
308868008	K86.9
308871000	K63.9
308872007	K63.9
308873002	Q43.9
308882008	K25.4
308892000	J34.89
308893005	R50.9
308901000119105	M10.30
308926009	R23.8
30893008	C80.1
309243008	R09.89
309247009	Z91.89
309256001	R20.8
309258000	L30.9
309406008	Z78.9
30942000	B43.0
30950009	Z78.9
309537005	R20.8
309538000	R20.8
309539008	R20.8
309551005	R68.89
309557009	R20.8
30961001	R20.2
309647004	Z01.89
309648009	R49.1
309649001	Z01.00
309650001	H91.90
309651002	P26.9
309652009	R01.2
309656007	I83.90
309659000	K80.20
309660005	N21.0
309663007	N42.89
309664001	N50.9
309665000	Z01.419
309667008	R39.89
309668003	Z01.419
309669006	R39.89
309670007	Z34.90
309671006	E07.89
309673009	R29.898
309677005	R68.89
309678000	R52
309679008	M15.1
309685001	R22.0
309738002	Z03.74
309740007	K12.0
309745002	M81.6
309754004	K44.9
309761000	M19.92
309783001	K70.30
3098007	I21.9
309806000	J11.81
309846006	Z53.8
310101000119107	M10.09
310202009	F16.99
310264008	Z78.9
310265009	Z78.9
310351005	Z76.89
310352003	Z53.8
310372008	Z28.20
310373003	Z28.39
310451000119103	M41.07
310481001	R20.2
310482008	M25.539
310495003	F32.0
310496002	F32.1
310502008	Z72.4
310504009	C80.0
310522007	R29.90
310523002	P07.30
310527001	P07.30
310529003	P07.30
310534004	N42.89
310542003	H91.90
310548004	P07.30
310577003	Z23
310594001	O48.1
310631002	R21
310649002	A41.81
310650002	O43.199
310668004	A40.3
310670008	N13.0
310799008	Q71.30
310875001	B15.9
310880005	Z76.89
310881009	Z53.20
31090002	R01.2
31097004	B91
31120005	A68.1
31131000119101	M26.9
311495006	E85.9
311671002	Q84.0
31171000119103	H02.829
311800002	N82.8
31207002	O04.80
312079003	Z97.5
312104005	C24.9
312105006	A48.8
312109000	A03.9
312130009	B34.9
312134000	J22
312135004	B34.9
312146001	B49
312149008	B49
312216007	G03.9
31227001	Z87.898
312331000119104	M48.22
312342009	J18.9
312354009	Z34.90
312355005	R19.04
312361000119107	M48.27
312371005	J40
312374002	I72.4
312387008	J32.0
312388003	J32.0
312392005	R09.89
312393000	R89.2
312394006	R89.2
312400008	J40
312403005	A48.1
312484002	Z76.89
312585004	I82.90
312591002	I09.9
312638003	I99.8
31264007	H54.50
31269002	Q89.7
312829002	I77.1
312860002	Z53.20
312862005	Z76.89
312865007	Z76.89
312887003	Z76.89
312888008	Z76.89
312889000	Z76.89
312890009	Z76.89
312928006	H30.139
312963001	H35.9
31297008	F45.9
312979000	H54.40
313005002	Z01.30
313108002	C80.1
313110000	C80.1
313111001	C80.1
313145008	D09.9
313146009	D09.9
313173005	Z53.20
313224008	F45.22
313279000	N97.9
31332003	Z65.8
313333008	Z76.89
313339007	Q77.3
313341008	R79.9
313343006	Z75.2
31337009	E25.8
313372007	R99
313386006	Z78.9
313396002	Z76.89
313435000	E10.9
313436004	E11.9
313437008	A39.0
313481000119101	M40.50
313491000119103	M40.50
31351000119105	N83.8
314005007	H17.9
314016000	H26.9
314030005	H20.9
314043005	R09.1
314062008	R89.8
314063003	R89.8
314106006	R89.8
314107002	R89.8
314130008	A39.0
314230001	Z76.89
314232009	Z76.89
314265001	H31.8
314267009	H31.8
314268004	H31.8
314348007	H55.89
314366002	Z53.20
31437008	K52.832
3144005	J90
314471005	Z98.890
314485000	H04.9
314496008	H57.9
314503007	Z53.20
314517003	H31.8
314558005	H16.9
314602009	K83.1
314611000119106	M26.220
314621000119104	M26.221
314707006	Z11.59
314741003	E28.1
31477000	P01.7
314845004	Z78.9
314860001	Z76.89
31487001	M48.19
314901000	B08.1
314904008	E11.610
314947008	C24.1
314949006	K80.10
314956000	R03.0
314983004	N19
314987003	C79.9
314988008	C79.9
314989000	C79.9
314990009	C41.9
314991008	C79.9
314992001	C79.9
314993006	C79.9
314994000	C61
314995004	C79.9
314996003	C79.9
314997007	C79.9
314998002	C79.9
314999005	C79.9
315000005	C79.9
315001009	C79.9
315002002	C79.9
315003007	C79.9
315004001	C79.9
315005000	C79.9
315006004	C79.9
315007008	C79.9
315008003	C79.9
315009006	C79.9
315025001	I20.9
315026000	P29.4
315027009	Q24.8
315056009	G58.9
31506005	L73.9
315064003	Z76.89
315209002	L81.9
315245004	Z55.8
315251009	N64.4
315253007	L81.9
315255000	L81.9
315257008	L08.0
315261002	Z03.89
315262009	Z12.89
315263004	Z03.89
315264005	Z12.89
315266007	Z12.4
315267003	Z12.79
315268008	Z12.5
315269000	Z12.6
315270004	Z12.79
315271000	Z12.79
315272007	Z12.71
315273002	Z03.89
315274008	Z12.10
315275009	Z12.89
315276005	Z12.83
315277001	Z12.89
315284009	R22.0
315345002	J96.00
315352000	H26.8
315353005	H26.8
315642008	R68.89
316791000119102	M25.562
316901000119106	M79.631
316931000119104	M25.561
317171000119101	M54.00
317701000119105	M27.51
31783001	K12.1
31826001	F45.8
318591000119105	M40.45
318701000119109	M19.92
318721000119100	M19.91
318761000119105	Q78.3
31948006	L25.3
31964003	F99
319768000	F33.2
31981007	Q93.59
319841000119107	M05.10
320003	O80
320471000119103	M99.05
320751009	F32.2
32093003	N10
32094009	D53.1
32100001000004100	M53.82
32112006	I80.8
32113001	Q70.9
321181000119104	M43.17
32168002	A07.3
321681000119108	M00.052
321751000119105	M00.051
32194006	Q27.9
32232003	Q05.0
32251000119106	E04.9
3226008	L25.3
32273002	D69.3
3230006	O04.6
323301000119109	M17.9
323311000119107	M16.9
32362007	K65.0
324046003	R80.8
32425009	I45.3
32455002	Q68.1
324798006	R89.8
32544004	J68.4
32556003	B33.8
32599008	E85.9
3261002	M89.59
32615007	I35.8
3267003	Q36.9
32701000	N76.0
3277001	F51.05
32790009	B08.8
328211000119107	L08.9
328301000119102	D61.1
328371000119107	D61.1
328391000119108	D61.1
328488009	I88.8
328531000119104	J10.1
328561000119107	J93.11
328571000119101	J93.12
328641000119109	Q33.8
328661000119108	J84.9
32923006	N73.5
329489009	B58.9
32951002	E34.8
329521000119106	I66.11
329531000119109	I66.12
329581000119105	I66.23
329676006	F80.2
32979008	Z78.9
32985001	Q87.2
329991000119104	G40.A19
330007004	K42.0
330081000119108	Q28.3
330091000119106	I67.1
33010005	P94.2
330231000119103	G58.9
33041000119105	K64.0
33046001	O04.88
330469005	R59.9
33076008	Q73.8
33084007	F44.9
33090006	B08.8
330982009	K43.6
331000119106	M77.9
331021000119102	Q10.3
331031000119104	Q10.3
331051000119105	Q10.3
331061000119107	Q10.3
33128005	O08.2
331460002	R59.9
331511000119101	H01.021
33197007	G97.1
33200008	A44.9
3320001000004105	Z84.89
33217001	E67.1
332251000119108	H16.8
33229005	Q15.8
33254005	R41.3
332921000119107	H20.9
33369008	B88.8
333751000119107	H35.9
333881000119109	H17.9
334081000119100	H01.022
33411000119104	J39.2
33413000	I49.49
33489005	Z78.9
335591000119108	H16.001
33561005	O04.82
335671000119106	H18.9
33591000087102	J68.0
33601000087105	J68.0
336031000119105	H40.20X0
336581000119102	H10.31
33662006	L12.30
33678008	Z71.1
337121000119106	H01.024
33719002	M06.39
33721007	P84
33781009	K65.0
337861000119106	H16.8
33832002	G50.9
338531000119102	H20.9
339351000119108	H35.9
33947007	B34.8
339502006	Q37.9
33962009	R68.89
33971000119104	I72.9
34023009	A21.7
34100008	Z38.5
34101000119105	G25.3
34111000	Q74.0
341201000119100	H16.002
341281000119108	H18.9
34134009	F99
34142005	R49.8
342191000119105	H10.32
342301000119101	H53.8
34242002	O98.119
342421000119100	B74.9
342431000119102	B74.9
342441000119106	B74.9
342451000119108	B74.9
34247008	D59.8
34290009	B88.8
342971000119107	L81.1
34315001	F31.4
34342000	I42.0
343471000119108	H33.23
343781000119104	H35.113
3449007	R48.8
345111000119105	H35.9
345161000119108	H17.9
34537009	C54.1
34540009	M24.80
34571000	E28.8
3458000	M61.59
346138009	R43.2
34638006	Q80.2
346451000119107	H16.003
34651000119104	Z76.89
34681009	P22.9
3472009	M43.19
347351000119104	H10.33
34765008	Q14.1
348083004	R43.8
34835007	L28.1
34850003	Z67.90
34881000119105	I73.9
34925000	D51.1
34960006	E77.1
3503000	F64.0
35037009	J84.9
35047007	B60.8
350651000220108	Z88.8
35066007	D68.020
3511005	E06.9
35111000119109	Q04.6
351251000119103	C94.41
351461000119100	C4A.71
35208003	O08.5
352269591000119107	J80
35303009	O10.03
353091000119100	D07.5
353101000119105	N42.31
353421000119109	C50.612
353501000119104	C50.611
353521000119108	C50.111
3541000119107	H90.12
354391000119100	C46.7
354701000119107	C34.92
354741000119109	C34.91
35489007	F32.9
35491000119107	J98.4
35493001	L30.8
35494007	R29.4
3551000119109	H90.11
35554008	D68.1
355548531000119104	Z95.4
35604006	P29.38
35620001	A93.1
35635000	G54.2
35728003	I42.5
35745008	R19.8
35778001	D51.1
35850006	E30.0
35928006	I20.9
359553002	I77.3
359565003	R82.1
359653006	K90.1
359662008	A08.0
359664009	K52.9
359721009	D68.021
359723007	D65
35974005	B45.8
3598000	H33.019
359811007	B04
359871001	Z41.1
359873003	Z41.1
360068000	T30.0
36018006	C56.9
36031001	R20.8
360369003	E72.9
360371003	I50.1
360414000	L57.4
360421000	B74.4
360430008	Q10.3
360436002	Q43.1
360447009	Q50.5
360465008	I42.1
360470001	J39.8
360500002	Q78.2
360507004	Q77.3
360517009	B60.8
360554000	E46
360579002	E88.09
360589003	E88.09
360607009	E88.89
360763000	E88.89
360800009	E88.89
360804000	E88.89
360822002	E75.26
360866000	E88.89
360979008	E88.89
360987009	E88.89
361001004	E88.89
361026008	E88.89
361036000	E88.89
361096002	O90.0
361116004	E23.0
361123003	G40.209
361124009	E06.3
361126006	E06.3
361128007	E21.1
361138002	R00.9
361150008	F13.231
361209006	D69.2
361211002	L10.0
361213004	Q74.2
361266001	Q18.6
361275004	R27.8
361276003	R48.2
361277007	R48.2
361280008	N94.6
36133000	Q20.9
36193003	Q87.2
36221001	I10
36251000146104	K55.8
36291005	K08.9
362968007	N50.9
362984008	Q99.9
362986005	D89.89
363018007	L76.82
363028003	Q28.9
363031002	Q89.9
363062003	L98.9
363088000	D72.89
363089008	P05.2
363094008	R68.89
363101005	F19.939
363103008	E34.9
363128000	E34.9
363132006	K92.9
363135008	D75.9
363163005	M60.09
363164004	M65.19
363181008	R69
363190001	I89.9
363203000	E88.9
363222009	P94.0
363227003	D48.7
36323001	O08.2
363236004	P96.89
363286005	N28.9
363287001	I12.0
363288006	R69
363295002	R69
363296001	R69
363338001	N39.8
363397008	C11.0
363517008	C68.9
363627009	Q89.2
36363000	J98.09
36366008	P01.3
363682000	P02.20
36386007	Z65.8
364006	I50.1
364738009	Z37.9
364746005	O80
364755008	Z34.90
364774000	K13.79
364877003	R29.898
364899006	R29.898
36491000119101	J38.6
364924009	R26.89
364925005	R26.89
364935004	Z73.89
364949008	R29.898
364996000	R94.138
365041002	R41.841
365106003	R26.89
365108002	R26.89
365138008	Z73.89
365186001	R45.89
365210009	Z73.89
365285007	Z73.89
365286008	Z73.89
365394004	Z73.89
365438003	R19.5
365440008	R19.5
365461001	Z55.3
36547009	P01.7
365484008	R45.89
365501000	Z59.19
365503002	Z59.2
36558000	P04.3
365587003	Z21
365593006	Z21
365600008	R76.0
365613002	R89.8
365616005	R71.8
365618006	Z13.0
365630000	D72.820
365632008	R79.89
365658008	R82.4
365679008	R19.5
365692006	R89.5
365706007	R89.5
365707003	R89.5
365708008	A23.9
365726006	R41.89
365737007	R41.89
365748000	R41.89
365749008	R78.9
365750008	Z51.81
365753005	R82.5
365761000	R79.89
365762007	R79.9
365769003	R94.5
365771003	R74.8
365779001	R89.1
365788005	R89.8
365793008	R79.89
365794002	E78.00
365807009	R77.1
365812005	R73.09
365814006	F79
365817004	R82.998
365823009	R79.89
365825002	R46.1
365855009	R89.7
365866002	Z21
365873007	F64.0
365884000	G11.9
365917003	R41.3
365922003	R41.89
365928004	F60.7
365936008	R44.8
365944008	F63.3
3660008	G52.1
36601008	Q78.5
366013008	H05.219
366018004	H21.529
366019007	H40.069
36603006	H02.519
366035000	H26.9
366036004	H26.9
366074007	H53.30
366081000	H51.9
366092004	Z01.00
366111008	R29.898
366112001	Q30.2
366113006	R09.89
366117007	J34.89
366120004	Q32.1
366145001	R06.89
366148004	R94.2
366149007	R94.2
366163001	I87.8
366188009	R94.39
366189001	R94.39
366204000	Z95.5
366206003	R09.89
366220005	K00.0
366222002	Z01.20
366229006	K03.7
366230001	K13.79
366237003	K02.9
366265001	N32.89
366271007	N36.8
366277006	R39.13
366302003	N85.4
36631002	K42.9
366317004	F52.32
366330003	O43.899
366335008	O41.8X90
366343003	Z37.9
366356005	F10.10
366357001	Z72.89
366359003	E67.8
366360008	E67.8
366361007	E87.1
366363005	E87.6
366364004	E63.9
366374001	M26.69
366458007	M95.4
366459004	Q77.2
366467007	M21.729
366468002	M95.8
366470006	M89.8X8
366501009	M25.319
366504001	R29.898
366519000	M25.322
366543002	M25.339
366549003	Q68.1
366550003	M25.349
366554007	M20.009
366555008	M25.341
366558005	M21.80
366559002	M21.859
366581007	M24.859
366582000	R29.898
366593003	R29.898
366594009	R29.898
366598007	M23.8X9
366599004	M23.8X9
366600001	M23.309
366615000	M25.673
366616004	M25.373
366617008	M25.373
366618003	M25.373
366619006	M25.373
366620000	M25.373
366633006	M25.376
366644003	M25.376
366646001	M25.376
366656002	Q84.2
366660004	L65.8
366671003	M21.90
366716005	M25.80
366718006	R29.898
366721008	M25.9
367011000119109	N02.9
367081000119103	N36.8
367161000119106	E03.8
367221000119105	E04.1
367335002	M21.519
367360002	H40.89
36746002	K65.8
367462009	Q67.0
367474008	K26.9
367481000119108	R39.2
367484009	L56.4
367495003	Q43.1
367504009	A56.11
367511000119101	N07.5
367522007	L30.3
367523002	K13.0
367528006	E85.0
36753006	A28.0
367537006	L51.2
367551000119100	N07.3
367671000119108	N30.41
3677008	Z55.8
367961000119108	N35.011
36799008	D55.1
368051000119109	E11.9
3681008	I80.8
36811000119108	Z30.2
36823005	Z78.9
368341000119109	E89.41
368461000119103	N18.5
36871005	Q86.8
368931000119104	N06.5
36941000119103	M13.0
369451000	C61
369453002	C55
369454008	C52
369455009	C78.5
369456005	C78.5
369457001	C78.5
369458006	C78.5
369459003	C78.5
369460008	C78.5
369461007	C78.5
369464004	C67.9
369467006	C79.19
369468001	C79.19
369469009	C54.8
369476004	C79.11
369482001	C79.11
369483006	C61
369484000	C79.82
369486003	C79.82
369489005	C67.9
369492009	C79.82
369493004	C67.8
369496007	C52
369499000	C52
369501008	C79.82
369504000	C67.8
369507007	C54.1
369510000	C53.8
369518007	C53.8
369519004	C53.8
369524001	C54.1
369543001	C79.82
369544007	C79.82
369545008	C79.82
369546009	C79.82
369547000	C54.1
369551003	C55
369553000	C79.82
369554006	C79.82
369557004	C79.82
369559001	C52
369562003	C79.62
369563008	C79.62
369567009	C52
369570008	C79.61
369573005	C79.61
369574004	C79.82
369577006	C79.82
369578001	C52
369580007	C53.8
369581006	C79.82
369582004	C79.82
369585002	C79.82
369586001	C79.82
369587005	C52
369589008	C79.82
369590004	C79.82
369592007	C79.82
369593002	C79.82
369594008	C67.9
369595009	C54.9
369598006	C61
369600000	C54.9
369602008	C79.9
369603003	C79.9
369604009	C79.9
369605005	C79.9
369606006	C79.9
369607002	C79.9
369608007	C79.9
369609004	C79.9
369610009	C79.82
369748008	C16.9
369793000	D07.0
369794006	C53.9
369795007	C53.9
369796008	C53.9
369797004	C53.9
369798009	C53.9
369799001	C53.9
369800002	C53.9
369801003	C53.9
369802005	C53.9
369803000	C53.9
369804006	C53.9
369805007	C53.9
369806008	C53.9
369807004	C54.1
369808009	C54.1
369809001	C54.1
369810006	C54.1
369811005	C54.1
369812003	C54.1
369813008	C54.1
369814002	C54.1
369815001	C54.1
369816000	C54.1
369817009	C52
369818004	C52
369819007	C52
369820001	C57.00
369821002	C57.00
369822009	C57.02
369823004	C57.00
369824005	C57.00
369825006	C57.00
369826007	C57.00
369827003	C57.00
369828008	C57.00
369829000	C57.00
369830005	C57.00
369831009	C57.00
369832002	C61
369833007	C61
369834001	C61
369835000	C61
369836004	C61
369837008	C61
369838003	C61
369839006	C61
369840008	C76.8
369841007	C76.8
369842000	C31.1
369843005	C11.9
369844004	C13.9
369845003	C32.1
369846002	C32.2
369847006	C31.0
369848001	C32.0
369849009	C32.0
369850009	C32.0
369851008	C76.8
369852001	C76.8
369853006	C76.8
369854000	C76.8
369855004	C76.8
369856003	C76.8
369857007	C76.8
369858002	C76.8
369859005	C76.8
369860000	C76.8
369861001	C76.8
369862008	C76.8
369863003	C76.8
369864009	C76.8
369865005	C76.8
369866006	C32.9
369867002	C32.9
369868007	C76.8
369869004	C00.9
369870003	C06.9
369871004	C76.8
369872006	C76.8
369873001	C76.8
369874007	C76.8
369875008	C80.1
369876009	C80.1
369877000	C80.1
369878005	C76.8
369879002	C76.8
369880004	C34.90
369881000	C34.90
369882007	C34.90
369883002	C34.00
369884008	C34.90
369885009	C34.90
369886005	C34.90
369887001	C34.90
369888006	C64.9
369889003	C64.9
369890007	C64.9
369891006	C64.9
369892004	C64.9
369893009	C64.9
369894003	C64.9
369895002	C50.919
369896001	C50.919
369897005	C50.919
369898000	C50.919
369899008	C50.919
369900003	C50.919
369901004	C50.919
369902006	C79.89
369903001	C79.89
369904007	C50.919
369905008	C50.919
369906009	C50.919
369907000	D05.90
369909002	C80.1
369910007	C15.9
369911006	C15.9
369912004	C80.1
369913009	C15.9
369914003	C80.1
369915002	C16.9
369916001	C16.9
369917005	C16.9
369918000	C16.9
369919008	C18.9
369920002	C18.9
369921003	C18.9
369922005	C18.9
369923000	D07.2
369924006	D07.39
369925007	D09.9
369926008	C24.9
369927004	C24.1
369928009	C24.1
369929001	C24.1
369930006	C25.9
369931005	C25.9
369932003	C25.9
369933008	C25.9
369934002	D09.0
369935001	C68.9
369936000	C67.9
369937009	C65.9
369938004	C67.9
369939007	C67.9
369940009	C66.9
369941008	C65.9
369942001	C67.9
369943006	C67.9
369944000	C67.9
369945004	C67.9
369946003	C65.9
369947007	C67.9
369948002	C67.9
369949005	C68.9
369950005	D07.69
369951009	C62.90
369952002	C62.90
369953007	C62.90
369954001	C62.90
369955000	C55
369956004	C55
369957008	C55
369958003	C55
369959006	C55
369960001	C55
369961002	C55
369962009	C55
369963004	C38.4
369964005	C38.4
369965006	C38.4
369966007	C38.4
369967003	C73
369968008	C73
369969000	C73
369970004	C73
369971000	C56.9
369972007	C56.2
369973002	C56.9
369974008	C56.9
369975009	C56.9
369976005	C56.9
369977001	C53.9
369978006	C61
369979003	C76.8
369980000	D01.9
369981001	D01.0
369982008	C22.8
369983003	C80.1
369984009	C80.1
369985005	C80.1
369986006	C80.1
369987002	C80.1
369988007	C80.1
369989004	C80.1
369990008	C80.1
369991007	C80.1
369992000	C80.1
369993005	C80.1
369994004	C80.1
369995003	C80.1
369996002	C80.1
369997006	C80.1
369998001	C80.1
369999009	C80.1
370000006	C80.1
370001005	C80.1
370002003	C80.1
370003008	C80.1
370004002	C80.1
370005001	C80.1
370006000	C80.1
370007009	C80.1
370008004	C80.1
370009007	C80.1
370010002	C80.1
370011003	C80.1
370012005	C80.1
370013000	C80.1
370014006	C80.1
370015007	C80.1
370016008	C80.1
370017004	C80.1
370018009	C80.1
370019001	C80.1
370020007	C80.1
370021006	C80.1
370022004	C80.1
370023009	C80.1
370024003	C80.1
370025002	C80.1
370026001	C80.1
370027005	C80.1
370028000	C80.1
370029008	C80.1
370030003	C80.1
370031004	C80.1
370032006	C80.1
370033001	C80.1
370034007	C80.1
370035008	C58
370036009	C58
370037000	C58
370038005	C58
370039002	C80.1
370040000	C80.1
370041001	C80.1
370042008	C80.1
370043003	C80.1
370044009	C80.1
370045005	C80.1
370046006	C19
370047002	C18.9
370061007	C79.89
370072002	C80.1
370123006	C80.1
370143000	F32.2
3703002	K45.1
370379002	O28.3
370386005	O30.90
370470002	M46.39
370473000	Q68.8
370483001	Q12.8
370487000	K52.89
370488005	K86.3
370496000	N89.8
370505008	H17.9
370514003	A04.9
370515002	A49.9
370516001	B33.8
370519008	B46.3
370525007	R60.1
370551009	I42.1
370552002	Q23.0
37057007	F45.9
370902001	R99
370903006	R99
370904000	Y69
370907007	R99
370910000	Y65.8
370911001	Y65.0
370912008	Y65.8
370913003	Y69
370916006	Y65.8
370918007	R99
370920005	R99
370922002	R99
370927008	Y09
370939000	Z96.1
370948005	H26.9
370976002	E30.1
370994008	Z86.69
371032004	I83.009
371044001	A41.9
371046004	D59.8
371051005	I80.8
371063000	R89.4
371068009	I21.9
371073003	I95.1
371080001	Q72.90
371082009	M46.99
371084005	K00.0
371093006	N39.0
371107004	P52.9
371117009	R17
371138003	Z53.8
371313002	Q04.8
371318006	B48.8
371323006	A04.4
37139009	O22.10
37141005	O75.2
371414009	N50.1
371435006	F19.11
371438008	N20.9
371481006	D48.7
371486001	D48.7
371597004	E41
37160003	A67.1
371607000	O90.2
371687002	A31.0
37171002	Q24.8
371758005	R78.9
371769008	R57.8
371770009	A49.9
371773006	Y07.9
371774000	Y07.9
371775004	Y07.9
371779005	Y07.9
37180002	J98.4
371812001	I20.9
371819005	Z95.811
371821000	Z95.0
371825009	Z99.81
371877003	Z97.8
371895000	R09.89
372050008	O99.815
372054004	O99.810
372096000	C50.929
372107001	C41.3
372112000	C34.2
372113005	C34.2
372121004	C41.3
37226004	R52
372292006	Z16.20
372310001	G95.9
37235006	P01.7
372436009	C80.1
372437000	C80.1
372441001	P90
37292007	O08.89
372934002	B48.4
372938004	M00.89
372986006	B44.9
372989004	B44.9
372994004	B44.9
373029007	A31.8
373061006	Z97.8
373074000	A31.9
373075004	A31.9
373092008	Q24.5
373093003	Q24.5
373094009	I77.2
373095005	I25.3
373096006	I25.3
373108000	Z98.61
373136005	I38
373137001	I38
373150000	C50.919
373151001	C80.1
373156006	C77.3
373157002	C77.9
373158007	C77.9
373159004	C77.3
373160009	C77.9
373161008	C77.3
373162001	C77.9
373163006	C77.3
373164000	C77.9
373165004	C77.3
373166003	C77.0
373167007	C77.9
373169005	C50.919
373170006	C50.919
373171005	C79.9
373172003	C50.919
373175001	D05.90
373176000	D05.10
373177009	D05.00
373178004	D05.90
373179007	C50.919
373180005	C50.919
373182002	C50.919
373183007	C50.919
373184001	C50.919
373185000	C79.89
373186004	C79.89
373187008	C50.919
373189006	C79.89
373190002	C50.919
373194006	Z76.89
373199001	D01.0
373200003	C18.9
373201004	D01.0
373204007	C50.919
373579002	A31.1
373582007	M71.39
373586005	Q64.9
373603008	L44.8
373605001	J33.9
373606000	I66.9
373612005	D36.9
373623009	M19.91
373627005	C34.90
373666002	Q04.3
373673007	R52
373674001	L50.8
37370005	D53.1
37372002	K92.2
373785006	R69
373812008	C80.1
373856008	R69
373901007	O04.5
373904004	R20.8
373905003	I49.8
373941003	D48.7
37415008	C56.9
3745000	G47.20
3756000	R27.8
37605006	M85.89
37632001	A15.6
37639005	Q26.2
37642004	K43.1
37649008	N71.0
377096861000119104	H20.9
37762002	P01.7
37787009	O04.7
37860001	N60.89
37891007	Q63.8
379251000112106	E63.8
37981000119106	R23.8
37981002	B44.1
38059007	K64.9
38116000	Q05.9
38175008	R43.2
38176009	O08.83
38209007	Q04.8
38226001	Z78.9
3827008	I72.8
38297003	M86.68
38307006	L02.429
38331001	O21.2
38360005	L40.1
38376001	F51.05
38467009	L67.8
384687009	D05.90
384703004	D05.90
384704005	D05.90
384748000	C80.1
384749008	C34.90
384750008	C80.1
384751007	C80.1
384753005	C34.90
384754004	C34.90
384755003	C34.90
384756002	C34.90
38495009	E87.6
384983005	C61
384984004	C61
384985003	C61
384986002	C61
384987006	C61
384988001	C61
384989009	C61
384990000	C61
385301007	C21.1
385302000	C21.1
385303005	C21.1
385304004	C21.1
385306002	C21.1
385307006	C21.1
385308001	C21.1
385316005	C16.9
385317001	C16.9
385318006	C16.9
385319003	C16.9
385320009	C16.9
385321008	C16.9
385322001	C16.9
385323006	C16.9
385324000	C16.9
385325004	C16.9
385326003	C16.9
38534008	O74.0
385380006	C80.1
385382003	C80.1
38541002	K12.2
385415005	C21.1
385479009	J40
385510003	T30.4
385511004	T30.0
385525003	K43.9
3859001	T75.89XS
386120007	Q52.4
386125002	Z97.8
38628009	Z72.52
38632003	Q38.8
38651009	P84
386615006	Z78.9
386635007	E25.8
386636008	Z78.9
386657000	Q10.3
386659002	C44.111
386665002	Z01.00
386675004	F52.8
386713009	R82.998
386782008	R45.89
386798001	F34.0
386816005	F34.9
386817001	F98.9
38682008	L81.7
38719000	A05.1
38729007	J70.8
387788000	L50.4
387840005	D48.7
38784004	O04.84
387891008	D43.3
387893006	D49.7
387927001	D44.9
38801001	G52.2
38835003	Z87.898
388871003	D32.9
38905006	O04.7
389161008	Q79.8
389163006	Q77.9
389166003	Q87.0
389168002	Q74.8
38919006	Q16.1
389197004	Q78.8
389199001	Q79.8
389260001	Q77.8
389263004	Q77.3
389264005	Q78.4
389272007	D48.0
389273002	K06.1
389276005	Q74.1
3899003	K38.8
38996000	K64.9
3900008	G60.0
39002001	A68.9
39034005	K08.109
390803003	Z01.00
390804009	Z01.00
390805005	Z01.00
390806006	Z01.00
390854003	E11.311
39087005	B34.8
390916004	R01.2
390918003	N50.89
390919006	N50.89
39092007	N94.89
390922008	Z53.20
390923003	Z53.20
390924009	Z53.20
390926006	Z13.818
390928007	R23.8
390934000	Z63.4
390968006	L98.8
390987000	Z12.39
390989002	N95.8
391075000	R93.7
391082001	R93.6
391099000	F80.9
391109009	Z76.89
391148009	Z11.51
391155006	Z91.89
391159000	Z76.89
391168003	R21
391181005	R99
39157001	G83.9
39205007	K86.1
392280004	O70.9
39244004	I31.9
39246002	O04.87
39272006	L67.9
3928002	A92.8
39333005	O80
39355002	E87.0
393566004	D32.9
39403002	E88.89
39406005	Z33.2
39426009	B87.1
39435002	R00.8
394616008	R26.81
394671009	E13.621
394672002	E13.621
394675000	E13.621
394677008	R59.0
394679006	R25.2
394680009	R25.2
394681008	E13.621
394682001	E13.621
394687007	R45.851
394715003	J35.8
394824001	Z76.89
394825000	Z76.89
394826004	Z76.89
394827008	Z76.89
394829006	Z92.89
394878001	R06.89
394879009	R06.89
394880007	R06.89
394881006	R06.89
394886001	Z13.6
394887005	Z03.89
394908001	Z76.89
394920009	Z76.89
394966004	Z13.83
394967008	Z13.83
394988004	Z03.6
395013008	Z76.89
395014002	Z76.89
395017009	F41.0
395023004	Z76.89
395047006	Z78.9
395050009	Z78.9
395051008	Z76.89
395080004	R20.8
395122007	R21
395149007	R20.1
395150007	R20.8
395163001	R68.89
395182005	R68.89
395186008	Z00.111
395210000	E46
395502002	D43.3
395505000	D43.3
395507008	P07.30
395520006	I31.9
395553001	C79.89
395681004	Z76.89
395688005	G44.1
395705003	D01.0
395706002	C18.9
395707006	C18.9
395708001	C18.9
395709009	C18.9
395710004	C18.9
395711000	C18.9
395712007	C18.9
39591000119109	E23.0
396082002	C64.9
396084001	C64.9
396085000	C64.9
396086004	C64.9
396087008	C64.9
396088003	C64.9
396089006	C64.9
396090002	C64.9
396091003	C64.9
396092005	C64.9
396093000	C64.9
396094006	C24.1
396095007	C24.1
396096008	C24.1
396097004	C24.1
396098009	C24.1
396099001	C22.8
396100009	C22.8
396101008	C22.8
396102001	C22.8
396103006	C22.8
396152005	R86.8
396198006	C61
396213006	C64.9
396223002	N80.8
396228006	L85.9
39626000	M99.04
396283000	C53.9
396284006	J18.1
396287004	C53.9
396288009	C53.9
396289001	C53.9
396290005	C53.9
396291009	C53.9
396292002	C53.9
396294001	C53.9
396297008	C53.9
396298003	C53.9
396299006	C53.9
396300003	C53.9
396301004	C53.9
396302006	C53.9
396303001	C54.9
396312004	C54.9
396313009	C54.1
396314003	C54.9
396315002	C54.9
396316001	C54.9
396317005	C54.9
396318000	C54.9
396319008	C54.9
396320002	C54.9
396321003	C54.9
396322005	C54.9
396323000	C54.9
396335001	K81.0
396343006	L08.9
396349005	L53.9
396350005	L26
396369000	D03.9
396370004	C43.9
396371000	C43.9
396372007	C43.9
396373002	C43.9
396374008	C43.9
396375009	C43.9
396376005	C43.9
396377001	C43.9
396378006	C43.9
396379003	C43.9
396380000	C43.9
396381001	C43.9
396382008	C43.9
396383003	C43.9
396384009	C43.9
396385005	C43.9
396386006	C43.9
396387002	C43.9
396388007	C43.9
396389004	C43.9
396390008	C43.9
396391007	C43.9
396392000	C43.9
39648006	G03.8
396493009	C44.90
396494003	C44.90
396495002	C44.90
396496001	C44.90
396497005	C44.90
396498000	C44.90
396499008	C44.90
396500004	C44.90
396502007	C44.90
396503002	C44.90
396504008	C44.90
396506005	C44.90
396507001	C44.90
396508006	C44.90
396566008	C10.9
396567004	C10.9
396569001	C10.9
396570000	C10.9
396571001	C10.9
396572008	C10.9
396573003	C00.9
396574009	C00.9
396575005	C00.9
396576006	C80.1
396577002	C00.9
396578007	C00.9
396579004	C06.9
396580001	C00.9
396581002	C13.9
396582009	C11.9
396583004	C11.9
396584005	C11.9
396585006	C11.9
396586007	C11.9
396587003	C11.9
396588008	C11.9
396589000	C13.9
396590009	C13.9
396591008	C13.9
396592001	C13.9
396593006	C13.9
396594000	C32.1
396595004	C32.1
396596003	C32.1
396597007	C32.1
396598002	C32.1
396599005	C32.1
396600008	C32.0
396601007	C32.0
396602000	C32.0
396603005	C32.0
396604004	C32.0
396605003	C32.0
396606002	C32.0
396607006	C32.0
396608001	C32.2
396609009	C32.2
396610004	C32.2
396611000	C32.2
396612007	C32.2
396613002	C32.2
396614008	C31.0
396615009	C31.0
396616005	C31.0
396617001	C31.0
396618006	C31.0
396619003	C31.0
396621008	C30.0
396622001	C30.0
396623006	C30.0
396624000	C30.0
396625004	C30.0
396626003	C30.0
396630000	D09.9
396632008	C76.8
396633003	C76.8
396634009	C76.8
396635005	C76.8
396636006	C76.8
396637002	C11.9
396638007	C11.9
396639004	C11.9
396640002	C11.9
396641003	C11.9
396648009	C08.9
396650001	C08.9
396651002	C08.9
396653004	C08.9
396657003	C08.9
396658008	C08.9
396667008	C67.9
396668003	D09.0
396669006	C67.9
396670007	C67.9
396671006	C67.9
396672004	C67.9
396673009	C67.9
396674003	C67.9
396675002	C67.9
396676001	C67.9
396677005	C67.9
396678000	C67.9
396679008	C67.9
396680006	C67.9
396681005	C65.9
396682003	C65.9
396683008	C66.9
396684002	C65.9
396727002	D07.69
396728007	C62.90
396729004	C62.90
396730009	C62.90
396731008	C62.90
396732001	C62.90
396733006	C62.90
396734000	C62.90
396735004	C62.90
396736003	C62.90
396779001	I70.8
396780003	Z51.11
396797009	C25.9
396798004	C25.9
396799007	C25.9
396800006	C25.9
396801005	C25.9
396802003	C25.9
396803008	C25.9
396886003	C25.4
396922003	D48.2
396923008	D48.2
396924002	D48.2
396925001	D48.2
396961006	C69.20
396962004	C69.20
396963009	C69.20
396964003	C69.20
396965002	C69.20
396966001	C69.20
396967005	C69.20
396968000	C69.20
396969008	C69.20
396970009	C69.20
396971008	C69.20
396972001	C69.20
397012002	Q82.2
397026006	C15.9
397029004	C15.9
397030009	C15.9
397031008	C15.9
397032001	C15.9
397033006	C15.9
397036003	C15.9
397037007	C15.9
397038002	C15.9
397039005	C15.4
397040007	C15.4
397041006	C15.4
397042004	C15.4
397043009	C15.4
397044003	C15.4
397058001	C17.9
397059009	C17.9
397088005	C17.9
397089002	C17.9
397090006	C17.9
397091005	D09.9
397092003	C23
397093008	C23
397094002	C23
397095001	C23
397096000	C23
397097009	C23
397098004	C23
397101000	C52
397102007	C52
397103002	C52
397104008	C52
397105009	C52
397106005	C52
397107001	C52
397120003	C51.9
397121004	C51.9
397122006	C51.9
397123001	C51.9
397124007	C51.9
397125008	C51.9
397126009	C51.9
397127000	C51.9
397146004	C24.0
397147008	C24.0
397148003	C24.0
397149006	C24.0
397150006	C24.0
397213002	C61
397214008	C61
397215009	C61
397317003	C56.9
397360007	C54.9
397367005	C52
397368000	C52
397369008	C52
397370009	C51.9
397371008	C51.9
397372001	C51.9
397373006	C51.9
397374000	C51.9
397375004	C51.9
397385003	C45.9
397386002	C45.9
397387006	C45.9
397388001	C45.9
397389009	C45.9
397390000	C45.9
397391001	C45.9
397392008	C45.9
397393003	C45.9
397428000	A36.9
39745004	G40.101
397465003	C45.9
397470005	C55
397471009	C55
397472002	C55
397473007	C58
397474001	C58
397489005	C56.9
397490001	C56.9
397491002	C56.2
397492009	C56.9
397493004	C56.9
397494005	C56.9
397495006	C56.9
397496007	C56.9
397497003	C56.9
397498008	C56.9
397499000	C56.9
397500009	C56.9
397501008	C56.9
39755000	K26.3
397565001	B60.8
397567009	B30.9
397578001	Z98.2
397614000	Z12.82
39763004	O28.1
397657005	Z12.79
397675006	Z76.89
397682005	Z12.79
397709008	R99
397710003	Z53.20
397715008	Z12.9
397734008	G60.8
397745006	Z53.09
397773008	Z53.09
397777009	I45.9
397786004	N81.10
397812003	N81.5
397830005	Q24.8
397841007	R00.1
397843005	K63.9
397856003	M35.1
397868007	Q44.5
397917005	Z99.11
397921003	I45.9
397933008	J95.850
39795003	C96.5
397976005	Z76.89
398028009	D22.9
39804004	O02.9
398042001	G97.41
398049005	M35.1
398066007	F99
39809009	F33.8
398106007	G98.8
398132001	K40.90
398133006	Z76.89
398137007	R74.8
398140007	E16.2
398147005	Q34.8
398151007	M62.89
398177004	K25.9
398199007	M87.9
398222003	A27.0
398232005	Z76.89
398256009	A80.9
398273006	B30.3
398274000	I21.9
398327006	A80.9
398557001	A48.8
398599000	A21.3
398632002	R20.1
398637008	Z01.00
398652001	R55
398696001	D22.9
398723007	D22.9
398744007	L81.4
398795009	Q83.8
398819009	E11.59
398871001	R23.8
398884005	G97.1
399046008	Q20.3
39907005	B88.8
399095008	A69.1
399096009	M46.99
399102002	L01.03
399126000	E83.110
399134006	L21.9
39914007	H54.3
399189009	K22.5
399250008	Z76.89
399257006	N95.8
399283001	Q31.3
399305009	H26.9
399343007	D35.9
399378007	C57.00
399393006	C73
399397007	C69.40
399400003	C08.9
399404007	C57.00
399410007	C57.00
399413009	C73
399425007	C57.00
399439007	C73
399446003	C73
399448002	C69.40
399452002	C15.9
399454001	C57.00
399461002	C69.40
399474008	C69.40
399478006	C57.00
399481001	C73
399493005	C69.40
399501001	C69.40
399505005	D12.6
399508007	C73
39951000119105	F84.8
399511008	C69.40
399516003	C69.40
399518002	C73
399519005	C69.40
399543008	C69.40
399553009	C67.9
399557005	C69.40
399575006	C73
399579000	C80.1
399594001	C15.9
399597008	C69.40
399602001	C69.40
399610000	C69.40
399615005	C69.40
399616006	C69.40
399621009	C57.00
399623007	C73
399636007	C57.00
399641004	C57.00
399674004	C69.40
399678001	C57.00
399679009	C69.40
399690004	C57.00
399691000	Q44.5
399696005	C57.00
399697001	C57.00
399704006	C73
399729000	C69.40
399736004	C57.02
399749009	C57.00
39980005	Z78.9
399880005	D22.9
399885000	L85.1
399906000	Q85.9
399915007	L98.8
399918009	L74.9
399929008	D04.5
399937000	L85.8
399946006	L98.8
399948007	Q82.8
399956005	D48.9
399965003	D18.01
399979006	L90.9
399982001	Q27.9
399990001	D28.0
400005007	L30.9
400009001	L30.8
400017009	Q28.8
400020001	B02.8
400028008	L98.8
400037008	L98.8
400051008	L30.9
400054000	M05.29
400055004	D48.9
400063003	D48.5
400067002	D22.9
400077000	L60.3
400117007	L98.9
400128006	L98.9
400129003	D48.4
400142003	D22.9
400161004	T30.4
400167000	T30.4
400188009	L98.9
400195000	L23.9
400197008	D23.9
400206003	Q85.9
400211001	L60.5
40028009	C22.1
4003003	A94
4004009	Q89.7
40096002	O33.0
400965007	Q13.2
400966008	H49.9
400985006	Z74.8
400996003	R39.89
401005004	Z97.8
401010000	R45.82
401017002	Z76.89
401045008	Q04.3
401051003	I77.1
40113007	N72
401172002	Z87.2
401175000	G47.9
401178003	G40.909
401181008	L70.0
401202005	Z53.20
401203000	R29.898
401204006	Z13.41
401227003	L81.9
401232002	Z72.89
401247006	I25.10
401248001	I25.10
40125005	O85
401268007	Z03.89
401303003	I21.9
401305005	Z76.89
40156002	Z39.2
40158001	Q82.8
40172005	I51.9
40193008	Q27.8
40199007	Z78.9
402121009	B00.9
402122002	B25.9
402129006	B47.1
402135006	B36.8
402140003	B82.0
402141004	B55.2
402158009	B88.9
402161005	L98.8
402166000	L57.9
402167009	L56.8
402168004	L56.0
402171007	Z88.9
402172000	L56.8
402173005	L56.0
402174004	L56.8
402175003	L56.0
402180007	L98.8
402185002	L30.8
402202008	L21.8
402210009	L21.8
402211008	L21.8
402212001	L30.5
402217007	L30.8
402219005	L30.8
402225009	L30.8
402231007	L25.9
402236002	L30.9
402237006	L28.0
402247009	Z88.8
402248004	L43.2
402260003	L24.4
402263001	L24.0
402265008	L24.1
402268005	L24.5
402269002	L24.5
402270001	L24.89
402274005	L24.9
402283000	L30.8
402285007	L24.9
402286008	L24.9
402287004	L24.9
402299006	L98.8
402307000	L40.8
402308005	L41.3
402314003	L40.8
402315002	L40.8
402328009	L40.1
402335001	L40.8
402338004	N76.0
402339007	L60.3
402340009	L44.0
402341008	L73.8
402343006	L85.9
402344000	L85.8
402347007	R23.4
402351009	L43.8
402360001	P02.3
402372007	D86.3
402377001	N49.2
402403000	L50.9
402406008	L50.9
402411005	L50.5
402412003	L50.5
402414002	L50.8
402415001	L50.8
402418004	L53.0
402427003	M06.39
402435000	L10.0
402462008	E85.4
402465005	E03.8
402466006	E03.8
402472006	E78.5
402478005	E75.5
402480004	L55.9
402483002	D81.819
402489003	E83.59
402537005	C79.9
402557009	D03.8
402559007	C43.9
402561003	C43.9
402563000	C43.9
402565007	B08.8
402566008	L30.9
402567004	L30.1
402568009	L30.8
402570000	L30.8
402571001	L30.8
402573003	L25.9
402574009	L25.9
402576006	Z88.8
402578007	L24.0
402580001	L24.1
402583004	L24.9
402585006	L30.4
40259002	G11.8
402591008	Z91.09
402592001	Z88.9
402593006	Z88.9
402594000	Z91.09
402595004	Z91.09
402609009	Q82.8
402612007	L81.4
402613002	L81.4
402615009	L81.8
402616005	L81.4
402617001	L81.8
402619003	L81.9
402620009	L81.9
402623006	L81.8
402625004	Q84.6
402626003	L60.3
402627007	L60.9
402628002	L60.3
402629005	L60.9
402639004	L65.8
402640002	L67.0
402641003	L70.9
402643000	R21
402651002	I73.9
402655006	M31.8
402656007	M31.8
402657003	M31.9
402659000	M31.9
402661009	D48.9
402663007	I77.6
402664001	L95.8
402671006	I89.0
402673009	I89.0
402679008	L90.9
402680006	L90.5
402681005	Q82.8
402682003	Q82.8
402683008	L98.8
402691004	M79.3
402711009	L93.0
402715000	L90.0
402724009	E75.5
402729004	E64.9
402741006	G60.9
402742004	G58.9
402746001	I78.8
402750008	L13.9
402751007	L98.9
402760004	L56.8
402761000	L58.9
402762007	L98.9
402765009	L98.9
402769003	Q82.8
402770002	Q80.0
402771003	Q80.1
402773000	L85.1
402775007	L60.8
402776008	L60.8
402777004	L81.4
402778009	Q82.1
402779001	L81.8
402781004	Q81.9
402783001	Q82.8
402786009	E78.6
402788005	E75.6
402789002	L98.9
402794002	D72.0
402806000	L81.8
402810002	Q18.2
402812005	L57.0
402814006	C21.8
402816008	C76.3
402829008	D18.1
402830003	D18.1
402832006	I87.8
402837000	I78.1
402845005	R23.1
402846006	R23.1
402855009	M31.8
402857001	B00.9
402859003	M31.9
402862000	L97.909
402869009	L98.8
402877008	D48.7
402897003	B02.8
402898008	B02.8
402901009	K13.3
402910001	A63.0
402911002	A63.0
402913004	D48.7
402918008	A98.0
402919000	A98.0
402920006	D69.8
402921005	L73.9
402922003	L73.9
402926000	P39.4
402938009	L08.9
402963009	A01.09
402964003	A01.4
402966001	A41.9
402971008	A49.3
402978002	A31.8
402985003	B47.1
402987006	B47.1
402991001	A42.2
403003001	B35.0
403009002	B35.0
403011006	B35.0
403026008	B35.4
403030006	B35.4
403033008	B35.4
403057008	B35.3
403058003	B35.1
403067003	B35.9
403068008	B35.8
403069000	B35.9
403070004	B35.8
40307005	R43.8
403071000	B35.8
403072007	B35.8
403073002	B35.9
403074008	B35.8
403076005	B35.8
403077001	B35.8
40308000	M85.89
403081001	B35.8
403083003	B35.8
403084009	B35.8
403087002	B35.8
403097006	B35.1
403111009	B42.1
403116004	B47.1
40312006	I31.9
403121001	B47.0
403154004	L98.8
403156002	L98.9
403157006	L25.8
403161000	L98.8
403162007	B85.2
403167001	L98.8
403171003	L84
403175007	L13.8
403179001	L81.8
403183001	L81.8
403184007	L81.8
403185008	L81.8
403195001	T30.0
403196000	L60.1
403209006	L28.2
403210001	L28.2
403212009	L51.1
403213004	L51.9
403214005	L51.2
403215006	L51.3
403219000	L81.8
403257000	L81.8
403258005	L81.4
403259002	L81.4
403261006	L81.8
403262004	L81.8
403274000	L81.8
403277007	L81.9
403278002	L81.9
403284004	L60.3
403287006	L60.9
403288001	L60.8
403297002	R68.3
403300007	L60.3
403305002	L60.8
403312006	L68.8
403315008	L68.9
403317000	L68.0
403320008	L63.9
403322000	L63.9
403323005	L63.9
403324004	L63.9
403340001	L73.9
403342009	L67.1
403351001	L70.8
403361008	L70.8
403364000	L70.8
403365004	L71.9
403394006	L85.1
403396008	L90.5
403400008	Q82.8
403401007	Q82.8
403402000	L98.8
403404004	Q82.8
403408001	M36.8
403417001	E21.3
403427007	L98.8
403429005	H61.309
403430000	H61.119
403448009	K12.1
403452009	K14.0
403453004	K14.0
403472004	N48.5
403481005	M35.2
403482003	L98.9
403485001	C21.0
403487009	M32.8
403491004	M32.8
403494007	L93.2
403502003	M32.8
403505001	M32.9
403508004	I78.1
403515007	L81.4
403516008	I78.8
403520007	M34.0
403524003	L98.8
403537000	L81.4
403540000	D22.9
403541001	I78.1
403542008	Q85.9
403548007	Q84.8
403550004	Q84.8
403558006	D36.9
403559003	Q06.8
403562000	Q69.9
403566002	N48.0
403575000	L29.9
403590001	L98.1
403603000	L98.9
403606008	L27.0
403611005	L27.1
403612003	L27.0
403613008	L27.1
403617009	L27.0
403618004	R23.2
403624005	L27.1
403625006	L56.3
403633007	L13.8
403634001	M35.4
403636004	K12.1
403646002	L90.9
403653006	L90.9
403654000	L90.9
403655004	L71.0
403658002	L98.9
403660000	I96
403667002	L24.4
403670003	L94.8
403671004	L90.8
403675008	L98.9
403677000	L76.82
403679002	L90.5
403692004	L81.6
403693009	L81.4
403696001	L90.5
403697005	L81.9
403699008	L81.8
403703006	K94.19
403704000	L98.9
403705004	L98.9
403708002	I78.1
403710000	Y84.8
403717002	L59.8
403718007	L56.0
403719004	L70.8
403720005	L59.8
403723007	L81.6
403724001	I78.1
403725000	K12.33
403726004	L59.8
403731002	L98.9
403732009	L59.8
403735006	M35.9
403749002	R23.8
403750002	L98.9
403754006	L98.9
403758009	Q93.2
403763008	Q84.8
403765001	Q82.5
403769007	Q87.0
403771007	Q82.8
403773005	Q87.0
403778001	Q77.3
40379007	F33.2
403791000	Q82.8
403797001	Q84.9
403800004	L60.8
403807001	Q91.7
403822006	L81.3
403824007	Q82.8
403833009	E85.0
403842002	B95.5
403844001	B96.5
403845000	P39.4
403849006	P12.9
403855001	Q74.0
403872008	L57.0
403901001	C80.0
403920004	C43.9
403952004	D48.5
403953009	D48.5
403962006	D18.01
403971002	D23.9
403972009	D18.01
403973004	D18.09
403981003	D48.9
403991009	D23.9
403999006	D21.9
404013002	C49.9
404038007	C49.9
404039004	C49.9
404041003	C47.9
404049001	D21.9
404050001	D21.9
40405003	O04.89
404070007	C49.9
404074003	L94.2
404075002	L94.2
404080006	C49.9
404081005	D48.7
404090003	C76.0
404096009	L72.0
404099002	L98.9
404145009	C83.30
404148006	C83.30
404163009	D76.3
404166001	D76.3
404180008	C65.9
404181007	C57.00
404182000	C53.9
404189009	Y07.9
40421000119104	N13.8
404503003	R89.5
404526005	R89.5
404663008	D48.9
40467008	D22.9
404692007	Q13.2
404808000	J68.8
404809008	R68.89
404810003	D44.9
404903008	Z76.89
404906000	R41.0
40492006	N31.9
40500006	O04.84
40504002	P83.9
405246007	N49.8
405254009	R29.0
405499004	Z76.89
405502000	Z76.89
405503005	Z76.89
405533003	Z78.9
405536006	Z76.89
405541003	R04.2
405560005	I25.3
405568003	I72.4
405569006	J70.0
405570007	J70.1
405573009	N13.8
405580006	I77.0
405581005	E87.6
405582003	K65.8
405583008	I77.9
405585001	I77.2
405591004	I72.1
405629002	E03.9
405634003	P39.8
405647008	Z91.89
405648003	Z91.89
405695004	Z76.89
405720007	J40
405721006	H35.40
405731004	B34.9
405740000	R74.8
405778003	Z76.89
405847005	Z67.90
405848000	Z67.90
405849008	Z67.90
405852000	Z67.90
405853005	Z67.90
405947006	R25.2
405948001	R29.1
405949009	R29.1
405950009	J85.2
405992004	C56.9
406001009	C10.9
406010001	Z11.59
40603000	L02.92
406088001	C80.1
406089009	C80.1
406090000	C80.1
406091001	C80.1
406092008	C57.00
406110003	R89.4
406111004	R89.4
406112006	R89.4
406113001	R89.4
406118005	Z11.59
406136005	Z03.6
40627003	Q24.5
406428006	Q24.8
406530005	Z76.89
406567002	B38.9
406572006	A79.9
406574007	A49.1
406575008	A49.1
406579002	B00.4
406582007	A48.8
406584008	K75.9
406585009	B17.8
406586005	B00.9
406587001	B39.9
406595002	B96.0
406597005	B34.8
406612005	A49.1
406614006	A49.1
406622004	A49.9
406623009	A48.8
406625002	A48.8
40694003	Q55.29
4070001	F91.9
40720005	G93.0
407356007	B33.8
407374003	F65.1
407457004	B33.8
407500007	B33.8
407505002	B33.3
407551001	L65.9
407558007	R20.8
407562001	R20.8
407566003	Z76.89
407567007	Z76.89
407568002	Z76.89
407569005	Z76.89
407570006	Z76.89
407585000	Z86.69
40759001	B81.8
407614003	Z76.89
407616001	G40.909
407618000	R56.9
407619008	R56.9
407620002	R56.9
407624006	Z03.89
407625007	Z13.858
407639007	R09.89
407641008	R09.89
407653007	Z76.89
407662009	Z53.8
407666007	G47.8
407673002	Z93.9
40781006	E23.0
40788000	H11.30
4081000175109	Z92.29
408295008	Z01.00
408296009	Z01.00
408297000	Z01.00
408298005	Z01.00
408299002	Z01.00
408300005	Z01.00
408301009	Z01.00
408302002	Z01.00
408303007	Z01.00
408304001	Z01.00
408305000	Z01.00
408306004	Z01.00
408307008	Z01.00
408308003	Z01.00
408309006	Z01.00
408310001	Z01.00
408312009	H35.00
408316007	H54.62
408317003	H54.62
408320006	H54.61
408321005	H54.61
408322003	H54.61
408323008	Z01.00
408324002	Z01.00
408325001	Z01.00
408326000	Z01.00
408327009	Z01.00
408328004	Z01.00
408329007	Z01.00
408330002	Z01.00
408331003	Z01.00
408332005	Z01.00
408333000	Z01.00
408334006	Z01.00
408336008	Z53.20
408337004	Z13.79
408338009	Z03.89
408357000	Z76.89
408364003	Z76.89
408367005	Z91.138
408368000	Z76.89
408377007	Z76.89
408378002	Z76.89
408404002	Z00.8
408411003	E11.3591
408412005	E11.3599
408413000	E11.3599
408414006	E11.3592
408418009	J39.8
408504000	Z53.8
408506003	Z76.89
408510000	Z75.2
408536007	Z51.81
408537003	Q89.7
408539000	E34.8
408569007	Z53.20
408662006	M89.08
408679000	J18.9
408686008	B34.0
408708000	Z95.5
408751001	G58.9
408780005	O41.8X90
408783007	Z36.5
408784001	Z36.5
408786004	Z53.20
408787008	Z76.89
408788003	Z76.89
408790002	Z53.20
408800002	Z53.20
408801003	Z53.20
408802005	O80
408826007	Z53.20
408830005	Z53.20
408834001	Z53.20
408836004	Z76.89
408837008	Z76.89
408841007	Z36.89
408842000	Z36.89
408843005	Z36.89
408844004	Z36.89
408856003	F84.0
409002	Z78.9
409040000	Z91.89
409041001	Z91.89
409042008	Z91.89
409043003	Z91.89
409044009	Z91.89
409045005	Z91.89
409046006	Z91.89
409048007	Z91.89
409049004	Z91.89
409050004	Z91.89
409090001	R27.8
409136006	Z88.8
40915004	F52.9
4092002	M99.88
409562009	A05.1
409586006	R68.89
409587002	R19.8
409589004	L98.9
409590008	L98.9
409624004	G83.9
409638006	Z88.1
409639003	Z88.1
409640001	Z88.1
409665004	J15.8
409692005	Z11.59
409694006	Z11.59
409705005	Z43.3
409706006	D12.6
409747009	C41.9
409748004	C41.9
409749007	C41.9
409750007	C41.9
409751006	C41.9
409752004	C41.9
409753009	C41.9
409754003	C41.9
409755002	C41.9
409758000	C41.9
409759008	C41.9
409780002	M86.19
409791009	A48.8
40980002	P14.9
409802002	A49.8
409865002	A69.1
410022000	I72.4
410040001	B47.9
410057002	G31.9
410060009	Q01.9
410067007	K00.0
4103001	G40.209
410430005	I46.9
410431009	I46.9
410468007	A53.9
410482007	H20.9
410483002	H20.9
410502007	M08.09
410793008	M08.99
410794002	M08.29
410795001	M08.00
410798004	M08.89
410799007	M08.89
410801005	M08.89
410802003	M08.99
410812005	M72.0
41083005	F10.982
41107005	B81.8
41112006	Z78.9
4113009	G91.8
41168002	P96.9
41229001	P36.9
41264005	K46.9
41271000119108	B34.9
412740002	L53.8
412767008	Z53.20
412770007	Z76.89
413093004	R29.2
413099000	D35.4
413103005	Z28.20
413104004	Z28.20
413105003	Z28.20
413106002	Z28.20
413108001	L08.9
413120009	Z53.20
413124000	Z76.89
413129005	Z76.89
413150001	R99
413166004	L98.499
413183008	E09.9
41321000119101	M54.6
413213005	K26.9
413217006	K31.9
413223001	L53.8
413233009	Z97.8
413237005	Q45.8
413241009	Z13.810
413263000	Z90.49
413264006	Z90.49
413265007	Z90.49
413266008	K91.81
413313008	Z53.20
413330005	Z65.8
413427002	E74.19
413430009	Q78.9
413566007	D61.9
41358001	Y07.9
413597006	Z71.9
4136000	Q74.2
413666003	H59.40
413846005	J44.9
413924001	H53.8
413941004	N81.4
413986001	Z53.20
413987005	Z53.20
413988000	Z53.20
413989008	Z53.20
414014001	A94
414017008	B34.8
414021001	B08.8
414022008	D75.9
414023003	P61.8
414031008	D89.9
414051007	Z76.89
414069003	I35.8
4141000119104	M72.6
414133009	Q39.6
414229005	Z71.89
414235005	B27.99
414248009	P04.9
41428006	Z18.9
414314005	K52.29
41432000	J38.5
414382000	Z91.89
414397002	K43.1
414399004	K43.9
414474001	K43.9
414477008	K43.2
414488002	A05.1
414490001	B76.8
41452004	Q51.0
414529006	A04.9
414530001	A04.9
414531002	A05.1
414543001	K43.6
41461004	D69.1
414657005	Z76.89
414666009	D32.9
414673004	Q82.1
414675006	Q50.5
414791003	D46.9
414820001	A05.1
414823004	D47.9
414824005	D47.9
414888006	R29.898
414889003	Z01.00
414890007	E11.621
414895002	Z87.2
414897005	Z01.00
414898000	Z01.00
414905008	H35.89
414906009	E11.621
414908005	E11.311
414911006	Z87.2
414913009	Z01.00
414914003	Z01.00
414918000	E66.9
414923000	K43.0
414939007	Z75.1
41495000	Q82.8
41505007	E00.9
415141001	M02.30
415149004	N93.0
415168001	N93.8
4152002	D68.4
415216000	R00.8
415252001	K43.7
415253006	K43.6
415254000	K43.9
415344002	H20.9
41552001	F30.9
41553006	J69.8
415564008	Z75.2
415574006	M66.29
415575007	M66.39
415589002	B08.8
415591005	H50.9
415593008	H50.9
415594002	K43.0
415624002	K25.9
415654007	D37.9
415655008	D37.1
415685003	Z03.6
415713009	Q05.6
415771000	K43.9
415772007	K43.2
415991003	I51.9
415993000	I51.9
416053008	D48.9
416067004	F51.8
416073003	F16.983
416097007	M99.05
416119007	R68.89
416142000	Z91.89
416178005	R23.8
416196001	F51.5
416209007	M65.99
416212005	B83.0
416241001	H30.90
416247002	R23.8
416259003	R45.89
416274001	C56.9
416289005	M99.06
416312007	Z78.9
416317001	R23.8
416328002	H21.1X2
416390003	M99.09
416443001	R45.89
416445008	R41.89
416456008	Z01.00
416498006	Z76.89
416563006	M99.05
416571005	R44.2
41659003	A49.2
416623000	A75.2
416627004	D61.9
416630006	Z76.89
416633008	Q13.3
416637009	L92.8
416672007	Z71.89
416681001	M99.05
416745009	L90.5
416753001	D48.7
416755008	Z76.89
41679006	P37.8
416792008	Q27.8
416793003	Z01.00
416796006	R25.1
416822007	M99.04
416830008	R25.2
416865008	R40.1
416871002	M99.04
416890005	F22
41690001	D68.8
416902009	D69.6
416916004	J69.1
416943009	R44.1
416956002	M13.0
416965009	Z01.00
416973000	Z76.89
416979001	Z76.89
416984007	Z78.9
416988005	R29.898
417014005	R41.89
417068000	M99.05
417080008	Z75.2
417113001	Z03.89
417130004	M99.03
41713005	I67.9
417131000	H10.89
417144005	Z76.89
417167007	D80.9
417168002	Z76.89
417172003	Z76.89
417200003	M99.05
417241008	R29.898
417256004	Z76.89
417281001	Z76.89
417294004	H16.8
417312002	Z13.6
417329004	R23.8
417360004	F16.983
417414000	M99.05
417415004	R45.87
417418002	R25.1
417452004	M99.05
417455002	M99.02
417459008	M99.05
417473004	R41.82
417490005	M99.9
417509001	R19.8
417514002	R45.89
417529000	H16.9
41753008	E25.9
417549009	M99.05
417616008	F51.8
417618009	Z78.9
417620007	R45.89
417627005	B66.8
417633001	R44.2
417661007	M99.05
417676004	F41.0
417680009	Z76.89
417681008	E11.319
41769001	Z03.89
417692009	R23.8
417731006	M99.05
417742002	D48.9
417744001	M99.05
4178006	H33.029
417891000	Z01.00
417918006	Z91.018
417960005	Z88.8
417978000	R16.1
417982003	Z91.09
417996009	I50.9
418032008	Z88.6
418048009	R23.8
418053004	R27.8
41806003	O04.84
418063007	D05.90
418078000	H51.8
418092006	J39.8
418103007	J35.1
418113004	P84
418122003	B37.1
418134006	D48.7
41816006	D68.8
418174000	Z88.1
418201002	Z01.00
418228007	R09.89
418273000	D05.90
418304008	I50.9
418319009	H26.9
418348003	R20.0
418395004	J66.8
418404007	Z76.89
418424006	R40.0
418434002	Z88.4
418473002	Z76.89
418493005	I49.8
418519005	R62.52
418533005	M24.59
418567000	H26.9
418609005	R09.89
418617002	M95.5
418624001	D05.90
418648005	R55
418737008	Z88.8
418744004	Z88.8
418748001	R58
418757007	Z03.6
418807005	M99.9
418895007	Z88.1
418916008	H16.8
418998008	H16.8
419009002	R20.8
419016001	R27.8
419033301000119102	K66.1
419034002	B33.8
419081001	Z88.9
419121001	L23.9
419226000	A92.8
419238009	Z91.048
419265002	R09.89
419310003	D18.00
419326002	H51.8
419327006	D07.0
41936006	A26.7
419449001	J18.1
419522004	Z88.1
419533001	R29.2
419543003	D05.90
419566002	H51.8
419579006	D05.90
419627003	R29.2
41964001	G70.9
419666006	Z88.9
419703006	B33.8
419723007	R41.89
419733004	Z76.89
419735006	L26
419783009	R09.89
419787005	Z88.1
419811007	Z01.00
419825008	H51.8
419869001	Z88.8
419889000	D48.7
419911008	H21.9
42004004	J69.0
420079008	A68.9
420090003	A92.8
420120006	D37.9
420123008	H26.9
420143002	D05.90
420165002	Z76.89
420234000	Z01.00
420259009	Z84.89
420281004	R21
42030000	N39.9
420513006	Z01.00
420515004	Q14.1
420554003	A81.2
420675003	H51.8
420687005	B20
42070007	O08.2
420718004	G37.9
420749009	D73.1
420790007	Z01.00
42096009	Z78.9
421000001	H04.89
421102007	D61.9
421204004	A07.8
421278000	B45.8
42131003	N94.9
421329007	Z01.01
421510000	B20
421512008	B09
421594008	L89.95
421705002	H53.8
421869004	R00.1
42200001	L70.8
422001004	H31.9
422221005	A49.8
422228004	E10.8
422286002	Z01.00
42231000009109	N12
422325003	I38
422348008	G72.3
422407006	R16.0
422510002	E88.89
422561007	M62.84
422584000	R16.0
422713003	R41.3
422761005	R45.7
422782004	C56.9
422785002	F64.9
422807001	C18.1
422840005	G93.9
422873003	G40.111
422901001	D01.7
422913006	Z62.0
42294002	O08.6
422970001	I46.9
423003009	C18.1
423055005	D01.7
423191000	I46.9
423238001	Z65.8
423306009	D69.2
423322005	N11.1
423349005	C76.0
423351009	D69.2
423356004	H53.8
423417009	M77.9
423451008	A49.8
423462008	Q28.1
423467002	D84.1
423473001	C78.6
42359007	K52.1
423595004	C79.9
423610004	C49.9
423643000	K26.9
42369001	G23.8
423810002	M77.8
423839002	Z75.4
423892009	A31.8
423893004	F52.9
423902002	D69.2
423984004	D18.1
423987006	C51.9
424045003	Q24.5
424052001	C79.9
424131007	D68.9
424190005	C80.0
424271007	G47.411
424301005	K25.9
42438004	T75.89XS
424390001	I46.9
424393004	Z65.5
42440009	G40.109
424429009	R27.8
424435009	B02.8
424452008	E34.8
424548006	D18.1
424567005	D11.7
424571008	I46.9
424573006	Z65.8
424582000	R45.7
4248008	M65.89
424819008	E88.89
424842001	D37.3
424887002	C73
424889004	Q24.1
424998002	N27.0
425008003	C18.1
425050003	Z97.8
425064003	R19.8
4251001	H44.9
425186004	M62.89
425303004	C79.9
425318003	C17.2
425327002	D21.9
42536002	O08.6
425369003	N18.9
425379001	E34.8
42538001	H91.90
425384007	D86.9
425476007	F51.9
425492002	G24.9
425505007	Z76.89
425528008	F19.981
425566006	C49.9
425601005	H90.5
425618009	A31.9
42571002	O61.9
425749006	Z85.6
425763000	R25.1
425879009	E85.4
425882004	G83.9
425940002	M70.22
425980006	H90.5
426002008	M71.22
426012001	I11.0
426014000	K12.2
426041005	F80.0
426082005	M89.8X9
426084006	A49.8
426121003	I88.8
426174008	F43.9
426177001	R00.1
426248008	Z85.6
426288003	C41.9
426300009	I42.9
426370008	Z85.6
426499004	I72.8
426554005	C49.9
426561009	C41.9
426592006	R25.8
426613005	C49.9
426616002	C41.9
426627000	R00.1
426634003	O15.9
426669001	I49.3
426704002	Z34.90
426788002	R42
426814001	G45.8
426829004	M26.69
426897009	C41.9
426917009	C41.9
426958002	E28.8
426977000	R63.4
427022004	E84.8
427056005	Z85.6
427084000	R00.0
427086003	G61.0
427089005	E84.8
427106002	K13.79
427145007	F90.8
427172004	I49.3
427178000	R25.2
427203002	D49.9
427205009	F15.10
427207001	R19.8
427209003	C41.9
427213005	I77.6
427261003	Z13.828
427296003	I63.9
427307004	N72
427359005	J98.4
427404005	L30.9
427481004	A77.49
427485008	I46.9
427495001	C49.9
427500003	M46.92
427535001	C49.9
42756003	K00.9
427565006	O76
427572007	R63.5
427586006	R46.89
427589004	Z63.4
427592000	K55.8
427640001	Z88.9
427698009	E64.9
427745001	F51.02
427766009	T30.0
427774005	I77.3
427852006	Z93.8
427883005	K65.8
427896006	J98.8
427930001	I89.0
427939000	D33.4
427964002	Z93.8
428051000124108	F03.90
428091000	N39.0
42810003	F32.2
428103008	D75.9
428105001	N83.8
428113000	Q92.8
428114006	I89.8
42812006	M70.99
428151000124107	Z13.31
428161000124109	Z13.89
42817000	E34.8
428181000124104	R45.89
428209001	R52
428213008	S06.5X9S
428217009	B25.8
428241007	P52.3
428260000	A49.1
42829009	L67.8
428301001	Z03.89
428308007	Z95.5
428359008	G58.8
428383000	D64.9
428450006	Z76.89
428454002	Z65.8
428460002	M46.94
428472008	K63.5
428507003	I77.1
428521001	A23.8
428530009	E78.6
428543009	Q38.0
428608003	R76.0
428671008	M46.96
428701004	C26.9
428748002	Z80.3
428767003	B55.1
428775009	N49.1
428875002	A49.8
428892006	E89.0
428937001	Z99.2
429056000	R52
429067004	R59.1
429082009	Z95.0
429171000124105	P90
429193009	L98.9
429221000124104	I67.0
429233001	N31.9
429258006	Z87.09
429266002	G47.9
429271009	J18.9
429275000	M99.05
429276004	G47.8
429304004	Q10.7
429356007	L98.9
429429006	J39.2
429436007	G04.02
429442006	Q92.8
429489008	N17.9
42952007	M85.89
429553003	G06.1
429564000	D61.1
429565004	D43.2
429586004	A70
429659006	B33.3
429683003	Z65.8
429691007	D33.4
429692000	F15.10
429819005	Z88.8
42994005	I67.1
429967001	Q17.3
429968006	O80
43000004	H83.2X9
430031008	Q62.0
430035004	Q63.8
430061000124109	G40.419
430065009	A49.9
430071000124102	G40.409
430079001	E85.0
430170000	E63.8
430171001	R63.8
430172008	E67.8
430173003	E67.8
430174009	E67.8
430175005	R63.8
430177002	E60
430181002	E67.8
430182009	E67.8
430183004	E46
430185006	E63.8
430186007	E67.8
430187003	Z13.828
430188008	E67.8
430190009	R63.8
430283008	Z63.4
430295008	R63.8
430299002	Z72.4
430300005	E67.8
430340004	E67.8
430390000	G47.8
430402003	I36.8
43043007	K05.5
430476004	J40
43055001	R09.3
430671000124105	M67.80
430674005	Z82.3
430711000124109	Q04.8
430811000124100	G40.319
430821000124108	G40.309
430871000124109	P90
430883002	O66.5
430889003	M87.9
430890007	M87.076
430901004	P29.9
430934002	E88.40
430946003	A49.8
430961000124105	K13.0
430961002	N81.2
43100002	G11.2
431034009	G24.8
431040002	Q35.9
431071000124107	G93.49
431081000124105	G93.49
431091000124108	G40.804
431101000124102	G40.802
431131000124105	G40.419
431141000124100	G40.409
431151000124103	G40.A19
431161000124101	G40.A09
43118004	L28.2
431258001	B33.8
43132002	M50.33
431391000124106	I70.0
431395004	Q87.2
431403001	M12.89
431461000124109	G40.A19
431466007	I70.208
431471000124102	G40.A09
431581000124100	N28.9
43162008	K00.6
431651000124109	H11.9
431691000124103	Z98.62
431741000124101	G40.419
431781000124107	Q53.211
431873008	K65.9
431902003	D18.09
431921000124105	D15.1
431956005	Z13.828
431961000124104	G40.019
431971000124106	G40.009
431991000124107	G40.401
432001000124109	G40.109
432011000124107	G40.119
432021000124104	G40.109
432031000124101	G40.822
432066002	J98.4
432083006	I77.1
432091002	F88
432122001	E63.8
432151000124107	G40.409
432161000124109	G40.409
432171000124102	G40.834
432241000124101	G40.A09
432271000124109	G40.419
432281000124107	G40.409
432291000124105	G40.009
432401000124102	Z53.20
432480003	B37.7
432491000124109	G40.409
432501000124101	G40.419
432511000124103	G40.409
43253002	E87.3
432541000124104	G40.101
432559006	M62.89
432561000124100	G40.A09
432571000124107	G40.A19
432733005	M19.91
432751000124106	Z51.81
432805000	Z13.6
432863009	L08.9
432995009	P29.9
433160003	R22.9
433183000	N31.9
433310002	E50.9
433311003	E67.8
433312005	E67.8
433313000	E67.8
433314006	E54
433316008	E67.8
433317004	E52
433318009	E67.8
433319001	E53.8
433320007	E67.8
433321006	E67.3
433328000	E67.0
433329008	E63.1
433330003	E55.9
433331004	E67.8
433332006	E58
433333001	E56.1
433334007	R63.8
433335008	E67.8
433351000124101	C61
433361000124104	C61
433381000124109	C50.919
433391000124107	C50.919
433401000124109	C44.501
433411000124107	C50.919
433421000124104	C77.3
433431000124101	C77.3
433441000124106	C50.919
433451000124108	C77.3
433461000124105	C18.9
433471000124103	C18.9
433481000124100	C18.9
433491000124102	C18.9
433501000124105	C18.9
433511000124108	C77.2
433521000124100	C77.2
433531000124102	C77.2
433541000124107	C79.89
433551000124109	C77.2
433561000124106	C77.2
433571000124104	C77.2
433581000124101	C18.9
43359000	F63.89
43364001	R19.8
433671000124100	R56.01
433681000124102	R56.01
433741000124102	M53.80
43398005	L90.3
434001000124104	Z98.890
434021000124109	Z91.89
434051000124100	Z98.890
43408002	H35.89
434091000124106	R56.00
434101000124100	R56.00
434156008	A41.9
434191000124107	I67.9
434201000124105	G40.411
434211000124108	G40.401
434221000124100	G40.419
434231000124102	G40.409
434291000124103	G40.419
434291009	E51.9
434431000124103	I12.0
434491000124104	G40.309
434501000124107	G40.211
434511000124105	G40.201
43452005	Q89.4
434521000124102	G40.A19
43453000	M87.076
434531000124104	G40.A09
434551000124106	G40.009
434621000124103	O36.8990
43476002	Q73.8
434791000124108	C50.819
434801000124109	C77.3
434921000124108	J09.X1
434931000124106	J09.X1
434971000124109	F15.959
435071000124109	R15.9
435091000124105	K72.91
43521007	E88.9
435211000124107	K80.50
43523005	L30.8
43532007	E85.1
435321000124106	G40.802
435361000124100	G40.B09
43591003	L08.9
436011000124108	G40.411
43602006	P52.8
436051000124109	G40.101
436081000124101	C77.3
436091000124103	C77.3
436111000124107	C77.3
436121000124104	C50.919
436131000124101	C50.919
436141000124106	C50.919
436151000124108	C50.919
436161000124105	D05.00
436171000124103	C50.019
436181000124100	C50.919
436201000124104	C79.81
436211000124101	D05.10
436221000124109	C79.81
436231000124107	C50.919
436241000124102	C77.0
436251000124100	C77.3
43626008	A68.9
436261000124103	C77.3
436271000124105	C77.3
43629001	O08.4
436291000124106	D01.0
43630006	I21.09
436301000124107	C18.9
436311000124105	C18.9
436321000124102	C79.9
436331000124104	C79.9
436341000124109	C79.9
436351000124106	C18.9
436361000124108	C61
436371000124101	C61
436381000124103	C77.5
436391000124100	C61
436401000124103	C79.9
436411000124100	C79.9
436421000124108	C79.9
436431000124106	C79.51
436441000124101	C61
436451000124104	C61
436461000124102	C61
436471000124109	C61
436481000124107	C76.3
436491000124105	C61
436571000124108	Z53.20
436581000124106	Z76.82
436601000124101	G40.119
436611000124103	G40.109
43663004	N50.1
4367009	R29.898
43751000119109	H57.10
437871001	R56.1
43808007	O80
438411000124101	G40.419
438421000124109	G40.409
438495005	K65.8
438556007	Z75.2
438628005	D48.9
438772002	Z91.89
43895000	M99.85
43898003	M50.10
439000005	D68.8
439002002	D68.69
43901002	M99.01
439063009	R29.2
439064003	Z01.00
4391000175105	Z76.89
439105002	N50.9
439107005	O41.8X90
439109008	Z88.8
439125003	D68.59
439126002	D68.59
439160009	I77.0
439172003	N50.9
439201000124106	Z53.20
439361000	D38.6
439406006	Z88.2
439442811000119108	N80.8
4397001	Q41.9
439784005	Z99.2
439849002	K03.1
439962002	R09.89
440018001	N14.3
440055001	D49.519
44008002	E23.0
440099005	R93.7
44017002	O08.6
440191000124101	Z87.59
440211000124100	G40.409
440214006	Q87.2
4403007	L63.8
440351000124105	E67.8
44037003	F45.8
440391004	Q68.8
440403006	Z78.9
440411000124104	E63.9
440421000124107	E67.8
440431000124105	E63.8
440451000124103	E63.8
440461000124101	E63.8
440624006	P02.8
440701000124107	E53.1
440711000124105	E53.8
440741000124109	E67.2
440751000124106	E67.8
440781000124103	E61.8
440821000124109	E61.8
440931000124102	E67.8
440951000124109	E67.8
44108004	Z87.898
441120009	Z83.2
441186000	Z92.29
441459009	D36.9
441481004	I50.9
441512004	B00.4
441530006	I50.9
441591007	R29.898
441604003	G25.3
441681009	F19.20
441684001	R93.7
441686004	Q74.0
441688003	G95.9
441698009	M89.59
441719005	F80.9
441737006	M62.89
44174001	P95
44176004	E70.9
441768005	R93.49
441830002	G47.8
441842007	Z75.2
441861000124108	E67.8
441871008	P92.1
441890000	R78.4
441918007	R94.2
441937003	Q24.8
441944007	Q87.5
441951000124102	E43
441975003	K14.9
441980007	G95.9
441998006	R22.9
441999003	R82.5
442012008	E85.89
442018007	D57.3
442081006	B76.9
442105001	I74.9
442119001	Q24.8
442120007	G47.8
442161000124105	G40.109
442184000	R82.5
442191000124102	K08.409
442193004	R79.89
442201000124104	K06.8
442211000124101	K08.409
442213008	R79.89
442214002	R77.8
442216000	R79.89
442217009	R79.89
442218004	R71.8
442221000124109	K08.409
442231000124107	K08.409
442234001	E78.00
442241007	R89.1
442267002	K55.8
442281000	R93.3
442294003	R89.1
442295002	R79.89
442300000	Q04.8
442312001	R79.89
442313006	R79.89
442317007	R89.1
442350007	R79.89
442401000	R89.1
44241000119103	Z81.1
442417006	R79.89
442418001	Z03.89
442419009	R71.8
442436001	R79.89
44245003	M76.40
442466008	R79.89
442480001	R79.89
442482009	R77.9
442485006	R77.9
442523003	L90.5
442549008	R06.3
442568006	R89.1
442569003	R89.1
442570002	R85.89
442571003	R85.89
442576008	R79.89
442577004	R79.89
4426000	Z87.898
442635007	R89.9
442648006	R59.0
442669008	R78.0
442708005	R94.4
442725007	R94.4
442761002	E31.8
442762009	E23.3
442781001	E23.3
442782008	E23.3
442917000	I49.8
443089001	I72.9
4431000175103	Z76.89
443120002	M24.29
44315004	Q16.0
443168008	P83.39
44318002	N48.1
443253003	I50.9
443254009	I50.9
443261008	C80.0
443335006	C80.1
443336007	D48.9
443343001	I50.9
443344007	I50.9
443353000	G58.8
443357004	C80.1
443452006	C80.1
443479005	C80.1
443482000	I10
443483005	G47.9
443486002	C80.1
443492008	D48.9
443505003	C80.1
443506002	C80.1
443524000	M19.29
443599002	C80.1
443600004	C80.1
443604008	C80.1
443606005	C80.1
443633009	Z76.89
443642002	C80.1
443674009	C80.1
443716008	C80.1
443721006	C80.1
443729008	Z76.89
443732006	R44.8
443736009	C80.1
443737000	Z93.0
443743003	C80.1
443784000	C80.1
443788002	Z53.20
443812002	C80.1
443815000	C80.1
443817008	C80.1
443823003	C80.1
443824009	C80.1
443839005	C80.1
443840007	C80.1
443841006	C80.1
443860004	Z71.0
443866005	C80.1
443867001	C80.1
443871003	R23.8
443872005	M34.2
443875007	C80.1
443879001	Z93.0
443893008	C80.1
443896000	C80.1
443898004	E25.0
44395000	G80.8
443956003	C80.1
443962008	C80.1
443963003	C80.1
443987001	D48.9
443999008	Z20.9
444004001	L81.8
44401000	D09.9
444062004	Z76.89
444072001	Z20.09
444073006	E10.65
444095005	Z96.0
444099004	Z76.89
444107005	Z20.9
444133002	M34.0
444197004	G23.2
444200003	A49.9
444221003	Z76.89
44423001	G40.409
444231005	D15.0
444237009	Z20.818
444333006	Z82.8
444358001	Z20.2
444375007	Z20.2
444394002	Z20.89
444406006	Q89.7
444417007	C80.1
44442002	Q37.3
444432000	C80.1
444439009	C80.1
444440006	C80.1
444441000124109	G40.419
444451000124106	G40.409
444590007	Z76.89
44462005	M86.9
444657001	G46.4
444668001	Q10.0
444699000	Q61.5
444731000124105	E63.1
444741000124100	E63.1
444742411000119102	C46.0
444751000124103	E63.1
444761000124101	E63.1
444834005	A54.1
444863008	H40.039
444879009	M48.01
444920009	R25.2
444935005	I72.5
44494000	M43.19
444962002	R23.8
444971006	M77.9
444977005	N05.1
444997000	I89.8
445001003	Q24.8
445013008	M86.9
445014002	D48.9
44502009	A07.8
445051000124100	Z60.8
445058002	J40
445071000124105	Z63.9
44509000	L43.8
445095002	G40.409
4451004	O04.82
445109004	Q27.8
445110009	C79.2
445117007	M77.9
445135003	Q82.8
44518003	Q89.7
445197008	L81.9
445216006	Q69.1
445251003	Q74.0
445271007	M13.80
445308004	Q06.9
445336009	I42.2
445345005	M65.89
445355009	G40.919
445375000	Z76.89
445395006	Z88.8
445411000124109	Z91.89
445411004	R23.8
445421000124101	Z91.89
445424004	J38.3
445479007	M08.00
44548000	F90.9
445501000124107	Z82.69
445503007	Q61.5
445539001	Q24.8
445571008	E71.2
445596006	E71.19
445637007	Z76.89
445650008	Q24.8
445737002	D37.2
44583001	A92.8
445878006	E06.1
44593008	Q75.8
445947008	M65.89
446221000	I50.9
446292002	L04.9
446328009	A04.3
446438003	A05.9
446513005	L98.8
446628002	Q22.8
446641003	E13.9
446643000	C96.4
446657003	Q20.8
446659000	Q20.8
44666001	D50.8
446673009	K83.8
446698005	B18.1
44674000	B58.01
446781004	Q22.8
44679005	K30
446903007	B49
446945009	C75.1
44697002	M85.89
4470009	R23.8
447004005	B49
447009000	J98.8
447123001	L72.9
447230000	L72.0
447261009	Q22.8
447283008	Q20.4
447331003	A49.1
447332005	A17.0
447400006	A40.8
447408004	K28.9
44759006	E86.9
44761000087104	I21.9
447661004	Q24.8
447695000	Q24.8
4477007	G71.3
447711004	D44.0
447782002	C50.919
447801003	N85.00
447803000	R59.0
44781000087105	I21.9
44782008	O01.9
447823004	Q27.9
447825006	Q24.5
447829000	Q22.8
447840008	Q25.6
447846002	Q25.3
447951000124108	Z76.89
447962009	Q24.2
447999009	Q20.8
44801000087106	I21.9
448027004	Q25.6
448045004	G11.2
448061002	Q25.3
448063004	Q24.5
448067003	Q25.1
448073002	Q22.8
448080000	Q20.8
448081001	Q27.9
448082008	Q24.8
448102009	Q24.8
448104005	Q25.3
44811000087108	I21.9
448114001	Q24.5
448131000124103	Z76.89
448136003	D16.4
448148000	D44.3
448160004	Q24.8
448162007	Q24.8
448179001	I86.8
448213004	C61
448229007	C15.5
448238009	D41.4
448251000124102	M65.30
448257000	C50.929
448310003	Q24.8
448318005	D23.4
448329009	I86.8
448373008	D37.1
448388003	C50.519
448394006	M13.879
44841000087109	I21.9
448411000	Q21.0
448412007	Q32.4
448475002	Q22.3
448476001	Q25.6
44851000087107	I21.9
448510002	Q25.6
448563005	D44.3
448564004	Q25.5
448581008	I51.89
448612003	Q20.8
448617009	Q26.9
448619007	Q21.0
448625006	Q20.5
448637008	Q25.6
448644004	Q26.9
448671004	D23.5
448673001	C55
448680004	Q24.8
448705004	G37.9
448719004	J22
448725000	Q24.8
448726004	Q24.8
448739000	J42
448743001	Q23.9
448820003	I05.8
448823001	Q24.8
448824007	Q24.5
448825008	Q24.5
448866008	D33.0
448876006	Q21.0
44889007	Q89.4
448922007	C78.5
448947009	Q24.8
448948004	Q24.8
448966009	Q24.8
44898005	B83.8
448991000124101	R46.89
449010004	Q26.8
449014008	Q27.9
449016005	Q27.9
449020009	I61.9
449027007	Q25.8
449029005	Q24.8
449034009	C04.8
449060005	D23.4
449098005	Q24.8
449119000	Q23.0
449120006	I37.0
449123008	Q22.8
449138009	Q24.8
449151000124103	R82.998
449160007	G47.8
449173006	C09.9
449184004	I71.9
449185003	I71.9
449218003	C19
44922000	R00.0
449295001	C49.0
449305009	D48.9
449318001	C61
449354002	Q22.3
449421003	C58
449433008	Q25.6
449440009	Q24.2
449442001	Q24.5
449467003	Q25.6
449486006	Q27.8
449511008	Q24.8
449512001	Q24.8
449527001	Q27.8
449532000	Q24.5
449542003	Q20.4
449559008	Q25.6
449564007	Q24.8
449567000	Q24.8
449568005	Q24.8
449575006	I37.8
449578008	C03.1
449589001	Q25.6
449602001	Q20.4
449648005	D48.5
449649002	D48.5
449715001	M21.969
449736004	R23.8
449744004	R23.4
449745003	R23.8
449746002	R23.8
449752001	R23.8
449761001	R89.8
449769004	R20.8
449779002	M86.9
449800007	D41.4
449813001	R20.8
449829009	I42.3
44983007	M51.9
449833002	K63.5
449873008	I74.9
449897004	I77.1
449903008	I77.0
450091000124100	M99.09
450191000124104	M99.09
450201000124101	L89.899
450211000124103	L89.899
45022008	N72
450221000124106	M62.9
450241000124104	Z01.419
450251000124102	I77.9
45030009	H51.9
450321000124104	L89.891
450351000124108	M25.632
450362008	I60.8
450376009	I60.8
450451007	E66.9
450481000124109	M13.849
450521003	M17.9
450621000124108	H44.40
450715004	J09.X2
45082006	N89.9
450845009	R32
450846005	R32
45085008	E53.9
450919004	I45.5
450981000124104	M25.511
451034003	I60.8
451035002	I60.8
451071000124106	Z13.6
45109003	B81.8
451221000124101	L60.8
45129002	G04.1
45135002	N88.8
45142002	I89.8
45145000	J43.0
4515009	L85.2
45167004	Q82.4
451691000124102	Z91.89
451721000124107	Z76.89
451831000124102	Z76.89
45194000	H16.8
452021000124103	B34.9
45203005	L58.9
452241000124100	C80.1
452341000124107	Z76.89
452511000124102	M21.6X2
45259000	K90.0
452631000124107	Z76.89
45299002	G90.9
45309006	L23.89
45342007	L60.8
453711000124100	Z01.84
45402003	R69
454061000124102	Z59.6
45414006	K22.0
454141000124102	Z76.89
454241000124106	Z78.9
454251000124108	Z76.89
454371000124107	Z76.89
454381000124105	Z76.89
454391000124108	Z76.89
454401000124105	Z76.89
454411000124108	Z76.89
454451000124109	Z76.89
454501000124106	Z91.89
455011000124104	I66.19
45502001	E85.1
455031000124105	I65.8
455041000124100	I65.8
45509005	E16.8
45525000	Q92.8
455401000124109	R99
455481000124100	Z98.890
45552005	C80.1
455941000124104	I24.0
455961000124100	Z76.89
456161000124109	H57.9
456171000124102	H57.9
45639009	E85.4
456691000124107	Z81.4
456991000124103	L98.9
45703009	N50.89
4571000175101	Z76.89
457171000124104	M66.842
45740001	D43.2
457551000124104	I63.9
457581000124107	K55.20
457612009	I07.8
457617003	I07.8
457661000124101	B40.9
457697002	I35.8
457701000124109	Z04.42
457737009	I36.8
457757008	I36.8
457761000124105	Z98.818
45780005	Z41.1
458038006	I38
458088003	Q27.8
458571000124108	Z04.42
45894003	I71.9
459011000124101	M21.242
459053006	O28.8
459164007	Q27.8
459165008	Q27.8
459166009	O30.009
459173004	I28.8
459175006	I05.8
459176007	I07.8
459184006	I30.1
459371000124108	C79.9
459381000124106	C61
45939007	M21.70
459391000124109	C79.9
459401000124106	C79.9
459411000124109	C79.9
459421000124101	C79.9
459641000124105	Z04.89
459701000124101	I25.89
459911000124100	M05.9
46003008	M92.9
460307002	Q27.8
460312001	Q27.8
460365008	Q27.8
460370001	Q27.8
460375006	Q27.8
460391000124105	R89.4
460436001	D82.1
460457009	I30.1
460521000124103	Z86.19
460581000124104	Z01.810
46059003	C80.1
460591000124101	Z12.11
460595001	Q27.8
460596000	Q27.8
460597009	Q27.8
460601000124109	Z48.00
460611000124107	Z48.01
460614005	I51.7
460621005	E88.2
46068001	Z38.2
460811000124108	Z65.8
46090001	N48.1
460960009	Q25.8
460961008	Q25.8
460965004	Q25.8
461098000	Q25.8
461100000	Q25.8
461301000124109	I10
461326001	Q27.8
461338005	Q24.5
461351000124108	C84.90
461399000	Q25.8
461408000	I28.9
461415008	Q27.8
461427006	I77.1
461428001	Q24.5
461521000124109	Z76.89
461651000124104	Z76.89
46177005	N18.5
4619009	G40.309
46207001	B58.3
462165005	P96.89
462167002	P96.89
462169004	P29.89
462171004	P29.89
462172006	P29.0
462174007	P29.89
462175008	P29.89
462601000124108	Z53.20
46322009	A89
46332002	Q82.2
4641009	E03.9
46421000119102	F91.9
464345231000119105	N80.8
46459009	L10.3
4646004	H54.7
46527004	M00.89
46629009	L57.0
466635291000119109	I21.9
46694006	N94.9
46724008	E31.9
46756001	C54.1
46762006	F52.0
46787004	L57.8
46814005	B81.8
468271000124102	M25.562
46848006	O08.0
46849003	F99
46855008	F80.2
46871008	I86.1
46879005	D84.9
468994881000119109	E25.8
46917002	P01.7
46935006	I45.9
46956008	I77.6
46966000	G93.5
46997001	M89.20
470101491000119107	J84.9
4702003	E53.8
47047009	D56.9
47063001	E55.9
470753008	Q24.8
471283005	J98.4
471301006	I51.0
471379007	B36.8
4715007	E50.6
471531000124103	O09.90
471863000	I42.9
471870000	I42.8
472011000124109	Z59.01
47219002	O80
472320005	I42.4
472323007	I42.4
472324001	I42.4
472326004	P29.89
47267007	P03.89
47268002	R12
472700006	P29.89
472704002	Q25.8
472705001	P29.89
472706000	P29.89
472767006	I51.3
472771009	I97.89
472772002	P29.89
472774001	P29.89
472782001	Q25.6
472783006	I35.0
472787007	Q24.8
472793004	I35.0
472799000	I28.8
472801002	Q25.6
472803004	Q20.5
472806007	I38
472820000	Q20.8
472840007	I07.1
472842004	P29.89
472843009	Q23.2
472844003	I37.1
472846001	P29.89
472847005	Q23.0
472848000	P29.89
472851007	Q24.8
472852000	P29.89
472945003	F64.0
472946002	Z86.59
472947006	F64.0
472976009	Z73.1
472977000	Z86.59
472984008	F66
472985009	F66
472993009	E30.8
473004000	E34.8
473080007	Z88.8
473081006	Z88.8
473105001	Z91.048
473171009	Z90.711
47321009	R46.1
4733001	B33.8
473359008	I51.3
473367000	I31.8
473372009	I05.8
473375006	I07.8
473376007	I07.8
473380002	I05.8
473391009	J45.909
473396004	Z12.39
47344007	E16.4
473446004	I73.9
473449006	I73.9
47386001	O74.0
47391000119107	G40.A09
47415006	R85.89
47417003	E86.9
47426000	Z98.890
47437004	F79
47445009	E21.1
4752007	O33.7XX0
47526003	D74.0
47548009	K05.10
47595008	I89.0
47604008	A19.9
47698002	N41.8
47780009	I80.9
47830009	I49.8
47838002	G99.8
4787007	P03.0
47922009	E80.7
479404461000119102	H50.9
47949009	F52.8
4800001	N39.0
48046002	F65.51
48090007	R49.0
48180002	Q18.2
48287005	O69.9XX0
483228761000119106	N02.8
48400007	A92.8
48433002	O04.80
48501009	Z91.89
48520006	Q27.8
48541000	R19.4
48573006	R59.9
48610005	L67.8
48651000175107	Z65.8
48662007	G80.9
48700008	B71.8
48711000	B85.2
48713002	E85.0
48718006	Q73.8
48732008	N50.0
48786000	I73.89
48812004	Q92.8
48819008	K65.8
48864005	O80
48872007	I09.1
48888007	O44.00
48906005	O32.8XX0
48922006	A92.8
48937005	F31.0
4898004	E23.3
48994000	Z94.0
49000007	P54.5
49012006	B00.7
49096008	Q87.5
491000119101	A49.8
4910006	O43.199
49111001	E27.8
49120005	K66.8
4915001	A06.0
49182004	C80.1
49183009	B02.8
49186001	L25.4
49219005	C53.9
49226005	Q73.8
49227001	E78.6
49249007	N71.0
49255002	N19
49260003	I45.6
49275006	G80.3
49284006	D51.1
49333008	P05.9
49351009	Q06.2
493721211000119100	M46.80
4939006	D59.4
493921000000107	Z74.8
49513005	P81.9
49540005	F19.10
49550006	O60.10X0
49563000	R60.0
49715000	K85.90
49718003	G25.2
49725005	P00.6
4973001	I44.5
49786009	A02.1
49808004	R54
49830003	E03.2
4984008	D50.8
49864004	R00.8
49943002	B87.1
49946005	Q01.9
4995002	I42.5
49965002	K05.4
49982000	I49.1
5010004	O08.2
50123005	Q79.8
5015009	Z59.9
5018006	B81.8
50202006	Z65.8
50237009	C54.1
50267003	Q30.8
5036006	E23.0
50386009	A92.8
50404009	Z39.2
50510006	L94.8
50544004	P50.0
50548001	G60.0
50573001	N50.1
50589003	J63.4
50595002	H47.41
50610002	L53.2
50642008	M89.09
50658006	E25.0
50711007	B18.2
50724007	O32.8XX0
507581000000100	Z74.8
50765007	R23.4
5078000	N39.8
507891771000119103	H50.9
50799005	I44.2
50804000	J18.0
50878001	F64.9
50926003	D82.4
50963007	J68.9
50993001	N80.8
51002006	E13.9
51047007	K82.8
51060001	Q89.4
51080000	E34.51
51096002	O04.7
5111000119102	I77.5
51197009	R25.2
51221005	L23.9
51319002	D80.8
51347003	Y07.9
5137004	M24.49
51409009	Q87.0
51430000	Q87.0
51467008	D75.9
515027091000119100	I86.8
51590001	R68.89
51646002	M00.29
51651000087108	L04.2
51661000087106	L04.2
51665005	Q75.8
51667002	D53.8
51671000087102	R59.0
51677000	N28.0
51681000087100	R59.0
51696001	M35.6
5170009	K02.9
51707007	O04.5
51738008	J38.01
5180001000004102	R22.2
51881002	G90.9
51953009	O04.84
51979000	R23.4
52016003	B34.8
52018002	K40.41
5203004	Q24.8
520841000124109	F11.10
52230004	L30.8
52270006	E71.2
52334005	M17.5
52342006	O04.82
52367009	K03.7
52409006	J40
52415006	Q74.2
52421005	H26.9
52478002	K65.9
525574231000119100	H50.9
52564001	Q84.1
52598005	R52
52635002	A68.9
52651000119105	Z91.89
52659007	Z78.9
52708004	C53.9
52723009	G90.9
52756005	J33.9
52787007	K14.8
52949009	P15.0
52967002	D47.1
53001000087104	Z95.4
53021009	L90.6
53049002	F31.9
53098006	O04.5
5311007	H83.2X3
53190001	Q39.3
53192009	K83.8
53202005	K45.8
53247006	O04.84
53313006	K31.2
53322007	G11.11
53330008	I78.8
53338001	M12.89
53339009	F34.9
53354003	L70.8
53411007	B74.8
53445000	N88.8
53489000	R45.0
53599007	Q55.0
53623008	C80.1
53667005	H42
5368009	E13.9
5371000175108	Z59.6
53740009	N83.8
53786006	C80.1
53820009	R29.898
53863007	R27.8
53898005	P95
53906001	B33.8
53920008	B81.8
53929009	N50.9
53930004	L24.2
53964000	B77.9
53974002	Q77.8
53991003	B65.0
54006005	D56.2
5401000175106	Z76.89
54036001	Q87.2
54047008	L50.9
540681000220102	I24.0
54091000087106	K63.5
540911000124100	M27.8
540961000124102	J39.2
540971000124109	J98.4
54101000087101	K63.5
54111000087104	K63.5
54119007	E16.8
5413009	F52.9
54131000087109	K63.5
54138003	K65.0
54212005	O62.2
54250004	E73.9
54267006	Z90.79
54275000	N71.1
54287007	J37.0
5430006	D52.0
5431000124100	I66.19
54364001	G83.89
54380006	Z73.89
54397000	L81.1
54410000	J40
54448005	B81.8
54449002	O71.2
54452005	C80.1
54466000	N50.1
54486001	P01.7
54507005	E30.1
54539003	L65.8
54593000	G50.8
54601004	B81.0
54662009	R09.3
54672007	N72
54698001	D53.1
54739001	L81.9
54764003	Q38.6
548292031000119105	O28.5
54900001	Q89.9
5491000124101	G08
54912002	M32.0
5497006	B33.8
54981004	M62.831
55006001	N05.8
55028001	N49.9
55129006	H40.249
55168004	K64.8
551691000124106	Z59.89
551701000124106	Z59.89
551711000124109	Z59.89
551721000124101	Z59.89
55176002	M16.7
551761000124107	Z59.89
55180007	Z78.9
55225009	P96.89
55256001	B87.1
55277003	B81.8
55413008	M85.39
55434001	N43.3
55440008	C80.1
55487001	Z57.8
55551005	N02.9
5561000119107	I70.219
55631001	Q55.4
556648471000119106	I89.0
5567000	A48.0
55709000	Q75.8
5571000124103	I61.9
55726006	Q60.0
55735004	B33.8
55765009	Z78.9
55776008	G24.2
55777004	B81.8
55879006	I31.9
55907008	D61.9
55925001	M60.19
55933000	O04.84
55934006	L25.4
55936008	R01.2
55941000	D86.3
55955008	K83.8
5599006	E27.8
56029000	Z87.898
56035000	B38.9
56041007	E07.1
56102008	P96.89
56155002	Q00.0
56177003	G56.20
56212008	Q55.0
56263008	E25.8
56268004	P50.3
56270008	M79.89
56276002	I21.9
5631000124102	A30.5
5631002	K31.9
56404003	O62.4
5641000124107	Q18.8
56419002	A93.8
56528004	M02.19
56531003	Q04.3
5655007	E80.6
56556009	L98.9
56560007	N81.5
56585003	R23.4
56587006	C51.9
56643009	Q74.2
56645002	R46.1
56672005	A70
56684007	E56.9
56728002	N97.8
56780006	L95.8
56848002	G93.89
56895003	F60.5
5691000124103	M26.4
56921004	P55.8
56925008	F52.9
56975005	Q82.5
57197002	Z87.898
57243009	N39.8
57248000	O80
57344001	K86.89
57392001	B87.1
5741000124101	M26.4
57441008	H47.649
57463004	J69.8
57468008	O08.0
57489004	Z78.9
57553009	R44.3
57568005	R49.8
57576007	O34.539
5758002	A49.9
5761001	Z87.730
57676002	M25.59
57713008	J38.3
57715001	F64.1
57734001	O04.7
57791006	R43.0
57829009	N83.8
57883007	Z78.9
57965003	N00.9
57992009	B65.8
58010002	Q74.2
58071009	O04.6
58077008	I95.1
58143000	L40.2
58192006	B33.8
58230007	R19.4
58239008	R49.8
58327003	D68.8
58374007	A19.2
58407003	M40.00
58484007	B47.0
5852008	P01.7
58535001	F41.8
58544000	B08.8
5856006	C80.1
58600007	I31.8
58629009	E85.4
5867007	K42.9
58672003	E34.52
58695007	B43.8
58699001	O80
58710009	K65.8
58724008	Q76.6
5875001	J40
58767000	L53.0
58769002	I00
58827009	A68.9
58855008	F65.2
58912008	H01.029
58914009	F65.89
58937003	H54.10
59037007	Z88.9
5906000	L12.2
59073000	R20.3
59078009	Q87.2
59103002	G11.9
5917004	F98.3
59176006	R49.0
59192001	D45
59211000	N72
59272004	I49.8
593005441000119104	K08.9
59341000119105	Z98.890
59342007	M89.59
59445005	F51.13
5945005	O04.88
59479006	N05.5
59491002	P54.5
59511000119101	Z15.89
59603003	G54.7
59614000	K92.1
59631007	Q26.2
59634004	P08.22
59658000	K43.1
59671000087103	M71.9
59681000087101	M71.9
597273291000119104	Z75.1
5973007	P01.7
59751000119108	Z86.79
59756006	B88.8
59763006	M85.89
5982001	Q92.8
598221000005106	Z72.0
5984000	P03.1
59859005	O04.84
59903001	J40
59940009	J67.8
59989004	B87.0
59997006	I15.2
6001000175106	Z76.89
60013002	B30.9
60108003	Q65.00
6011000175109	Z53.9
60127009	K80.42
60164003	D53.1
60192008	Q79.8
602001	B33.1
60257006	P96.89
60259009	F63.3
60261000	I00
60275007	C54.1
60439007	R77.9
60508007	O80
60514000	I42.0
606202961000119101	H50.9
60628003	D69.6
60684003	M65.99
60697001	Q89.4
60733007	E85.9
60742000	F91.9
60755004	O34.70
60774007	B33.8
60782007	M11.29
60790007	E16.4
60818005	R63.0
60820008	B43.8
60822000	P54.5
60854009	P01.7
60871000119106	Z87.74
609211000	Q18.1
609218006	G24.8
609221008	G24.8
609397002	Z88.9
609398007	Z88.9
609417004	Q00.0
609428000	P00.2
609434007	P00.2
609435008	P00.2
609436009	P00.2
609438005	P04.3
609439002	P96.1
609440000	P01.8
609441001	P03.0
609448007	O04.6
609491002	O04.5
609515005	D39.2
609520005	P96.9
609526004	L29.9
609529006	Q03.1
609534005	Z88.8
609541004	Z88.8
609545008	Z88.8
609549002	Z88.8
609556008	I50.20
609562003	E11.9
609565001	P70.2
609571007	E11.9
609572000	E11.9
609574004	E11.9
609576002	E11.9
609578001	E11.9
609601001	G58.8
609618002	R69
609620004	N94.9
609640006	G58.8
609641005	G58.8
60968001	E04.9
6100001000004104	R22.0
61031008	E87.8
61108006	Q45.8
611561000124100	Y07.9
61165007	N25.1
61176006	A49.3
6123003	C80.1
61233003	J68.8
6129004	K22.10
6136003	B39.9
61373006	N39.0
61407009	B60.8
61452007	O08.6
61481000087107	A48.8
61484000	G40.209
61500009	N41.8
61531000119104	Z90.5
61601000119107	Z73.9
61636002	O03.5
61639009	E41
61700007	J11.89
61704003	K00.8
61738006	K63.9
61771000119106	F31.81
61802005	D68.8
61819007	Q76.0
61880004	B88.8
61933008	I95.1
620941000124107	Z20.828
620961000124106	Z60.5
62151000119109	D81.819
621601000124106	Z23
62166005	R50.9
62192003	Q89.4
62195001	M54.17
62216007	Q68.8
62227009	B08.8
62248006	L08.0
62266001	G71.3
62275004	I10
62331000	Z87.898
62339003	B78.9
62355005	M35.5
62362001	B81.8
62472004	O80
62522004	E72.29
62524003	E28.8
62574001	D64.9
62578003	E53.8
626004	E24.8
62607004	F52.9
62619007	H57.9
62620001	M43.19
62674007	B33.8
62677000	D64.0
62696001	Q36.9
62698000	O08.1
62703006	I72.9
627056831000119100	Q66.6
62730001	N81.6
62737003	B81.8
62751000119108	D66
62767009	Q75.4
62771000119104	Q63.9
62774004	O80
62781000119101	O35.9XX0
62917007	N89.9
6298007	B46.8
629960721000119102	A48.8
63039003	J11.1
63040001	O22.40
63041002	B36.8
63051000119101	O35.8XX0
63055005	P84
63061000119104	Q36.9
63064000	K65.0
63101008	G93.89
63103006	E75.5
63115005	E03.8
63122002	M89.59
63210009	K03.7
63226005	B08.8
6331000	D23.9
63365006	E88.89
63385005	H54.3
63412003	F32.9
63425006	K40.90
63517006	M70.22
63576006	R49.0
63618006	B88.8
6370001000004104	M27.8
63702009	E34.8
63778009	F32.2
63836009	R49.8
63884000	Z78.9
63900005	G51.9
63912009	Q12.0
63977007	L21.9
63978002	T65.91XS
63990000	F54
6400008	H02.60
64008009	Q71.899
64161004	F45.8
64184006	R49.0
64190005	P35.0
64212008	R60.0
64230001	N94.89
64342008	R69
64370005	G90.9
64415008	P04.18
64433002	P01.7
64457002	R23.8
64509006	D68.4
64518008	G90.9
64546005	D18.1
64560007	L60.3
64574000	C56.9
64646001	O66.5
64654004	R73.9
64737002	C56.9
6480001000004101	J94.8
648041000005106	Z81.1
64872007	Q24.6
64890008	O02.0
6501005	M60.89
65017003	G60.0
6503008	K36
6509007	O08.5
65110003	M60.09
65124004	R22.9
65129009	L25.4
65154009	B96.7
65235001	C56.9
65242001	G70.1
65250005	M99.88
6525002	F19.20
65260001	M47.12
65271000119101	Z98.890
65306007	C51.9
6534007	C56.9
65384007	L65.8
65419005	E78.2
6548007	R19.8
65536004	C51.9
65560000	D53.0
65565005	C80.1
65621006	Q68.2
65794000	K45.1
65797007	F60.3
65979008	K52.1
66034004	R49.8
66038001	Q75.4
660391000119105	Z01.84
66071002	B18.1
661000119105	A49.1
66110007	J68.4
66132003	K43.0
66189004	I24.1
66191007	M12.89
66214007	F19.10
66218005	A05.2
66255005	O03.0
66270006	L60.8
663008	O08.2
66351003	Q86.8
66380007	A32.7
6640008	H21.559
6647006	O04.6
66552009	Z76.89
6659005	D53.1
66595008	I51.5
6661000119101	I25.811
66629002	H33.339
66634003	M86.60
66658004	F52.8
66677002	Z72.52
66802009	K40.90
66841006	E16.1
66880003	R25.1
66895001	O80
66957007	E29.1
67015007	K59.9
67062000	G47.09
67101007	C80.1
671391000124106	Z59.6
671401000124108	Z59.6
671421000124103	Z59.6
671461000124109	Z59.6
671471000124102	Z59.6
671491000124101	Z59.6
67189007	I27.9
67198005	I47.9
67224007	M02.39
672501000119104	R47.1
67251005	R94.5
67254002	Q87.2
673061000119104	M43.21
67315001	M19.91
67321002	M21.959
67322009	M86.29
673561000119108	M95.2
67374007	M25.39
673911951000119108	H50.9
67419006	M89.8X4
6744007	R30.1
67465009	O03.5
67480003	O75.9
67493008	B81.8
67621000119105	L23.5
67673008	C80.1
67707002	R69
67711000119105	I51.7
6772000	T30.0
67725009	G70.1
677421000119107	H33.22
677431000119105	H33.001
677521000119106	H35.9
67761000119108	E04.9
67761004	G23.3
67763001	R03.1
677641000119104	H35.053
67771000119102	C71.9
67801009	M65.99
67869008	M61.29
67894009	D53.1
67967009	E24.9
6802007	O04.84
68091000119102	G40.A19
68097001	Z78.9
681091000119103	H01.006
681111000119106	H05.812
681151000119107	D31.02
68116008	G11.9
6815003	N94.9
68189005	O04.84
68190001	M06.1
68193004	R29.898
682004	O22.20
68222009	H35.52
68240008	C53.9
682601000119105	D3A.098
682611000119108	D13.6
682821000119102	D3A.8
68312001	L53.8
6835002	P58.0
68372009	J39.8
683731000119104	D22.4
683741000119108	D22.5
683861000119103	D22.0
6839008	Q87.89
68391009	R49.8
68393007	P84
68409003	J18.8
68434003	F20.2
68451005	M10.09
684633371000119107	J98.4
68489000	J38.3
68494000	R01.2
685061000119108	D56.1
685081000119104	D56.1
685091000119101	D56.1
685111000119109	D56.1
68544003	B95.5
68559009	D72.0
68572005	B88.8
68581004	E16.2
687961000119102	C49.3
68811000	N95.9
68843000	B88.2
688781000119105	C00.6
688901000119104	C00.5
6891008	O62.4
68961008	P02.1
68985000	E72.9
69018001	P01.7
690201000119109	R27.0
69047008	L56.8
69078007	E85.3
690801000119108	C25.9
69231004	L56.0
69270005	O71.1
69311000119103	Z96.1
69316005	E50.7
69344006	O08.3
69390003	Q85.9
69400009	H44.89
69501006	G51.8
69600003	R49.8
69671000119101	Z98.890
69689004	Z76.89
69746005	M32.9
69752006	R27.8
697909006	I27.89
697922003	C96.6
697990000	R43.2
698014005	K13.0
698030002	K08.9
698036008	R27.8
698037004	K13.0
698047001	M88.0
69810009	A04.4
698227004	A49.8
698257008	B33.8
69827001	L58.9
698271000	I49.8
698301002	Y07.9
698363002	I65.9
698407002	P02.1
698408007	P02.1
698414000	P03.9
698415004	P03.9
698480002	P04.0
698481003	P04.0
698492002	P04.49
698493007	P04.42
698495000	P00.2
698497008	P03.1
698498003	P03.1
698549009	Z93.51
698550009	Z93.6
698552001	P00.1
698553006	P00.1
698554000	P03.1
698555004	P03.1
698577000	E03.1
698583002	P04.11
698586005	O04.6
698588006	Z96.0
698597005	Q27.0
698624003	E75.6
698628000	O08.0
698632006	O12.00
698633001	G03.9
698636009	O04.80
698641001	G03.0
698646006	C93.01
698650004	Z83.3
698703002	B20
698747008	R99
698755001	G83.9
698756000	N13.9
698757009	N13.8
698766008	Q87.89
698772008	K09.0
698776006	H21.00
698779004	K00.8
69878008	E28.2
698786007	P04.49
698787003	P04.49
698791008	P03.1
698795004	P03.1
698809005	R93.3
698810000	N18.5
698814009	K06.8
698855007	E25.0
698879009	Z72.4
698884003	R63.5
698941003	R20.8
698985001	Z78.9
698990003	I89.0
698991004	I89.0
699028006	C7A.8
699051006	Q54.8
699129001	K13.79
699130006	L98.8
699184009	G23.8
699205002	R63.4
699206001	R63.8
699210003	J39.2
699221007	L57.0
699251001	M85.09
699257002	P29.89
699259004	E53.9
699267007	G72.89
699268002	G71.8
69927002	Q14.0
699278004	N36.8
699303006	F91.8
69931008	B34.8
699313003	Q87.5
699317002	C63.9
699320005	D48.0
699328003	G11.9
699346009	Z80.9
699356008	C54.1
699368004	R29.91
699370008	R29.91
699371007	R68.89
699372000	R68.89
699376002	R22.0
699377006	H51.8
699420006	Q67.4
699521008	H26.9
6996004	Q24.8
699653008	E63.9
699656000	R43.8
699669001	Q87.5
699685006	K00.2
699687003	M87.19
699756005	K00.4
699764004	R63.2
699765003	E67.8
699766002	E63.9
699767006	E63.9
69980003	K52.9
699814001	I77.6
699866005	G12.1
699870002	Q77.4
69999007	L25.5
7000009	P01.8
700012005	R29.91
700062000	Q82.8
700064004	C19
700127007	R21
700132008	Z98.2
700164001	E67.8
700165000	E61.5
700167008	E67.8
700168003	E61.4
700170007	E67.8
700171006	E61.3
700173009	E67.8
700174003	E59
700176001	E67.8
700177005	E61.8
700178000	E67.8
700179008	E61.0
700181005	E67.8
700182003	E61.8
700184002	E67.8
700185001	E53.8
700186000	E67.8
700188004	E53.8
70020005	J00
700215003	R99
700234003	R01.1
700237005	K00.6
700242002	N36.8
700252003	J84.112
700277002	Q10.3
700297007	Q10.3
700345003	H01.029
700362008	Z76.89
700371004	G98.8
700448000	G40.802
70046009	C51.9
70066000	F44.9
70091000	K52.9
701003	M42.19
7011000119105	N05.8
70139002	L50.0
70140000	E34.50
70167006	Y07.9
70185004	R06.3
70209001	T81.9XXS
702321005	G80.1
702344008	Q87.0
702350003	Q77.7
702355008	M62.89
702364003	E78.6
702370009	Z78.9
702371008	Z78.9
702373006	G71.8
702376003	G11.9
702382000	G71.8
702400006	Q74.8
7024001	K52.832
702410002	Q13.0
70241007	E46
702416008	F88
702422004	G11.8
702476004	D46.9
70257007	K22.0
702602008	Z88.6
702617007	L27.0
702644002	Q30.8
702709008	O35.9XX0
702773008	Z94.7
702774002	Z94.9
702775001	Z94.2
702776000	Z94.1
702777009	Z94.4
702969000	B18.2
702981001	Z78.9
703018008	A49.1
703055008	A49.1
703149000	D70.4
703151001	Z86.69
703162001	I46.9
703181009	I37.1
703183007	I74.9
703192005	I37.0
703194006	I36.1
703195007	I35.1
703196008	I36.0
703212004	I21.9
703217005	I60.8
703220002	E85.4
703222005	I35.1
703223000	I35.0
703224006	I34.2
703225007	I34.2
70324008	Q92.8
703251009	I21.19
703254001	I15.1
703255000	I36.0
703256004	E26.1
703259006	I34.0
703274008	I50.9
703278006	I87.1
703282008	L97.909
703302009	G93.1
703303004	G93.1
703305006	G93.1
703316004	I89.0
703321001	I36.2
703322008	I36.1
703325005	I35.1
703326006	I34.0
703328007	I34.0
703333006	M35.9
703356002	I21.9
703360004	I22.9
703370002	Q04.5
703386009	I77.2
703396000	Z95.0
703403003	Q11.2
703453009	R41.0
70346000	R60.0
703464007	R41.0
703473004	Z78.9
703474005	Z78.9
703504006	Q80.8
703523004	Q77.7
703524005	G25.3
703540008	M86.39
703542000	Q15.8
703627005	M11.19
70376007	A28.8
703847000	F11.23
703864002	L98.9
703928002	Z91.09
703930000	Z91.018
703935005	Z91.09
703936006	Z91.09
703948009	R89.5
704035003	Z74.8
704052004	Z76.89
704107000	Z71.89
704109002	R94.118
704110007	R94.118
704111006	R94.118
704112004	R94.118
704114003	R06.2
704145004	Z83.3
704146003	Z83.3
704204003	N14.3
704244005	D48.0
704245006	D48.0
704246007	D48.0
704247003	D48.0
704248008	D48.0
704249000	D48.0
704253003	D48.0
704254009	D48.0
704279007	Z88.8
704280005	Z88.8
704305004	Z63.8
704345008	J84.9
704351003	Z63.8
704358009	Z91.89
704374004	F60.89
704427009	R62.0
704428004	R62.0
704491001	Z76.89
704667004	N18.5
7050001000004104	K63.89
705066004	I72.0
705089007	Z91.89
70517008	D55.8
705176003	C7B.00
70528007	E77.1
70556002	H54.7
70591005	P96.9
70603007	P50.1
70631003	Z78.9
7066000	I88.9
706877002	Z75.8
706882009	I10
706892001	Z91.89
70694009	E13.8
706985007	Z76.89
70701004	H53.8
707088000	G62.0
707183006	K06.8
70720002	R44.3
707201003	K12.2
707218004	R93.7
707248001	L43.8
707250009	L43.8
707254000	Q79.8
707296001	K11.7
707305005	Z76.89
70732231000132107	Z76.89
707381003	Q85.9
707448003	J09.X2
707478007	I28.8
707536003	E84.8
707541006	P22.9
707551007	P22.8
707553005	J69.1
707609006	K00.2
707625001	D38.0
707668000	I28.9
707679005	K00.4
707713009	I89.0
707749005	I15.1
707755000	N25.89
707756004	N15.8
707810004	Z76.89
707845007	Z72.4
707846008	Z72.4
708014007	Z74.2
708026002	J98.4
708327004	C53.9
708331005	C53.9
708340009	C53.9
708343006	M26.69
708368008	C53.9
708381001	C53.9
708383003	C53.9
708387002	C53.9
708393005	C53.9
708395003	C53.9
708400002	C53.9
708404006	C53.9
708415001	C54.1
708432002	C54.1
708435000	C54.1
708443005	C54.1
708446002	C54.1
708456003	C56.9
708458002	C56.9
708460000	C56.9
708461001	C56.9
708464009	C56.9
708467002	C51.9
708470003	C51.9
708473001	C51.9
708476009	C51.9
708480004	C51.9
708486005	C51.9
70849001	Z63.8
708512000	K06.8
708533009	C54.1
708669006	Q75.8
708699002	R85.89
70898005	P01.0
709065005	I49.8
709105005	Q87.89
709111008	J96.00
709143008	G62.2
70917000	M61.09
709202001	D48.0
709270008	Z71.0
709275003	Z71.0
709284003	D16.4
709289008	D48.0
709415008	G23.0
709416009	Q80.8
709417000	G11.4
70943004	Q63.0
709465004	K05.30
709466003	K05.30
709469005	K05.30
709489006	G62.9
709517003	C17.9
709533000	Z30.8
709535007	K05.30
709556009	K05.30
709561006	K05.30
709582000	I77.9
709597002	I80.3
709608008	K05.30
70964000	R82.3
709687000	I80.8
709830006	C7A.092
710006007	K00.2
710010005	Q96.8
710053005	I60.9
710110008	G64
710158004	Z88.8
710186007	M87.29
7102003	Q45.8
71023004	I30.9
710337004	Z71.0
710357000	G61.9
71047006	H35.50
71055004	H91.90
710571007	Q86.8
710729009	A28.8
710734008	M10.49
710744005	Z71.0
710746007	Z71.0
710754009	Z71.0
710755005	Z71.0
710757002	Z71.0
710795007	E63.9
710813008	L08.9
710864009	I72.9
710922005	Z71.0
710927004	K05.30
710983003	Z71.0
711000119100	N18.5
711128004	J09.X2
711160007	D72.0
711181000124108	M65.89
71119005	P50.5
71124008	K44.0
711246001	Z76.89
711247005	Z76.89
711379004	J84.9
711406009	G60.0
711526005	L12.8
71178008	Q05.9
71196004	H52.6
712521003	M00.89
712530006	A49.9
712537009	M79.2
71255007	J20.8
712585005	N97.8
712641002	E77.8
712644005	G58.8
712647003	G24.3
712657002	A48.8
712722007	K26.0
712730008	K63.5
712734004	R42
712739009	Z76.89
712768005	K55.8
712790005	Z76.89
712803007	Z76.89
712812009	Z76.89
712849003	C61
712851004	Z76.89
712852006	Z76.89
712854007	Z76.89
712858005	D48.2
712869008	Z76.89
712870009	Z76.89
712872001	Z76.89
71294008	F31.4
712979009	K63.5
712996005	Z76.89
713014002	A68.1
713032002	I72.4
713033007	I72.1
713034001	I72.8
713035000	I72.5
713053006	Z65.8
713054000	Z65.8
713074007	Z65.8
713082007	I67.0
713083002	J09.X2
713212008	M26.29
713213003	S09.93XS
713245008	K03.6
713265001	I60.9
713277006	D16.4
713299003	H44.9
713306000	C20
713312005	M71.19
713415008	H35.019
713573006	C20
713581007	Z76.89
713597002	R89.4
713613007	Z15.09
713614001	J13
713652000	K76.9
713674006	I73.9
713690006	Z88.3
713708001	M41.25
713711000	M41.20
713720009	K65.8
713721008	J94.8
713777005	M46.90
713831005	G62.9
713837009	G62.9
713847007	G58.8
71386003	R49.8
713869000	M11.19
713879003	K03.6
713887002	N05.1
713967004	A31.8
713972008	R75
714035009	Z91.018
714038006	K06.9
714084001	B89
714113003	B49
714205005	Z91.013
714278008	K92.2
714389004	I97.51
714423004	F10.20
714460000	D36.0
714656007	P05.9
714668003	Z65.8
714810002	D36.9
714862000	Z65.8
714877008	Z78.9
714915006	Z78.9
714989009	Z78.9
715069001	P24.9
715071001	A40.8
715113008	Z78.9
715114002	Z78.9
715115001	Z78.9
715116000	Z78.9
715117009	Z78.9
715118004	Z78.9
715119007	Z78.9
715120001	Z78.9
715121002	Z78.9
715122009	Z78.9
715123004	Z78.9
715124005	Z78.9
715125006	Z78.9
715126007	Z78.9
715150009	L23.7
715216008	Q68.8
715217004	Q68.8
71529007	R45.89
71531003	P01.7
715366004	G11.3
715402001	E25.8
715403006	D48.7
715417002	H31.21
715418007	Q68.8
715419004	Q68.8
715426004	Q13.4
715428003	Q87.5
715432009	M72.8
715440003	Q87.2
715465001	G11.8
715470008	Q78.8
715474004	Q73.8
715479009	Q77.8
715487005	G11.4
715509008	Z76.89
715522000	Q87.2
715527006	K00.0
715531000	Q73.8
715564000	G24.8
715568002	Q79.8
715574002	G31.1
715622005	Z76.89
715630006	L81.4
715654001	Q77.8
715667003	I89.0
715671000	Q76.49
715672007	Q77.3
715673002	Q77.3
715720006	Q73.8
715721005	Q73.8
715724002	Q70.4
715754007	G11.2
715770009	G61.0
715777007	G24.1
715858000	K06.8
715861004	Q78.8
715862006	Q77.7
715867000	Q82.0
715880002	O66.9
715900001	C71.9
715924009	F91.3
715984007	G11.8
715992003	Q77.8
716005004	Q86.8
716020005	P70.1
716022002	Q75.8
716098006	Q68.8
716099003	Q87.2
716112005	Q87.0
716165003	Q15.8
716166002	Q15.0
716172002	Q11.2
716189005	Q78.8
716195006	Q76.3
716230005	Q87.0
716238003	Q87.5
716245003	Q87.0
716256003	R89.5
716292004	R93.0
716293009	R93.3
716335003	G80.8
716362006	K06.9
716422006	Z76.89
716426009	Z76.89
716455001	Z76.89
716457009	Z76.89
716458004	Z76.89
716461003	Z76.89
716509000	Z76.89
7166002	O04.84
716635007	F06.8
716652006	C22.9
716654007	C18.9
716722005	G61.0
716742001	Q78.6
716768008	Q74.2
716790008	L30.3
716805003	Z94.3
71682006	H83.2X3
716860005	A07.3
716862002	Q87.3
716996008	Q04.8
717003001	Q28.3
717054001	G24.8
71716005	D75.1
71718006	R22.9
717198004	R89.5
717199007	R89.5
717200005	R89.5
717201009	R89.5
717228004	Q82.8
717231003	E85.0
717232005	Q44.6
717264003	Q76.3
717333002	P72.2
717335009	Q92.1
717337001	Q87.0
71738007	G81.90
71751002	E72.3
71760005	M54.2
717700009	N80.8
717723007	N76.89
717751003	Q62.2
717752005	Q64.9
717753000	O35.8XX0
717754006	N36.8
717763008	Q87.0
717769007	D69.42
717770008	N11.8
717773005	E77.8
717774004	E77.8
717781006	Z03.89
71779008	Q04.8
717807001	Z37.50
717823001	Q78.8
717841009	K22.5
717860002	K31.4
717881002	K55.8
717886007	Q43.3
717888008	E16.1
717902008	P71.4
717915004	Q15.8
717916003	C18.1
717921000	C7A.1
717922007	C37
717925009	E44.0
717926005	E41
717927001	E44.0
717928006	E43
717929003	E45
717930008	E45
717941005	L98.7
717944002	Q87.0
717947009	D51.9
717949007	P71.8
717951006	K22.5
717955002	N83.8
718098003	K06.8
718179003	G71.09
718180000	G71.09
718192000	N03.6
718193005	E03.1
718195003	D47.3
71820002	R19.4
718217000	M30.0
718222000	Q87.2
718311001	Z03.89
718346009	K31.89
718471008	L12.1
71848002	O26.90
7185004	N27.0
71855000	D52.0
718559000	Q77.8
718575002	Q87.0
718604008	C67.9
718631006	Q80.3
718634003	L98.8
718679004	Q87.2
718702003	M86.60
718713000	G71.3
718715007	E34.8
71872007	R19.5
718752007	G11.8
718772002	G11.2
718773007	K52.9
718905007	F88
719016007	F88
719025001	R89.7
71904008	D81.7
71909003	O08.4
71913005	K52.9
719139003	Q03.1
719158007	Q70.4
719208005	G11.19
719210007	G11.2
719212004	Q87.0
71922006	D84.9
719253007	G11.19
719254001	G11.19
71926009	P23.9
719271000	M61.59
719274008	E24.8
719299009	Q87.5
719301002	G11.19
719302009	G11.19
719352000	Z94.0
719353005	Z95.4
719354004	Z94.6
719355003	Z94.5
719396000	Q02
719398004	G71.8
719431007	Q81.8
719450007	Q56.3
719511005	G60.0
719521002	G24.3
719587001	G51.0
719592004	F32.2
719689005	Q77.3
719756000	Z76.89
719785006	Z76.89
719788008	Z76.89
719815005	G71.8
719835006	I42.0
719844007	Q41.9
719857004	Z53.9
719909009	Q92.8
719950001	Q74.8
719976001	H40.9
719985001	G71.031
719986000	G71.09
720015004	M99.02
72014004	Q89.89
720345008	D82.8
720406004	N39.0
720407008	Z63.8
720412009	Q74.0
720413004	Q87.2
720427009	Q75.4
720430002	Q75.4
720436008	Z81.8
720451004	F33.8
720452006	F33.2
720453001	F32.2
720455008	F32.2
720498007	Q87.2
720506002	H90.5
720511000	Q87.0
720518006	Q04.3
720522001	G71.09
720566004	Q78.4
720568003	Q73.8
720570007	Q73.8
72057009	L25.1
720588004	Z88.8
720603002	Q87.2
720605009	Q28.8
720633009	Q87.2
720635002	Q87.5
720747002	Q84.6
720754008	Q87.5
720814001	Q87.0
720817008	Q75.8
720818003	Q87.0
720819006	Q87.0
720862007	Q79.69
720863002	Q77.3
720953006	Q74.8
720986005	Q78.2
72100002	L57.8
721000119107	N18.4
721010003	Q87.2
721013001	Q87.2
721014007	Q87.2
721017000	Q87.2
72103000	G40.109
721069005	Q68.1
721076000	J98.8
721085000	Q82.4
721100009	E77.8
721104000	A41.9
721105004	Q87.2
721121000124104	E16.8
721131002	Z88.8
721134005	Z88.8
721146009	Q87.0
721169007	N13.1
721170008	N13.1
721194008	D37.1
721224008	Q87.0
721242003	A69.8
721248004	A86
721254003	G52.9
721265008	L08.9
721268005	L73.8
721270001	L08.9
721275006	P39.8
721276007	P39.8
721277003	P39.8
721280002	P39.9
721282005	Q89.9
721285007	M10.09
721302006	D46.1
721305008	Q99.9
721372007	G95.9
721373002	G95.9
721377001	G95.9
721379003	G95.9
721390008	G95.9
721394004	G95.9
721395003	G95.9
721396002	G95.9
721443005	G95.9
721446002	G95.9
721448001	G95.9
721449009	G95.9
721450009	G95.9
721451008	G95.9
721452001	G95.9
721472006	G95.9
721473001	G95.9
721475008	G95.9
721477000	G95.9
721479002	G95.9
721505009	G95.9
721517006	G95.9
721538000	L40.9
721542002	L13.8
721543007	L98.8
721573003	D48.9
721585006	B00.9
721587003	B34.8
721591008	N76.5
721594000	D05.80
721613002	P78.0
72163003	J70.8
721636006	C16.2
721637002	C16.3
721639004	C16.0
721640002	C16.2
721641003	C16.3
721642005	C16.8
721645007	C17.0
721658008	A07.9
721662002	K55.8
721664001	K55.8
721665000	K63.89
721682003	A02.0
721687009	K63.3
721692006	K63.5
721699002	C18.8
721700001	C20
721710005	K70.2
721721001	K82.8
721727002	P39.9
721729004	G00.9
721730009	A49.8
721734000	A49.8
721737007	A49.8
721738002	A49.8
721739005	A49.8
721744003	P39.8
721750008	P39.9
721758001	A49.8
721760004	A49.8
721769003	B00.3
721777004	B34.8
721778009	B34.8
721779001	B34.8
721780003	B34.8
721782006	B34.8
721794002	B48.8
72180004	H27.8
721801005	B60.8
721803008	B47.0
721805001	B47.0
721806000	B47.0
721807009	A06.4
721809007	A07.8
72181000119109	I38
721810002	B60.8
721814006	B56.9
721822004	B67.4
721824003	B69.0
721831004	B80
721837000	Q87.0
721840000	Q61.5
721845005	Q75.4
721874001	Q87.0
721880009	Q40.2
721973006	Q78.8
721979005	Q28.3
722020006	L95.8
722034006	Q18.8
722065002	Q87.0
722085003	N17.2
722088001	N13.8
722089009	N13.8
72209007	O08.6
722092008	K91.89
722095005	I13.2
722107005	Q79.8
722108000	Q78.8
722111004	Q87.5
722114007	Q77.4
722168002	N03.2
722181009	Z74.1
722191003	M31.8
722210007	Q77.7
722231005	Q87.3
722278006	N17.8
722281001	Q87.0
722286006	Q87.0
722287002	Q87.0
722290008	D47.9
722293005	G11.2
722369003	N04.1
722374006	Z53.20
722375007	E03.1
722376008	Q87.2
722385008	Q82.8
722401001	A93.8
722432000	H50.89
722433005	Q78.8
722435003	G24.1
722439009	Q15.8
722451006	Q07.8
722478008	Q87.5
722499006	Z72.0
722512003	C49.3
722531009	P78.0
722532002	P78.0
722545003	Z03.89
722546002	A82.9
722559005	P00.89
722560000	P00.81
722561001	P00.89
722563003	P00.89
722565005	P02.29
722566006	P02.29
722568007	P02.29
722569004	P02.8
722581000	P52.3
722582007	P52.4
722583002	P52.5
722584008	P52.8
722591006	P00.6
722592004	P00.6
722593009	P00.6
722594003	P96.5
722595002	E66.9
722597005	E53.8
7226007	D69.8
722606000	H46.8
722658006	G03.9
722683006	C53.9
722691002	D21.9
722692009	D48.7
722758004	N03.8
722761003	N03.8
722762005	E77.8
72280009	L67.1
722830001	N73.0
722831002	N98.0
722841004	P78.0
722846009	K57.12
722865001	B17.9
722872000	K86.1
722874004	K65.8
722884003	P92.1
722895009	L98.8
722896005	P00.3
722902000	P12.0
722923006	P59.8
722924000	P58.42
722925004	P61.5
722947004	E55.0
722950001	R42
722953004	C85.10
722962002	R41.3
722965000	G21.8
722966004	G10
722971006	F19.239
722973009	F95.8
72298008	L81.2
722990003	Q07.8
722991004	M35.9
723011009	R21
723073000	Z03.89
723074006	N17.2
723101000	K25.9
723103002	K25.9
723105009	K25.9
723109003	B02.9
723116002	M46.89
723126009	R56.9
723133009	M62.89
723148003	R55
723149006	L74.4
723151005	G90.9
723166008	L53.9
723170000	H51.8
723174009	D16.9
723187003	C19
723188008	N19
723281005	C21.0
723361006	Q82.8
723366001	Q87.0
723369008	Z76.89
723451000	Q82.4
723452007	G60.1
723497003	G60.8
723501008	Q87.0
723512008	Q82.8
723538008	H02.9
723541004	O99.519
723544007	L11.0
723553000	Q81.2
723578001	Q87.2
723581006	Q70.9
723611008	Q87.2
723624008	E77.8
723625009	Q87.3
723654003	Z88.8
723721007	H90.3
723722000	Z89.619
723827003	Q87.5
723861001	R57.0
723868007	I74.9
723874007	I74.9
723881000	R06.5
723888006	Q74.2
723913009	F42.8
723926008	F10.232
723928009	F10.94
723930006	F10.94
723933008	F12.20
723991007	Q87.2
723992000	G23.0
723995003	Q77.7
724064004	Q87.5
724067006	P70.2
724090001	Q87.89
724091002	L81.4
724096007	E77.8
724172004	G10
724177005	D81.1
724179008	D82.8
724232004	R20.8
724233009	R20.8
724276006	E31.0
724280001	Q87.0
72428003	B83.8
724284005	Q87.0
724350009	Q84.0
724357007	E85.4
724388006	R19.00
72442006	E23.7
724437007	J39.8
724438002	Q28.1
724441006	I77.1
724457006	N80.9
724458001	N88.9
724480003	N31.9
724484007	O07.4
724491005	N82.0
724496000	O71.1
724502006	M31.7
724510007	K12.1
724521003	K25.9
724523000	K28.9
724564005	F81.9
724572007	G70.1
724601006	I77.6
724606001	M46.89
724609008	M70.99
724613001	M87.09
72463008	B38.3
724638006	E74.00
724639003	D73.0
724641002	D76.1
724662001	F13.230
724663006	F13.230
724664000	F13.230
724670006	F13.239
724671005	F13.232
724672003	F13.232
724688003	F14.20
724698009	F17.200
724700000	F18.20
724701001	F18.20
724703003	F15.10
724710009	F16.129
724712001	F16.10
724713006	F13.10
724724008	F19.20
724738001	F91.2
724739009	F91.2
724740006	F91.8
72474004	L13.9
724752004	G47.8
724753009	G47.8
724754003	G47.8
724757005	F29
724758000	F29
724763001	G21.8
724764007	G25.5
724767000	M32.9
724768005	E75.5
724769002	R27.0
724771002	G25.2
724774005	R06.6
724780002	G37.9
724781003	G37.9
724782005	G37.9
724783000	G37.9
724784006	G37.9
724811002	G90.9
724813004	G90.9
724816007	L74.4
724821005	G25.5
724822003	G24.8
724825001	L23.9
724828004	L24.3
72483009	A64
724833000	L51.1
724834006	L98.8
724835007	L94.2
724849003	L60.3
724850003	R23.8
724856009	L98.8
724865002	L58.1
724869008	L25.3
724873006	L56.2
724995009	G54.1
724996005	G54.1
724997001	E11.40
724999003	Q07.8
725009002	M54.2
725010007	M54.2
72501006	D59.4
725011006	M54.2
725029001	Q87.0
725078006	E77.8
725101002	Q68.8
725103004	Q79.8
725104005	Q78.4
725105006	D69.1
725135004	D81.2
72519002	K31.89
725291001	D69.8
725292008	G80.1
725408001	G60.2
725415009	J67.8
725418006	E22.0
725433003	G11.2
725464001	G71.3
725592009	P96.0
725903003	E75.5
725907002	G71.09
725912001	F78.A9
725938001	K71.7
725940006	K71.7
726080006	E55.0
726339008	Q92.8
726341009	Q92.8
726342002	Q92.8
726347008	Q92.8
726348003	Q92.8
726352003	Q91.7
726354002	Q92.8
726355001	Q92.8
726357009	Q91.3
726358004	Q92.8
726359007	Q92.8
726364006	Q93.9
72643006	A18.4
726475009	L60.1
726499301000119105	I21.9
72655000	G52.3
726618007	G71.09
726621009	Q87.5
726626004	Z84.89
726629006	Q87.2
726652005	C7A.091
726654006	C18.9
72701000119102	K31.9
72744008	Q82.8
72764003	B39.9
72780008	C51.9
72836002	K72.91
72847009	F95.8
72863001	R06.5
72893007	M54.12
72921001	L25.4
72928007	M89.8X9
72930009	I80.9
72965009	K52.1
73035005	Q92.8
73052009	K40.01
73111002	R48.2
73262007	Q64.9
73272005	Z78.9
732955001	Q74.8
732956000	Q74.8
733033001	G11.8
733049004	Q04.8
733066002	Q87.0
733071009	G60.8
733083006	E77.8
733087007	Q87.2
733090001	Q02
733092009	E22.8
733096007	N15.8
733097003	Q80.9
733111000	E77.8
733153004	A06.0
733159000	K57.32
733163007	C21.1
733177005	B49
733180006	M12.80
733201000	L24.6
733203002	L68.8
733204008	L66.9
733305007	H05.30
733312003	H16.9
733321002	H21.9
733329000	H49.9
733350009	C24.0
733353006	C24.9
733425005	Q87.0
733447005	P76.0
733456002	Q74.8
733468006	Q78.8
733524006	I44.5
733525007	I44.4
733528009	Z97.5
73358004	T86.90
733600007	I42.2
733601006	E77.8
733605002	Q99.1
733606001	Q87.0
73374009	M61.59
7339009	G62.0
733908002	Z76.89
733975003	K02.3
73399005	E75.248
734001	Q18.8
734019006	K59.1
734041006	K55.1
734173003	Q82.8
73422005	M48.00
73426008	R94.5
734522002	C92.Z0
73459006	I45.3
73482008	N85.8
734857007	O71.9
73491007	F52.21
734931005	Z03.89
734932003	L98.8
734936000	Z03.89
734947007	M89.09
734986006	G64
734989004	G64
73501001	L81.8
73505005	N94.89
735105001	Q75.8
735107009	Q75.8
73511008	C56.9
735115007	I66.8
735205007	O76
735381003	M26.69
735386008	J96.00
735392002	I89.0
7354003	L12.0
735429002	M89.39
735431006	D70.8
735446004	J98.8
735452003	D51.1
735458004	Z88.9
735468009	L50.6
735469001	T30.4
735484005	N31.9
735485006	N31.9
735486007	O08.0
735487003	O08.0
735521001	Z21
735522008	B54
735541006	F44.9
735542004	F44.9
735546001	F44.9
735579001	I51.0
735580003	I51.0
735587000	J45.901
735599007	M24.19
73560003	I77.3
735612009	M87.89
735614005	M85.89
735616007	M85.89
735643002	R62.52
735719008	P78.0
735720002	P78.0
735733008	K74.5
735744000	P11.5
735745004	P13.8
735748002	P58.8
735761002	L90.5
7358000	N34.3
735914007	M24.19
735933002	Z88.9
736024007	D61.1
736120001	L13.9
736314008	F44.9
736648002	K03.3
736652002	P84
736653007	E34.9
736781007	Q75.8
736782000	Q75.8
736812001	Z75.2
736815004	Z53.20
736828006	Z78.9
73692007	L27.0
736992003	N28.9
736993008	N28.9
737140001	M26.69
737143004	M26.69
737156006	Q21.8
73716000	Q82.5
737160009	I72.5
737182002	J84.9
737212004	E13.9
737229001	I67.9
737250005	L56.2
737251009	L56.2
737264005	K00.9
737283003	Z97.2
737318003	O08.1
737326006	O08.3
737343009	F88
737346001	L53.0
737368006	Z63.8
737579002	Q14.8
7377003	J98.51
73781000	L58.1
73782007	G72.89
73789003	Z78.9
73876000	P59.1
738791006	K27.0
73883007	R80.8
7390005	M62.89
7394001	Z18.9
73962000	K65.0
74034002	Q24.0
74035001	M62.59
74078006	B88.8
741000119101	N18.2
741767008	L98.8
74227009	R48.2
74285003	R22.2
74342009	B33.8
74361008	K52.1
74381009	I30.8
74388003	Q68.1
74391003	M08.09
74421000119107	N83.8
74431000119105	N83.8
7448003	N13.6
74509007	R99
74522004	O80
7458004	Q78.8
74587007	B65.8
74641007	R69
74689003	A41.4
74717002	B26.89
74740003	Q06.4
74762003	B76.8
74811000119102	Z74.9
74818001	E55.9
74827000	K44.1
74850006	F91.3
7487003	Z78.9
74873003	A68.9
74885006	M15.9
75013000	O04.84
75049004	Q04.3
75111000	H49.9
751121000124103	H27.9
75145007	Q25.3
75205009	Q64.8
75211007	L27.8
75331009	D69.3
75336004	A92.8
75360000	F30.9
75428007	O43.199
7544003	K42.9
75511006	Q76.9
7555003	E22.0
75556004	B48.8
75592000	P02.9
75630004	M26.69
75654009	Q78.2
75697004	Z37.4
758002	Q51.6
75803007	J31.0
75822003	M08.3
75825001	O04.7
75831003	H52.7
75836008	O46.8X9
75851004	R20.8
75867005	L71.8
75885003	D48.9
75891001	K05.20
75947000	O04.5
75968004	Q87.3
75983009	G51.8
7600001000004104	I82.C19
76011009	G93.9
76012002	P03.9
76043009	G60.0
76156000	G31.9
761581000124101	M25.431
761591000124103	M25.431
761601000124106	M25.432
761611000124109	M25.432
76172008	B68.0
76175005	E72.3
762005171000119101	I63.9
76223006	Q17.5
762239006	M79.18
762250009	Q27.9
762259005	N76.2
762272006	P78.0
762281000	G03.8
762282007	G03.9
762285009	L98.8
762300000	G25.9
762319005	F80.2
762341005	F15.94
762343008	F15.94
76236006	F95.9
762380002	L23.6
762381003	L23.6
762382005	L23.5
762384006	L23.5
762385007	L23.7
762387004	L23.3
762453008	Z88.8
762464006	N07.9
762493006	E46
762494000	E46
762495004	E46
762522008	F45.8
762528007	A49.8
762532001	F45.8
762535004	L81.8
762537007	L95.0
762554004	L23.6
762555003	L23.6
762560004	L23.5
762562007	L23.3
762568006	L23.7
762570002	L23.5
762576008	L23.3
762578009	L23.3
762658005	Q16.1
762664003	L81.8
762665002	C24.0
762725007	A92.5
762996008	Z03.89
762997004	Z03.89
762999001	Z03.89
76304001	Q89.7
76309006	H26.219
763128009	Q74.2
763129001	Q18.8
763209008	G71.3
763220008	Q18.8
763350002	Q04.8
763368004	L81.8
763404001	Q82.4
763462004	Q79.8
763532008	Q30.8
763536006	D12.6
763624007	Q70.9
763658004	Q82.8
763683004	Q56.0
763686007	Q82.8
763742008	Q87.2
763747002	Q21.0
763752007	K00.6
763767006	Q82.8
763775000	Q82.8
763778003	Q74.8
763798008	G60.0
763863002	Q87.5
763865009	C71.9
763869003	G04.89
763893008	Q77.3
764097002	H90.5
764098007	H90.5
764272007	G83.4
764454003	Q91.7
764455002	Q87.5
764517009	Q18.8
764523004	Q84.2
76472002	O04.84
764785006	F45.9
764789000	Z76.89
764793006	Z76.89
764810000	Q87.0
76490001	B36.8
76491002	Z87.898
764942005	Q87.5
764995008	Q82.8
765089003	Q04.8
765091006	G60.2
765143008	D44.7
765187004	L98.8
765196004	G71.8
765206003	Q79.8
765212008	H51.8
765221009	D76.3
76541004	I30.9
765438006	R45.6
76545008	L05.91
765482002	K70.10
76561000119107	Z92.3
765748009	D60.0
765750001	Q87.2
765758008	Q87.0
765812004	Q26.8
766051001	Q92.8
76651006	J02.8
76652004	F52.9
766704005	I09.2
766717008	Q77.3
766750008	Q77.3
766759009	C52
766765009	Q87.2
766837000	H26.9
766871009	Q04.8
76690005	N49.8
766931003	Q68.8
766937004	I15.1
766945009	I81
766948006	I87.1
766969008	Z65.8
767047005	D16.4
767116002	Z88.8
767130007	Q87.0
76713001	Z78.9
767169001	I24.0
767254005	G40.009
767263007	D82.1
767272004	N83.319
767359002	Z74.1
767544007	D04.5
767546009	H11.449
767657005	D64.9
767812003	D48.0
767817009	D48.0
767818004	D48.0
76782002	M86.9
76797004	Z78.9
76805007	M30.0
76807004	M54.2
768100001	K41.91
76813008	L98.0
76816000	K52.1
76843005	O08.0
768472004	E22.0
768677000	F79
7689009	G40.89
768926005	D33.3
768927001	Q92.2
768929003	Q92.2
768930008	Q92.8
768932000	Q14.8
768937006	D48.7
768946000	L51.2
768961004	L51.2
769014008	K02.3
769036006	L95.8
769113004	M26.29
769114005	M26.29
76912004	B83.8
769140004	M26.29
769141000	M26.29
769144008	R89.5
769168000	N87.9
769205006	R82.6
769681006	Z76.89
769686001	Z76.89
76981000119106	B20
77016009	Q79.8
770406002	Q73.8
770408001	Q06.8
770558006	G71.8
770561007	Q87.2
770589005	L23.3
770591002	Q51.4
770624005	G40.209
770628008	D42.9
770631009	P72.2
770675008	D48.0
770676009	D48.0
770719004	Q93.88
770784003	I49.8
770839008	Z74.8
770901001	Q87.5
770924008	M10.09
770940006	I78.1
770946000	Q73.8
77099001	O04.84
771000119108	N18.9
77106003	N76.0
771141002	G40.409
771142009	Q04.8
771143004	G60.0
771177009	Q73.8
771232003	H16.8
771264005	Q87.2
771269000	Q79.8
77128003	D82.1
771301002	Q77.8
771303004	Q02
771306007	Q82.8
771338002	Q74.0
77147000	K90.9
771474005	K31.7
771507004	P07.30
771509001	G71.3
771511005	Q87.2
771513008	I42.2
771517009	D81.2
77176002	Z72.0
77177006	R29.818
77182004	N05.2
77206006	O85
772120006	Z78.9
772126000	D82.8
772133000	F19.939
772145009	Z03.89
772146005	Z03.89
772147001	Z03.89
772150003	Z03.89
772151004	Z03.89
772152006	Z03.89
772153001	Z03.89
772155008	Z03.89
772157000	Z03.89
772158005	Z03.89
772163009	Z03.89
772165002	Z03.89
772166001	Z03.89
772168000	Z03.89
772169008	Z03.89
772170009	Z03.89
7727004	Q76.49
772792004	K46.0
772821007	K46.0
77300003	L53.3
77304007	J68.2
77311006	Q89.4
773112003	Z03.89
773114002	Z03.89
773115001	Z03.89
773117009	J38.5
773271009	K45.8
773278003	Q87.5
773282001	Q87.0
77330006	L92.8
773301007	Q77.7
773304004	Q77.8
773305003	Q04.3
773328002	M08.89
773333003	M32.8
773345007	K00.0
773396009	Q68.8
773398005	G71.3
773400009	Q87.0
773404000	Q77.7
773422002	D68.2
773487005	Z88.3
773492007	G11.4
773497001	Q04.3
773502004	Z88.8
773510003	Z88.8
773515008	Z88.8
773535009	Z76.89
773578004	Q76.49
773582002	B33.8
773583007	Q87.0
773610007	Q04.8
773620002	K43.6
773621003	Q87.0
773627004	Q07.8
773649005	K76.0
773662009	D89.9
773666007	Q87.3
773690008	Q15.8
773698001	L57.4
773699009	Q87.0
773700005	Q82.8
773774000	C54.9
773905531000119106	H50.9
773985008	Q74.8
773986009	Q84.8
77414002	Q35.9
774143003	R25.2
774144009	R25.2
774151000	G23.0
774204006	K73.8
77436004	H51.9
77456003	B65.8
77468007	O80
77471004	Q17.8
77497005	Q92.8
77522006	M05.39
77527000	Q92.8
77560002	L23.1
77563000	O65.0
7758003	H54.7
775908005	G71.3
77608001	Q75.9
77654005	Q92.8
77659000	G13.0
77670007	Z90.79
77678000	M70.30
77731000119106	I74.09
77737007	I11.0
77739005	Z90.79
77746001	M95.2
77759009	L11.8
77798004	B43.9
778008009	M85.89
778021002	Q15.8
778049009	H21.9
778050009	M60.89
778060000	I67.3
778061001	I72.6
77807009	Q92.8
77854008	O61.0
77888002	M13.89
77943002	Z78.9
77999004	E88.2
78061006	Z63.4
78079005	L23.89
780827006	F79
781076008	C78.5
781209009	M99.01
781210004	M99.01
781338009	B82.0
781382000	C19
78146007	E03.8
781641005	Q85.03
78168002	A68.1
781699006	P04.49
78172003	Z76.89
78182002	L08.0
782036441000119100	N80.8
78223000	L52
782333002	E73.1
782336005	E73.8
782387008	Z03.89
782486000	B71.8
782554008	Z88.8
782562000	Z88.8
782580009	Z88.8
782599000	Z88.8
782600002	Z88.8
78269000	F30.9
782750002	D83.1
782751003	D81.2
782752005	G60.0
782754006	Q15.8
782758009	Q87.2
782772000	E77.8
782780007	Q87.0
782820003	Q77.8
782821004	Q77.8
782823001	I78.1
782882009	M85.09
782912001	Q77.8
782915004	D76.1
782934004	D69.8
782937006	Q79.8
782942003	Q64.8
782946000	L81.8
783004003	Q87.5
783005002	Q87.0
783006001	C7A.8
783008000	E23.0
783009008	E23.0
783092005	Q56.1
783099001	D82.8
783138008	D48.7
783140003	Q68.8
783146009	E85.0
783156008	Q87.2
783157004	G31.82
783161005	E85.4
783246000	Q15.8
78337007	J06.9
783415001	I72.0
783422009	I72.0
783423004	I72.0
78345002	D69.6
783553008	Q87.2
783555001	H90.5
783559007	Q74.8
783618006	G12.1
783707003	I67.1
783711009	A64
783717008	E77.8
783723003	M85.89
783742004	Q17.8
783743009	D81.1
783789002	Q76.3
78393008	Q71.899
784006008	Q77.8
78408007	O75.4
78409004	G62.9
784201008	G93.5
784264002	Z22.9
784292007	L30.9
784332006	M46.08
784339002	L40.1
78466009	R75
78468005	G71.02
785300001	G11.0
785340007	Z77.29
785341006	O67.8
78544004	I12.0
78558002	R89.8
785727000	P78.3
785834005	K65.0
785835006	K65.0
785868004	O08.1
785869007	O04.6
785870008	O04.6
785871007	O04.6
785872000	O04.6
785913002	R89.5
78595002	R44.3
786039009	Q68.8
786120041000132108	F29
78625002	E21.1
78631004	L81.4
7864001	N50.89
78643003	I97.0
7865000	R41.89
787206005	M62.89
787411009	Q93.0
78745000	D47.01
78755001	L23.2
787769002	F10.988
788010000	N73.5
788011001	N73.0
78815005	N07.9
788167006	Z76.89
78818007	R20.8
788292004	I89.0
788295002	I89.8
788390005	D13.7
788455001	I66.8
788491008	E16.1
788492001	D13.7
788584007	Q87.0
788613004	M31.0
788631003	K13.0
788779003	Z88.9
788802000	Z88.8
788867008	R45.3
788906001	L60.8
788911004	F44.9
788912006	F44.9
788929009	P04.9
788959004	A69.8
788974002	B94.8
788976000	R44.8
788984001	L60.3
7890003	M24.59
789004008	C73
789036001	I01.1
789057009	A18.6
78908001	D55.3
789157007	Q82.8
789246006	Z72.4
789298008	H16.9
789299000	H16.9
789542009	E10.40
789673002	K08.109
789674008	G60.0
78990003	F63.9
7899002	R09.89
78997000	D52.0
79004009	H54.10
79013006	D69.2
7907005	O02.89
79133008	O08.1
79160001	N30.10
79191007	Q79.8
792845002	I73.9
79307007	O80
7933002	P61.0
79333004	O08.6
79366000	G90.9
79398006	E24.8
79417003	E70.328
79420006	C80.1
79560005	K65.0
79564001	Q82.2
79584002	F31.9
79587009	A41.59
79599002	M95.5
79649006	Q92.8
79702003	Q89.4
79754008	E85.4
79758006	I38
79787007	K63.9
79801002	G03.9
79806007	K27.9
79833006	Q10.3
79865009	Q69.0
79955004	I27.9
79986005	O41.8X90
79991006	Q74.1
80002007	P01.7
80018001	K29.60
8009008	R32
801000119105	R39.9
80113008	O90.9
801131000124108	Q74.0
801141000124103	Q74.0
80180004	G23.8
80199008	R69
80210002	T30.0
80304004	E04.8
80346008	L56.1
8037001	R49.0
80381005	R49.0
80406003	M24.39
80438008	O04.84
80474004	R20.8
80490004	F44.1
80511004	D75.1
80520008	Z65.4
80588003	C51.9
80599001	E23.0
80609002	M99.01
80663004	C80.1
80890005	B42.1
80898003	C80.1
80910005	R20.8
80936003	B48.2
80969003	N13.5
80975007	C54.1
81014006	K44.0
81077008	I00
81103005	Q26.8
81104004	F91.2
81119003	L27.0
81131001	Z87.898
81182003	A92.8
81271001	L40.8
81328008	O80
81330005	Q70.4
81351008	L58.9
81376009	I31.9
81402009	P02.60
81448000	O20.8
81472005	B33.8
81485008	Z57.9
81487000	L51.1
81492003	R63.0
81526008	Q05.9
81551009	B55.0
81581001	L23.0
81585005	H83.2X9
816135009	U07.0
816157002	L60.8
816158007	L60.8
816203001	D18.1
81634008	G54.8
81677009	O92.79
816998005	L98.8
81700000	Q72.899
81822003	C53.9
81898007	I49.9
8197001	L30.8
81973005	J98.9
81987005	E87.8
81993002	M26.03
819949002	B87.9
819950002	E25.8
82007007	Q89.4
82022002	P96.9
82047000	K52.9
82096005	F91.1
82112005	N11.8
82116008	R44.2
822021000000103	A86
82218004	F32.9
82285009	Z78.9
822961005	L98.9
822985002	R23.4
822999003	R23.4
82315004	M99.35
82353009	P37.9
82376007	L73.9
823997007	Z01.00
82516004	M99.31
8256001	I31.9
82561000119101	E10.41
82670009	A37.80
827037009	Z01.20
827066007	Z01.00
827074008	H10.9
827078006	Q21.8
827088007	Z01.00
827116004	R19.00
827118003	R19.00
827120000	R19.00
82719008	P04.0
82725007	M61.19
82757008	J86.0
82785005	Q74.2
82895008	D53.1
82939003	M06.39
82985000	K64.9
829989007	R23.8
829994007	L98.9
830007006	R20.8
830010004	O80
830032008	D33.0
830033003	D33.2
8301004	Q87.5
830114005	R20.1
830145009	R55
830197002	D48.9
83035003	I89.8
83062006	B37.0
83092002	D82.1
83095000	P12.0
83121003	Z37.4
83130006	Q21.8
83156004	R43.1
83191000119105	D44.0
832007	F32.2
83270006	C80.1
83291003	I27.9
833294001	N21.0
83331002	Z76.89
83336007	J98.6
83373005	R48.1
83453001	M87.029
83458005	F32.2
8347007	K66.0
83521008	F10.988
835278006	R19.8
8357008	F52.0
83579008	Q96.3
83582003	B81.8
83608006	J69.0
836477007	J68.4
83664006	E03.9
83684005	L70.8
83712005	Z87.898
83721006	Q92.8
8377001	K46.0
83779006	R44.8
8380000	Q17.9
83823003	Q67.4
838301001	B65.0
838302008	B65.0
838323002	G25.3
838336002	Q56.1
838354003	K65.0
838358000	I33.0
838368005	Q82.4
838384006	G06.1
838387004	G06.1
838388009	G06.1
838441009	G11.4
83864008	K71.0
83890006	F60.6
83911000119104	E66.9
83921000119106	M89.00
83975008	R48.8
840284009	L30.8
840309000	I21.9
840315000	I21.9
840316004	I21.9
840334000	M95.4
840343009	L81.8
840351007	J68.4
840420004	I72.6
840435003	B35.8
840438001	I72.6
840439009	I72.0
840448004	D18.1
840449007	F10.988
840456001	Q14.8
840463001	L98.8
840475006	Q84.5
840488009	Q20.0
840493007	Q33.8
840500002	I74.8
840522009	J68.1
840546002	Z20.828
840608004	I21.9
840679006	I21.9
840728005	J69.1
84087006	P50.2
84143004	O04.84
84161000119100	G40.209
84176000	Q78.9
84181000119109	G40.209
84184001	L85.8
84191000119107	G40.209
84201000119105	G40.219
84211000119108	G40.219
84216001	O22.50
84221000119101	G40.219
84235001	O32.9XX0
84299009	M79.2
8435000	I74.9
84361000119102	E16.0
84362007	E06.5
84414000	I89.1
84438001	G90.9
84445001	M25.69
844583007	R45.4
84475006	N43.0
84557007	Q38.3
845891000000103	I10
84648007	Q89.4
846605006	J70.4
846619006	E67.8
846627002	J68.2
846629004	J68.0
846634000	J68.4
846635004	J68.4
846637007	J68.4
846638002	J68.0
846639005	J68.0
846641006	J68.9
846642004	J68.9
846668006	I21.9
846686009	L29.9
8468007	O04.82
84758004	F15.10
84769001	H81.4
84801008	M12.09
84805004	Z78.9
84814009	Q99.1
84880007	P02.9
849000	H26.9
84921008	D09.9
84969006	P84
84991000119105	G47.8
85051008	N73.3
85068007	B88.8
85090007	Q89.3
851231000124109	Z55.8
85181000119108	Z01.84
85187004	K63.9
85191000119106	Z01.84
85207007	L40.3
85244007	E30.1
85284003	I20.9
8533009	R90.0
85407005	J67.2
85418005	F51.8
85420008	R09.1
85425003	P84
85426002	J90
8547008	F45.8
85561006	F10.230
85607003	Z78.9
85660004	F60.89
85700008	Q44.79
85722001	N13.9
85762002	R49.8
85791004	L08.0
85796009	O08.1
85824006	L10.0
85968009	K63.2
86058007	F31.2
86062001	L25.1
86070006	N49.1
86074002	D69.0
860789005	K83.8
860791002	D48.9
860801002	L52
860808008	H47.019
860811009	G60.8
860812002	G60.8
860813007	G60.8
860814001	G60.8
860815000	P37.9
860820000	Q75.8
860841006	A49.9
860845002	G06.1
860849008	G06.1
860867001	L30.4
860868006	A85.8
860873000	L98.7
860877004	L98.7
860885008	A07.2
860892003	N12
860903000	Z88.8
860924005	L23.5
860936004	Z88.8
86152005	I97.121
861908031000119108	N80.8
86201000119100	N11.0
8621000119107	K41.20
86235003	N14.3
862703121000119109	N85.8
86294001	J69.1
86329001	B81.2
86352002	L94.0
863889003	L29.9
863892004	L53.8
863927004	R94.5
86393005	L60.3
863934002	L53.8
863953007	D59.0
8641000119101	Q89.3
86417009	Q79.0
86422009	K65.8
86479002	I89.1
86504008	I30.8
8651000119104	K41.01
86524007	B81.8
86531000119105	E75.5
86571001	F66
86595004	Q43.8
865951006	C22.1
866047004	G58.7
866052009	C25.9
866055006	A85.0
866056007	B00.4
866058008	A85.0
866060005	B25.8
866062002	B89
866081005	M46.39
866083008	A18.4
866092006	D52.8
866112009	I89.0
866125001	B33.3
866127009	B52.8
866129007	A85.8
866130002	B00.4
866131003	B00.4
866132005	B00.4
866137004	M65.19
866138009	M65.19
866139001	M65.19
866143002	G64
866265009	R19.8
86629005	P02.5
86664001	P84
86667008	Q79.63
86687009	O08.2
8670007	O04.5
86708008	L21.9
86709000	O08.0
86735004	L53.9
86787000	M11.09
86818009	Q74.0
868214006	I21.9
868215007	I21.9
868217004	I21.9
868219001	I21.9
868220007	I21.9
868222004	I21.9
868224003	I21.9
86889005	P96.9
86890001	R00.8
86901000119106	M12.89
86996006	Q84.5
87021000119103	M12.28
870264004	F84.8
870269009	F84.8
870270005	F84.8
870274001	A31.8
870276004	J40
870280009	F84.8
870282001	F84.8
870295006	G21.2
870303005	F84.8
870305003	F84.8
870306002	F84.8
870308001	F84.8
870336006	L95.8
870339004	B89
870340002	A31.8
870348009	A18.2
870351002	K52.9
870353004	P39.4
870358008	P15.8
87041000119109	M25.119
87045002	P02.20
870566003	I66.8
870608005	Z88.8
870621003	F17.200
870637009	I72.5
87066005	D65
870705000	H53.8
870728004	A88.0
870733000	J38.4
870749003	L23.9
871005	M95.5
87101000119106	C71.9
87132004	F11.93
871586006	J93.9
871621007	I42.1
871623005	I42.1
871626002	Q70.33
871634008	A63.0
871642009	I15.8
871644005	I49.9
871649000	I42.2
871654009	Q23.1
87169001	O08.0
871843002	C49.5
87211000119104	D33.2
87227007	P91.4
87246008	Z90.89
87275002	R44.8
87381000119101	M54.89
87394009	I27.0
87414006	F32.9
87426001	L08.9
87469009	I51.7
87475000	Q78.9
87502001	Z91.89
87503006	B88.8
87512008	F32.2
87555007	I66.8
87556008	N93.8
87605005	O00.80
87613006	Z78.9
87648004	I09.9
87661000119103	Z98.890
87662006	Z38.5
87690005	R45.89
87695000	J85.0
87782002	K04.5
87788003	Z74.1
878111000000109	Z63.8
87837008	I27.9
87842000	F34.1
878802007	Z63.72
878803002	Z81.1
878804008	Z81.1
87881000119106	G25.2
8793008	Q52.0
8797009	M89.29
87977001	C53.9
879774391000119109	N80.8
879818005	D48.0
879862001	Z18.89
879938005	Z77.098
879991002	D37.8
879999000	R78.9
880003006	I51.0
880012008	I51.4
880014009	I42.0
880043001	I25.3
880044007	I25.3
880047000	I38
880048005	I38
880049002	I38
880094008	Q56.0
880110002	E63.8
880125002	Q56.2
88036000	B38.2
88071000	K04.4
8809007	P02.9
88102009	N07.9
88202002	Z72.4
88219000	G90.9
88220006	M89.49
88239001	D12.6
88326002	Q92.8
8841001	B65.8
88424000	N92.4
88445007	Q20.8
88451002	Z65.8
88577008	M95.5
88631000119105	Q74.8
88639006	K44.0
8866002	R68.89
88687001	J68.0
88715005	G81.90
88782004	I40.8
888003	P02.1
88803002	E24.0
88808006	A68.1
88847008	Z78.9
88889000	F45.8
88980002	O04.7
88994001	Z90.5
89000008	L68.9
8900005	E77.8
89001007	N80.9
890088002	Q56.2
8901009	I77.9
890120009	I42.2
89019003	L57.8
890202007	Q86.8
890229002	Q44.6
890280001	L24.1
890282009	L24.1
890284005	L23.5
890374007	D21.4
890376009	Q27.8
890389003	Q32.3
890414001	Q10.3
890422008	Q05.1
890460004	Q56.2
890467001	E87.5
89062002	P58.2
89099002	J40
89102002	R68.82
89112009	D64.89
89211009	Z78.9
892417201000119109	R22.2
89258001	L85.8
89310008	N32.89
89321004	Q81.0
89322006	L50.8
89327000	D58.2
89362005	R63.4
89385006	H50.69
89386007	B81.8
89420002	I28.8
8943002	R62.51
89451000119106	D16.4
89454001	D70.4
89461000119108	D16.4
89486006	N99.0
89511000119106	D18.1
895214001	K05.5
895237007	Q74.0
895240007	Q74.0
895241006	Q74.0
895242004	Q74.0
895243009	Q74.0
895244003	Q74.0
895248000	Q74.0
895249008	Q74.0
895250008	Q74.0
895251007	Q74.0
895253005	Q74.0
895255003	Q74.0
895256002	Q74.0
895257006	Q74.0
895258001	Q74.0
895259009	Q74.0
895261000	Q74.0
895263002	Q74.0
895264008	Q74.0
895265009	Q74.0
895268006	Q74.0
895270002	Q74.0
895307001	Q74.0
895308006	Q74.0
895309003	Q74.0
895312000	Q74.0
895314004	Q74.0
895315003	Q74.0
895317006	Q74.0
895318001	Q74.0
895320003	Q74.0
895322006	Q74.0
895323001	Q74.0
89533005	B83.8
895345000	C64.2
89549007	J40
895622002	Q74.0
895623007	Q74.0
895624001	Q74.0
895625000	Q74.0
895626004	Q74.2
895627008	Q74.2
895632009	Q74.2
895633004	Q74.2
895634005	Q74.2
895635006	Q74.2
895638008	Q74.2
895639000	Q74.0
89573004	O08.6
89637003	N12
89638008	R07.89
89654006	H47.43
896690007	I21.9
896702001	Q74.0
896706003	Q79.8
896707007	Q74.0
896708002	Q74.0
896709005	Q74.0
896725000	Q74.0
896726004	Q74.0
896727008	Q74.0
896728003	Q74.0
896729006	Q79.8
896730001	Q74.0
896733004	Q74.0
896734005	Q74.0
896736007	Q74.0
896739000	Q74.0
896740003	Q74.0
896741004	Q74.0
896742006	Q74.0
896778001	Q74.2
896779009	Q74.2
896782004	Q74.2
896785002	Q74.2
896788000	Q74.2
896790004	Q74.2
896818001	Q24.5
896820003	Q79.9
896821004	Q82.9
896822006	Q13.4
896823001	Q79.9
896825008	Q24.9
896827000	Q28.9
896828005	Q28.9
896829002	Q14.1
896830007	Q04.9
896831006	Q27.9
896834003	Q79.8
896835002	Q74.0
896836001	Q74.0
896839008	Q07.9
896842002	Q74.0
896844001	Q74.0
896845000	Q74.0
896846004	Q74.0
896847008	Q74.0
896848003	Q74.0
896849006	Q74.0
896852003	Q74.0
896855001	Q74.0
896856000	Q74.0
896857009	Q38.6
896859007	Q79.9
896860002	Q74.0
896861003	Q74.0
896863000	Q74.0
896865007	Q74.0
896866008	Q74.0
896868009	Q74.0
896870000	Q74.0
896871001	Q74.0
896872008	Q74.0
896873003	Q74.0
896874009	Q74.0
896875005	Q74.0
896876006	Q74.0
896880001	Q74.2
896881002	Q84.6
896882009	Q04.9
896885006	Q74.9
896889000	Q07.9
896890009	Q83.9
896892001	Q27.9
896895004	Q28.1
896896003	Q04.9
896897007	Q28.3
896898002	Q16.5
896899005	Q06.9
896903003	Q07.9
896904009	Q07.9
896907002	Q74.2
896909004	Q74.0
896910009	Q74.0
896913006	Q74.0
896914000	Q38.5
896915004	Q38.3
896919005	Q26.9
896923002	Q28.9
896926005	Q10.6
896927001	Q43.9
896930008	Q10.3
896931007	Q74.2
896934004	Q74.2
896935003	Q74.2
896936002	Q74.2
896942003	Q74.2
896945001	Q74.2
896948004	Q74.2
896955002	Q74.2
896983000	Q63.9
896987004	Q63.8
896991009	Q43.9
896992002	Q38.5
896993007	Q06.9
896994001	Q06.9
896995000	Q07.9
896997008	Q12.8
897003006	Q74.0
897006003	Q74.0
897008002	Q74.0
897034005	R76.0
897151000	Q07.9
897153002	Q74.2
897158006	Q63.8
897159003	Q20.8
897160008	Q38.8
897161007	Q24.8
897162000	Q20.8
897164004	Q04.9
897166002	Q74.0
897167006	Q04.9
897168001	Q18.9
897170005	Q04.9
897171009	Q74.2
897174001	Q38.6
897175000	Q63.8
897178003	Q74.1
897181008	Q79.9
897183006	Q26.8
897184000	Q04.9
8972001	R25.1
897211005	M85.89
897308007	N18.9
897318002	Q74.0
897322007	Q74.0
897325009	Q74.2
897370001	M85.89
897372009	M85.80
897385007	Q79.9
897386008	Q74.0
897394001	Q79.8
897395000	Q13.9
897396004	Q74.2
897397008	Q22.9
897400004	Q63.8
897405009	Q74.2
897407001	Q74.2
897412000	Q74.2
897416002	Q78.9
897417006	Q43.9
897418001	Q07.9
897424007	Q74.2
897427000	Q74.2
897428005	Q74.2
897429002	Q74.2
897430007	Q04.9
897433009	Q79.9
897435002	Q45.9
897438000	Q89.2
897440005	K00.2
897443007	Q04.9
897444001	Q78.9
897491008	E63.8
897505006	P37.9
897554004	Q85.9
897570002	Q68.8
897590006	Q78.9
897610001	Q74.2
897611002	Q74.2
897612009	Q74.2
897613004	Q74.2
897615006	Q74.2
897616007	Q74.2
897621005	Q74.2
897622003	Q74.2
897623008	Q74.2
897628004	Q74.2
897629007	Q74.2
897630002	Q74.0
897631003	Q74.0
897632005	Q74.0
897633000	Q74.0
897634006	Q74.2
89809008	F22
898212001	Q74.2
898215004	Q74.2
898216003	Q74.0
898217007	Q74.2
898223002	Q74.0
898224008	Q74.0
898227001	Q74.0
898254003	Q74.0
898255002	Q74.0
898256001	Q74.0
898263001	Q74.0
898264007	Q74.0
898268005	Q74.0
898270001	Q74.2
898272009	Q74.2
898273004	Q74.0
898274005	Q74.0
898275006	Q74.0
898276007	Q74.0
898279000	Q74.0
898281003	Q74.2
898282005	Q74.2
89870006	L50.6
89873008	P04.9
89886004	Q79.9
8996006	O04.82
89965003	E21.5
89985004	I38
89993004	N50.1
90041000119109	K00.0
90060000	A71.1
9009001	N31.8
90104009	M89.29
90108007	P84
90127001	P95
90188009	O61.1
90202001	E88.89
90303008	B88.8
9031009	Q82.8
90313000	Q89.4
90314006	M24.89
90361000119105	F51.8
90386003	L59.8
90402004	C80.1
9042000	H02.219
90433002	B01.89
90436005	B87.0
90450000	O04.5
90478004	I99.8
90516007	K09.8
9053006	R19.8
9067002	K05.5
90688005	N18.9
9069004	P00.3
90731000119103	N18.2
90753004	B65.8
9076009	N48.0
90761000119106	N18.5
90781005	O04.89
90849005	A40.3
90900004	L88
90911007	A67.1
90971000119103	N05.9
90998002	R23.8
91039000	L92.8
91041000119104	C40.90
9105005	E79.9
91064002	Q87.89
91065001	Q89.4
9107002	O70.1
91081006	I73.9
91089008	Q87.2
91149004	M76.9
91151000119103	C76.1
91153002	O44.20
91155009	N73.4
91209001	Z78.9
9121000119106	M54.59
91222009	M48.8X2
91259005	D86.9
9126005	N92.3
91335003	I21.9
91337006	B71.8
91454002	R83.9
91466008	E87.5
91484005	O61.0
91519006	P96.89
91549008	N83.8
91561000119109	G47.8
91566005	B85.4
91581004	P28.5
91604001	M30.0
91651004	M99.06
91857003	C91.00
91865000	Q70.9
91890003	Q43.9
91892006	Q75.8
91896009	Q75.8
91897000	Q75.8
91919002	Q16.4
91929009	Z88.3
91933002	Z88.1
91948008	Z21
91973008	D15.2
91983007	D24.9
92049000	D24.9
92102001	D24.9
92206006	D24.9
92249007	D24.9
9226004	K01.1
92265008	C25.3
9228003	B65.8
92298003	D15.7
92346003	D23.60
92451000119103	N83.8
92477000	D10.1
92483002	D15.7
92487001	D10.4
92508006	C83.73
92509003	C83.76
92515003	C83.77
92516002	C83.79
92525008	D04.8
92534003	C02.3
92541009	D05.90
92543007	D05.90
92577002	D01.7
92578007	D05.90
92579004	D05.90
92592001	D02.0
926342004	Q73.8
92647004	D05.90
92665000	D05.90
92666004	D05.90
9273005	D12.6
92778009	D05.90
92807009	J68.8
92821006	Q18.8
92826001	A49.8
92827005	A04.1
92828000	Q13.0
92831004	N98.2
92832006	T86.899
92842008	Q74.2
92866002	Q75.8
92868001	Q74.2
92879006	Q74.2
92916007	Q75.8
92926000	Q75.8
92927009	Q75.8
92935007	Q75.8
92937004	Q17.3
92945009	Q68.8
92947001	Q67.0
92949003	Q67.4
92950003	Q74.2
92951004	Q74.2
92961006	Q26.8
92965002	Q25.8
92968000	Q55.0
92979005	Q70.4
92981007	Q74.0
92992008	Q75.8
92995005	Q75.9
92996006	Q75.8
93003001	Q75.9
93009002	Q75.9
93011006	Q30.8
93014003	Q75.9
93026008	Q75.8
93047007	Q50.1
93048002	Q50.4
93051009	Q24.8
93053007	Q24.8
93084009	Q30.8
931000124105	R84.5
93101002	Q75.8
93105006	Q75.8
93106007	Q75.8
9312005	J34.0
93122008	Q74.2
93127002	Q75.8
93130009	I44.2
93133006	C96.0
93134000	C96.0
93135004	C96.0
93136003	C96.0
93137007	C96.0
93138002	C96.0
93139005	C96.0
93140007	C96.0
93141006	C96.0
93148000	C91.40
93149008	C91.40
93152000	C91.40
93164008	K05.219
93169003	Z85.6
93189002	C96.9
93194002	C85.94
93203007	C96.29
93204001	C96.29
93205000	C96.29
93206004	C96.29
93208003	C96.29
93235007	Q89.1
93246005	Q72.899
93254007	Q11.2
93261006	Q55.1
93273006	Q72.899
93295005	Q74.2
93297002	D82.1
93321007	Q68.8
93330004	Q45.8
93345006	Q17.4
93356006	Q74.2
93357002	Q74.2
93376000	Q40.8
93392005	Q27.8
93396008	Q28.1
93409009	Q74.2
93434009	K06.1
93446008	K06.9
93450001	C94.01
93461009	F64.8
93462002	K05.329
93481005	Q76.49
93497000	C81.41
9350004	K63.9
93510002	C81.29
93514006	C81.14
93519001	C81.19
93523009	C81.94
93532006	C81.94
93533001	C81.71
93534007	C81.95
93542008	C81.01
93543003	C81.75
93546006	C81.09
93550004	C81.94
93551000	C81.71
93552007	C81.95
93558006	E05.90
93570005	Q74.2
93585004	Q75.8
93589005	Q75.8
93591002	Q75.8
93594005	Q30.8
93606008	Q74.2
93680004	C50.019
93759001	C75.5
93796005	C50.919
938000861000119106	M46.86
93857009	C32.3
9386003	M10.09
93874009	C50.319
93924008	C50.019
93951006	C41.4
93965008	C58
9402004	Z87.898
9406001	I72.9
94117003	C50.419
94176003	C79.81
942021000124102	M77.8
942031000124104	M77.8
94244003	C79.81
9426002	D75.1
94261000	C00.6
94276008	C79.81
94277004	C79.81
94281000119101	C75.8
94297009	C79.81
94371000119107	B57.2
94385006	C79.81
94401004	C79.81
9444005	B71.8
94443006	C79.81
9446007	Q13.0
94501000119106	I95.9
94582005	C49.4
94608002	C77.0
94634005	C73
94685002	Q73.8
94710006	C84.04
94711005	C84.01
94712003	C84.05
94715001	C84.09
94720001	Q22.8
94721002	D37.9
947256671000119109	N80.8
94741007	D48.5
94746002	D48.60
94750009	D48.60
94756003	D37.9
94757007	D40.9
9480005	L30.3
94816009	D48.60
94817000	D48.60
94823005	D40.9
94825003	D37.9
94834008	D39.9
94836005	D48.60
94839003	D48.0
94845006	D40.9
9489006	D68.8
94914006	D48.60
94916008	D48.60
94924003	D48.60
94965003	D48.60
94984000	D41.9
95039009	D40.9
95155000	D48.60
95157008	D48.60
9516007	O08.0
95173002	D40.9
95199009	K76.9
95200007	J98.4
95206001	J39.8
95213001	H42
95218005	Q56.4
95219002	Q56.4
95220008	N71.9
95241002	Q87.0
95246007	K02.9
95248008	K11.7
95249000	K02.9
95267007	K00.1
95287008	Q68.8
95301008	Q74.2
95305004	Q79.8
95311001	Q76.49
95312008	Q76.49
95313003	Q76.49
95331002	L12.1
95333004	L73.8
95349002	L56.2
95350002	P83.0
95362003	D70.8
95365001	L98.9
95366000	L98.8
954008	E23.3
95412009	M12.29
95413004	D21.9
95414005	M65.29
95418008	R25.2
95434006	J39.8
95444008	I72.2
95457000	I63.9
95460007	I63.9
95463009	Q79.8
95472001	Q45.8
95476003	Q62.7
95485003	Q12.8
95498007	Q14.2
95501007	Q14.1
95505003	Q10.4
95518006	K52.9
95522001	M25.60
95525004	R20.1
95528002	R20.0
95544006	K52.9
95546008	D23.5
95549001	R58
95551002	K66.8
95572004	N15.1
95588004	N97.8
95596009	L29.3
9560001000004102	J38.7
95618001	P28.5
95621004	P54.8
95622006	E25.8
95623001	P61.6
95625008	P76.1
95628005	P91.9
95634003	P28.5
95637005	F68.12
95638000	G93.9
95667004	G51.0
95669001	G90.9
95671001	G54.9
95672008	R44.9
95692001	E78.5
95694000	Q14.1
95707009	H20.20
95721006	H26.9
95723009	H26.9
95731004	H16.8
95745005	D31.00
95839005	D68.9
95840007	D68.8
95844003	D68.8
95870002	Y65.8
95887000	A49.3
95921002	Y07.9
9602009	B33.8
961000124101	R84.5
9615000	E71.0
9617008	Z78.9
96261000119103	Z95.2
96271000119109	Z95.2
965003	H53.8
96721000119103	N18.4
96981000119102	C19
9723006	Q79.8
975231000000107	K42.9
9773009	N94.89
97941000119109	Z81.8
9799002	Z78.9
981000119108	G40.409
9827004	L73.8
98691000119108	M79.A19
9901000	O10.03
9901000119100	I66.9
991000119106	J98.8
9936001	P59.29
9979004	E25.9
9989000	Q74.2
9991008	R10.84
