retired_concept_id	active_concept_id	association
10010002	54084005	SAME_AS
1003409002	1162462009	REPLACED_BY
1003844005	59600000	SAME_AS
1003938005	68724006	REPLACED_BY
10100008	370504007	SAME_AS
101000161109	580941000124109	REPLACED_BY
1010443001	609506003	REPLACED_BY
1010444007	609507007	REPLACED_BY
1010446009	609506003	REPLACED_BY
1010447000	609507007	REPLACED_BY
1010625007	697913004	SAME_AS
1010638004	237918004	SAME_AS
10121008	210398003	REPLACED_BY
101351000119105	1293244004	SAME_AS
10156007	22564003	REPLACED_BY
10181000119102	735935009	SAME_AS
1022006	186289000	SAME_AS
102450007	789675009	REPLACED_BY
102455002	716864001	REPLACED_BY
10246004	86900005	SAME_AS
102471002	266721009	SAME_AS
10251005	205395006	SAME_AS
102552001	102549009	SAME_AS
102571004	274743004	SAME_AS
102582007	129894004	REPLACED_BY
102585009	271640005	SAME_AS
102597005	394643003	SAME_AS
102602003	91019004	SAME_AS
102604002	90673000	SAME_AS
102611003	235719002	SAME_AS
102620007	235595009	SAME_AS
10278007	275446004	SAME_AS
102833004	404220000	SAME_AS
102839000	167338002	SAME_AS
102842006	167337007	SAME_AS
102863008	117483003	SAME_AS
102873005	169488004	SAME_AS
102909009	247917007	SAME_AS
102926003	225633003	SAME_AS
102931001	247818001	SAME_AS
103006007	162300006	REPLACED_BY
10306008	203164005	SAME_AS
1031006	210386008	REPLACED_BY
10311000175107	1176988004	SAME_AS
103253004	419326002	SAME_AS
103270007	13045009	SAME_AS
103280006	162403009	SAME_AS
103285001	103284002	SAME_AS
103406000	1003682004	REPLACED_BY
103409007	1003682004	REPLACED_BY
103412005	1003682004	REPLACED_BY
103415007	737378009	REPLACED_BY
103416008	737379001	REPLACED_BY
103417004	737380003	REPLACED_BY
103418009	737381004	REPLACED_BY
103642003	733529001	REPLACED_BY
10366006	210483004	REPLACED_BY
10386005	737221003	SAME_AS
10400001	210220001	SAME_AS
10405006	204021005	SAME_AS
10426006	202748002	SAME_AS
10452000	386762009	SAME_AS
104521000119108	427180006	SAME_AS
10497009	298087003	REPLACED_BY
10518000	699189004	SAME_AS
10524006	192788009	SAME_AS
105426003	160881008	SAME_AS
105448009	266966009	SAME_AS
105450001	266890009	REPLACED_BY
105451002	429961000	REPLACED_BY
105452009	160303001	REPLACED_BY
105453004	160328009	REPLACED_BY
105454005	1254722009	REPLACED_BY
105480006	1296859006	REPLACED_BY
105500006	160685001	SAME_AS
105533001	160706007	SAME_AS
105548007	428495004	SAME_AS
10557008	1177081002	SAME_AS
105621002	22564003	SAME_AS
105623004	7895008	REPLACED_BY
105627003	302231008	SAME_AS
105636004	34014006	REPLACED_BY
105656003	71572001	REPLACED_BY
105660000	26089000	SAME_AS
105670003	30369007	SAME_AS
105677000	86133004	SAME_AS
105685009	781507007	REPLACED_BY
105687001	781463005	REPLACED_BY
105693009	84706005	SAME_AS
105712008	781338009	REPLACED_BY
105964007	238714008	SAME_AS
106007006	362972006	REPLACED_BY
10603009	26228000	SAME_AS
106069006	11849007	SAME_AS
10625911000119108	1264307003	REPLACED_BY
10625951000119109	1264306007	REPLACED_BY
10628791000119105	762694009	REPLACED_BY
10629031000119100	238405002	SAME_AS
10629151000119105	195725001	SAME_AS
10633111000119105	1297309003	SAME_AS
10633151000119106	1297310008	SAME_AS
10662431000119107	830071006	SAME_AS
10662551000119100	830072004	SAME_AS
10680711000119109	1252732001	REPLACED_BY
10684271000119100	1252733006	REPLACED_BY
10692221000119107	1252736003	REPLACED_BY
10692261000119102	1252735004	REPLACED_BY
10720004	5294002	SAME_AS
10729003	50043002	REPLACED_BY
1073161000119109	1366562006	SAME_AS
1073171000119103	1366561004	SAME_AS
1074009	703232003	SAME_AS
10742003	206413008	REPLACED_BY
10749691000119103	200077002	SAME_AS
1075111000119105	15934261000119108	SAME_AS
1075121000119103	15934221000119103	SAME_AS
1075191000119101	299418001	REPLACED_BY
1075241000119101	299418001	REPLACED_BY
10755161000119102	1254987007	REPLACED_BY
1075531000119108	774140000	SAME_AS
1075541000119104	774141001	SAME_AS
1075641000119103	774136009	SAME_AS
1075661000119104	774137000	SAME_AS
10764007	208748005	SAME_AS
107751000119102	732201008	REPLACED_BY
107781000119109	722680009	SAME_AS
1077951000119100	774135008	SAME_AS
10783000	84002002	REPLACED_BY
10800005	68761002	SAME_AS
1080091000119100	1306552008	REPLACED_BY
1080101000119105	1306575001	REPLACED_BY
1080111000119108	1306557002	REPLACED_BY
1080121000119101	1306580005	REPLACED_BY
1080131000119103	1306574002	REPLACED_BY
1080151000119109	1306571005	REPLACED_BY
1080161000119106	1306567007	REPLACED_BY
1080171000119100	1306554009	REPLACED_BY
1080181000119102	1306576000	REPLACED_BY
1080191000119104	1306558007	REPLACED_BY
1080201000119101	1306579007	REPLACED_BY
1080211000119103	1306573008	REPLACED_BY
1080231000119108	1306570006	REPLACED_BY
1080241000119104	1306566003	REPLACED_BY
1080261000119100	1306565004	REPLACED_BY
1080341000119105	1306564000	REPLACED_BY
1080411000119102	1303724008	SAME_AS
1080421000119109	1303723002	SAME_AS
1081551000119106	1306514007	REPLACED_BY
1081561000119108	1306513001	REPLACED_BY
10822771000119101	55501000087106	SAME_AS
1082371000119104	710007003	SAME_AS
10832661000119101	55491000087103	SAME_AS
10835571000119102	1177197005	REPLACED_BY
10837861000119103	1354672001	SAME_AS
10838341000119106	560871000124109	REPLACED_BY
1084291000119102	1083331000119106	SAME_AS
108431000119104	398158001	REPLACED_BY
1085471000119103	10491000119106	REPLACED_BY
10866001	56661000	REPLACED_BY
10868000	298089000	REPLACED_BY
1087271000119105	196884002	SAME_AS
10877007	1335873005	REPLACED_BY
108791000119108	1003605004	REPLACED_BY
1088761000119108	774119001	SAME_AS
1088891000119106	473424007	SAME_AS
1089321000119106	1010233001	SAME_AS
1089361000119101	1088461000119102	SAME_AS
1089661000119108	1344896004	SAME_AS
10897571000119103	237332009	SAME_AS
1089991000119109	1197527000	REPLACED_BY
10905004	298095004	REPLACED_BY
1091371000119107	774120007	SAME_AS
1091501000119106	473423001	SAME_AS
1091931000119105	1010234007	SAME_AS
1091971000119108	1091071000119109	SAME_AS
1092271000119106	1344897008	SAME_AS
10923561000119103	10933161000119109	SAME_AS
10923601000119103	10933201000119104	SAME_AS
109256003	1197521004	REPLACED_BY
1092581000119107	449505005	SAME_AS
1092611000119100	194394004	SAME_AS
1092631000119105	449504009	SAME_AS
1092641000119101	448419003	SAME_AS
109301001	1339014004	REPLACED_BY
109356001	372087000	SAME_AS
109357005	372087000	REPLACED_BY
109358000	363346000	REPLACED_BY
109373004	254645002	SAME_AS
109387004	188029000	SAME_AS
109427000	253568009	SAME_AS
109465007	109487003	SAME_AS
109503004	235087000	SAME_AS
109535004	1172951004	SAME_AS
109539005	57650002	SAME_AS
109563002	15733007	REPLACED_BY
109565009	109564008	SAME_AS
109567001	95249000	REPLACED_BY
109587000	52994003	SAME_AS
109589002	57650002	SAME_AS
109605000	718053009	SAME_AS
109616007	86276007	SAME_AS
109619000	89013002	SAME_AS
109642007	109678002	REPLACED_BY
109643002	109678002	SAME_AS
109659002	298375002	SAME_AS
109670009	210366009	REPLACED_BY
109673006	37320007	SAME_AS
109767003	28826002	SAME_AS
109815009	72438008	SAME_AS
10981821000119103	1288041004	REPLACED_BY
109864001	193440001	SAME_AS
109871006	188247000	SAME_AS
10987541000119104	1187601005	SAME_AS
10987721000119102	1288042006	REPLACED_BY
10987961000119105	1288037003	REPLACED_BY
109886000	188157005	REPLACED_BY
109887009	188157005	REPLACED_BY
109953003	1339017006	REPLACED_BY
109956006	275446004	SAME_AS
10996491000119105	1217138002	SAME_AS
109965004	1217301006	REPLACED_BY
10996531000119105	786044002	SAME_AS
109981009	190818004	SAME_AS
109991000119100	416098002	REPLACED_BY
109996008	1260268001	REPLACED_BY
109999001	302855005	REPLACED_BY
110000005	445448008	REPLACED_BY
11001031000119107	1003532000	REPLACED_BY
11001071000119105	1003535003	REPLACED_BY
11003051000119102	1290076003	REPLACED_BY
110031003	326542006	SAME_AS
110046005	361112002	SAME_AS
11014961000119103	1003534004	REPLACED_BY
11018701000119109	429245005	SAME_AS
110339005	162020001	SAME_AS
110354004	235036003	SAME_AS
110478008	1303300002	REPLACED_BY
110482005	341000119102	REPLACED_BY
11057009	237101004	SAME_AS
11060002	385006	SAME_AS
11067004	125656008	REPLACED_BY
11093006	128105004	SAME_AS
110991004	13141002	SAME_AS
111000161106	3415004	SAME_AS
111004007	206445003	SAME_AS
111022005	4340003	SAME_AS
111023000	895649002	REPLACED_BY
111031005	765096001	SAME_AS
1111000119100	52298009	SAME_AS
111180003	416893007	REPLACED_BY
111181004	416675009	REPLACED_BY
111182006	416675009	REPLACED_BY
111185008	31928004	REPLACED_BY
111187000	8838005	REPLACED_BY
111194002	40275004	REPLACED_BY
111195001	35151000087100	REPLACED_BY
111198004	86487001	SAME_AS
111205000	19429009	REPLACED_BY
111207008	111204001	REPLACED_BY
111216007	18834007	REPLACED_BY
111217003	35524003	REPLACED_BY
111220006	201829007	REPLACED_BY
111221005	201847001	REPLACED_BY
111223008	21333004	REPLACED_BY
111225001	53417006	REPLACED_BY
111231003	81808003	REPLACED_BY
111233000	111235007	REPLACED_BY
111238009	61296009	SAME_AS
111249003	60168000	REPLACED_BY
111250003	203153007	SAME_AS
111251004	111253001	REPLACED_BY
111256009	72275000	SAME_AS
111258005	111259002	REPLACED_BY
111264003	111265002	REPLACED_BY
111272001	47135001	REPLACED_BY
111280008	398726004	REPLACED_BY
111284004	23685000	SAME_AS
111295005	275518003	SAME_AS
111313001	373413006	SAME_AS
111314007	275348004	SAME_AS
111320008	253536001	SAME_AS
11132002	212738009	SAME_AS
111333002	204821009	SAME_AS
111340001	204272007	SAME_AS
111346007	196427000	SAME_AS
111370006	266468003	SAME_AS
111380005	45744005	REPLACED_BY
111384001	725296006	REPLACED_BY
111392005	56871000	SAME_AS
111393000	267454002	SAME_AS
111399001	111400008	REPLACED_BY
111401007	33217001	SAME_AS
111402000	190631007	REPLACED_BY
111413002	9713002	REPLACED_BY
111415009	57593007	REPLACED_BY
11142000	773269009	SAME_AS
111421008	266609001	SAME_AS
111430000	1204037006	REPLACED_BY
111431001	609447002	REPLACED_BY
111432008	609457001	REPLACED_BY
111434009	54048003	REPLACED_BY
111439004	199425009	SAME_AS
111440002	816148008	REPLACED_BY
111441003	25749005	REPLACED_BY
111446008	609420007	REPLACED_BY
111450001	64229006	REPLACED_BY
111461009	1263720007	REPLACED_BY
111462002	1263616002	REPLACED_BY
111463007	1263615003	REPLACED_BY
111481005	427327003	SAME_AS
111486000	59394009	REPLACED_BY
111493001	230480006	SAME_AS
111498005	230381009	REPLACED_BY
111509007	371405004	SAME_AS
111537000	386034005	REPLACED_BY
111538005	386034005	REPLACED_BY
111540000	23606001	REPLACED_BY
111547002	111548007	REPLACED_BY
111552007	73211009	REPLACED_BY
111553002	73211009	REPLACED_BY
111555009	9414007	REPLACED_BY
111561007	275437005	SAME_AS
111563005	237785004	SAME_AS
111567006	237560005	SAME_AS
111578003	1187461004	REPLACED_BY
111582001	732965007	SAME_AS
111592009	111593004	REPLACED_BY
111594005	207687004	REPLACED_BY
111595006	207687004	SAME_AS
111596007	111597003	REPLACED_BY
111598008	207705002	REPLACED_BY
111599000	207705002	SAME_AS
111600002	111601003	REPLACED_BY
111602005	111603000	REPLACED_BY
111604006	111605007	REPLACED_BY
111606008	111605007	REPLACED_BY
111610006	111611005	REPLACED_BY
111612003	111613008	REPLACED_BY
111614002	111615001	REPLACED_BY
111616000	111617009	REPLACED_BY
111618004	82271004	REPLACED_BY
111619007	82271004	REPLACED_BY
111620001	82271004	REPLACED_BY
111621002	82271004	REPLACED_BY
111623004	8840000	REPLACED_BY
111624005	46995009	REPLACED_BY
111625006	76435008	REPLACED_BY
111626007	80980003	REPLACED_BY
111627003	31882001	REPLACED_BY
111628008	72513001	REPLACED_BY
111629000	16695002	REPLACED_BY
111630005	3446000	REPLACED_BY
111631009	123534001	REPLACED_BY
111632002	766775007	REPLACED_BY
111634001	123535000	REPLACED_BY
111650009	208902008	SAME_AS
111652001	208990005	SAME_AS
111654000	127295002	REPLACED_BY
111655004	28188001	REPLACED_BY
111656003	23713006	REPLACED_BY
111657007	87888006	REPLACED_BY
111659005	59748008	REPLACED_BY
111660000	127304009	REPLACED_BY
111661001	127305005	REPLACED_BY
111662008	82344002	REPLACED_BY
111663003	78968003	REPLACED_BY
111664009	127306006	REPLACED_BY
111665005	127307002	REPLACED_BY
111666006	30858001	REPLACED_BY
111667002	12589008	REPLACED_BY
111670003	77768006	REPLACED_BY
111674007	5251007	REPLACED_BY
111675008	209947002	REPLACED_BY
111676009	209956005	REPLACED_BY
111680004	65189006	REPLACED_BY
111682007	210064002	SAME_AS
111685009	262811005	SAME_AS
111686005	210242000	SAME_AS
111687001	315296002	SAME_AS
111688006	269164007	SAME_AS
111692004	74247001	SAME_AS
111695002	210859000	SAME_AS
111698000	24392008	REPLACED_BY
111699008	11807002	REPLACED_BY
111700009	405753002	REPLACED_BY
111701008	212363007	SAME_AS
111714009	879801006	REPLACED_BY
111724001	51694003	SAME_AS
111725000	269406001	REPLACED_BY
111726004	269406001	SAME_AS
111728003	111729006	REPLACED_BY
111730001	111731002	REPLACED_BY
111732009	111733004	REPLACED_BY
111734005	271331002	SAME_AS
111736007	44532001	REPLACED_BY
111739000	473023007	REPLACED_BY
111742006	473037003	REPLACED_BY
111743001	473035006	REPLACED_BY
111744007	1354667005	REPLACED_BY
111745008	473023007	REPLACED_BY
111746009	473023007	REPLACED_BY
111747000	473023007	REPLACED_BY
111749002	24854000	REPLACED_BY
111753000	1354703001	REPLACED_BY
111759001	111758009	REPLACED_BY
111775003	111776002	REPLACED_BY
111795009	41116009	REPLACED_BY
111799003	111800004	REPLACED_BY
11180004	89893000	SAME_AS
111801000	111802007	REPLACED_BY
111803002	75702008	REPLACED_BY
111804008	75702008	SAME_AS
111808006	81004002	REPLACED_BY
111810008	77377001	REPLACED_BY
111814004	88415009	REPLACED_BY
111818001	111817006	REPLACED_BY
111822006	58227000	REPLACED_BY
111823001	83883001	REPLACED_BY
111826009	10706006	REPLACED_BY
111827000	38279006	REPLACED_BY
111828005	111830007	REPLACED_BY
111829002	74181004	REPLACED_BY
111831006	111830007	REPLACED_BY
111834003	19265001	REPLACED_BY
111836001	266071000	REPLACED_BY
111840005	27020006	SAME_AS
111841009	75116005	REPLACED_BY
111844001	111843007	REPLACED_BY
111848003	16766000	REPLACED_BY
111853008	88594005	REPLACED_BY
111854002	88594005	REPLACED_BY
111855001	88594005	REPLACED_BY
111857009	88594005	REPLACED_BY
111858004	38907003	REPLACED_BY
111859007	4740000	REPLACED_BY
111860002	4740000	REPLACED_BY
111861003	4740000	REPLACED_BY
111862005	4740000	REPLACED_BY
111870000	36989005	REPLACED_BY
111871001	36989005	REPLACED_BY
111873003	14189004	REPLACED_BY
111874009	14189004	REPLACED_BY
111876006	6142004	REPLACED_BY
111877002	36921006	SAME_AS
111888008	420721002	REPLACED_BY
111889000	62479008	REPLACED_BY
111893006	3738000	REPLACED_BY
111894000	111896003	REPLACED_BY
111895004	40946000	REPLACED_BY
111902008	187067000	REPLACED_BY
111903003	111904009	REPLACED_BY
111905005	78048006	REPLACED_BY
111913006	111910009	REPLACED_BY
111914000	240367005	SAME_AS
111915004	187192000	REPLACED_BY
111916003	56335008	REPLACED_BY
111917007	61462000	REPLACED_BY
111918002	75549005	REPLACED_BY
111919005	10087007	REPLACED_BY
111924008	75006000	REPLACED_BY
111925009	21009004	REPLACED_BY
111931007	240855004	SAME_AS
111938001	75375008	SAME_AS
111939009	46799006	SAME_AS
112072009	18606002	SAME_AS
112079000	386825004	REPLACED_BY
112083000	386820009	REPLACED_BY
112093007	736606009	SAME_AS
112096004	270903007	SAME_AS
112112004	274521009	SAME_AS
112146003	131154005	REPLACED_BY
112150005	131161009	REPLACED_BY
112151009	165743006	SAME_AS
11229008	262782002	REPLACED_BY
11230003	206223002	SAME_AS
1123004	197378004	SAME_AS
11243003	26336006	SAME_AS
11250004	240699006	SAME_AS
11290001	414173003	REPLACED_BY
11293004	267639001	SAME_AS
11297003	202170005	SAME_AS
1130005	268190004	SAME_AS
11304801000119106	942071000124101	REPLACED_BY
11304841000119108	942161000124107	REPLACED_BY
11304881000119103	942071000124101	REPLACED_BY
11312321000119101	942141000124108	REPLACED_BY
11312361000119106	942051000124106	REPLACED_BY
11312641000119103	11312681000119108	SAME_AS
11312801000119104	942041000124109	REPLACED_BY
11312841000119102	942171000124100	REPLACED_BY
11312881000119107	942151000124105	REPLACED_BY
11312921000119100	942061000124108	REPLACED_BY
1132002	217670007	SAME_AS
113201000119101	1284829001	SAME_AS
113211000119103	1284830006	SAME_AS
113291000119107	1290237009	SAME_AS
113331000119101	1297041003	SAME_AS
11361009	238928005	SAME_AS
11365000	34822003	SAME_AS
11373009	1204037006	REPLACED_BY
11382003	209453007	SAME_AS
1141000124103	449737008	REPLACED_BY
11417002	237125007	SAME_AS
1142180003	1156256003	REPLACED_BY
1144242006	275505006	SAME_AS
1144252005	254408000	SAME_AS
1144524002	129885005	SAME_AS
1144625005	302885000	SAME_AS
1144958004	403472004	SAME_AS
1145026000	1156265005	REPLACED_BY
1145031003	1156270003	REPLACED_BY
11464002	26947005	REPLACED_BY
11487005	194892009	SAME_AS
1148756004	1148755000	REPLACED_BY
1148890003	782915004	SAME_AS
1151000124101	449738003	REPLACED_BY
11523005	212183002	SAME_AS
1153345005	1260268001	REPLACED_BY
1155740004	66413004	REPLACED_BY
1156002001	296650002	REPLACED_BY
1156097001	1363554006	REPLACED_BY
1156808001	764952009	SAME_AS
115738002	131164001	REPLACED_BY
115739005	131165000	REPLACED_BY
115740007	131166004	REPLACED_BY
115741006	131167008	REPLACED_BY
115742004	131168003	REPLACED_BY
115743009	131169006	REPLACED_BY
115766005	406007008	REPLACED_BY
115767001	406005000	REPLACED_BY
115768006	406006004	REPLACED_BY
115769003	406009006	REPLACED_BY
115770002	406002002	REPLACED_BY
115771003	406002002	SAME_AS
115772005	406004001	REPLACED_BY
115773000	406008003	REPLACED_BY
115856005	131178000	REPLACED_BY
115857001	131179008	SAME_AS
115858006	131180006	REPLACED_BY
115859003	131181005	REPLACED_BY
115941000	131163007	REPLACED_BY
116022009	400038003	SAME_AS
11606009	196856007	SAME_AS
1161000124104	449742000	REPLACED_BY
1162304008	735598004	SAME_AS
1162398002	224255009	REPLACED_BY
1162399005	1197636006	REPLACED_BY
1162400003	1197637002	REPLACED_BY
1162547009	1197631001	REPLACED_BY
1162548004	1197640002	REPLACED_BY
1162549007	1197641003	REPLACED_BY
1162550007	1197645007	REPLACED_BY
1162551006	1197646008	REPLACED_BY
1162552004	1162585007	REPLACED_BY
1162553009	1197647004	REPLACED_BY
1162567000	235833007	SAME_AS
116342008	237116001	SAME_AS
1163534008	406598000	SAME_AS
116691000119101	763666008	SAME_AS
1171000124106	449739006	REPLACED_BY
1172921005	81647003	SAME_AS
1172960007	1354664003	REPLACED_BY
1172962004	1354665002	REPLACED_BY
11733000	23892008	SAME_AS
117489004	102851003	SAME_AS
11766001	186738001	REPLACED_BY
11772651000119107	11778921000119106	SAME_AS
11772691000119102	11778961000119101	SAME_AS
1179237005	473035006	REPLACED_BY
1179238000	473035006	REPLACED_BY
1179241009	473035006	REPLACED_BY
1179391006	1217295005	REPLACED_BY
1179690002	426135001	SAME_AS
11800771000119100	1269057003	SAME_AS
11800811000119100	1269058008	SAME_AS
1181000124109	449740008	REPLACED_BY
118126003	762656009	REPLACED_BY
11813006	264830009	SAME_AS
11813701000119101	298093006	REPLACED_BY
11813821000119104	298089000	REPLACED_BY
11813901000119103	874834005	SAME_AS
118197000	106122003	SAME_AS
118203002	73395004	SAME_AS
11838001	35046003	REPLACED_BY
11843151000119108	298067004	REPLACED_BY
1184607002	1010568002	REPLACED_BY
1184608007	1010569005	REPLACED_BY
1184692002	1197643000	REPLACED_BY
1184694001	1197632008	REPLACED_BY
1184697008	1197634009	REPLACED_BY
11847291000119100	874837003	SAME_AS
11848061000119101	298063000	REPLACED_BY
11850961000119100	298087003	SAME_AS
11852004	124274002	SAME_AS
11853971000119103	771411008	SAME_AS
118604003	373168002	SAME_AS
118639003	362969004	SAME_AS
1186610007	425022003	SAME_AS
11870001	208241000	SAME_AS
1187001	236037000	SAME_AS
11871002	129103003	SAME_AS
1187229001	1264088001	REPLACED_BY
1187230006	1264088001	REPLACED_BY
1187231005	1290928002	REPLACED_BY
1187232003	1290926003	REPLACED_BY
118951003	81475007	REPLACED_BY
1192004	783160006	REPLACED_BY
119371000119100	1193687005	SAME_AS
119531000119108	691171000119104	SAME_AS
11955003	34842007	REPLACED_BY
1196880004	683071000119103	SAME_AS
1197350005	764951002	REPLACED_BY
1197417009	128062001	SAME_AS
11993691000119105	1366261000	SAME_AS
12020000	30260009	REPLACED_BY
1204163004	238405002	SAME_AS
12050001000004101	540991000124105	REPLACED_BY
12066005	1264112006	REPLACED_BY
12095001	609506003	REPLACED_BY
12098004	27696007	SAME_AS
12105191000119100	1366262007	SAME_AS
12109003	732966008	SAME_AS
1217010007	1286879001	REPLACED_BY
1218009	78975002	SAME_AS
1220641009	1264255000	REPLACED_BY
1221000119103	702975009	REPLACED_BY
1221006	131158008	REPLACED_BY
12215009	723551003	REPLACED_BY
1222643003	1288023007	REPLACED_BY
12236401000119102	773969003	SAME_AS
12236441000119100	773968006	SAME_AS
12237031000119103	1237129009	SAME_AS
12237151000119108	1237130004	SAME_AS
12239221000119100	816119002	SAME_AS
12239261000119105	816120008	SAME_AS
12239301000119102	1306876007	SAME_AS
12239341000119100	787051000	SAME_AS
12239381000119105	787052007	SAME_AS
12239421000119101	1304240002	SAME_AS
12241351000119100	1074971000119103	SAME_AS
12241391000119105	1074981000119100	SAME_AS
12242005	204482005	SAME_AS
12242271000119108	762896009	SAME_AS
12242311000119108	762897000	SAME_AS
12242471000119107	1010235008	SAME_AS
12242511000119103	1010237000	SAME_AS
122483006	234974002	SAME_AS
12279008	210310009	REPLACED_BY
1229008	209466007	SAME_AS
12296009	609466002	REPLACED_BY
123046005	201163007	SAME_AS
123047001	77333008	SAME_AS
123048006	39291006	SAME_AS
123049003	13920009	SAME_AS
123050003	7916009	SAME_AS
123051004	24225004	SAME_AS
123052006	128295000	SAME_AS
123053001	1365751003	SAME_AS
123054007	8659000	REPLACED_BY
123055008	237836003	REPLACED_BY
123056009	52859009	SAME_AS
123057000	58833000	SAME_AS
123058005	73320003	SAME_AS
123059002	51467008	SAME_AS
123060007	15601008	REPLACED_BY
123061006	109983007	SAME_AS
123062004	109984001	SAME_AS
123063009	7248001	SAME_AS
123064003	212704001	SAME_AS
123076003	82639001	SAME_AS
123078002	169734005	REPLACED_BY
123079005	52639008	SAME_AS
123080008	67564005	SAME_AS
123081007	35491004	SAME_AS
123082000	7584007	SAME_AS
123083005	43072008	SAME_AS
123084004	67591007	SAME_AS
123085003	27596001	SAME_AS
123086002	23268009	SAME_AS
123088001	32709003	SAME_AS
123090000	42288005	SAME_AS
123091001	50818007	SAME_AS
123092008	49768006	SAME_AS
123093003	7632005	SAME_AS
123101006	37125009	SAME_AS
123102004	301939004	SAME_AS
123106001	131148009	SAME_AS
123110003	73238002	REPLACED_BY
123111004	80849007	SAME_AS
123121000119107	801171000124106	REPLACED_BY
123138006	57759005	SAME_AS
123139003	6234006	SAME_AS
123141000119101	801181000124109	REPLACED_BY
123151000119104	1288033004	REPLACED_BY
123156006	240539000	SAME_AS
123157002	240542006	SAME_AS
123161000119102	801191000124107	REPLACED_BY
123165004	67564005	SAME_AS
123171000119108	1290068000	REPLACED_BY
123171005	61831009	SAME_AS
123172003	15405008	SAME_AS
12318008	399183005	SAME_AS
123181000119106	1287196009	REPLACED_BY
123191003	10217006	SAME_AS
123198009	29087002	SAME_AS
123201000119107	1290069008	REPLACED_BY
123201004	57019003	SAME_AS
123203001	91554004	SAME_AS
123220002	19200009	SAME_AS
123231000119100	1290065002	REPLACED_BY
123240009	22649008	SAME_AS
123241000119109	1290064003	REPLACED_BY
123241008	247472004	REPLACED_BY
123242001	82721003	SAME_AS
123243006	34042008	SAME_AS
123245004	28039004	SAME_AS
123246003	201796004	SAME_AS
123247007	84801008	REPLACED_BY
123248002	59606006	REPLACED_BY
123249005	21794005	SAME_AS
123251009	445008009	SAME_AS
123253007	16269008	REPLACED_BY
123254001	21018002	SAME_AS
123255000	82473003	SAME_AS
123259006	59349003	SAME_AS
123262009	40541001	SAME_AS
123263004	11468004	SAME_AS
123265006	27885002	SAME_AS
123266007	361131008	SAME_AS
123267003	3750006	SAME_AS
123268008	15842009	SAME_AS
123269000	42970005	SAME_AS
123271000	24963004	SAME_AS
123271000119102	801161000124104	REPLACED_BY
123272007	268240006	SAME_AS
123273002	26408002	SAME_AS
123274008	54959009	REPLACED_BY
123275009	42908004	SAME_AS
123277001	204470001	SAME_AS
123278006	204470001	SAME_AS
123279003	44622003	SAME_AS
123280000	17234001	SAME_AS
123281000119104	1290067005	REPLACED_BY
123281001	50986000	SAME_AS
123283003	204272007	SAME_AS
123284009	75231006	SAME_AS
123287002	25552000	SAME_AS
123288007	39642007	SAME_AS
123289004	234689009	SAME_AS
123290008	1835003	REPLACED_BY
123291007	360566006	SAME_AS
123292000	16784003	SAME_AS
123293005	63302006	REPLACED_BY
123294004	111395007	REPLACED_BY
123296002	354737001	SAME_AS
123297006	447072005	SAME_AS
123298001	31066003	REPLACED_BY
123299009	68640004	SAME_AS
123301002	2858002	SAME_AS
123302009	44001008	SAME_AS
123303004	2032001	SAME_AS
123304005	102449007	SAME_AS
123305006	39209001	SAME_AS
123306007	1260268001	REPLACED_BY
123308008	111407006	SAME_AS
123309000	111396008	SAME_AS
123312002	109982002	SAME_AS
123314001	20673009	REPLACED_BY
123315000	7248001	SAME_AS
123317008	359706003	SAME_AS
123318003	52542005	REPLACED_BY
123319006	79974007	SAME_AS
123321001	86406008	REPLACED_BY
123322008	77503002	SAME_AS
123323003	37109004	SAME_AS
123327002	27253007	SAME_AS
123328007	309155007	SAME_AS
123329004	64779008	SAME_AS
123330009	29894000	SAME_AS
123332001	111975006	SAME_AS
123333006	77867006	SAME_AS
123335004	47944004	SAME_AS
123336003	49827005	SAME_AS
123337007	12264001	SAME_AS
123348000	386692008	SAME_AS
123397009	417746004	SAME_AS
123620007	120639003	SAME_AS
12362004	65704008	SAME_AS
123631000119103	253000007	REPLACED_BY
123641000119107	1288032009	REPLACED_BY
123651000119109	1290064003	REPLACED_BY
123661000119106	254627002	REPLACED_BY
12366661000119100	22951000119104	SAME_AS
12366751000119106	551891000124105	REPLACED_BY
12366801000119100	551841000124101	REPLACED_BY
12366851000119101	551871000124109	REPLACED_BY
12366901000119105	551831000124106	REPLACED_BY
12366951000119109	551861000124102	REPLACED_BY
12367001000119106	551851000124104	REPLACED_BY
12367051000119105	551881000124107	REPLACED_BY
12367101000119105	580951000124106	REPLACED_BY
12367151000119109	580961000124108	REPLACED_BY
12367201000119101	580911000124105	REPLACED_BY
12367241000119104	580921000124102	REPLACED_BY
12367551000119100	703477003	SAME_AS
123681000119102	1290068000	REPLACED_BY
123691000119104	1288033004	REPLACED_BY
1236942004	1236943009	SAME_AS
1236965009	702392008	REPLACED_BY
1237340007	1287197000	REPLACED_BY
1237403003	31906004	REPLACED_BY
1237491009	1264495000	REPLACED_BY
123768009	767497003	REPLACED_BY
123778007	129646001	REPLACED_BY
123779004	129647005	REPLACED_BY
123780001	129648000	REPLACED_BY
123781002	129648000	REPLACED_BY
123783004	129651007	REPLACED_BY
123784005	129650008	SAME_AS
123802001	194726006	SAME_AS
123803006	399923009	SAME_AS
123825000	763746006	REPLACED_BY
123875003	781550002	REPLACED_BY
123879009	781550002	REPLACED_BY
123974003	263244000	SAME_AS
12400001000004103	15675001000119104	SAME_AS
12403101000119108	42241000087103	SAME_AS
1240357005	702392008	REPLACED_BY
124083000	24390000	REPLACED_BY
12409007	1264076003	REPLACED_BY
124114003	40951006	SAME_AS
124117005	40951006	SAME_AS
12412005	18276007	SAME_AS
124160001	46683007	SAME_AS
124167003	82319005	SAME_AS
124195003	29914000	SAME_AS
124196002	367368009	SAME_AS
124199009	67434000	SAME_AS
124207005	360378009	SAME_AS
124247003	59761008	SAME_AS
124249000	80908008	SAME_AS
124271005	60743005	SAME_AS
124292005	276426004	SAME_AS
124372000	124243004	SAME_AS
12441001	249366005	SAME_AS
124414005	360586005	SAME_AS
124425001	360757009	SAME_AS
124431003	360792001	SAME_AS
12444009	234039000	SAME_AS
124446005	360812008	SAME_AS
124447001	360834005	SAME_AS
124449003	130197005	SAME_AS
124468000	84193000	SAME_AS
124477007	360878001	SAME_AS
124482000	360902000	SAME_AS
124484004	360932008	SAME_AS
124485003	360943000	SAME_AS
124487006	360959000	SAME_AS
124488001	360994007	SAME_AS
124490000	361017005	SAME_AS
124506002	361087002	SAME_AS
12451000132108	788466008	REPLACED_BY
124513002	8808004	SAME_AS
124515009	238014002	SAME_AS
124518006	23501004	SAME_AS
124523006	44940001	SAME_AS
124537002	361089004	SAME_AS
124551002	361092000	SAME_AS
124603002	5335002	SAME_AS
124611007	410059004	SAME_AS
124616002	237983002	SAME_AS
124623001	24308003	SAME_AS
124624007	64081000	SAME_AS
124627000	129456006	REPLACED_BY
124630007	41013004	SAME_AS
124631006	15285008	SAME_AS
124632004	6885006	SAME_AS
124662005	8849004	SAME_AS
124666008	234405009	SAME_AS
124705001	36799008	SAME_AS
124716008	87694001	SAME_AS
124717004	4920001	SAME_AS
124719001	13144005	SAME_AS
124725002	130949008	REPLACED_BY
124726001	130950008	REPLACED_BY
124737000	130974006	REPLACED_BY
124738005	130975007	REPLACED_BY
124739002	130976008	REPLACED_BY
124740000	130977004	REPLACED_BY
124741001	274606006	SAME_AS
124742008	130978009	REPLACED_BY
124747002	130980003	REPLACED_BY
124749004	130981004	REPLACED_BY
124750004	130982006	REPLACED_BY
124754008	130997009	REPLACED_BY
124755009	81647003	REPLACED_BY
124756005	166778002	REPLACED_BY
124757001	131001005	REPLACED_BY
124758006	131002003	REPLACED_BY
124759003	131003008	REPLACED_BY
124760008	131004002	REPLACED_BY
124761007	131005001	REPLACED_BY
124762000	131006000	REPLACED_BY
124763005	131007009	REPLACED_BY
124764004	131008004	REPLACED_BY
124765003	131009007	REPLACED_BY
124766002	131010002	REPLACED_BY
124767006	131011003	REPLACED_BY
124768001	131012005	REPLACED_BY
124769009	131013000	REPLACED_BY
124770005	131014006	REPLACED_BY
124771009	131015007	REPLACED_BY
124772002	309080005	REPLACED_BY
124773007	131017004	REPLACED_BY
124774001	131018009	REPLACED_BY
124775000	131019001	REPLACED_BY
124776004	131020007	REPLACED_BY
124777008	386776005	REPLACED_BY
124778003	131022004	REPLACED_BY
124779006	131023009	REPLACED_BY
124780009	131024003	REPLACED_BY
124781008	131025002	REPLACED_BY
124782001	131026001	REPLACED_BY
124783006	386777001	REPLACED_BY
124784000	131028000	REPLACED_BY
124785004	131029008	REPLACED_BY
124786003	131030003	REPLACED_BY
124787007	131031004	REPLACED_BY
124788002	131032006	REPLACED_BY
124789005	131033001	REPLACED_BY
124790001	131034007	REPLACED_BY
124791002	131035008	REPLACED_BY
124792009	131036009	REPLACED_BY
124793004	131037000	REPLACED_BY
124794005	131038005	REPLACED_BY
124795006	131039002	REPLACED_BY
124796007	131040000	REPLACED_BY
124797003	131041001	REPLACED_BY
124798008	131042008	REPLACED_BY
124799000	131043003	REPLACED_BY
124800001	131044009	REPLACED_BY
124801002	131045005	REPLACED_BY
124802009	131046006	REPLACED_BY
124804005	131048007	REPLACED_BY
124805006	131049004	REPLACED_BY
124806007	131050004	REPLACED_BY
124807003	131051000	REPLACED_BY
124808008	131052007	REPLACED_BY
124809000	131053002	REPLACED_BY
124810005	131054008	REPLACED_BY
124811009	131055009	REPLACED_BY
124812002	131056005	REPLACED_BY
124813007	386778006	REPLACED_BY
124814001	131058006	REPLACED_BY
124815000	131059003	REPLACED_BY
124816004	131060008	REPLACED_BY
124817008	131062000	REPLACED_BY
124818003	131063005	REPLACED_BY
124819006	131064004	REPLACED_BY
124820000	131065003	REPLACED_BY
124821001	131066002	REPLACED_BY
124822008	131067006	REPLACED_BY
124823003	131068001	REPLACED_BY
124824009	131069009	REPLACED_BY
124826006	131070005	REPLACED_BY
124827002	131071009	REPLACED_BY
124828007	131072002	REPLACED_BY
124829004	131073007	REPLACED_BY
124830009	131061007	REPLACED_BY
124831008	131074001	REPLACED_BY
124832001	131075000	REPLACED_BY
124833006	131076004	REPLACED_BY
124834000	131077008	REPLACED_BY
124835004	131078003	REPLACED_BY
124836003	386779003	REPLACED_BY
124837007	131080009	REPLACED_BY
124838002	131081008	REPLACED_BY
124839005	131082001	REPLACED_BY
124840007	131083006	REPLACED_BY
124841006	131084000	REPLACED_BY
124842004	386780000	REPLACED_BY
124843009	131086003	REPLACED_BY
124844003	131087007	REPLACED_BY
124845002	131088002	REPLACED_BY
124846001	131089005	REPLACED_BY
124847005	131090001	REPLACED_BY
124848000	131091002	REPLACED_BY
124849008	131092009	REPLACED_BY
124850008	131093004	REPLACED_BY
124851007	131094005	REPLACED_BY
124852000	131095006	REPLACED_BY
124853005	131096007	REPLACED_BY
124854004	131097003	REPLACED_BY
124855003	131098008	REPLACED_BY
124856002	131099000	SAME_AS
124857006	131100008	REPLACED_BY
124858001	131102000	REPLACED_BY
124859009	131101007	REPLACED_BY
124860004	131103005	REPLACED_BY
124861000	131104004	REPLACED_BY
124862007	131105003	REPLACED_BY
124863002	131106002	REPLACED_BY
124864008	131107006	REPLACED_BY
124865009	131118006	REPLACED_BY
124866005	131119003	REPLACED_BY
124867001	131108001	REPLACED_BY
124881004	131109009	REPLACED_BY
124882006	131110004	REPLACED_BY
124884007	131111000	REPLACED_BY
124885008	131112007	REPLACED_BY
124887000	131113002	REPLACED_BY
124888005	131114008	REPLACED_BY
124891005	131115009	REPLACED_BY
124893008	131116005	REPLACED_BY
124894002	131117001	REPLACED_BY
124896000	131118006	REPLACED_BY
124897009	131121008	REPLACED_BY
124899007	131122001	REPLACED_BY
124900002	131123006	REPLACED_BY
1249004	46152009	SAME_AS
124901003	47903000	SAME_AS
124902005	131124000	REPLACED_BY
124903000	131125004	REPLACED_BY
124905007	131126003	REPLACED_BY
124906008	131127007	REPLACED_BY
124908009	131128002	REPLACED_BY
124909001	131129005	REPLACED_BY
124910006	413652008	SAME_AS
124911005	131130000	REPLACED_BY
124912003	131131001	REPLACED_BY
124913008	190633005	SAME_AS
124914002	131132008	REPLACED_BY
124915001	131133003	REPLACED_BY
124916000	238128006	SAME_AS
124917009	131134009	REPLACED_BY
124918004	131135005	REPLACED_BY
124951008	131136006	REPLACED_BY
124952001	131137002	REPLACED_BY
124953006	131138007	REPLACED_BY
124954000	131139004	REPLACED_BY
124955004	131140002	REPLACED_BY
124963003	131141003	REPLACED_BY
124964009	165397008	REPLACED_BY
124965005	131171006	REPLACED_BY
124966006	131172004	REPLACED_BY
124967002	131173009	REPLACED_BY
124968007	131174003	REPLACED_BY
124969004	131175002	REPLACED_BY
124970003	131176001	REPLACED_BY
124971004	131177005	REPLACED_BY
124973001	325753009	SAME_AS
12505004	198123000	SAME_AS
1252664001	1303361001	REPLACED_BY
1252767001	241831000	SAME_AS
1252768006	274920002	SAME_AS
12532009	367391008	SAME_AS
12537003	287085006	SAME_AS
12541004	193638002	SAME_AS
1254729000	1290700004	REPLACED_BY
1254730005	1290700004	REPLACED_BY
1254731009	1290700004	REPLACED_BY
1255740000	1332425004	REPLACED_BY
1255741001	1332426003	REPLACED_BY
1255813007	1332423006	REPLACED_BY
1255885008	1332422001	REPLACED_BY
1256005	30592006	SAME_AS
1256053001	1348254002	REPLACED_BY
125609005	1269521000	REPLACED_BY
1259068001	1332388003	REPLACED_BY
1259108001	1332388003	REPLACED_BY
1259120009	1269397007	REPLACED_BY
1259314002	1259315001	SAME_AS
1259370003	1268348008	REPLACED_BY
1259397005	255068000	REPLACED_BY
12594008	209552004	SAME_AS
1259455003	1259590008	REPLACED_BY
1259474006	1306498006	REPLACED_BY
1259475007	1306497001	REPLACED_BY
1259477004	1306496005	REPLACED_BY
1259479001	1306491000	REPLACED_BY
1259481004	1306492007	REPLACED_BY
1259483001	1306495009	REPLACED_BY
1259484007	1306516009	REPLACED_BY
1259486009	1306517000	REPLACED_BY
1259512004	1306293004	REPLACED_BY
1259598001	1259710009	SAME_AS
1259651001	1306490004	REPLACED_BY
1259653003	1306494008	REPLACED_BY
1259655005	1306489008	REPLACED_BY
1259657002	1306493002	REPLACED_BY
1259659004	1306500007	REPLACED_BY
1259660009	1306499003	REPLACED_BY
1259678004	1288003006	REPLACED_BY
12601001	111721009	REPLACED_BY
1260359000	1339023001	REPLACED_BY
1260368003	230191005	SAME_AS
1261000119108	473057004	SAME_AS
12610009	398212009	SAME_AS
1263997005	1290698008	REPLACED_BY
1263998000	1286898004	REPLACED_BY
1264087006	1264048006	REPLACED_BY
1264090000	1264047001	REPLACED_BY
1264172003	1293117004	REPLACED_BY
1264257008	1290695006	REPLACED_BY
1264496004	1264495000	REPLACED_BY
1264498003	1264497008	REPLACED_BY
1264521002	1286896000	REPLACED_BY
1264523004	1290690001	REPLACED_BY
12659008	387705004	REPLACED_BY
126673001	254485000	SAME_AS
126689003	254505000	SAME_AS
126800004	254426002	SAME_AS
126801000	254430004	SAME_AS
1268294009	31996006	REPLACED_BY
1268355005	1290697003	REPLACED_BY
1268906006	1354521001	REPLACED_BY
126927001	126926005	REPLACED_BY
126928006	1306314008	REPLACED_BY
126929003	1306308001	REPLACED_BY
126930008	1306383008	REPLACED_BY
126931007	1306382003	REPLACED_BY
126932000	1306381005	REPLACED_BY
126933005	1306380006	REPLACED_BY
126934004	1306379008	REPLACED_BY
126935003	1306378000	REPLACED_BY
126936002	1306313002	REPLACED_BY
126937006	126926005	REPLACED_BY
126938001	1306314008	REPLACED_BY
126939009	1306308001	REPLACED_BY
126940006	1306313002	REPLACED_BY
1269437009	1187521002	REPLACED_BY
126974005	387891008	SAME_AS
127007007	254468002	SAME_AS
127051003	191211009	SAME_AS
127059001	309742004	SAME_AS
127069007	234437005	SAME_AS
127072000	473011001	SAME_AS
127073005	64779008	SAME_AS
1271000119102	473068004	SAME_AS
127102003	87500009	SAME_AS
127115007	128235003	SAME_AS
127216000	413537009	REPLACED_BY
127219007	254290004	SAME_AS
127221002	269475001	SAME_AS
12727006	234209001	REPLACED_BY
127271000119106	447843005	SAME_AS
127291000119107	449082003	SAME_AS
127301000119108	447685007	SAME_AS
127320004	15056007	REPLACED_BY
127321000119104	448812000	SAME_AS
127322007	266071000	SAME_AS
127330008	189758001	REPLACED_BY
127331007	55342001	REPLACED_BY
127341000119105	448421008	SAME_AS
127351000119107	448813005	SAME_AS
127361000119109	449083008	SAME_AS
127380002	398665005	SAME_AS
127381000119100	449084002	SAME_AS
127388009	166787006	SAME_AS
127389001	123782009	SAME_AS
127391000119102	447894003	SAME_AS
127391009	129649008	SAME_AS
127392002	129651007	SAME_AS
127394001	129648000	SAME_AS
127395000	129650008	SAME_AS
127397008	129647005	SAME_AS
127398003	129646001	SAME_AS
127401000119100	448418006	SAME_AS
127422006	123791008	SAME_AS
127453008	161615003	SAME_AS
12746007	84320000	SAME_AS
127611000119100	711644007	SAME_AS
127631000119105	711645008	SAME_AS
127907005	204878001	REPLACED_BY
127961000119108	122901000119109	REPLACED_BY
12805007	18957000	SAME_AS
128087008	277577000	SAME_AS
1281000119104	472971004	SAME_AS
128109005	359711001	SAME_AS
128110000	359717002	SAME_AS
12811000119100	422014003	SAME_AS
128111001	359725000	SAME_AS
128112008	359732009	SAME_AS
128118007	302810003	SAME_AS
128240006	235859005	SAME_AS
128257005	397988007	SAME_AS
128269002	312155003	SAME_AS
128308005	1290856008	REPLACED_BY
128404006	367363000	SAME_AS
128457007	267874003	REPLACED_BY
128459005	299276009	SAME_AS
128469004	302217008	SAME_AS
128486005	312118003	SAME_AS
128496001	26889001	SAME_AS
128513005	202932007	SAME_AS
128532004	53889007	SAME_AS
1285323003	721105004	REPLACED_BY
128545000	414396006	SAME_AS
12855004	373896005	SAME_AS
128607006	189176002	SAME_AS
128615009	75047002	SAME_AS
12873001	53891004	SAME_AS
128866002	240885009	SAME_AS
128874001	128875000	REPLACED_BY
128881008	897558001	REPLACED_BY
128943002	186461000	REPLACED_BY
129052001	165222009	SAME_AS
12911006	105714009	SAME_AS
129130008	312132001	SAME_AS
129458007	719218000	SAME_AS
1295235003	308121000	SAME_AS
129569008	302912005	SAME_AS
129581007	5601008	REPLACED_BY
129592008	193187004	SAME_AS
129605006	80193009	REPLACED_BY
129619006	387732009	SAME_AS
129624009	404633004	SAME_AS
129652000	234469001	SAME_AS
129653005	128095007	SAME_AS
129655003	128099001	SAME_AS
129657006	290723009	SAME_AS
129658001	290765003	SAME_AS
129659009	290761007	SAME_AS
129661000	290680001	SAME_AS
129678009	168501001	SAME_AS
129695001	42427004	SAME_AS
129709009	401206008	SAME_AS
129712007	225444004	SAME_AS
129724000	1348280001	REPLACED_BY
129725004	1348279004	REPLACED_BY
129798005	397137005	REPLACED_BY
129799002	397138000	REPLACED_BY
129801004	397141009	REPLACED_BY
129802006	397143007	REPLACED_BY
129803001	397144001	REPLACED_BY
129804007	397145000	REPLACED_BY
129820002	112105008	SAME_AS
129848002	1860003	SAME_AS
129851000119108	10998451000119101	SAME_AS
129852002	90987003	SAME_AS
129854001	87557004	SAME_AS
130261000119103	721634009	SAME_AS
130291000119105	722527003	SAME_AS
130321000119102	721644006	SAME_AS
130341000119108	737313007	SAME_AS
130361000119107	721673009	SAME_AS
1304004	203082005	SAME_AS
130421000119107	721700001	SAME_AS
13043002	194268005	SAME_AS
130451000119104	1290084004	REPLACED_BY
130461000119102	1290083005	REPLACED_BY
13049003	248966006	SAME_AS
130491000119109	1290087006	REPLACED_BY
130501000119102	1290085003	REPLACED_BY
130521000119106	1290086002	REPLACED_BY
130571000119107	1290088001	REPLACED_BY
13081000119109	410724009	REPLACED_BY
13093003	445498009	REPLACED_BY
13095005	266127002	SAME_AS
130991005	130990006	SAME_AS
130992003	130990006	SAME_AS
130995001	130982006	REPLACED_BY
130996000	130982006	REPLACED_BY
130999007	81647003	REPLACED_BY
131000006	166778002	REPLACED_BY
13100007	609470005	REPLACED_BY
131016008	309080005	SAME_AS
131021006	386776005	REPLACED_BY
131027005	386777001	REPLACED_BY
131047002	124803004	SAME_AS
131057001	386778006	REPLACED_BY
131079006	386779003	REPLACED_BY
131085004	386780000	REPLACED_BY
131170007	165397008	SAME_AS
13138006	303852004	SAME_AS
13145006	298094000	REPLACED_BY
13159004	210297005	REPLACED_BY
13162001	8410006	SAME_AS
13271000	360943000	SAME_AS
1332412007	193148004	SAME_AS
133531000119104	1290125003	REPLACED_BY
1336166007	1344954004	REPLACED_BY
13367001	69777007	REPLACED_BY
133938003	266890009	SAME_AS
13409004	34014006	REPLACED_BY
1341000119103	608848006	SAME_AS
13412001	609420007	REPLACED_BY
134191003	370967009	SAME_AS
134200003	15111002	SAME_AS
13420001000004101	540891000124102	REPLACED_BY
134201004	405274002	SAME_AS
134224006	125666000	SAME_AS
134298001	302834008	SAME_AS
134331008	254844000	SAME_AS
134336003	447792005	SAME_AS
134361000	15108003	SAME_AS
134366005	93049005	SAME_AS
134380003	708373002	REPLACED_BY
134381004	370226009	SAME_AS
134383001	370225008	SAME_AS
134384007	373899003	SAME_AS
134400000	443165006	REPLACED_BY
13440001000004103	540931000124106	REPLACED_BY
134422007	6475002	SAME_AS
134423002	66108005	SAME_AS
13448004	424196004	SAME_AS
13474005	373895009	REPLACED_BY
1351644009	1197428008	SAME_AS
135171000119106	707446004	SAME_AS
135181000119109	707445000	SAME_AS
135241000119107	1234920002	SAME_AS
13570003	202994006	SAME_AS
13582007	35151000087100	REPLACED_BY
135854001	370205009	REPLACED_BY
135855000	370208006	SAME_AS
135857008	370202007	REPLACED_BY
135858003	370203002	REPLACED_BY
135859006	370204008	REPLACED_BY
135861002	370207001	SAME_AS
135862009	370206005	REPLACED_BY
135887002	1208807009	REPLACED_BY
135894004	370509002	SAME_AS
136051000119105	9991008	REPLACED_BY
13620007	271547004	SAME_AS
13731006	240557004	SAME_AS
13736001	210560004	REPLACED_BY
137592291000119101	16000391000119104	SAME_AS
137648004	160242003	SAME_AS
137666009	444438001	REPLACED_BY
13768009	2736005	SAME_AS
137682005	160279000	SAME_AS
137683000	160280002	SAME_AS
137684006	160281003	SAME_AS
137685007	160282005	SAME_AS
137686008	160279000	REPLACED_BY
137690005	429740004	SAME_AS
137691009	160288009	SAME_AS
137693007	160290005	SAME_AS
137695000	160292002	SAME_AS
137699006	160297008	SAME_AS
137700007	160298003	SAME_AS
137701006	160299006	SAME_AS
137703009	160301004	SAME_AS
137704003	160302006	SAME_AS
137705002	160303001	SAME_AS
137706001	160301004	REPLACED_BY
137707005	160305008	SAME_AS
137708000	160306009	SAME_AS
137710003	160308005	SAME_AS
13771001	197185008	SAME_AS
137711004	160309002	SAME_AS
137712006	160310007	SAME_AS
137713001	160311006	SAME_AS
137715008	160313009	SAME_AS
137716009	160314003	SAME_AS
137717000	160305008	REPLACED_BY
137718005	160316001	SAME_AS
137719002	266888008	SAME_AS
137721007	160319008	SAME_AS
137722000	160320002	SAME_AS
137724004	266889000	SAME_AS
137725003	160316001	REPLACED_BY
137726002	160324006	SAME_AS
137727006	160325007	SAME_AS
137728001	266890009	SAME_AS
137729009	1254977008	REPLACED_BY
137730004	160328009	SAME_AS
137731000	160329001	SAME_AS
137732007	763598005	REPLACED_BY
137733002	160324006	REPLACED_BY
137735009	160336000	SAME_AS
137736005	160337009	SAME_AS
137737001	160338004	SAME_AS
137738006	160339007	SAME_AS
137739003	160340009	SAME_AS
137740001	160341008	SAME_AS
137741002	160342001	SAME_AS
137742009	160343006	SAME_AS
137744005	160346003	SAME_AS
137745006	160347007	SAME_AS
137746007	160348002	SAME_AS
137748008	160346003	REPLACED_BY
137749000	160352002	SAME_AS
137750000	160353007	SAME_AS
137751001	160352002	REPLACED_BY
137753003	160357008	SAME_AS
137754009	266895004	SAME_AS
137755005	266896003	SAME_AS
137756006	275104002	SAME_AS
137758007	160362009	SAME_AS
137759004	160363004	SAME_AS
137760009	160364005	SAME_AS
137761008	310247005	SAME_AS
137762001	315619001	SAME_AS
137764000	315620007	SAME_AS
137765004	315621006	SAME_AS
137766003	315622004	SAME_AS
137767007	315623009	SAME_AS
137768002	315625002	SAME_AS
137769005	315626001	SAME_AS
137770006	315627005	SAME_AS
137771005	266894000	REPLACED_BY
137772003	266898002	SAME_AS
137774002	160377001	SAME_AS
137775001	160378006	SAME_AS
137776000	160379003	SAME_AS
137777009	266898002	REPLACED_BY
137778004	160381001	SAME_AS
137783007	160381001	REPLACED_BY
137785000	160389004	SAME_AS
137786004	160390008	SAME_AS
137787008	160391007	SAME_AS
137788003	160392000	SAME_AS
137789006	160393005	SAME_AS
137790002	160394004	SAME_AS
137791003	160396002	SAME_AS
137792005	160397006	SAME_AS
137793000	160398001	SAME_AS
137796008	160401003	SAME_AS
137798009	160403000	SAME_AS
137801003	160406008	SAME_AS
137802005	160407004	SAME_AS
137803000	160408009	SAME_AS
137804006	160409001	SAME_AS
137805007	160410006	SAME_AS
137806008	160406008	REPLACED_BY
137808009	160413008	SAME_AS
137809001	160414002	SAME_AS
137810006	1264397009	REPLACED_BY
137811005	266907002	REPLACED_BY
137812003	160417009	SAME_AS
137813008	160418004	SAME_AS
137814002	160419007	SAME_AS
137816000	160421002	SAME_AS
137817009	160422009	SAME_AS
137818004	160423004	SAME_AS
137819007	160424005	SAME_AS
137820001	160425006	SAME_AS
137821002	160417009	REPLACED_BY
137824005	160429000	SAME_AS
137825006	160430005	SAME_AS
137829000	160435000	SAME_AS
137830005	160436004	SAME_AS
137832002	160439006	SAME_AS
137834001	160441007	SAME_AS
137836004	160439006	REPLACED_BY
137837008	160444004	SAME_AS
137839006	160446002	SAME_AS
137841007	160444004	REPLACED_BY
137842000	160449009	SAME_AS
137844004	160451008	SAME_AS
137845003	160452001	SAME_AS
137846002	160449009	REPLACED_BY
137847006	160454000	SAME_AS
137849009	160456003	SAME_AS
137851008	160454000	REPLACED_BY
137862008	160469004	SAME_AS
137865005	160471004	SAME_AS
137866006	160472006	SAME_AS
137867002	160473001	SAME_AS
137868007	160474007	SAME_AS
137869004	160475008	SAME_AS
137888006	13184001	SAME_AS
137889003	20295000	SAME_AS
137890007	33553000	SAME_AS
137891000119105	9991008	REPLACED_BY
137892004	160496001	SAME_AS
137897005	78061006	SAME_AS
137903001	160507001	SAME_AS
137947007	763896000	REPLACED_BY
137954001	266917007	SAME_AS
137955000	160575005	SAME_AS
137956004	160576006	SAME_AS
137957008	160577002	SAME_AS
137958003	160578007	SAME_AS
137959006	160579004	SAME_AS
137962009	160582009	SAME_AS
137963004	160583004	SAME_AS
137964005	160584005	SAME_AS
137966007	160585006	SAME_AS
137967003	160587003	SAME_AS
137968008	160592001	SAME_AS
137971000	160591008	SAME_AS
137974008	160588008	SAME_AS
137976005	228277002	SAME_AS
137977001	43783005	SAME_AS
137978006	86933000	SAME_AS
137979003	228279004	SAME_AS
137983003	266920004	SAME_AS
137984009	160603005	SAME_AS
137985005	160604004	SAME_AS
137986006	160605003	SAME_AS
137987002	160606002	SAME_AS
137988007	266921000	SAME_AS
137989004	266922007	SAME_AS
137990008	266923002	SAME_AS
137991007	266924008	SAME_AS
137992000	266925009	SAME_AS
137993005	160612007	SAME_AS
137994004	160613002	SAME_AS
137997006	160616005	SAME_AS
137998001	82302008	SAME_AS
137999009	43381005	SAME_AS
138000003	59978006	SAME_AS
138001004	160617001	SAME_AS
138003001	160619003	SAME_AS
138004007	160620009	SAME_AS
138005008	160621008	SAME_AS
138006009	65568007	SAME_AS
138007000	266929003	SAME_AS
138008005	77176002	SAME_AS
138009002	8517006	SAME_AS
138014003	160629005	SAME_AS
138015002	160630000	SAME_AS
138021003	160636006	SAME_AS
138025007	160640002	SAME_AS
138039007	160656007	SAME_AS
138040009	160657003	SAME_AS
138051009	11739001	SAME_AS
138052002	15108003	SAME_AS
138053007	78150000	SAME_AS
138057008	226077000	SAME_AS
138059006	160671006	SAME_AS
138060001	160672004	SAME_AS
138061002	78502005	SAME_AS
138062009	66539004	SAME_AS
138063004	160673009	SAME_AS
138064005	14627000	SAME_AS
138065006	160675002	SAME_AS
138067003	182927005	SAME_AS
138071000	160681005	SAME_AS
138073002	160683008	SAME_AS
138074008	160684002	SAME_AS
138075009	160685001	SAME_AS
138079003	160689007	SAME_AS
138082008	160692006	SAME_AS
138083003	160693001	SAME_AS
138084009	266934004	SAME_AS
138087002	32911000	SAME_AS
138088007	105526001	SAME_AS
138089004	160700001	SAME_AS
138090008	160701002	SAME_AS
138091007	266935003	REPLACED_BY
138093005	160706007	SAME_AS
138094004	105535008	SAME_AS
138095003	160707003	SAME_AS
138097006	160708008	SAME_AS
138098001	105532006	SAME_AS
13810001000004104	1010662009	SAME_AS
138103004	160713007	SAME_AS
138104005	266936002	SAME_AS
138105006	160715000	SAME_AS
138106007	160716004	SAME_AS
138110005	160725005	SAME_AS
138111009	160726006	SAME_AS
138112002	270469004	SAME_AS
138115000	105530003	SAME_AS
13812008	195844002	SAME_AS
138121001	160747005	SAME_AS
138123003	160751007	SAME_AS
138124009	266940006	SAME_AS
138128007	160760004	SAME_AS
138129004	160761000	SAME_AS
138131008	160763002	SAME_AS
138132001	160770002	SAME_AS
138135004	160778009	SAME_AS
138136003	160779001	SAME_AS
138137007	160780003	SAME_AS
138138002	160781004	SAME_AS
138142004	160760004	REPLACED_BY
138145002	160788005	SAME_AS
138146001	63234004	SAME_AS
138147005	65118005	SAME_AS
138150008	58532003	SAME_AS
138151007	14080002	SAME_AS
138152000	266944002	SAME_AS
138153005	1345179009	REPLACED_BY
138155003	1345179009	REPLACED_BY
138156002	160802003	SAME_AS
138158001	105415009	SAME_AS
138159009	266945001	SAME_AS
138161000	266947009	SAME_AS
138164008	422650009	SAME_AS
138165009	22268004	SAME_AS
138168006	160822004	SAME_AS
138169003	105568001	SAME_AS
138170002	105509007	SAME_AS
138171003	160832006	SAME_AS
138174006	160837000	SAME_AS
138175007	266953009	SAME_AS
138181004	74506000	SAME_AS
138189002	160858006	SAME_AS
138190006	160859003	SAME_AS
138191000119100	719302009	SAME_AS
138191005	160864004	SAME_AS
138193008	160471004	SAME_AS
138194002	160870005	SAME_AS
138195001	224354005	SAME_AS
138199007	160878003	SAME_AS
138202002	160881008	SAME_AS
138203007	160882001	SAME_AS
138205000	224354005	SAME_AS
138206004	160888002	SAME_AS
138208003	160890001	SAME_AS
138209006	160891002	SAME_AS
138213004	160895006	SAME_AS
138214005	266956001	SAME_AS
138216007	105493001	SAME_AS
138218008	73438004	SAME_AS
138219000	105496009	SAME_AS
138223008	160905000	SAME_AS
138225001	105491004	SAME_AS
138227009	105498005	SAME_AS
138229007	160909006	SAME_AS
138230002	160910001	SAME_AS
138234006	266960003	SAME_AS
138237004	266963001	SAME_AS
138244008	160926000	SAME_AS
138249003	160932005	SAME_AS
138250003	160934006	SAME_AS
138251004	11403006	SAME_AS
138252006	105577008	SAME_AS
138269008	160953001	SAME_AS
138275004	160957000	SAME_AS
138287006	160968000	SAME_AS
138289009	160970009	SAME_AS
138291001	160972001	SAME_AS
138296006	160968000	REPLACED_BY
138363006	21134002	SAME_AS
138364000	105513000	SAME_AS
138365004	161050007	SAME_AS
138366003	161051006	SAME_AS
138367007	161052004	SAME_AS
138372003	161057005	SAME_AS
138377009	161062006	SAME_AS
138378004	14345008	SAME_AS
138379007	28332004	REPLACED_BY
138380005	67564005	SAME_AS
138381009	161067000	SAME_AS
138382002	9431000	SAME_AS
138386004	51347003	SAME_AS
138387008	161074005	SAME_AS
138390002	161081003	SAME_AS
138409009	161102006	SAME_AS
138410004	161103001	SAME_AS
138411000	161104007	SAME_AS
138412007	161105008	SAME_AS
138413002	161106009	SAME_AS
138414008	161107000	SAME_AS
138415009	161108005	SAME_AS
138417001	224521007	REPLACED_BY
138419003	161112004	SAME_AS
138420009	4506002	SAME_AS
138421008	102942005	SAME_AS
138423006	161138004	SAME_AS
138428002	161156004	SAME_AS
138432008	313168004	SAME_AS
138433003	764526007	REPLACED_BY
138436006	315245004	SAME_AS
138441000119104	833285007	SAME_AS
138449001	361055000	SAME_AS
138450001	226034001	SAME_AS
138451000119102	833295000	SAME_AS
13847000	407675009	SAME_AS
138686005	161413004	SAME_AS
138687001	161414005	SAME_AS
138688006	161415006	SAME_AS
138689003	161416007	SAME_AS
138690007	161417003	SAME_AS
138691006	275881005	SAME_AS
138692004	161419000	SAME_AS
138693009	161420006	SAME_AS
138694003	161421005	SAME_AS
138695002	161422003	SAME_AS
138696001	161423008	SAME_AS
138697005	161424002	SAME_AS
138698000	161413004	REPLACED_BY
138708002	161436008	SAME_AS
138714009	161442007	SAME_AS
138715005	161443002	SAME_AS
138716006	275536003	REPLACED_BY
138717002	161445009	SAME_AS
138718007	309636006	SAME_AS
138719004	266990005	REPLACED_BY
138721009	161449003	SAME_AS
138722002	161450003	SAME_AS
138723007	161451004	SAME_AS
138724001	161453001	SAME_AS
138725000	266991009	REPLACED_BY
138727008	161456009	SAME_AS
138728003	161457000	SAME_AS
138729006	161458005	SAME_AS
138730001	275538002	REPLACED_BY
138731002	161460007	SAME_AS
138732009	161461006	SAME_AS
138734005	266992002	REPLACED_BY
138735006	161464003	SAME_AS
138736007	161465002	SAME_AS
138737003	161466001	SAME_AS
138738008	1254976004	REPLACED_BY
138739000	161468000	SAME_AS
138740003	161469008	SAME_AS
138741004	161470009	SAME_AS
138742006	161471008	SAME_AS
138743001	161472001	SAME_AS
138744007	161473006	SAME_AS
138745008	161474000	SAME_AS
138746009	314550003	SAME_AS
138747000	161464003	REPLACED_BY
138749002	161478002	SAME_AS
138750002	161479005	SAME_AS
138751003	161480008	SAME_AS
138752005	161481007	SAME_AS
138753000	161482000	SAME_AS
138754006	161483005	SAME_AS
138755007	308064009	SAME_AS
138756008	266993007	REPLACED_BY
138758009	161487006	SAME_AS
138759001	161488001	SAME_AS
138760006	161489009	SAME_AS
138761005	161490000	SAME_AS
138762003	161491001	SAME_AS
138763008	310479003	SAME_AS
138765001	161494009	SAME_AS
138767009	161496006	SAME_AS
138768004	161497002	SAME_AS
138769007	161494009	REPLACED_BY
13877006	2556008	SAME_AS
138771007	161500008	SAME_AS
138772000	161501007	SAME_AS
138774004	161502000	SAME_AS
138775003	161503005	SAME_AS
138776002	161504004	SAME_AS
138777006	161505003	SAME_AS
138780007	161509009	SAME_AS
13878001	240681003	SAME_AS
138781006	275544003	REPLACED_BY
138782004	161511000	SAME_AS
138783009	161512007	SAME_AS
138784003	161513002	SAME_AS
138785002	308065005	SAME_AS
138786001	308066006	SAME_AS
138787005	308067002	SAME_AS
138788000	308068007	SAME_AS
138789008	309634009	SAME_AS
138790004	312442005	SAME_AS
138792007	161523006	SAME_AS
138793002	161524000	SAME_AS
138794008	161525004	SAME_AS
138796005	161527007	SAME_AS
138797001	161528002	SAME_AS
138798006	161523006	REPLACED_BY
138799003	266997008	SAME_AS
138801000	161532008	SAME_AS
138802007	161533003	SAME_AS
138804008	161535005	SAME_AS
138805009	161536006	SAME_AS
138807001	161538007	SAME_AS
138808006	161539004	SAME_AS
138809003	275551007	REPLACED_BY
138810008	161541003	SAME_AS
138811007	161542005	SAME_AS
138812000	161538007	SAME_AS
138813005	266997008	REPLACED_BY
138815003	161546008	SAME_AS
138816002	161547004	SAME_AS
138817006	161548009	SAME_AS
138818001	161549001	SAME_AS
138819009	161550001	SAME_AS
138820003	161551002	SAME_AS
138821004	267002001	REPLACED_BY
138822006	161554005	SAME_AS
138823001	161555006	SAME_AS
138824007	161556007	SAME_AS
138826009	161558008	SAME_AS
138827000	161554005	REPLACED_BY
138828005	161560005	SAME_AS
138829002	161561009	SAME_AS
138830007	161562002	SAME_AS
138831006	161563007	SAME_AS
138832004	309635005	SAME_AS
138833009	161560005	REPLACED_BY
138835002	161567008	SAME_AS
138836001	161568003	SAME_AS
138838000	161570007	SAME_AS
138839008	267004000	REPLACED_BY
138840005	161572004	SAME_AS
138841009	161573009	SAME_AS
138842002	161574003	SAME_AS
138843007	161575002	SAME_AS
138844001	161576001	SAME_AS
138846004	161572004	REPLACED_BY
138847008	161579008	SAME_AS
138848003	161580006	SAME_AS
138849006	161581005	SAME_AS
138850006	161582003	SAME_AS
138851005	161583008	SAME_AS
138852003	161584002	SAME_AS
138853008	161579008	REPLACED_BY
138854002	161586000	SAME_AS
138855001	161587009	SAME_AS
138856000	161586000	REPLACED_BY
138857009	161589007	SAME_AS
138860002	416098002	REPLACED_BY
138861003	416098002	REPLACED_BY
138862005	416098002	REPLACED_BY
138864006	705097000	SAME_AS
13888000	201831003	SAME_AS
138880001	416098002	REPLACED_BY
138881002	161611007	SAME_AS
138884005	161614004	SAME_AS
138885006	161615003	SAME_AS
138886007	161616002	SAME_AS
138887003	161617006	SAME_AS
138888008	161618001	SAME_AS
138889000	271396005	SAME_AS
138890009	161624007	SAME_AS
138891008	161625008	SAME_AS
138892001	161626009	SAME_AS
138893006	161627000	SAME_AS
138894000	308069004	SAME_AS
138895004	308070003	SAME_AS
138896003	308071004	SAME_AS
138897007	161615003	REPLACED_BY
138898002	161632004	SAME_AS
138899005	161633009	SAME_AS
138902008	161636001	SAME_AS
138903003	161637005	SAME_AS
138904009	1264552001	SAME_AS
138905005	161639008	SAME_AS
138906006	161641009	SAME_AS
138907002	313423004	SAME_AS
138910009	161632004	REPLACED_BY
138911008	161646004	SAME_AS
138912001	161647008	SAME_AS
138913006	161648003	SAME_AS
138914000	161649006	SAME_AS
138915004	161650006	SAME_AS
138916003	161651005	SAME_AS
138917007	161652003	SAME_AS
138918002	161653008	SAME_AS
138919005	161646004	REPLACED_BY
138920004	161656000	SAME_AS
138922007	267008002	SAME_AS
138923002	161659007	SAME_AS
138924008	161660002	SAME_AS
138926005	267007007	SAME_AS
138927001	161663000	SAME_AS
138928006	161664006	SAME_AS
138929003	161665007	SAME_AS
138930008	161666008	SAME_AS
138931007	161667004	SAME_AS
138932000	161668009	SAME_AS
138933005	161669001	SAME_AS
138934004	161670000	SAME_AS
138935003	161671001	SAME_AS
138936002	161672008	SAME_AS
138937006	161663000	REPLACED_BY
138938001	161674009	SAME_AS
138939009	161675005	SAME_AS
138940006	161676006	SAME_AS
138941005	161677002	SAME_AS
138942003	161678007	SAME_AS
138943008	161679004	SAME_AS
138944002	161680001	SAME_AS
138945001	161681002	SAME_AS
138947009	161674009	REPLACED_BY
138949007	161685006	SAME_AS
138950007	161686007	SAME_AS
138951006	161687003	SAME_AS
138953009	161689000	SAME_AS
138954003	161615003	REPLACED_BY
138955002	161615003	REPLACED_BY
138956001	161692001	SAME_AS
138957005	161693006	SAME_AS
138960003	161696003	SAME_AS
138962006	161615003	REPLACED_BY
138963001	161700006	SAME_AS
138964007	161701005	SAME_AS
138965008	161700006	REPLACED_BY
138975006	20016009	SAME_AS
138982005	84292000	SAME_AS
138983000	161718009	SAME_AS
138984006	161719001	SAME_AS
138987004	161722004	SAME_AS
138988009	161723009	SAME_AS
138990005	161725002	SAME_AS
138991009	161726001	SAME_AS
138993007	36521000	SAME_AS
139001007	13868004	SAME_AS
139002000	26886008	SAME_AS
139003005	26611006	SAME_AS
139007006	127364007	SAME_AS
139016005	161743003	SAME_AS
139017001	161744009	SAME_AS
139019003	161763005	SAME_AS
139021008	161765003	SAME_AS
139028002	161772002	SAME_AS
139029005	161773007	SAME_AS
139030000	161774001	SAME_AS
139031001	161775000	SAME_AS
139032008	2314005	SAME_AS
139033003	315604002	SAME_AS
139035005	161779006	SAME_AS
139036006	161780009	SAME_AS
139037002	161781008	SAME_AS
139038007	161782001	SAME_AS
139039004	161783006	SAME_AS
139040002	161779006	REPLACED_BY
139042005	161786003	SAME_AS
139043000	161787007	SAME_AS
139044006	161788002	SAME_AS
139045007	315224006	SAME_AS
139046008	267016006	REPLACED_BY
139047004	271902005	REPLACED_BY
139048009	161792009	SAME_AS
139049001	267017002	SAME_AS
139050001	161794005	SAME_AS
139052009	161796007	SAME_AS
139053004	161797003	SAME_AS
139054005	161798008	SAME_AS
139056007	161800001	SAME_AS
139058008	271902005	REPLACED_BY
139060005	161804005	SAME_AS
139061009	161805006	SAME_AS
139062002	161806007	SAME_AS
139063007	161807003	SAME_AS
139064001	161808008	SAME_AS
139065000	161809000	SAME_AS
139066004	161810005	SAME_AS
139069006	161813007	SAME_AS
139072004	161816004	SAME_AS
139073009	81712001	SAME_AS
139074003	161818003	SAME_AS
139075002	79012001	SAME_AS
139076001	1366162004	REPLACED_BY
139082003	79890006	SAME_AS
139083008	72405004	SAME_AS
139088004	262286000	SAME_AS
139089007	262285001	REPLACED_BY
139090003	161833006	SAME_AS
139093001	161836003	SAME_AS
139095008	161838002	SAME_AS
139096009	161839005	SAME_AS
139097000	161840007	SAME_AS
139098005	78164000	REPLACED_BY
139101009	161844003	SAME_AS
139102002	161845002	SAME_AS
139103007	17173007	SAME_AS
139105000	289164001	REPLACED_BY
139109006	186694006	SAME_AS
139110001	38880002	REPLACED_BY
139113004	161857006	SAME_AS
139116007	161857006	REPLACED_BY
139119000	271811009	SAME_AS
139126000	84229001	SAME_AS
139127009	267032009	SAME_AS
139129007	271951008	SAME_AS
139130002	161873000	SAME_AS
139134006	30746006	SAME_AS
139136008	161880003	SAME_AS
139139001	70070008	REPLACED_BY
139140004	161880003	REPLACED_BY
139144008	161887000	SAME_AS
139149003	161892003	SAME_AS
139150003	161893008	SAME_AS
139152006	161891005	REPLACED_BY
139155008	161898004	SAME_AS
139156009	367391008	SAME_AS
139157000	78459008	SAME_AS
139158005	161903000	SAME_AS
139159002	161904006	SAME_AS
139161006	65124004	SAME_AS
139162004	281792000	SAME_AS
139163009	277890004	SAME_AS
139164003	314916002	SAME_AS
139165002	271771009	SAME_AS
139166001	248491001	SAME_AS
139167005	102598000	SAME_AS
139168000	95891005	REPLACED_BY
139171008	102482005	SAME_AS
139179005	11833005	SAME_AS
139180008	161923004	SAME_AS
139181007	161924005	SAME_AS
139182000	161925006	SAME_AS
139183005	28743005	REPLACED_BY
139184004	161927003	SAME_AS
139186002	28743005	SAME_AS
139187006	68154008	SAME_AS
139188001	284523002	SAME_AS
139189009	315246003	SAME_AS
139192008	267036007	SAME_AS
139194009	161939006	SAME_AS
139195005	161940008	SAME_AS
139196006	161941007	SAME_AS
139197002	62744007	SAME_AS
139198007	55442000	SAME_AS
139200001	230145002	SAME_AS
139201002	267036007	SAME_AS
139202009	707440005	REPLACED_BY
139203004	161947006	SAME_AS
139204005	60845006	SAME_AS
139205006	248548009	SAME_AS
139207003	267036007	REPLACED_BY
139208008	65958008	SAME_AS
139210005	161954000	SAME_AS
139211009	65958008	REPLACED_BY
139214001	79879001	SAME_AS
139215000	366236007	REPLACED_BY
139224009	80313002	SAME_AS
139225005	248657009	SAME_AS
139226006	161969004	SAME_AS
139227002	80313002	REPLACED_BY
139228007	29857009	SAME_AS
139230009	161972006	SAME_AS
139231008	71884009	SAME_AS
139232001	161973001	SAME_AS
139233006	2237002	SAME_AS
139234000	161974007	SAME_AS
139235004	2237002	SAME_AS
139236003	102589003	SAME_AS
139237007	4568003	SAME_AS
139238002	81953000	SAME_AS
139239005	297217002	SAME_AS
139240007	29857009	REPLACED_BY
139243009	267039000	SAME_AS
139245002	299060006	SAME_AS
139246001	267041004	SAME_AS
139247005	271808008	SAME_AS
139248000	284521000	SAME_AS
139249008	225707003	SAME_AS
139250008	267038008	REPLACED_BY
139251007	267042006	REPLACED_BY
139252000	267043001	SAME_AS
139253005	161991006	SAME_AS
139254004	161992004	SAME_AS
139255003	161993009	SAME_AS
139256002	267042006	REPLACED_BY
139266005	267045008	SAME_AS
139267001	162004006	SAME_AS
139269003	27355003	SAME_AS
139271003	162007004	SAME_AS
139272005	162004006	REPLACED_BY
139273000	162009001	SAME_AS
139275007	102616008	SAME_AS
139276008	11114002	SAME_AS
139277004	36955009	SAME_AS
139278009	53827007	REPLACED_BY
139280003	62718007	SAME_AS
139281004	87715008	SAME_AS
139282006	86276007	SAME_AS
139284007	162009001	REPLACED_BY
139285008	278431005	REPLACED_BY
139287000	162020001	SAME_AS
139288005	278431005	REPLACED_BY
139291005	162024005	SAME_AS
139292003	162025006	SAME_AS
139293008	30233002	SAME_AS
139297009	102622004	SAME_AS
139298004	16331000	SAME_AS
139299007	162031009	SAME_AS
139300004	16331000	SAME_AS
139302007	225587003	SAME_AS
139303002	162031009	REPLACED_BY
139306005	9991008	SAME_AS
139307001	162038003	SAME_AS
139308006	162039006	SAME_AS
139309003	37389005	SAME_AS
139310008	35363006	SAME_AS
139311007	75879005	REPLACED_BY
139312000	43364001	SAME_AS
139313005	21522001	SAME_AS
139317006	162046002	SAME_AS
139318001	79922009	SAME_AS
139319009	162047006	SAME_AS
139320003	162048001	SAME_AS
139321004	162049009	SAME_AS
139322006	162050009	SAME_AS
139325008	162053006	SAME_AS
139326009	102614006	SAME_AS
139327000	83132003	SAME_AS
139328005	54586004	SAME_AS
139330007	422587007	SAME_AS
139332004	162057007	SAME_AS
139333009	51885006	SAME_AS
139334003	422587007	REPLACED_BY
139337005	422400008	SAME_AS
139338000	8579004	SAME_AS
139340005	40835002	SAME_AS
139341009	71419002	SAME_AS
139342002	422400008	REPLACED_BY
139343007	162068007	SAME_AS
139345000	116289008	SAME_AS
139348003	162068007	REPLACED_BY
139351005	162076009	SAME_AS
139352003	162077000	SAME_AS
139353008	162077000	SAME_AS
139354002	80301007	SAME_AS
139356000	14760008	SAME_AS
139358004	14760008	SAME_AS
139359007	14760008	REPLACED_BY
139360002	302770003	SAME_AS
139363000	302770003	REPLACED_BY
139366008	302690004	SAME_AS
139367004	72042002	SAME_AS
139369001	267056008	REPLACED_BY
139370000	405729008	SAME_AS
139371001	167602003	REPLACED_BY
139372008	267058009	REPLACED_BY
139373003	267059001	REPLACED_BY
139374009	88111009	SAME_AS
139377002	315064003	SAME_AS
139378007	15510009	SAME_AS
139381002	267060006	SAME_AS
139383004	267060006	SAME_AS
139384005	162106006	SAME_AS
139386007	249519007	SAME_AS
139387003	267045008	REPLACED_BY
139389000	267045008	REPLACED_BY
139398002	8009008	SAME_AS
139400003	22220005	SAME_AS
139401004	75088002	SAME_AS
139402006	366279009	REPLACED_BY
139405008	267064002	SAME_AS
139406009	162128006	SAME_AS
139407000	5972002	SAME_AS
139408005	75088002	SAME_AS
139412004	162134004	SAME_AS
139413009	39575007	SAME_AS
139415002	7766007	SAME_AS
139418000	162138001	SAME_AS
139420002	7093002	SAME_AS
139423000	49650001	SAME_AS
139424006	16844001	SAME_AS
139425007	63901009	SAME_AS
139426008	162143008	SAME_AS
139429001	285375003	SAME_AS
139430006	20502007	SAME_AS
139431005	162138001	REPLACED_BY
139432003	9957009	REPLACED_BY
139434002	9957009	SAME_AS
139435001	9957009	REPLACED_BY
139436000	162156001	SAME_AS
139438004	162158000	SAME_AS
139439007	271939006	REPLACED_BY
139440009	89164003	SAME_AS
139442001	162162006	SAME_AS
139443006	89164003	SAME_AS
139444000	162164007	SAME_AS
139446003	54302000	SAME_AS
139447007	162164007	REPLACED_BY
139448002	11441004	SAME_AS
139460001	2472002	SAME_AS
139461002	83128009	SAME_AS
139462009	28442001	SAME_AS
139463004	31908003	SAME_AS
139464005	162181003	SAME_AS
139465006	162182005	SAME_AS
139466007	197927001	SAME_AS
139469000	27034006	SAME_AS
139470004	102835006	SAME_AS
139475009	424196004	SAME_AS
139476005	48694002	SAME_AS
139477001	263897001	SAME_AS
139478006	55929007	SAME_AS
139479003	47295007	SAME_AS
139483003	267073005	SAME_AS
139484009	386807006	REPLACED_BY
139488007	7011001	SAME_AS
139489004	162208002	SAME_AS
139490008	25064002	SAME_AS
139491007	1402001	SAME_AS
139492000	162213003	SAME_AS
139493005	386816005	SAME_AS
139494004	267076002	SAME_AS
139495003	162218007	SAME_AS
139496002	162219004	SAME_AS
139497006	286647002	SAME_AS
139498001	162221009	SAME_AS
139499009	304534000	SAME_AS
139500000	314938000	SAME_AS
1395008	1354659002	REPLACED_BY
139502008	308921004	REPLACED_BY
139503003	267078001	REPLACED_BY
139505005	26079004	SAME_AS
139509004	267078001	REPLACED_BY
139512001	162236007	SAME_AS
139513006	162241004	SAME_AS
139514000	312952004	SAME_AS
139515004	312953009	SAME_AS
139516003	314367006	SAME_AS
139518002	162246009	SAME_AS
139519005	62507009	SAME_AS
139520004	162248005	SAME_AS
139522007	44077006	SAME_AS
139523002	44169009	SAME_AS
139525009	162246009	REPLACED_BY
139528006	267084003	SAME_AS
139529003	162260006	SAME_AS
139530008	162261005	SAME_AS
139531007	267083009	REPLACED_BY
139534004	398665005	SAME_AS
139535003	1290882004	REPLACED_BY
139536002	1290882004	REPLACED_BY
139540006	162271007	SAME_AS
139541005	315243006	SAME_AS
139542003	3006004	REPLACED_BY
139543008	162274004	SAME_AS
139545001	24982008	SAME_AS
139546000	162277006	SAME_AS
139547009	162278001	SAME_AS
139549007	162279009	SAME_AS
139550007	225581002	SAME_AS
139551006	162274004	REPLACED_BY
139552004	308923001	SAME_AS
139556001	41652007	SAME_AS
139558000	74776002	SAME_AS
139560003	46152009	SAME_AS
139561004	308923001	REPLACED_BY
139562006	267095009	SAME_AS
139564007	39423001	SAME_AS
139565008	162294008	SAME_AS
139566009	162252005	SAME_AS
139567000	267095009	REPLACED_BY
139568005	25064002	REPLACED_BY
139570001	162299003	SAME_AS
139571002	162300006	SAME_AS
139572009	162301005	SAME_AS
139573004	267096005	SAME_AS
139574005	330007	SAME_AS
139575006	162304002	SAME_AS
139576007	41413006	SAME_AS
139577003	25064002	REPLACED_BY
139579000	162307009	SAME_AS
139580002	162308004	SAME_AS
139581003	162309007	SAME_AS
139584006	162313000	SAME_AS
139585007	162314006	SAME_AS
139586008	6471006	SAME_AS
139587004	276303005	SAME_AS
139588009	247650009	SAME_AS
139589001	225444004	SAME_AS
139590005	162318009	SAME_AS
139591009	271437004	SAME_AS
139592002	162318009	REPLACED_BY
139594001	28810003	SAME_AS
139595000	2073000	SAME_AS
139596004	6140007	SAME_AS
139597008	301026000	SAME_AS
139598003	79015004	SAME_AS
139599006	162327005	SAME_AS
139601008	50239007	SAME_AS
139602001	310531007	SAME_AS
139603006	310532000	SAME_AS
139604000	18963009	SAME_AS
139605004	308921004	SAME_AS
139607007	162335008	SAME_AS
139608002	308921004	SAME_AS
139610000	162338005	SAME_AS
139612008	162340000	SAME_AS
139613003	15188001	REPLACED_BY
139615005	162346006	SAME_AS
139616006	314914004	SAME_AS
139618007	162349004	SAME_AS
139620005	162351000	SAME_AS
139621009	162352007	SAME_AS
139622002	162353002	SAME_AS
139623007	162354008	SAME_AS
139624001	60862001	REPLACED_BY
139628003	162359003	SAME_AS
139629006	162360008	SAME_AS
139630001	301354004	SAME_AS
139631002	162362000	SAME_AS
139633004	162364004	SAME_AS
139634005	162365003	SAME_AS
139635006	162362000	REPLACED_BY
139636007	76067001	REPLACED_BY
139638008	76067001	SAME_AS
139639000	76067001	REPLACED_BY
139640003	249366005	SAME_AS
139642006	249366005	REPLACED_BY
139646009	72863001	SAME_AS
139647000	72863001	REPLACED_BY
139651003	267101005	SAME_AS
139653000	162383006	SAME_AS
139656008	267102003	SAME_AS
139658009	162388002	SAME_AS
139659001	275488008	SAME_AS
139660006	267102003	REPLACED_BY
139661005	50219008	SAME_AS
139663008	50219008	SAME_AS
139664002	50219008	REPLACED_BY
139667009	373909009	SAME_AS
139669007	267103008	SAME_AS
139670008	162400007	SAME_AS
139672000	162402004	SAME_AS
139673005	162403009	SAME_AS
139678001	162408000	SAME_AS
139687005	40144003	SAME_AS
139688000	315241008	SAME_AS
139689008	315226008	SAME_AS
139691000	162422000	SAME_AS
139694008	162426002	SAME_AS
139695009	267108004	SAME_AS
139696005	162428001	SAME_AS
139700002	162432007	SAME_AS
139701003	162422000	REPLACED_BY
139703000	162435009	SAME_AS
139704006	162436005	SAME_AS
139705007	162437001	SAME_AS
139706008	162438006	SAME_AS
139707004	162439003	SAME_AS
139708009	162440001	SAME_AS
139709001	308918001	REPLACED_BY
139711005	162443004	SAME_AS
139712003	162444005	SAME_AS
139713008	162445006	SAME_AS
139714002	162446007	SAME_AS
139715001	162447003	SAME_AS
139716000	162448008	SAME_AS
139717009	162449000	SAME_AS
139720001	162452008	SAME_AS
139721002	162453003	SAME_AS
139722009	162454009	SAME_AS
139723004	162455005	SAME_AS
139724005	162456006	SAME_AS
139725006	162457002	SAME_AS
139726007	162458007	SAME_AS
139727003	162459004	SAME_AS
139729000	162461008	SAME_AS
139730005	162462001	SAME_AS
139731009	162463006	SAME_AS
139732002	162461008	REPLACED_BY
139733007	162465004	SAME_AS
139734001	162466003	SAME_AS
139735000	162468002	SAME_AS
139736004	162469005	SAME_AS
139737008	162470006	SAME_AS
139738003	162471005	SAME_AS
139739006	162465004	REPLACED_BY
139740008	162473008	SAME_AS
139741000119102	1208768006	REPLACED_BY
139741007	162474002	SAME_AS
139742000	162475001	SAME_AS
139743005	162476000	SAME_AS
139744004	162477009	SAME_AS
139745003	162478004	SAME_AS
139746002	162479007	SAME_AS
139747006	162480005	SAME_AS
139748001	162481009	SAME_AS
139749009	162473008	REPLACED_BY
139750009	162483007	SAME_AS
139751008	162484001	SAME_AS
139752001	162485000	SAME_AS
139753006	162486004	SAME_AS
139754000	162487008	SAME_AS
139755004	162488003	SAME_AS
139756003	162489006	SAME_AS
139757007	162490002	SAME_AS
139758002	162483007	REPLACED_BY
139760000	162493000	SAME_AS
139762008	162495007	SAME_AS
139764009	162497004	SAME_AS
139765005	162498009	SAME_AS
139766006	162499001	SAME_AS
139767002	162497004	REPLACED_BY
139768007	162502002	SAME_AS
139769004	36349006	SAME_AS
139770003	27635008	SAME_AS
139771004	55145008	SAME_AS
139772006	162503007	SAME_AS
139773001	162504001	SAME_AS
139774007	162505000	SAME_AS
139775008	162506004	SAME_AS
139776009	82991003	SAME_AS
139777000	49575005	SAME_AS
139778005	428926002	SAME_AS
139781000	162408000	REPLACED_BY
139787001	162515006	SAME_AS
139788006	162516007	SAME_AS
139789003	162517003	SAME_AS
139790007	226097005	REPLACED_BY
139793009	15108003	SAME_AS
139794003	162521005	SAME_AS
139795002	162522003	SAME_AS
139796001	11739001	REPLACED_BY
139819002	162546005	SAME_AS
139824004	162551004	SAME_AS
139825003	162552006	SAME_AS
139827006	162554007	SAME_AS
139828001	162555008	SAME_AS
139834008	162561006	SAME_AS
139835009	162562004	SAME_AS
139836005	162561006	REPLACED_BY
139852008	315271000	SAME_AS
139863006	162596006	SAME_AS
139868002	118226009	SAME_AS
139874002	162566001	SAME_AS
139878004	162649008	SAME_AS
139879007	162650008	SAME_AS
139882002	162653005	SAME_AS
139883007	162654004	SAME_AS
139884001	162655003	SAME_AS
139888003	271299001	SAME_AS
139889006	359748005	SAME_AS
139890002	371001000	SAME_AS
139894006	162668006	SAME_AS
139895007	162669003	SAME_AS
139897004	162651007	REPLACED_BY
139898009	162649008	REPLACED_BY
13990003	715069001	SAME_AS
139901005	162675007	SAME_AS
139915007	248493003	SAME_AS
139978003	1363478003	REPLACED_BY
139979006	1363478003	REPLACED_BY
140052001	315284009	SAME_AS
140077000	48499001	SAME_AS
140078005	6497000	SAME_AS
140079002	162863004	SAME_AS
140080004	162864005	SAME_AS
140081000	310252000	SAME_AS
140099008	162882008	SAME_AS
14014000	207768002	SAME_AS
140195000	162980001	SAME_AS
14030008	201281002	SAME_AS
140341001	163128002	SAME_AS
140356005	53827007	REPLACED_BY
140385004	249389002	SAME_AS
140420008	163210008	SAME_AS
140495007	235771005	SAME_AS
140496008	163285006	SAME_AS
140498009	309082002	SAME_AS
140499001	315606000	SAME_AS
140540004	278851001	SAME_AS
140558005	163348001	SAME_AS
140581007	54768000	SAME_AS
140593003	87860000	SAME_AS
140595005	21779006	SAME_AS
140625005	314373007	SAME_AS
140626006	314374001	SAME_AS
140627002	289794001	SAME_AS
14064007	124736009	SAME_AS
140650008	360404009	SAME_AS
140651007	248813007	SAME_AS
140652000	315247007	SAME_AS
140653005	315248002	SAME_AS
140654004	315249005	SAME_AS
140655003	315250005	SAME_AS
140660004	271955004	REPLACED_BY
140662007	237463009	SAME_AS
140790003	163582008	SAME_AS
140803001	1217008005	REPLACED_BY
140805008	79631006	SAME_AS
140817005	268957000	SAME_AS
140818000	268958005	SAME_AS
140825007	17842005	SAME_AS
140828009	55533009	SAME_AS
140894004	69161000119103	REPLACED_BY
140910008	14686007	SAME_AS
140915003	308074007	SAME_AS
140916002	308075008	SAME_AS
140918001	308077000	SAME_AS
140919009	314811006	SAME_AS
140920003	314829001	SAME_AS
141000	206248004	SAME_AS
14100001000004106	540851000124108	REPLACED_BY
141112005	124743003	SAME_AS
141114006	124744009	SAME_AS
14118000	204712000	SAME_AS
141187007	28998008	SAME_AS
141196007	4855003	SAME_AS
141197003	309596003	SAME_AS
141199000	247153005	SAME_AS
141327001	285767006	SAME_AS
141329003	65329004	SAME_AS
14134002	874844007	REPLACED_BY
141344002	127086001	SAME_AS
141373004	164176006	SAME_AS
141374005	164177002	SAME_AS
141375006	164178007	SAME_AS
141376007	164179004	SAME_AS
141385007	75803007	SAME_AS
141416002	301354004	SAME_AS
141420003	301354004	SAME_AS
141461000119106	141441000119107	SAME_AS
141471000119100	141451000119109	SAME_AS
141475005	324618004	REPLACED_BY
141481000119102	303081002	SAME_AS
141517008	52475004	SAME_AS
141576008	285302001	SAME_AS
141584007	46742003	SAME_AS
141586009	46742003	SAME_AS
141587000	46742003	SAME_AS
14159006	73342002	SAME_AS
14160001000004107	540961000124102	REPLACED_BY
141616007	311897005	SAME_AS
141617003	30704002	SAME_AS
141618008	271813007	SAME_AS
141620006	315252002	SAME_AS
141621005	315253007	SAME_AS
141622003	315254001	SAME_AS
141623008	315255000	SAME_AS
141624002	315256004	SAME_AS
141625001	315257008	SAME_AS
141626000	315258003	SAME_AS
141627009	315259006	SAME_AS
141628004	315260001	SAME_AS
141646005	20995005	SAME_AS
141647001	21124006	SAME_AS
141656009	315592004	SAME_AS
141680008	280137006	SAME_AS
141681007	309598002	SAME_AS
141688001	164503006	SAME_AS
141768008	298356007	SAME_AS
141801007	271807003	SAME_AS
141807006	247347003	SAME_AS
141808001	299703001	SAME_AS
141878000	278971009	SAME_AS
141879008	278972002	SAME_AS
141882003	370388006	SAME_AS
141887009	164713001	SAME_AS
141888004	164715008	SAME_AS
141890003	164718005	SAME_AS
141898005	164725003	SAME_AS
141899002	164726002	SAME_AS
141901006	164728001	SAME_AS
141915008	164746007	SAME_AS
141916009	164747003	SAME_AS
141924004	164759004	SAME_AS
141927006	370377000	SAME_AS
141931000	164766003	SAME_AS
141932007	164767007	SAME_AS
141934008	164769005	SAME_AS
141938006	164776000	SAME_AS
141939003	164777009	SAME_AS
141941002	164779007	SAME_AS
141950000	164786004	SAME_AS
141951001	164787008	SAME_AS
141953003	164789006	SAME_AS
141958007	164795007	SAME_AS
141959004	164796008	SAME_AS
141961008	268370004	SAME_AS
141972003	164808009	SAME_AS
141975001	164812003	SAME_AS
141983007	164823004	SAME_AS
141986004	164826007	SAME_AS
141991003	164831009	SAME_AS
141992005	164832002	SAME_AS
141994006	164834001	SAME_AS
142013001	164853006	SAME_AS
142015008	102594003	SAME_AS
142021007	164861001	SAME_AS
142023005	164861001	SAME_AS
142024004	164861001	REPLACED_BY
142025003	164865005	SAME_AS
142027006	164867002	SAME_AS
142028001	164868007	SAME_AS
142029009	164869004	SAME_AS
142030004	164870003	SAME_AS
142031000	164871004	SAME_AS
142032007	164865005	REPLACED_BY
142033002	164873001	SAME_AS
142035009	164873001	SAME_AS
142036005	164873001	REPLACED_BY
142037001	164877000	SAME_AS
142039003	164877000	SAME_AS
142040001	164877000	REPLACED_BY
14204003	88877002	SAME_AS
142041002	164881000	SAME_AS
142043004	164883002	SAME_AS
142044005	164884008	SAME_AS
142045006	164885009	SAME_AS
142046007	164881000	REPLACED_BY
142047003	164887001	SAME_AS
142049000	164889003	SAME_AS
142050000	164890007	SAME_AS
142051001	164891006	SAME_AS
142052008	164887001	REPLACED_BY
142053003	164893009	SAME_AS
142055005	164895002	SAME_AS
142056006	164896001	SAME_AS
142057002	164893009	REPLACED_BY
142058007	164898000	SAME_AS
142060009	164900003	SAME_AS
142061008	164901004	SAME_AS
142062001	164902006	SAME_AS
142063006	164903001	SAME_AS
142064000	164904007	SAME_AS
142065004	164905008	SAME_AS
142066003	164906009	SAME_AS
142067007	164907000	SAME_AS
142068002	164909002	SAME_AS
142069005	164898000	REPLACED_BY
142071000119101	1332358007	REPLACED_BY
142072003	164912004	SAME_AS
142073008	164913009	SAME_AS
142074002	164914003	SAME_AS
142075001	365410006	REPLACED_BY
142078004	164917005	SAME_AS
142079007	164918000	SAME_AS
142080005	365412003	REPLACED_BY
142083007	164921003	SAME_AS
142084001	164922005	SAME_AS
142085000	365413008	REPLACED_BY
142088003	164925007	SAME_AS
142089006	164926008	SAME_AS
142090002	365414002	REPLACED_BY
142093000	164930006	SAME_AS
142095007	26141007	SAME_AS
142099001	164934002	SAME_AS
142100009	66812002	SAME_AS
142101008	59931005	SAME_AS
142105004	164937009	SAME_AS
142106003	164938004	SAME_AS
142109005	164940009	SAME_AS
142110000	164941008	SAME_AS
142115005	164946003	SAME_AS
142116006	164947007	SAME_AS
142117002	49578007	SAME_AS
142118007	365411005	REPLACED_BY
142121009	164951009	SAME_AS
142122002	991002	SAME_AS
142123007	28630001	SAME_AS
142124001	39732003	SAME_AS
142125000	47665007	SAME_AS
142126004	365415001	REPLACED_BY
142129006	164956004	SAME_AS
142130001	111975006	SAME_AS
142131002	77867006	SAME_AS
142132009	365417009	REPLACED_BY
142133004	370365005	SAME_AS
142138008	164963004	SAME_AS
142139000	164964005	SAME_AS
142141004	164966007	SAME_AS
142149002	164977001	SAME_AS
142150002	164978006	SAME_AS
142152005	164980000	SAME_AS
142156008	164984009	SAME_AS
142157004	164985005	SAME_AS
142159001	164987002	SAME_AS
142168004	164996002	SAME_AS
142169007	164997006	SAME_AS
142170008	164998001	SAME_AS
142171007	164999009	SAME_AS
142172000	165000009	SAME_AS
142173005	165001008	SAME_AS
142176002	165004000	SAME_AS
142179009	165007007	SAME_AS
142180007	165008002	SAME_AS
142186001	165014009	SAME_AS
142189008	165016006	SAME_AS
142190004	165017002	SAME_AS
142192007	165019004	SAME_AS
142193002	165020005	SAME_AS
142194008	165021009	SAME_AS
142195009	165022002	SAME_AS
142198006	165025000	SAME_AS
142199003	165026004	SAME_AS
142201001	165028003	SAME_AS
142209004	165034005	SAME_AS
142210009	165035006	SAME_AS
142217007	165044007	SAME_AS
142237006	314473008	SAME_AS
142238001	314472003	SAME_AS
142241005	165068004	SAME_AS
142242003	165069007	SAME_AS
142245001	165068004	REPLACED_BY
142247009	165073005	SAME_AS
142248004	165074004	SAME_AS
142250007	165076002	SAME_AS
142256001	275514001	SAME_AS
142273004	165104002	SAME_AS
142275006	165106000	SAME_AS
142283000	314981002	SAME_AS
142287004	165121006	SAME_AS
142288009	165122004	SAME_AS
142290005	165124003	SAME_AS
142363004	767357000	REPLACED_BY
142391007	165132006	SAME_AS
142472006	165137000	SAME_AS
142473001	165138005	SAME_AS
142474007	165139002	SAME_AS
142476009	165143003	SAME_AS
142477000	165146006	SAME_AS
142479002	313172000	SAME_AS
142582009	165185004	SAME_AS
142617001	315063009	SAME_AS
142622001	165222009	SAME_AS
142623006	165223004	SAME_AS
142626003	704440004	SAME_AS
142629005	72042002	SAME_AS
142630000	165230005	SAME_AS
142633003	165232002	SAME_AS
142634009	165233007	SAME_AS
142637002	129065005	SAME_AS
142638007	129039006	SAME_AS
142641003	715088008	SAME_AS
142643000	715127003	SAME_AS
142645007	165241007	SAME_AS
142646008	129078005	SAME_AS
142647004	129045003	SAME_AS
142651002	165243005	SAME_AS
142652009	165244004	SAME_AS
142655006	165247006	SAME_AS
142656007	165248001	SAME_AS
142660005	129043005	SAME_AS
142663007	165253006	SAME_AS
142664001	165254000	SAME_AS
142665000	165255004	SAME_AS
142666004	365112008	REPLACED_BY
142668003	1163215007	REPLACED_BY
142669006	1163217004	REPLACED_BY
142670007	723071003	REPLACED_BY
142687009	165278005	SAME_AS
142689007	165280004	SAME_AS
142692006	165283002	SAME_AS
142695008	165286005	SAME_AS
142698005	165289003	SAME_AS
1427008	16300007	SAME_AS
142701002	165292004	SAME_AS
142704005	165295002	SAME_AS
142707003	165298000	SAME_AS
142710005	165301001	SAME_AS
142715000	165305005	SAME_AS
142718003	165308007	SAME_AS
142721001	165311008	SAME_AS
142722008	165312001	SAME_AS
142735004	165325009	SAME_AS
142740007	165330008	SAME_AS
142741006	165331007	SAME_AS
142752000	165342003	SAME_AS
142753005	165343008	SAME_AS
142756002	165346000	SAME_AS
142758001	165348004	SAME_AS
142759009	165349007	SAME_AS
142761000	165351006	SAME_AS
142762007	165352004	SAME_AS
142763002	165353009	SAME_AS
142764008	165348004	REPLACED_BY
142765009	165355002	SAME_AS
142767001	165357005	SAME_AS
142768006	165358000	SAME_AS
142769003	165355002	REPLACED_BY
142771003	313334002	SAME_AS
142772005	313335001	SAME_AS
142773000	313336000	SAME_AS
142774006	313337009	SAME_AS
142775007	313338004	SAME_AS
142783001	165374005	SAME_AS
142785008	165376007	SAME_AS
142786009	165377003	SAME_AS
142789002	34641000087106	REPLACED_BY
142802003	165393007	SAME_AS
142805001	165397008	REPLACED_BY
142806000	165397008	SAME_AS
142811000119104	26929004	SAME_AS
142811003	131141003	REPLACED_BY
142813000	250237007	SAME_AS
142818009	165407001	SAME_AS
142819001	165408006	SAME_AS
142824003	165413005	SAME_AS
142825002	165414004	SAME_AS
142827005	165416002	SAME_AS
142834007	165423001	SAME_AS
142835008	165424007	SAME_AS
142838005	165427000	SAME_AS
142843003	165432004	SAME_AS
142844009	165433009	SAME_AS
142850004	165439008	SAME_AS
142851000	165440005	SAME_AS
142853002	165442002	SAME_AS
142855009	365612007	SAME_AS
142858006	165447008	SAME_AS
142859003	165448003	SAME_AS
142865003	165454002	SAME_AS
142866002	165455001	SAME_AS
142872002	165461003	SAME_AS
142873007	165462005	SAME_AS
142876004	365652009	REPLACED_BY
142879006	165474009	SAME_AS
142881008	165475005	SAME_AS
142882001	365622001	REPLACED_BY
142885004	165479004	SAME_AS
142886003	17235000	SAME_AS
142893004	165486007	SAME_AS
142896007	165488008	SAME_AS
142897003	165489000	SAME_AS
142899000	46049004	SAME_AS
1429006	208827000	SAME_AS
142901009	302783002	SAME_AS
142903007	165495004	SAME_AS
142904001	165496003	SAME_AS
142905000	302783002	SAME_AS
142908003	165500001	SAME_AS
142917003	84828003	SAME_AS
142918008	111583006	SAME_AS
142919000	17182001	SAME_AS
142920006	165509000	SAME_AS
142924002	165513007	SAME_AS
142928004	165517008	SAME_AS
142929007	165518003	SAME_AS
142930002	165519006	SAME_AS
142934006	43355006	SAME_AS
142935007	386789004	SAME_AS
142939001	65209002	SAME_AS
142940004	165528007	SAME_AS
142944008	165531008	SAME_AS
142945009	165532001	SAME_AS
142947001	165534000	SAME_AS
142949003	365631001	SAME_AS
142951004	418697001	SAME_AS
142952006	165539005	SAME_AS
142953001	165540007	SAME_AS
142954007	165541006	SAME_AS
142956009	165543009	SAME_AS
142959002	165546001	SAME_AS
142960007	165547005	SAME_AS
142966001	165543009	REPLACED_BY
142970009	6631009	SAME_AS
142971008	165558001	SAME_AS
142976003	165563002	SAME_AS
143030006	165623008	SAME_AS
143031005	165624002	SAME_AS
143034002	165631003	SAME_AS
143041008	165638009	SAME_AS
143048002	165645009	SAME_AS
143053007	165650003	SAME_AS
143059006	165656009	SAME_AS
143062009	165659002	SAME_AS
143064005	165661006	SAME_AS
143081001	165679005	SAME_AS
143082008	165680008	SAME_AS
143083003	165681007	SAME_AS
143087002	165685003	SAME_AS
143109000	270923008	SAME_AS
143128007	165679005	SAME_AS
143129004	165680008	SAME_AS
143130009	165681007	SAME_AS
143147005	112144000	SAME_AS
143148000	112149005	SAME_AS
143149008	165743006	SAME_AS
143150008	58460004	SAME_AS
143153005	165746003	SAME_AS
143154004	165747007	SAME_AS
143155003	89109006	REPLACED_BY
143158001	165751009	SAME_AS
143163002	250396003	SAME_AS
143164008	312457003	SAME_AS
143168006	165762009	SAME_AS
143172005	165766007	SAME_AS
143174006	165768008	SAME_AS
143175007	165769000	SAME_AS
143179001	165773002	SAME_AS
143181004	165775009	SAME_AS
143186009	165780000	SAME_AS
143187000	165781001	SAME_AS
143198004	165791007	SAME_AS
143200005	165793005	SAME_AS
143201009	165794004	SAME_AS
143211002	271511000	SAME_AS
143213004	165806002	SAME_AS
143214005	165807006	SAME_AS
143215006	278974001	SAME_AS
143216007	278975000	SAME_AS
143224002	165816005	SAME_AS
143228004	165820009	SAME_AS
143229007	165821008	SAME_AS
143243002	165839004	SAME_AS
143267005	165878000	SAME_AS
143268000	165879008	SAME_AS
14331002	772005003	REPLACED_BY
143313001	165927006	SAME_AS
143327006	165939003	SAME_AS
14337003	210484005	REPLACED_BY
143380005	165992005	SAME_AS
143385000	165997004	SAME_AS
143391000119109	735735001	SAME_AS
143393000	310288005	SAME_AS
143394006	310289002	SAME_AS
143444006	314527009	SAME_AS
143445007	314526000	SAME_AS
143492006	314706002	SAME_AS
14350001000004108	14669001	SAME_AS
143531004	166168007	SAME_AS
143667002	315010001	SAME_AS
143675008	315200003	SAME_AS
143680004	166318006	SAME_AS
143684008	131089005	SAME_AS
143685009	131090001	SAME_AS
143698000	166345007	SAME_AS
143700009	312399001	SAME_AS
14371007	419532006	REPLACED_BY
143724001	166371006	SAME_AS
143729006	166382003	SAME_AS
143769007	166424001	SAME_AS
143776002	166435006	SAME_AS
143777006	166436007	SAME_AS
143778001	166437003	SAME_AS
143791000	166455007	SAME_AS
143796005	166467009	SAME_AS
143885006	166559004	SAME_AS
143886007	166561008	SAME_AS
143887003	166562001	SAME_AS
143922007	166603001	SAME_AS
143932000	166612004	SAME_AS
14394008	1263718009	REPLACED_BY
143947009	166627004	SAME_AS
143961004	166642001	SAME_AS
143962006	166643006	SAME_AS
143974005	166663004	SAME_AS
143993007	166686006	SAME_AS
144006002	166712009	SAME_AS
14401000119109	230394006	REPLACED_BY
144023006	269859006	SAME_AS
144025004	166735007	SAME_AS
144060005	166778002	SAME_AS
144067008	166791001	SAME_AS
144079008	166803003	SAME_AS
144092006	166816003	SAME_AS
144106004	166830008	SAME_AS
144107008	166830008	REPLACED_BY
144124002	166848004	SAME_AS
144131003	166853009	SAME_AS
144138009	166860003	SAME_AS
144140004	166863001	SAME_AS
14417003	275340006	SAME_AS
144196006	166922008	SAME_AS
144198007	444780001	REPLACED_BY
144200001	166926006	SAME_AS
144201002	166927002	SAME_AS
144202009	166928007	SAME_AS
144203004	166929004	SAME_AS
144222008	1217346007	REPLACED_BY
144273000	312391003	SAME_AS
144291005	129907001	SAME_AS
14434006	30858001	REPLACED_BY
144418000	167179007	SAME_AS
144419008	167180005	SAME_AS
144426008	314983004	SAME_AS
144431005	167193000	SAME_AS
144438004	167199001	SAME_AS
144456004	167219008	SAME_AS
144459006	167222005	SAME_AS
144462009	167225007	SAME_AS
144465006	167228009	SAME_AS
144469000	39575007	REPLACED_BY
144470004	167233008	SAME_AS
144471000	167234002	SAME_AS
144472007	167235001	SAME_AS
144474008	7766007	SAME_AS
144475009	167238004	SAME_AS
144476005	167239007	SAME_AS
144480000	167243006	SAME_AS
144481001	167244000	SAME_AS
144485005	167248002	SAME_AS
144486006	167249005	SAME_AS
144487002	8769003	SAME_AS
144491007	167254001	SAME_AS
144492000	167255000	SAME_AS
144493005	167256004	SAME_AS
144497006	167260001	SAME_AS
144499009	167262009	SAME_AS
144500000	167264005	SAME_AS
144501001	167265006	SAME_AS
144502008	167266007	SAME_AS
144503003	167267003	SAME_AS
144504009	45154002	SAME_AS
144508007	167272007	SAME_AS
144510009	167274008	SAME_AS
144511008	167275009	SAME_AS
144512001	167276005	SAME_AS
144513006	167277001	SAME_AS
144514000	167278006	SAME_AS
144515004	29738008	SAME_AS
144522007	167286006	SAME_AS
144524008	167288007	SAME_AS
144525009	167289004	SAME_AS
144526005	167290008	SAME_AS
144527001	167291007	SAME_AS
144528006	167292000	SAME_AS
144533005	167296002	SAME_AS
144535003	167298001	SAME_AS
144536002	167299009	SAME_AS
144537006	167300001	SAME_AS
144538001	167301002	SAME_AS
144539009	167302009	SAME_AS
144543008	167306007	SAME_AS
144554003	167317008	SAME_AS
144556001	61373006	SAME_AS
144559008	167322008	SAME_AS
144561004	167324009	SAME_AS
144562006	167325005	SAME_AS
144563001	167326006	SAME_AS
144564007	167327002	SAME_AS
144565008	167328007	SAME_AS
144570001	167333006	SAME_AS
144574005	167337007	SAME_AS
144575006	167338002	SAME_AS
144579000	167342004	SAME_AS
144580002	167343009	SAME_AS
144581003	167344003	SAME_AS
144582005	167345002	SAME_AS
144583000	167346001	SAME_AS
144584006	167347005	SAME_AS
144585007	365688004	REPLACED_BY
144588009	271349002	SAME_AS
144596004	365683008	REPLACED_BY
144599006	167365009	SAME_AS
144600009	167366005	SAME_AS
144601008	167367001	SAME_AS
144602001	365696009	REPLACED_BY
144605004	167371003	SAME_AS
144606003	167372005	SAME_AS
144607007	167373000	SAME_AS
144653000	167426005	SAME_AS
144675003	167450007	SAME_AS
144676002	167451006	SAME_AS
144684003	167458000	SAME_AS
144687005	315333006	SAME_AS
144740008	24942001	SAME_AS
144752001	1279952006	REPLACED_BY
144763003	102848005	SAME_AS
144794003	167569004	SAME_AS
144795002	167570003	SAME_AS
144796001	167571004	SAME_AS
144797005	167572006	SAME_AS
144798000	167573001	SAME_AS
144799008	167574007	SAME_AS
144801006	167576009	SAME_AS
144805002	366282004	REPLACED_BY
144807005	312975006	SAME_AS
144811004	314137006	SAME_AS
144819002	167594003	SAME_AS
144822000	271840007	SAME_AS
144826002	167601005	SAME_AS
144827006	167602003	SAME_AS
144831000	267056008	SAME_AS
144832007	167607009	SAME_AS
144833002	167608004	SAME_AS
144835009	167609007	SAME_AS
144836005	35064005	SAME_AS
144841002	27731006	SAME_AS
144842009	398032003	SAME_AS
144843004	398212009	SAME_AS
144844005	75295004	SAME_AS
144845006	424278001	SAME_AS
144849000	167623009	SAME_AS
144850000	167624003	SAME_AS
144852008	249625002	SAME_AS
144855005	271864008	SAME_AS
144857002	276391004	SAME_AS
144858007	167632006	SAME_AS
144859004	271865009	SAME_AS
144860009	167634007	SAME_AS
144861008	167635008	SAME_AS
144862001	249625002	REPLACED_BY
144866003	167640000	SAME_AS
144867007	167641001	SAME_AS
144868002	167642008	SAME_AS
144869005	167643003	SAME_AS
144870006	167644009	SAME_AS
144875001	167649004	SAME_AS
144877009	167651000	SAME_AS
144879007	167653002	SAME_AS
144881009	167655009	SAME_AS
144883007	365797009	SAME_AS
144893000	389076003	REPLACED_BY
144894006	59614000	REPLACED_BY
144898009	789175008	SAME_AS
144899001	789176009	SAME_AS
144903008	167678003	SAME_AS
144908004	167683006	SAME_AS
144909007	167684000	SAME_AS
144910002	167685004	SAME_AS
144911003	167686003	SAME_AS
144912005	167687007	SAME_AS
144913000	167688002	SAME_AS
144914006	167689005	SAME_AS
144915007	167690001	SAME_AS
144926001	167701000	SAME_AS
144929008	167704008	SAME_AS
144933001	167708006	SAME_AS
144934007	167709003	SAME_AS
144936009	167710008	SAME_AS
144940000	167713005	SAME_AS
144941001	167714004	SAME_AS
144945005	167718001	SAME_AS
144946006	167719009	SAME_AS
144947002	167720003	SAME_AS
144948007	167721004	SAME_AS
144952007	167725008	SAME_AS
144955009	167728005	SAME_AS
144957001	167730007	SAME_AS
144967006	167740005	SAME_AS
144968001	167741009	SAME_AS
144971009	167744001	SAME_AS
144972002	167745000	SAME_AS
144973007	167746004	SAME_AS
144977008	167750006	SAME_AS
144978003	167751005	SAME_AS
144982001	167755001	SAME_AS
144990001	167762005	SAME_AS
144991002	167764006	SAME_AS
144992009	167765007	SAME_AS
144993004	167766008	SAME_AS
144994005	167767004	SAME_AS
144999000	167772008	SAME_AS
145000000	167773003	SAME_AS
145001001	167774009	SAME_AS
145005005	167778007	SAME_AS
145006006	167779004	SAME_AS
145007002	167780001	SAME_AS
145008007	48188009	SAME_AS
145010009	365426007	REPLACED_BY
145013006	167786007	SAME_AS
145014000	167787003	SAME_AS
145015004	167788008	SAME_AS
145016003	167789000	SAME_AS
145022007	167795004	SAME_AS
145023002	167796003	SAME_AS
145029003	274735009	REPLACED_BY
145037006	315220002	SAME_AS
145038001	315221003	SAME_AS
145039009	315222005	SAME_AS
145052004	167824001	SAME_AS
145056001	167828003	SAME_AS
145057005	300361008	SAME_AS
145058000	300364000	SAME_AS
145061004	167833004	SAME_AS
145063001	167835006	SAME_AS
145066009	365660005	REPLACED_BY
145069002	167841004	SAME_AS
145070001	167842006	SAME_AS
145071002	365671006	REPLACED_BY
145074005	167846009	SAME_AS
145075006	167847000	SAME_AS
145076007	365442000	REPLACED_BY
145078008	167850002	SAME_AS
145079000	167851003	SAME_AS
145080002	167850002	REPLACED_BY
145091009	167863008	SAME_AS
145108005	167881006	SAME_AS
145109002	167882004	SAME_AS
145110007	269909003	SAME_AS
145111006	167884003	SAME_AS
145115002	167888000	SAME_AS
145116001	167889008	SAME_AS
145120002	167893002	SAME_AS
145121003	167893002	REPLACED_BY
145124006	167897001	SAME_AS
145126008	167899003	SAME_AS
145128009	167901007	SAME_AS
145129001	167902000	SAME_AS
145130006	167903005	SAME_AS
145131005	167904004	SAME_AS
145132003	167899003	REPLACED_BY
145139007	167911000	SAME_AS
145148002	167920009	SAME_AS
145149005	167921008	SAME_AS
145150005	167922001	SAME_AS
145151009	167923006	SAME_AS
145152002	365835008	REPLACED_BY
145155000	70918005	REPLACED_BY
145156004	167928002	SAME_AS
145157008	167929005	SAME_AS
145158003	365834007	REPLACED_BY
145161002	167933003	SAME_AS
145162009	167934009	SAME_AS
145163004	167935005	SAME_AS
145167003	167939004	SAME_AS
145168008	167940002	SAME_AS
145169000	167941003	SAME_AS
145170004	365838005	REPLACED_BY
145176005	167948009	SAME_AS
145180000	167952009	SAME_AS
145181001	167953004	SAME_AS
145182008	167954005	SAME_AS
145186006	167958008	SAME_AS
145187002	167959000	SAME_AS
145191007	167963007	SAME_AS
145192000	167964001	SAME_AS
145196002	167969006	SAME_AS
145197006	167970007	SAME_AS
145198001	167971006	SAME_AS
145199009	167972004	SAME_AS
145200007	167973009	SAME_AS
145202004	167975002	SAME_AS
145204003	167977005	SAME_AS
145205002	167975002	REPLACED_BY
145213001	167986000	SAME_AS
145218005	167991004	SAME_AS
145219002	8955008	SAME_AS
145220008	270031000	SAME_AS
145222000	43516009	SAME_AS
145226002	167997000	SAME_AS
145227006	167998005	SAME_AS
145228001	167999002	SAME_AS
145241002	168011000	SAME_AS
145245006	168015009	SAME_AS
145246007	168016005	SAME_AS
145247003	168017001	SAME_AS
145251001	168021008	SAME_AS
145252008	168022001	SAME_AS
145253003	168023006	SAME_AS
145258007	168028002	SAME_AS
145259004	365830003	REPLACED_BY
145302001	168072004	SAME_AS
145303006	168073009	SAME_AS
145304000	168074003	SAME_AS
145305004	168075002	SAME_AS
145306003	168076001	SAME_AS
145307007	168077005	SAME_AS
145308002	168078000	SAME_AS
145309005	168079008	SAME_AS
145321009	249134008	SAME_AS
145322002	168092006	SAME_AS
145326004	168096009	SAME_AS
145331002	168101009	SAME_AS
145340003	168109006	SAME_AS
145343001	441849003	SAME_AS
145348005	168117003	SAME_AS
145349002	168118008	SAME_AS
145354006	168123008	SAME_AS
145356008	168125001	SAME_AS
145402002	168173006	SAME_AS
145404001	168175004	SAME_AS
145417003	168188001	SAME_AS
145419000	168190000	SAME_AS
145427009	168197002	SAME_AS
145429007	168201002	SAME_AS
145430002	168202009	SAME_AS
145434006	168208008	SAME_AS
145443002	168216004	SAME_AS
145457000	270892009	SAME_AS
145460007	365690003	REPLACED_BY
145484004	168258001	SAME_AS
145485003	168260004	SAME_AS
145486002	168261000	SAME_AS
145487006	168262007	SAME_AS
145488001	365703004	REPLACED_BY
145495005	168271003	SAME_AS
145498007	168276008	SAME_AS
145510004	168288005	SAME_AS
145514008	269943007	SAME_AS
145515009	269944001	SAME_AS
145516005	269945000	SAME_AS
145518006	168302007	SAME_AS
145519003	269942002	REPLACED_BY
145521008	168305009	SAME_AS
145524000	168308006	SAME_AS
145526003	168310008	SAME_AS
145552009	168352003	SAME_AS
145554005	168354002	SAME_AS
145556007	168358004	SAME_AS
145557003	269950006	REPLACED_BY
145558008	168123008	REPLACED_BY
145568003	168123008	REPLACED_BY
145570007	168378007	SAME_AS
145574003	168382009	SAME_AS
145577005	168385006	SAME_AS
145579008	312210001	SAME_AS
145590003	309198006	SAME_AS
145594007	168402006	SAME_AS
145598005	168406009	SAME_AS
145599002	168407000	SAME_AS
145600004	168408005	SAME_AS
145602007	168410007	SAME_AS
145604008	50110003	SAME_AS
145607001	168414003	SAME_AS
145609003	168416001	SAME_AS
145610008	168417005	SAME_AS
145611007	168418000	SAME_AS
145614004	168421003	SAME_AS
145615003	168422005	SAME_AS
145616002	168423000	SAME_AS
145617006	168424006	SAME_AS
145618001	310841002	SAME_AS
145619009	310842009	SAME_AS
145620003	168414003	REPLACED_BY
145621004	168428009	SAME_AS
145632004	168428009	REPLACED_BY
145636001	168443006	SAME_AS
145641009	168448002	SAME_AS
145647008	168453007	SAME_AS
145649006	168455000	SAME_AS
145652003	168458003	SAME_AS
145663000	168470004	SAME_AS
145664006	168471000	SAME_AS
145665007	168472007	SAME_AS
145670000	168477001	SAME_AS
145671001	310437009	SAME_AS
145673003	310439007	SAME_AS
145674009	310440009	SAME_AS
145675005	250440009	SAME_AS
145688008	168539009	REPLACED_BY
145689000	1295421002	REPLACED_BY
145690009	1295423004	REPLACED_BY
145692001	1295418004	REPLACED_BY
145694000	168501001	SAME_AS
145724003	168531007	SAME_AS
145725002	168532000	SAME_AS
145726001	168533005	SAME_AS
145727005	168534004	SAME_AS
145728000	443912003	REPLACED_BY
145732006	168539009	SAME_AS
145735008	168542003	SAME_AS
145739002	168546000	SAME_AS
145747002	168551006	SAME_AS
145752007	168556001	SAME_AS
145766002	168572009	SAME_AS
145778003	1295212001	REPLACED_BY
145787007	168604000	SAME_AS
145789005	1290937002	REPLACED_BY
145797003	1290590007	REPLACED_BY
145811009	168640003	SAME_AS
145836003	168688000	SAME_AS
145846001	1295435000	REPLACED_BY
145850008	168704006	SAME_AS
145857006	1290424008	REPLACED_BY
145861000	1306637009	REPLACED_BY
145867001	168721002	SAME_AS
145873000	1290824001	REPLACED_BY
145879001	1295419007	REPLACED_BY
145880003	1290959000	REPLACED_BY
145881004	1290960005	REPLACED_BY
145885008	168738003	SAME_AS
145897009	168750009	SAME_AS
145904006	168757007	SAME_AS
14592006	42357009	REPLACED_BY
145924005	168777000	SAME_AS
145944004	1339044001	REPLACED_BY
145951008	168797005	SAME_AS
145962008	1366551006	REPLACED_BY
145964009	168808000	SAME_AS
145980004	168824004	SAME_AS
145985009	168829009	SAME_AS
145990007	168834008	SAME_AS
145995002	168840001	SAME_AS
146007008	168852008	SAME_AS
146017003	168857002	SAME_AS
146028004	1295425006	REPLACED_BY
146030002	1295501000	REPLACED_BY
146048006	1343407001	REPLACED_BY
146055008	1343410008	REPLACED_BY
14608006	206292002	SAME_AS
146082000	168911003	SAME_AS
146087006	168916008	SAME_AS
1461000119109	1254973007	REPLACED_BY
146104003	168929008	SAME_AS
146116009	168933001	SAME_AS
146118005	168935008	SAME_AS
146124004	168937000	SAME_AS
146126002	168939002	SAME_AS
146138006	168943003	SAME_AS
146145006	168948007	SAME_AS
146158007	168953002	SAME_AS
146166003	168957001	SAME_AS
146170006	168961007	SAME_AS
146177009	168966002	SAME_AS
146203001	1336191007	REPLACED_BY
146212004	313197001	SAME_AS
14624007	22220005	SAME_AS
146250005	169030006	SAME_AS
146261002	169043006	SAME_AS
146272007	168542003	REPLACED_BY
146284009	129679001	SAME_AS
146301002	169083003	SAME_AS
146323003	1295404006	REPLACED_BY
14641009	210457009	REPLACED_BY
146440006	169222003	SAME_AS
146451006	370383002	SAME_AS
146452004	370382007	SAME_AS
146453009	370381000	SAME_AS
146473004	169255008	SAME_AS
146481003	169261006	SAME_AS
14649006	125645008	REPLACED_BY
146512003	313196005	SAME_AS
146687007	169449001	SAME_AS
146691002	737288007	REPLACED_BY
146692009	243819008	REPLACED_BY
146693004	243820002	REPLACED_BY
146696007	169458008	SAME_AS
146697003	169459000	SAME_AS
146698008	169460005	SAME_AS
146699000	169461009	SAME_AS
146700004	169462002	SAME_AS
146701000	169463007	SAME_AS
146704008	169468003	SAME_AS
146705009	169469006	SAME_AS
146706005	169470007	SAME_AS
146707001	169471006	SAME_AS
146708006	789537001	REPLACED_BY
146709003	268459005	SAME_AS
146712000	312081001	SAME_AS
146713005	169477005	SAME_AS
146714004	105011000119105	SAME_AS
146715003	169479008	SAME_AS
146716002	169480006	SAME_AS
146717006	169481005	SAME_AS
146718001	169482003	SAME_AS
146719009	169483008	SAME_AS
146720003	169484002	SAME_AS
146721004	169485001	SAME_AS
146723001	169487009	SAME_AS
146724007	169488004	SAME_AS
146725008	169489007	SAME_AS
146726009	169490003	SAME_AS
146729002	169496009	SAME_AS
146730007	169497000	SAME_AS
146731006	169498005	SAME_AS
146732004	169499002	SAME_AS
146733009	169500006	SAME_AS
146734003	169501005	SAME_AS
146735002	243819008	REPLACED_BY
146737005	169505001	SAME_AS
146738000	169506000	SAME_AS
146739008	169507009	SAME_AS
146740005	169508004	SAME_AS
146744001	169511003	SAME_AS
146745000	243821003	REPLACED_BY
146746004	169513000	SAME_AS
146749006	169516008	SAME_AS
146750006	243825007	REPLACED_BY
146751005	268464009	SAME_AS
146754002	169520007	SAME_AS
146755001	169521006	SAME_AS
146756000	169522004	SAME_AS
146757009	169523009	SAME_AS
146758004	169524003	SAME_AS
146759007	243822005	REPLACED_BY
146760002	268466006	SAME_AS
146762005	169530003	SAME_AS
146763000	169531004	SAME_AS
146764006	169532006	SAME_AS
146765007	169533001	SAME_AS
146767004	84065002	SAME_AS
146768009	169535008	SAME_AS
146769001	169536009	SAME_AS
146770000	169537000	SAME_AS
146771001	169538005	SAME_AS
146772008	169539002	SAME_AS
146773003	243824006	REPLACED_BY
146776006	169516008	SAME_AS
146777002	169544009	SAME_AS
146778007	169545005	SAME_AS
146779004	243825007	REPLACED_BY
146781002	169548007	SAME_AS
146783004	169550004	SAME_AS
146784005	169551000	SAME_AS
146786007	169556005	SAME_AS
146787003	268463003	SAME_AS
146790009	77386006	SAME_AS
146791008	169560008	SAME_AS
146792001	169561007	SAME_AS
146793006	169562000	SAME_AS
146794000	169563005	SAME_AS
146795004	169564004	SAME_AS
146796003	169565003	SAME_AS
146797007	169566002	SAME_AS
146798002	169567006	SAME_AS
146800009	169568001	SAME_AS
146801008	169569009	SAME_AS
146802001	77386006	REPLACED_BY
146809005	169578003	SAME_AS
146811001	102878001	REPLACED_BY
146812008	169581008	SAME_AS
146813003	169582001	SAME_AS
146814009	169583006	SAME_AS
146815005	169584000	SAME_AS
146816006	169585004	SAME_AS
146817002	169578003	REPLACED_BY
146818007	169587007	SAME_AS
146819004	169588002	SAME_AS
146820005	169589005	SAME_AS
146821009	169587007	REPLACED_BY
146822002	169591002	SAME_AS
146823007	169592009	SAME_AS
146824001	169593004	SAME_AS
146825000	169594005	SAME_AS
146826004	169595006	SAME_AS
146827008	169591002	REPLACED_BY
146828003	169597003	SAME_AS
146829006	169598008	SAME_AS
146830001	276445008	REPLACED_BY
146834005	169604006	SAME_AS
146835006	169605007	SAME_AS
146836007	276445008	REPLACED_BY
146837003	169607004	SAME_AS
146839000	169609001	SAME_AS
146840003	169607004	SAME_AS
146841004	169611005	SAME_AS
146842006	169607004	REPLACED_BY
146843001	169613008	SAME_AS
146844007	169614002	SAME_AS
146845008	169615001	SAME_AS
146846009	169616000	SAME_AS
146847000	310248000	SAME_AS
146848005	169613008	REPLACED_BY
146850002	169620001	SAME_AS
146851003	169621002	SAME_AS
146856008	169625006	SAME_AS
146863008	169632002	SAME_AS
146866000	169635000	SAME_AS
146868004	169637008	SAME_AS
146869007	169638003	SAME_AS
146870008	169632002	REPLACED_BY
146877006	169646002	SAME_AS
146880007	169649009	SAME_AS
146881006	169650009	SAME_AS
146882004	169651008	SAME_AS
146884003	169653006	SAME_AS
146888000	169657007	SAME_AS
146891000	169660000	SAME_AS
146892007	169661001	SAME_AS
146893002	169662008	SAME_AS
146896005	169665005	SAME_AS
146898006	169667002	SAME_AS
146917001	169686005	SAME_AS
146918006	169687001	SAME_AS
146919003	169688006	SAME_AS
146924000	169693009	SAME_AS
146925004	169694003	SAME_AS
146926003	169695002	SAME_AS
146927007	169696001	SAME_AS
146930000	169699008	SAME_AS
146934009	169704000	SAME_AS
146935005	169705004	SAME_AS
146938007	169708002	SAME_AS
146939004	169709005	SAME_AS
146965000	169733004	SAME_AS
146966004	169734005	REPLACED_BY
146967008	268471004	SAME_AS
146968003	90968009	SAME_AS
146969006	90968009	SAME_AS
146984002	240301009	SAME_AS
146986000	169754006	SAME_AS
146988004	169756008	SAME_AS
146990003	169758009	SAME_AS
146992006	243833008	REPLACED_BY
147001	876815007	REPLACED_BY
147004008	169773005	SAME_AS
147005009	169774004	SAME_AS
147006005	169775003	SAME_AS
147011007	444020006	SAME_AS
147013005	444136005	SAME_AS
147016002	58703003	SAME_AS
147023001	169793002	SAME_AS
147024007	169794008	SAME_AS
147025008	169795009	SAME_AS
147026009	169796005	SAME_AS
147027000	169797001	SAME_AS
147029002	310580002	SAME_AS
147031006	310585007	SAME_AS
147032004	310586008	SAME_AS
147035002	313178001	SAME_AS
147036001	313179009	SAME_AS
147037005	313180007	SAME_AS
147038000	46230007	SAME_AS
147042002	169813005	SAME_AS
147043007	169814004	SAME_AS
147044001	169815003	SAME_AS
147046004	169817006	SAME_AS
147047008	169818001	SAME_AS
147057009	169826009	SAME_AS
147058004	169827000	SAME_AS
147059007	169828005	SAME_AS
147060002	169829002	SAME_AS
147061003	169830007	SAME_AS
147062005	169831006	SAME_AS
147063000	169832004	SAME_AS
147064006	169833009	SAME_AS
147065007	169834003	SAME_AS
147067004	3950001	SAME_AS
147083004	57891003	SAME_AS
147084005	16207008	SAME_AS
147087003	1268668007	REPLACED_BY
147088008	1268666006	REPLACED_BY
147089000	1268667002	REPLACED_BY
147090009	310530008	SAME_AS
147093006	169860002	SAME_AS
147099005	169866008	SAME_AS
147100002	169867004	SAME_AS
1471000119103	1348210008	REPLACED_BY
147101003	169868009	SAME_AS
147102005	310491007	SAME_AS
147103000	310492000	SAME_AS
147104006	310493005	SAME_AS
147105007	310494004	SAME_AS
147106008	310538001	SAME_AS
147169004	169936002	SAME_AS
147170003	169937006	SAME_AS
147174007	442080007	REPLACED_BY
147175008	789612004	REPLACED_BY
147176009	169943008	SAME_AS
147177000	169944002	SAME_AS
147180004	169947009	SAME_AS
147181000	169948004	SAME_AS
147183002	169950007	SAME_AS
147189003	268585006	SAME_AS
147193009	169960003	SAME_AS
147194003	84457005	SAME_AS
147195002	169963001	SAME_AS
14721006	34801009	REPLACED_BY
147330000	302088004	REPLACED_BY
147332008	170100005	SAME_AS
147334009	170103007	SAME_AS
147335005	170104001	SAME_AS
147336006	170105000	SAME_AS
147339004	170108003	SAME_AS
147341003	170110001	SAME_AS
147342005	170111002	SAME_AS
147343000	170112009	SAME_AS
147347004	170116007	SAME_AS
147349001	170118008	SAME_AS
147350001	170119000	SAME_AS
147351002	170120006	SAME_AS
147352009	170121005	SAME_AS
147356007	170125001	SAME_AS
147358008	170127009	SAME_AS
147360005	170128004	SAME_AS
147361009	170129007	SAME_AS
147362002	170130002	SAME_AS
147366004	170134006	SAME_AS
147368003	170136008	SAME_AS
147369006	170137004	SAME_AS
147370007	170138009	SAME_AS
147371000119101	721603005	SAME_AS
147371006	170139001	SAME_AS
147375002	170143002	SAME_AS
147377005	170145009	SAME_AS
147378000	170146005	SAME_AS
147379008	170147001	SAME_AS
147380006	170148006	SAME_AS
147384002	170152006	SAME_AS
147386000	170154007	SAME_AS
147387009	170155008	SAME_AS
147388004	170156009	SAME_AS
147389007	170157000	SAME_AS
147393001	170161006	SAME_AS
147395008	170163009	SAME_AS
147396009	170164003	SAME_AS
147397000	170165002	SAME_AS
147398005	170166001	SAME_AS
147402001	170170009	SAME_AS
147404000	170172001	SAME_AS
147405004	170173006	SAME_AS
147406003	170174000	SAME_AS
147407007	170175004	SAME_AS
147411001	170179005	SAME_AS
147413003	170181007	SAME_AS
147414009	170182000	SAME_AS
147415005	170183005	SAME_AS
147416006	170184004	SAME_AS
147457004	170226006	SAME_AS
147458009	170227002	SAME_AS
147463008	170231008	SAME_AS
147488000	170256002	SAME_AS
147490004	170258001	SAME_AS
147491000	170259009	SAME_AS
147492007	170260004	SAME_AS
147493002	170261000	SAME_AS
147497001	170265009	SAME_AS
147499003	170267001	SAME_AS
147500007	170268006	SAME_AS
147501006	170269003	SAME_AS
147502004	170270002	SAME_AS
147506001	170274006	SAME_AS
147508000	170276008	SAME_AS
147509008	170277004	SAME_AS
147510003	170278009	SAME_AS
147511004	170279001	SAME_AS
147515008	170283001	SAME_AS
147517000	170285008	SAME_AS
147518005	170286009	SAME_AS
147519002	170287000	SAME_AS
147520008	170288005	SAME_AS
147524004	170292003	SAME_AS
147526002	170294002	SAME_AS
147527006	170295001	SAME_AS
147528001	170296000	SAME_AS
147529009	170297009	SAME_AS
147534008	170302007	SAME_AS
147536005	170305009	SAME_AS
147537001	170306005	SAME_AS
147538006	170307001	SAME_AS
147539003	170308006	SAME_AS
147600003	170358004	SAME_AS
147601004	170359007	SAME_AS
147679003	170428009	SAME_AS
147680000	170429001	SAME_AS
147681001	170430006	SAME_AS
147708003	268504008	SAME_AS
147711002	1222880007	REPLACED_BY
147713004	170461002	SAME_AS
147715006	444071008	REPLACED_BY
147727009	1296883003	REPLACED_BY
147728004	170475009	SAME_AS
147733000	150781000119103	REPLACED_BY
147734006	444071008	REPLACED_BY
147735007	66598005	SAME_AS
147736008	170483003	SAME_AS
147737004	170484009	SAME_AS
147738009	170485005	SAME_AS
147739001	170486006	SAME_AS
147740004	170487002	SAME_AS
147741000	170488007	SAME_AS
147742007	170489004	SAME_AS
147743002	170490008	SAME_AS
147744008	15927341000119106	REPLACED_BY
147745009	699433000	SAME_AS
147746005	170493005	SAME_AS
147747001	170494004	SAME_AS
147748006	170495003	SAME_AS
147749003	66598005	REPLACED_BY
147790000	723620004	REPLACED_BY
147791001	170537006	SAME_AS
147792008	170538001	SAME_AS
147793003	170539009	SAME_AS
147794009	170540006	SAME_AS
147795005	170541005	SAME_AS
147796006	170542003	SAME_AS
147797002	170543008	SAME_AS
147798007	170544002	SAME_AS
147799004	170545001	SAME_AS
147800000	170546000	SAME_AS
147801001	170547009	SAME_AS
147805005	170551006	SAME_AS
147808007	170554003	SAME_AS
147809004	170555002	SAME_AS
147810009	170556001	SAME_AS
147813006	170559008	SAME_AS
147814000	170560003	SAME_AS
147815004	170561004	SAME_AS
147817007	170563001	SAME_AS
147818002	170564007	SAME_AS
147819005	170565008	SAME_AS
147820004	170566009	SAME_AS
147821000	170567000	SAME_AS
147822007	170568005	SAME_AS
147829003	170575006	SAME_AS
147830008	170576007	SAME_AS
147831007	170577003	SAME_AS
147832000	170578008	SAME_AS
147833005	170579000	SAME_AS
147834004	170580002	SAME_AS
147837006	268510008	SAME_AS
147838001	170585007	SAME_AS
147840006	170587004	SAME_AS
147841005	170588009	SAME_AS
147844002	170593007	SAME_AS
147857005	170611001	SAME_AS
147858000	170612008	SAME_AS
147860003	170614009	SAME_AS
147863001	170617002	SAME_AS
147865008	170618007	SAME_AS
147866009	170619004	SAME_AS
147867000	170620005	SAME_AS
147868005	170621009	SAME_AS
147869002	170622002	SAME_AS
147870001	170624001	SAME_AS
147871002	170625000	SAME_AS
147872009	170626004	SAME_AS
147873004	170627008	SAME_AS
147874005	170628003	SAME_AS
147875006	170629006	SAME_AS
147876007	274411003	SAME_AS
147877003	170631002	SAME_AS
147878008	170635006	SAME_AS
147879000	170637003	SAME_AS
147880002	170638008	SAME_AS
147882005	170640003	SAME_AS
147885007	170647000	SAME_AS
147890005	708410006	SAME_AS
147892002	708358003	SAME_AS
147893007	170655007	SAME_AS
147894001	170658009	SAME_AS
147895000	170659001	SAME_AS
147896004	312454005	SAME_AS
147897008	312453004	SAME_AS
147899006	313149002	SAME_AS
147903004	170671007	SAME_AS
147904005	170672000	SAME_AS
147905006	170673005	SAME_AS
147906007	170674004	SAME_AS
147907003	170675003	SAME_AS
147914001	170681006	SAME_AS
147917008	170685002	SAME_AS
147918003	170686001	SAME_AS
147919006	170687005	SAME_AS
147920000	170688000	SAME_AS
147921001	170689008	SAME_AS
147928007	170696005	SAME_AS
147929004	170697001	SAME_AS
147930009	170698006	SAME_AS
147931008	170699003	SAME_AS
147932001	170700002	SAME_AS
14794005	191384005	SAME_AS
147941006	170709001	SAME_AS
147942004	170710006	SAME_AS
147943009	170711005	SAME_AS
147944003	170712003	SAME_AS
147945002	84757009	REPLACED_BY
147946001	314827004	SAME_AS
147947005	314828009	SAME_AS
147952000	170721002	SAME_AS
147953005	170722009	SAME_AS
147954004	170723004	SAME_AS
147955003	170724005	SAME_AS
147956002	170725006	SAME_AS
147958001	170727003	SAME_AS
147959009	45089002	SAME_AS
147960004	170728008	SAME_AS
147966005	170733007	SAME_AS
147967001	170734001	SAME_AS
147970002	170737008	SAME_AS
147971003	170738003	SAME_AS
147972005	170739006	SAME_AS
147978009	170745003	SAME_AS
147979001	170746002	SAME_AS
147980003	170747006	SAME_AS
147981004	170748001	SAME_AS
147983001	170752001	SAME_AS
147984007	170753006	SAME_AS
147985008	268517006	SAME_AS
147986009	170755004	SAME_AS
147987000	170756003	SAME_AS
147991005	170760000	SAME_AS
147992003	170761001	SAME_AS
147993008	170763003	SAME_AS
147997009	170771004	SAME_AS
148000001	170774007	SAME_AS
148001002	170775008	SAME_AS
148009000	170783002	SAME_AS
148010005	276177000	SAME_AS
148011009	170786005	SAME_AS
148012002	170787001	SAME_AS
148014001	170789003	SAME_AS
148015000	268520003	SAME_AS
148021001	170796001	SAME_AS
148022008	170797005	SAME_AS
148023003	170798000	SAME_AS
148024009	170799008	SAME_AS
148025005	170800007	SAME_AS
148028007	170803009	SAME_AS
148030009	170805002	SAME_AS
148031008	170806001	SAME_AS
148032001	170807005	SAME_AS
148037007	707132006	REPLACED_BY
148040007	170815008	SAME_AS
148041006	170816009	SAME_AS
148046001	170821007	SAME_AS
148047005	170822000	SAME_AS
148048000	170823005	SAME_AS
148049008	170824004	SAME_AS
148051007	170826002	SAME_AS
148056002	170831000	SAME_AS
148057006	170832007	SAME_AS
148058001	170833002	SAME_AS
148059009	170834008	SAME_AS
148064008	170839003	SAME_AS
148065009	170840001	SAME_AS
148067001	170841002	SAME_AS
148068006	170842009	SAME_AS
148069003	170843004	SAME_AS
148074006	170848008	SAME_AS
148075007	170849000	SAME_AS
148076008	170850000	SAME_AS
148077004	170851001	SAME_AS
148078009	170853003	SAME_AS
148079001	170854009	SAME_AS
148084007	170859004	SAME_AS
148085008	170860009	SAME_AS
148086009	170861008	SAME_AS
148087000	170862001	SAME_AS
148088005	170863006	SAME_AS
148093008	170868002	SAME_AS
148094002	170869005	SAME_AS
148095001	170870006	SAME_AS
148096000	170871005	SAME_AS
148097009	170872003	SAME_AS
148102007	170877009	SAME_AS
148103002	170878004	SAME_AS
148104008	170880005	SAME_AS
148105009	170881009	SAME_AS
148106005	170882002	SAME_AS
148113005	170890002	SAME_AS
148114004	170891003	SAME_AS
148115003	170892005	SAME_AS
148116002	170893000	SAME_AS
148117006	170894006	SAME_AS
148125008	170902003	SAME_AS
148126009	170903008	SAME_AS
148127000	170904002	SAME_AS
148132004	170909007	SAME_AS
148133009	170910002	SAME_AS
148134003	170911003	SAME_AS
148135002	170912005	SAME_AS
148140005	170917004	SAME_AS
148141009	170918009	SAME_AS
148142002	170919001	SAME_AS
148143007	170920007	SAME_AS
148148003	170925002	SAME_AS
148149006	170926001	SAME_AS
148151005	170928000	SAME_AS
148152003	170929008	SAME_AS
148153008	170930003	SAME_AS
148155001	170932006	SAME_AS
148156000	268528005	SAME_AS
148157009	268529002	SAME_AS
148158004	170935008	SAME_AS
148159007	170936009	SAME_AS
148160002	170937000	SAME_AS
148162005	170939002	SAME_AS
148163000	170940000	SAME_AS
148164006	170941001	SAME_AS
148165007	170932006	REPLACED_BY
148166008	170932006	REPLACED_BY
148168009	170932006	REPLACED_BY
148175005	21801002	SAME_AS
148178007	170954008	SAME_AS
148179004	170955009	SAME_AS
148180001	170956005	SAME_AS
148181002	170957001	SAME_AS
148182009	170958006	SAME_AS
148183004	170959003	SAME_AS
148184005	170960008	SAME_AS
148202000	170978003	SAME_AS
148204004	268532004	REPLACED_BY
148205003	170982001	SAME_AS
148206002	170983006	SAME_AS
148208001	170985004	SAME_AS
148209009	170986003	SAME_AS
148210004	170987007	SAME_AS
148211000	170988002	SAME_AS
148212007	170985004	REPLACED_BY
148213002	268532004	SAME_AS
148214008	170992009	SAME_AS
148215009	170993004	SAME_AS
148217001	170995006	SAME_AS
148218006	170996007	SAME_AS
148219003	170997003	SAME_AS
148220009	170998008	SAME_AS
148221008	268532004	REPLACED_BY
148249001	171024009	SAME_AS
148250001	47461006	SAME_AS
148258008	171035004	SAME_AS
148326000	171103002	SAME_AS
148327009	171104008	SAME_AS
148328004	171105009	SAME_AS
148333000	712875004	SAME_AS
148334006	171111007	SAME_AS
148335007	171112000	SAME_AS
14836003	403644004	SAME_AS
148373006	171152003	SAME_AS
148379005	1148678002	SAME_AS
148380008	171159007	SAME_AS
148382000	171161003	SAME_AS
148383005	171162005	SAME_AS
148385003	171164006	SAME_AS
148386002	171165007	SAME_AS
148387006	268544001	SAME_AS
148388001	171167004	SAME_AS
148389009	171168009	SAME_AS
148390000	171169001	SAME_AS
148391001	736595007	REPLACED_BY
148464004	171249001	SAME_AS
148466002	171251002	SAME_AS
148473007	171257003	SAME_AS
148475000	171259000	SAME_AS
148480009	171265000	SAME_AS
148481008	171266004	SAME_AS
148482001	171267008	SAME_AS
148483006	171268003	SAME_AS
148484000	171269006	SAME_AS
148485004	171270007	SAME_AS
148486003	171271006	SAME_AS
148487007	171272004	SAME_AS
148492009	171277005	SAME_AS
148493004	171278000	SAME_AS
148494005	171279008	SAME_AS
148495006	171280006	SAME_AS
148498008	171283008	SAME_AS
148499000	171284002	SAME_AS
148500009	171285001	SAME_AS
148501008	171286000	SAME_AS
148502001	4521000175102	SAME_AS
148503006	171288004	SAME_AS
148505004	171291004	SAME_AS
148506003	171292006	SAME_AS
148507007	171293001	SAME_AS
148509005	310839003	SAME_AS
148510000	310840001	SAME_AS
148511001	314768003	SAME_AS
148512008	314769006	SAME_AS
148514009	314936001	SAME_AS
148542006	712875004	REPLACED_BY
148552005	171338009	SAME_AS
148553000	171339001	SAME_AS
148555007	171341000	SAME_AS
148567009	171353001	SAME_AS
148697008	287201005	SAME_AS
148741002	287255009	SAME_AS
148746007	287253002	SAME_AS
148756006	274001002	SAME_AS
148759004	287260008	SAME_AS
148772003	287264004	SAME_AS
148815001	287238005	SAME_AS
148822009	287234007	SAME_AS
148826007	287231004	SAME_AS
14883001	268724009	REPLACED_BY
148908005	287414009	SAME_AS
148910007	287412008	SAME_AS
148917005	287408002	SAME_AS
148923000	265048009	SAME_AS
148928009	287403006	SAME_AS
148954001	287379008	SAME_AS
148955000	287378000	SAME_AS
14896000	95678007	REPLACED_BY
148973002	287385001	SAME_AS
148979003	287385001	REPLACED_BY
148983003	287388004	SAME_AS
149008004	287447000	SAME_AS
149009007	287446009	SAME_AS
149010002	287445008	SAME_AS
149030003	287455007	SAME_AS
149040000	287453000	SAME_AS
14904006	20610004	REPLACED_BY
149043003	307286004	SAME_AS
149061007	313322005	SAME_AS
149062000	313320002	SAME_AS
149072002	287418007	SAME_AS
149084000	313310007	SAME_AS
149101007	287436007	SAME_AS
149105003	287432009	SAME_AS
149130000	287299000	SAME_AS
149136006	287297003	SAME_AS
149137002	287304004	SAME_AS
149142005	313313009	SAME_AS
149143000	313313009	SAME_AS
149149001	313316001	SAME_AS
149165000	195137008	SAME_AS
149166004	287272002	SAME_AS
14918004	397752008	SAME_AS
149209003	287285004	SAME_AS
14936004	209956005	SAME_AS
14939006	210366009	SAME_AS
14940008	208901001	SAME_AS
149432001	287805005	SAME_AS
149441006	287799004	SAME_AS
149444003	287801001	SAME_AS
149456002	287860003	SAME_AS
149480003	287863001	SAME_AS
149519008	287845001	SAME_AS
149520002	287837006	SAME_AS
149545004	287998004	SAME_AS
149557008	287851006	SAME_AS
14965005	237261008	SAME_AS
14973001	473392002	SAME_AS
149756001	287746005	SAME_AS
149761004	287755008	SAME_AS
14988006	204508009	SAME_AS
149933004	287972005	SAME_AS
149934005	287971003	SAME_AS
149935006	287970002	SAME_AS
14995002	275342003	SAME_AS
149973005	1807002	SAME_AS
150015005	313317005	SAME_AS
150039000	287957006	SAME_AS
150093002	288054004	SAME_AS
150157001	287868005	SAME_AS
150158006	287885007	SAME_AS
150160008	287901002	SAME_AS
150162000	287900001	SAME_AS
150164004	287898003	SAME_AS
150167006	287896004	SAME_AS
150168001	287895000	SAME_AS
150170005	287894001	SAME_AS
150173007	287893007	SAME_AS
150174001	287892002	SAME_AS
150176004	288065009	SAME_AS
150178003	288066005	SAME_AS
150179006	287908008	SAME_AS
150182001	287910005	SAME_AS
150183006	301303004	SAME_AS
150189005	287915000	SAME_AS
150195006	287909000	SAME_AS
150201003	288068006	SAME_AS
150202005	288069003	SAME_AS
150203000	288070002	SAME_AS
150207004	288072005	SAME_AS
150218004	288073000	SAME_AS
150221002	288074006	SAME_AS
150222009	288076008	SAME_AS
150223004	288077004	SAME_AS
150227003	288080003	SAME_AS
150242000	264981000	SAME_AS
150245003	287886008	SAME_AS
15025004	397503006	REPLACED_BY
150256003	287752006	SAME_AS
150505006	266684008	SAME_AS
150510005	266765001	SAME_AS
150512002	274424003	SAME_AS
150518003	266768004	SAME_AS
150524009	182521000	SAME_AS
15060005	125662003	REPLACED_BY
150632005	287638004	SAME_AS
150633000	287637009	SAME_AS
150638009	274454008	SAME_AS
150639001	274455009	SAME_AS
15064001	876802003	REPLACED_BY
150643002	274459003	SAME_AS
150647001	178504005	SAME_AS
150885001	275659002	SAME_AS
150962001	17204006	SAME_AS
151041007	234083009	SAME_AS
151101001	182773001	SAME_AS
151152004	266708002	SAME_AS
151153009	182822000	SAME_AS
151156001	56718006	SAME_AS
151158000	182827006	SAME_AS
151160003	314872007	SAME_AS
151161004	1217105006	REPLACED_BY
151170001	182850000	SAME_AS
151172009	182877009	SAME_AS
151175006	182883007	SAME_AS
151177003	182886004	SAME_AS
151182005	1303428007	REPLACED_BY
151184006	182893000	SAME_AS
151185007	182894006	SAME_AS
151187004	430279008	SAME_AS
151188009	274512008	SAME_AS
151191009	314529007	SAME_AS
151192002	314530002	SAME_AS
151194001	314984005	SAME_AS
151200009	182918009	SAME_AS
151201008	182919001	SAME_AS
151202001	266714009	SAME_AS
151205004	10888001	SAME_AS
151206003	182924003	SAME_AS
151207007	182925002	SAME_AS
151208002	160671006	SAME_AS
151209005	182927005	SAME_AS
151234005	1222884003	REPLACED_BY
151235006	1222880007	REPLACED_BY
151264002	182986003	SAME_AS
151265001	182987007	SAME_AS
151266000	182988002	SAME_AS
151267009	266721009	SAME_AS
151269007	182991002	SAME_AS
151270008	182992009	SAME_AS
151271007	314705003	SAME_AS
151287005	313334002	SAME_AS
151330003	183039008	SAME_AS
151332006	1252710005	REPLACED_BY
151333001	183042002	SAME_AS
151334007	183043007	SAME_AS
151335008	183044001	SAME_AS
151336009	183045000	SAME_AS
151337000	183046004	SAME_AS
151338005	183039008	REPLACED_BY
151339002	183049006	SAME_AS
151340000	183050006	SAME_AS
151345005	183073003	SAME_AS
151348007	183076006	SAME_AS
151350004	183078007	SAME_AS
151352007	183081002	SAME_AS
151353002	183082009	SAME_AS
151354008	183083004	SAME_AS
151355009	183084005	SAME_AS
151356005	183085006	SAME_AS
151357001	310299007	SAME_AS
151358006	312445007	SAME_AS
151359003	312866008	SAME_AS
151360008	313184003	SAME_AS
151363005	183049006	REPLACED_BY
151364004	183093006	SAME_AS
151366002	183095004	SAME_AS
151367006	183096003	SAME_AS
151368001	183097007	SAME_AS
151369009	183098002	SAME_AS
151370005	183099005	SAME_AS
151371009	183100002	SAME_AS
151372002	183101003	SAME_AS
151373007	183102005	SAME_AS
151380009	313369000	SAME_AS
151433002	183209007	SAME_AS
151437001	183214006	SAME_AS
151441002	183218009	SAME_AS
151444005	309843003	SAME_AS
151445006	309844009	SAME_AS
151449000	309844009	REPLACED_BY
151552006	183332008	SAME_AS
151581007	183351002	SAME_AS
151582000	276068009	SAME_AS
151604005	105499002	SAME_AS
151605006	183370007	SAME_AS
151606007	183371006	SAME_AS
151607003	183372004	SAME_AS
151608008	183373009	SAME_AS
151609000	183374003	SAME_AS
151610005	183375002	SAME_AS
151612002	105499002	REPLACED_BY
151656002	183419004	SAME_AS
151761009	183525003	SAME_AS
151763007	183527006	SAME_AS
151770007	183534008	SAME_AS
151771006	183535009	SAME_AS
151772004	183536005	SAME_AS
151786000	183550000	SAME_AS
151789007	183553003	SAME_AS
151790003	183554009	SAME_AS
151802006	183566003	SAME_AS
151851009	183616001	SAME_AS
151852002	183617005	SAME_AS
151853007	183618000	SAME_AS
151854001	183619008	SAME_AS
151855000	183620002	SAME_AS
151856004	183621003	SAME_AS
151857008	183622005	SAME_AS
151858003	183623000	SAME_AS
151859006	183624006	SAME_AS
151860001	183625007	SAME_AS
151861002	183626008	SAME_AS
151862009	183627004	SAME_AS
151863004	183628009	SAME_AS
151864005	310341009	SAME_AS
151865006	183616001	REPLACED_BY
151866007	183631005	SAME_AS
151872007	183637009	SAME_AS
151873002	763079000	REPLACED_BY
151874008	266750002	REPLACED_BY
151876005	183641008	SAME_AS
151878006	183644000	SAME_AS
151881001	183650005	SAME_AS
151884009	183653007	SAME_AS
151886006	183655000	SAME_AS
151888007	313987006	SAME_AS
151906005	266751003	SAME_AS
151907001	183676005	SAME_AS
151939008	183709006	SAME_AS
151940005	183710001	SAME_AS
151941009	183711002	SAME_AS
151942002	183712009	SAME_AS
151943007	183713004	SAME_AS
151944001	183714005	SAME_AS
151945000	183715006	SAME_AS
151946004	183716007	SAME_AS
151947008	183717003	SAME_AS
151948003	183718008	SAME_AS
151949006	183719000	SAME_AS
151950006	183720006	SAME_AS
151951005	183721005	SAME_AS
151952003	183722003	SAME_AS
151953008	183708003	REPLACED_BY
151954002	183724002	SAME_AS
151955001	183725001	SAME_AS
151956000	183726000	SAME_AS
151957009	183727009	SAME_AS
151958004	183728004	SAME_AS
151959007	183729007	SAME_AS
151960002	183730002	SAME_AS
151961003	183731003	SAME_AS
151962005	183732005	SAME_AS
151963000	183733000	SAME_AS
151964006	183734006	SAME_AS
151965007	183708003	REPLACED_BY
151966008	183708003	REPLACED_BY
151967004	183737004	SAME_AS
151968009	183738009	SAME_AS
151969001	183739001	SAME_AS
151970000	183740004	SAME_AS
151971001	183741000	SAME_AS
151972008	183742007	SAME_AS
151973003	183743002	SAME_AS
151974009	183744008	SAME_AS
151975005	183745009	SAME_AS
151976006	183746005	SAME_AS
151977002	183747001	SAME_AS
151978007	183748006	SAME_AS
151979004	183749003	SAME_AS
151980001	183750003	SAME_AS
151981002	183751004	SAME_AS
151982009	183737004	REPLACED_BY
151983004	183753001	SAME_AS
151984005	183754007	SAME_AS
151985006	183755008	SAME_AS
151986007	183756009	SAME_AS
151987003	183757000	SAME_AS
151988008	183759002	SAME_AS
151989000	183760007	SAME_AS
151990009	183761006	SAME_AS
151991008	183762004	SAME_AS
151992001	183763009	SAME_AS
151993006	183764003	SAME_AS
151994000	183737004	REPLACED_BY
151995004	183737004	REPLACED_BY
15208008	209054005	SAME_AS
152152001	183924009	SAME_AS
152154000	266756008	SAME_AS
152155004	183928007	SAME_AS
152156003	183929004	SAME_AS
152157007	183930009	SAME_AS
152158002	266756008	REPLACED_BY
152159005	183932001	SAME_AS
152161001	183934000	SAME_AS
152163003	312451002	SAME_AS
152164009	315061006	SAME_AS
152165005	315062004	SAME_AS
152166006	315363002	SAME_AS
152167002	315364008	SAME_AS
152168007	315591006	SAME_AS
152169004	183932001	REPLACED_BY
152170003	1296859006	REPLACED_BY
152171004	183945002	SAME_AS
152172006	183946001	SAME_AS
152173001	1296859006	REPLACED_BY
152174007	183948000	SAME_AS
152175008	183949008	SAME_AS
152176009	315020006	SAME_AS
152177000	315021005	SAME_AS
152178005	315023008	SAME_AS
152179002	315022003	SAME_AS
152180004	1296859006	REPLACED_BY
152182007	413311005	SAME_AS
152183002	183957006	SAME_AS
152184008	183958001	SAME_AS
152185009	183959009	SAME_AS
152186005	183960004	SAME_AS
152188006	183962007	SAME_AS
152189003	413311005	SAME_AS
152196001	416237000	REPLACED_BY
152200006	183976008	SAME_AS
152201005	183977004	SAME_AS
152202003	183978009	SAME_AS
152203008	183979001	SAME_AS
152204002	183980003	SAME_AS
152205001	183981004	SAME_AS
152206000	183982006	SAME_AS
152207009	183983001	SAME_AS
152209007	183984007	SAME_AS
152210002	183985008	SAME_AS
152211003	183986009	SAME_AS
152212005	183987000	SAME_AS
152213000	183988005	SAME_AS
152214006	183989002	SAME_AS
152215007	183990006	SAME_AS
152216008	183991005	SAME_AS
152217004	183992003	SAME_AS
152218009	183993008	SAME_AS
152219001	183994002	SAME_AS
152220007	183995001	SAME_AS
152221006	183996000	SAME_AS
152222004	183997009	SAME_AS
152226001	184002001	SAME_AS
152229008	184005004	SAME_AS
152305003	184083009	SAME_AS
152310004	184087005	SAME_AS
152314008	184091000	SAME_AS
152315009	184092007	SAME_AS
152316005	184087005	REPLACED_BY
152371006	184148007	SAME_AS
152382003	184160008	SAME_AS
152383008	184161007	SAME_AS
152385001	184163005	SAME_AS
152457004	184236004	SAME_AS
152459001	184238003	SAME_AS
152461005	307895001	REPLACED_BY
15251007	359700009	SAME_AS
152515008	876879006	REPLACED_BY
152517000	876884000	REPLACED_BY
152519002	183676005	REPLACED_BY
152520008	876885004	REPLACED_BY
152522000	63238001	SAME_AS
152523005	184300000	SAME_AS
152524004	876882001	REPLACED_BY
152526002	270115005	SAME_AS
152561008	184339009	SAME_AS
152695003	1268934004	REPLACED_BY
152696002	1268934004	REPLACED_BY
15295001	271689000	REPLACED_BY
153056007	184842005	SAME_AS
153057003	184843000	SAME_AS
153097000	184883008	SAME_AS
153100005	310447007	REPLACED_BY
153114005	184900007	SAME_AS
153119000	308597002	REPLACED_BY
153122003	184908000	SAME_AS
153131003	308601002	REPLACED_BY
153133000	184920008	SAME_AS
153134006	184921007	SAME_AS
153144008	243883003	REPLACED_BY
153153001	184940001	SAME_AS
153184004	184971005	SAME_AS
153261000119109	81903006	REPLACED_BY
153301000	185095001	SAME_AS
153363000	185201007	REPLACED_BY
153364006	185262002	SAME_AS
153365007	185263007	SAME_AS
153366008	185264001	SAME_AS
153367004	185265000	SAME_AS
153368009	185266004	SAME_AS
153369001	185267008	SAME_AS
153370000	185268003	SAME_AS
153371001	185269006	SAME_AS
153372008	185270007	SAME_AS
153373003	185271006	SAME_AS
153374009	185272004	SAME_AS
153375005	185273009	SAME_AS
153376006	185274003	SAME_AS
153377002	185275002	SAME_AS
153378007	185276001	SAME_AS
153379004	185175005	SAME_AS
153380001	185176006	SAME_AS
153381002	185177002	SAME_AS
153382009	185178007	SAME_AS
153383004	185179004	SAME_AS
153384005	185180001	SAME_AS
153385006	185181002	SAME_AS
153386007	185182009	SAME_AS
153387003	185183004	SAME_AS
153388008	185184005	SAME_AS
153389000	185185006	SAME_AS
153390009	185186007	SAME_AS
153391008	185187003	SAME_AS
153392001	185188008	SAME_AS
153393006	185189000	SAME_AS
153394000	185190009	SAME_AS
153395004	185191008	SAME_AS
153396003	313103006	SAME_AS
153397007	313104000	SAME_AS
153398002	313151003	SAME_AS
153399005	313152005	SAME_AS
153400003	313375009	SAME_AS
153401004	314774003	SAME_AS
153402006	314803001	SAME_AS
153403001	315014005	SAME_AS
153404007	315599008	SAME_AS
153405008	185201007	SAME_AS
153406009	185202000	SAME_AS
153407000	185203005	SAME_AS
153411006	185207006	SAME_AS
153412004	185208001	SAME_AS
153413009	185209009	SAME_AS
153414003	185210004	SAME_AS
153415002	185211000	SAME_AS
153416001	185212007	SAME_AS
153418000	185214008	SAME_AS
153419008	185215009	SAME_AS
153422005	185218006	SAME_AS
153423000	185219003	SAME_AS
153424006	185220009	SAME_AS
153425007	185221008	SAME_AS
153426008	185222001	SAME_AS
153427004	185223006	SAME_AS
153428009	185225004	SAME_AS
153429001	185226003	SAME_AS
153430006	185227007	SAME_AS
153431005	185228002	SAME_AS
153432003	185229005	SAME_AS
153433008	185230000	SAME_AS
153434002	270422009	SAME_AS
153435001	185232008	SAME_AS
153436000	185233003	SAME_AS
153437009	185234009	SAME_AS
153438004	185235005	SAME_AS
153439007	185236006	SAME_AS
153440009	185237002	SAME_AS
153441008	185201007	REPLACED_BY
153442001	185239004	SAME_AS
153443006	185240002	SAME_AS
153444000	185241003	SAME_AS
153445004	185242005	SAME_AS
153446003	185243000	SAME_AS
153447007	185244006	SAME_AS
153448002	185245007	SAME_AS
153449005	185246008	SAME_AS
153450005	185247004	SAME_AS
153451009	185248009	SAME_AS
153452002	185249001	SAME_AS
153453007	185250001	SAME_AS
153454001	185251002	SAME_AS
153455000	185252009	SAME_AS
153456004	185253004	SAME_AS
153457008	185254005	SAME_AS
153458003	185255006	SAME_AS
153460001	313148005	SAME_AS
153461002	313340009	SAME_AS
153464005	308021002	REPLACED_BY
153466007	185278000	SAME_AS
153467003	185279008	SAME_AS
153469000	185281005	SAME_AS
153470004	185282003	SAME_AS
153471000	185283008	SAME_AS
153472007	185284002	SAME_AS
153473002	185285001	SAME_AS
153474008	185286000	SAME_AS
153475009	185287009	SAME_AS
153476005	185288004	SAME_AS
153477001	185289007	SAME_AS
153478006	185290003	SAME_AS
153479003	185291004	SAME_AS
153480000	185292006	SAME_AS
153481001	185293001	SAME_AS
153482008	185294007	SAME_AS
153483003	185295008	SAME_AS
153484009	185296009	SAME_AS
153485005	185297000	SAME_AS
153486006	185298005	SAME_AS
153487002	185299002	SAME_AS
153488007	185300005	SAME_AS
153489004	185301009	SAME_AS
153490008	185303007	SAME_AS
153491000119103	1254975000	REPLACED_BY
153491007	185303007	SAME_AS
153492000	185304001	SAME_AS
153493005	185305000	SAME_AS
153494004	185306004	SAME_AS
153495003	185307008	SAME_AS
153496002	185307008	SAME_AS
153497006	310348003	SAME_AS
153498001	305628006	SAME_AS
153499009	312456007	SAME_AS
153501000119105	1254974001	REPLACED_BY
153501001	305752008	SAME_AS
153502008	314775002	SAME_AS
153503003	314850005	SAME_AS
153512001	185324002	SAME_AS
153515004	185328004	SAME_AS
153517007	185330002	SAME_AS
153518002	185331003	SAME_AS
153522007	185334006	SAME_AS
153524008	185336008	SAME_AS
153526005	185324002	REPLACED_BY
153534004	185351004	SAME_AS
153543008	185360007	SAME_AS
153544002	185361006	SAME_AS
153545001	185362004	SAME_AS
153546000	185363009	SAME_AS
153548004	185365002	SAME_AS
153549007	185366001	SAME_AS
153550007	185368000	SAME_AS
153551006	185369008	SAME_AS
153552004	185370009	SAME_AS
153553009	309013001	REPLACED_BY
153554003	185373006	SAME_AS
153555002	185374000	SAME_AS
153556001	312357002	SAME_AS
153642006	185461007	SAME_AS
153659001	185478003	SAME_AS
153660006	185479006	SAME_AS
153661005	185480009	SAME_AS
153662003	185481008	SAME_AS
153663008	185482001	SAME_AS
153686001	305599003	SAME_AS
153687005	305599003	SAME_AS
153689008	314229006	SAME_AS
153692007	763380007	REPLACED_BY
153693002	314380009	SAME_AS
153703000	315593009	SAME_AS
153704006	315594003	SAME_AS
153758002	185577006	SAME_AS
153759005	185579009	SAME_AS
153760000	185580007	SAME_AS
153761001	185581006	SAME_AS
153768007	185588000	SAME_AS
153806001	185627001	SAME_AS
153811000119105	423674003	REPLACED_BY
15387003	422400008	REPLACED_BY
153874002	185695000	SAME_AS
153876000	308530002	REPLACED_BY
153877009	308530002	REPLACED_BY
153878004	763083000	REPLACED_BY
153889006	171176006	REPLACED_BY
153891003	185712006	SAME_AS
153896008	763324001	REPLACED_BY
153897004	185718005	SAME_AS
153904002	270440008	SAME_AS
153908004	763221007	REPLACED_BY
153909007	185730004	SAME_AS
153916008	270442000	SAME_AS
153920007	763085007	REPLACED_BY
153921006	185743004	SAME_AS
153928000	185749000	SAME_AS
153929008	185750000	SAME_AS
153933001	185754009	SAME_AS
153934007	185755005	SAME_AS
15394000	398254007	REPLACED_BY
153940000	185761008	SAME_AS
153941001	270445003	SAME_AS
153945005	765105005	REPLACED_BY
153946006	185767007	SAME_AS
153953002	185774002	SAME_AS
153957001	763483005	REPLACED_BY
153958006	185779007	SAME_AS
153965003	185786004	SAME_AS
153969009	765001003	REPLACED_BY
153970005	185791003	SAME_AS
153977008	185799001	SAME_AS
153980009	185802005	SAME_AS
153981008	763086008	REPLACED_BY
153982001	185804006	SAME_AS
153989005	185811005	SAME_AS
153992009	185814002	SAME_AS
153993004	763356008	REPLACED_BY
154001004	185824005	SAME_AS
154004007	185827003	SAME_AS
154005008	763781008	REPLACED_BY
154006009	185829000	SAME_AS
154013009	185837008	SAME_AS
154066007	763282002	REPLACED_BY
154076005	185900003	SAME_AS
154077001	185901004	SAME_AS
154078006	185902006	SAME_AS
154079003	185903001	SAME_AS
154080000	315640000	SAME_AS
154085005	763481007	REPLACED_BY
154086006	185910007	SAME_AS
154093005	185917005	SAME_AS
154099009	1304232008	REPLACED_BY
154100001	1304234009	REPLACED_BY
1541000119106	102621000119101	SAME_AS
1541000124109	449747006	REPLACED_BY
154103004	185927004	SAME_AS
154114001	1304141009	REPLACED_BY
154115000	1304143007	REPLACED_BY
154117008	1304141009	REPLACED_BY
154137007	185961002	SAME_AS
154138002	271364002	REPLACED_BY
154150008	308340000	REPLACED_BY
15417005	392288006	SAME_AS
154204001	763726001	REPLACED_BY
154221000119101	767291004	SAME_AS
154250003	310302007	SAME_AS
154254007	310343007	SAME_AS
154255008	310344001	SAME_AS
154256009	310345000	SAME_AS
154257000	310346004	SAME_AS
154258005	310459006	SAME_AS
154266001	40733004	SAME_AS
154267005	266071000	SAME_AS
154269008	63650001	SAME_AS
15427004	445945000	REPLACED_BY
154271008	42338000	SAME_AS
154273006	66107000	SAME_AS
154275004	58265007	SAME_AS
154279005	19213003	REPLACED_BY
154281007	56717001	SAME_AS
154282000	63309002	SAME_AS
154284004	700272008	REPLACED_BY
154286002	240376003	SAME_AS
154287006	17653001	SAME_AS
154289009	56717001	REPLACED_BY
154290000	10528009	SAME_AS
154291001	182159002	SAME_AS
154292008	56717001	REPLACED_BY
154293003	87628006	REPLACED_BY
154296006	75702008	SAME_AS
154300007	27836007	SAME_AS
154301006	186357007	SAME_AS
154302004	43878008	SAME_AS
154303009	30242009	SAME_AS
154304003	186357007	REPLACED_BY
154305002	44653001	SAME_AS
154306001	23511006	SAME_AS
154307005	192644005	SAME_AS
154308000	4089001	SAME_AS
154309008	36102002	SAME_AS
154310003	23511006	REPLACED_BY
154311004	87628006	REPLACED_BY
154312006	76902006	SAME_AS
154316009	266096002	SAME_AS
154317000	87628006	REPLACED_BY
154318005	87628006	REPLACED_BY
154320008	398102009	SAME_AS
154322000	186482006	SAME_AS
154323005	28192008	SAME_AS
154324004	302810003	REPLACED_BY
154325003	38907003	SAME_AS
154326002	4740000	SAME_AS
154327006	2177002	SAME_AS
154328001	87513003	SAME_AS
154330004	21954000	SAME_AS
154331000	4740000	REPLACED_BY
154333002	33839006	SAME_AS
154335009	186542001	SAME_AS
154336005	1475003	SAME_AS
154337001	88594005	REPLACED_BY
154338006	14189004	SAME_AS
154339003	111872008	SAME_AS
154340001	191727003	SAME_AS
154341002	13420004	SAME_AS
154342009	14189004	REPLACED_BY
154346007	3738000	SAME_AS
154347003	40468003	SAME_AS
154348008	66071002	SAME_AS
154349000	50711007	SAME_AS
154350000	128241005	REPLACED_BY
154351001	266196000	SAME_AS
154352008	36989005	SAME_AS
154353003	78580004	SAME_AS
154354009	36989005	REPLACED_BY
154355005	186658007	SAME_AS
154356006	83264000	SAME_AS
154357002	266108008	SAME_AS
154359004	271558008	SAME_AS
154360009	40070004	SAME_AS
154362001	57019003	SAME_AS
154363006	63440008	SAME_AS
154364000	266114001	SAME_AS
154365004	266113007	SAME_AS
154366003	721266009	REPLACED_BY
154368002	62479008	SAME_AS
154369005	75116005	SAME_AS
154374002	61462000	SAME_AS
154376000	23502006	SAME_AS
154379007	76272004	SAME_AS
154380005	35742006	SAME_AS
154381009	266127002	SAME_AS
154382002	240557004	SAME_AS
154383007	83883001	SAME_AS
154385000	64102008	SAME_AS
154386004	76272004	REPLACED_BY
154387008	15628003	SAME_AS
154388003	84619001	SAME_AS
154390002	67224007	SAME_AS
154393000	3218000	SAME_AS
154395007	56454009	SAME_AS
154396008	5441008	SAME_AS
154399001	6020002	SAME_AS
154400008	84849002	SAME_AS
154401007	274083001	SAME_AS
154403005	78048006	SAME_AS
154404004	72605008	SAME_AS
154405003	266157006	SAME_AS
154406002	240708000	SAME_AS
154407006	78048006	REPLACED_BY
154413002	3752003	SAME_AS
154414008	74942003	SAME_AS
154419003	25188002	SAME_AS
154421008	20848007	REPLACED_BY
154424000	310701003	SAME_AS
154425004	31541009	SAME_AS
154426003	720349002	SAME_AS
154427007	266226000	SAME_AS
154432008	372087000	SAME_AS
154435005	269515006	SAME_AS
154436006	269516007	SAME_AS
154439004	274085008	SAME_AS
154440002	271323007	REPLACED_BY
154445007	363402007	REPLACED_BY
154453004	363349007	REPLACED_BY
154454005	269533000	SAME_AS
154462002	93679002	SAME_AS
154463007	363406005	REPLACED_BY
154465000	269544008	SAME_AS
154467008	93676009	SAME_AS
154468003	443488001	REPLACED_BY
154474003	286887005	REPLACED_BY
154479008	363418001	REPLACED_BY
154480006	276975007	SAME_AS
15448002	737147003	SAME_AS
154484002	363429002	REPLACED_BY
154500006	443679004	REPLACED_BY
154502003	269578002	SAME_AS
154503008	269579005	SAME_AS
154504002	269580008	SAME_AS
154505001	269581007	SAME_AS
154506000	93655004	REPLACED_BY
154512005	372130007	REPLACED_BY
154513000	254838004	SAME_AS
154521006	254837009	REPLACED_BY
154525002	363354003	REPLACED_BY
154528000	93934004	SAME_AS
154531004	254900004	SAME_AS
154533001	286899003	SAME_AS
154534007	372025005	SAME_AS
154538005	372009000	SAME_AS
154539002	286899003	REPLACED_BY
154542008	93849006	SAME_AS
154543003	94121005	SAME_AS
154544009	94123008	SAME_AS
154546006	93727008	SAME_AS
154547002	429033009	SAME_AS
154548007	93746009	SAME_AS
154549004	93726004	SAME_AS
154550004	428061005	REPLACED_BY
154551000	372087000	REPLACED_BY
154552007	371973000	REPLACED_BY
154554008	94098005	SAME_AS
154556005	94392001	SAME_AS
154557001	303194003	SAME_AS
154558006	94351005	SAME_AS
154559003	94347008	SAME_AS
154562000	94350006	SAME_AS
154563005	303201005	SAME_AS
154564004	94392001	REPLACED_BY
154566002	94391008	SAME_AS
154567006	94313005	SAME_AS
154568001	94381002	SAME_AS
154569009	94360002	SAME_AS
154570005	94579000	SAME_AS
154571009	188462001	SAME_AS
154572002	94222008	SAME_AS
154573007	94455000	SAME_AS
154574001	128462008	REPLACED_BY
154578003	118600007	SAME_AS
154579006	373168002	SAME_AS
154580009	188498009	SAME_AS
154581008	118617000	SAME_AS
154582001	118599009	SAME_AS
154584000	109989006	SAME_AS
154585004	109989006	SAME_AS
154592009	92818009	SAME_AS
154596007	302855005	REPLACED_BY
154597003	93143009	REPLACED_BY
154598008	93143009	REPLACED_BY
154599000	91855006	REPLACED_BY
154600002	92812005	REPLACED_BY
154604006	109385007	SAME_AS
154605007	402815007	SAME_AS
154607004	20376005	SAME_AS
154610006	269481009	SAME_AS
154612003	93163002	SAME_AS
154615001	254845004	SAME_AS
154616000	95315005	SAME_AS
154617009	92260003	SAME_AS
154619007	286904004	SAME_AS
154622009	443892003	REPLACED_BY
154624005	92085000	REPLACED_BY
154628008	92470003	REPLACED_BY
154629000	92097004	SAME_AS
154630005	201325006	SAME_AS
154633007	20376005	REPLACED_BY
154634001	55342001	REPLACED_BY
154635000	109355002	REPLACED_BY
154636004	189336000	SAME_AS
154637008	92564006	REPLACED_BY
154638003	92546004	SAME_AS
154639006	92802003	SAME_AS
154640008	109355002	REPLACED_BY
154642000	19133005	SAME_AS
154645003	55342001	REPLACED_BY
154646002	55342001	REPLACED_BY
154647006	55342001	REPLACED_BY
154649009	14304000	SAME_AS
154651008	267369002	REPLACED_BY
154652001	190237002	SAME_AS
154653006	36241006	SAME_AS
154656003	267374005	SAME_AS
154657007	73869005	SAME_AS
154658002	26389007	SAME_AS
154659005	90739004	REPLACED_BY
154661001	75065003	SAME_AS
154662008	27059002	SAME_AS
154663003	111566002	REPLACED_BY
154664009	82119001	SAME_AS
154665005	190293001	SAME_AS
154668007	82119001	REPLACED_BY
154669004	72325004	SAME_AS
154670003	14304000	REPLACED_BY
154672006	44054006	SAME_AS
154673001	46635009	SAME_AS
154674007	73211009	REPLACED_BY
154677000	127013003	SAME_AS
154679002	59276001	SAME_AS
154680004	390834004	SAME_AS
154681000	193349004	SAME_AS
154682007	232020009	SAME_AS
154684008	193141005	SAME_AS
154686005	193183000	SAME_AS
154688006	237599002	SAME_AS
154689003	74627003	REPLACED_BY
154690007	362969004	REPLACED_BY
154691006	302866003	SAME_AS
154693009	302866003	REPLACED_BY
154696001	66999008	SAME_AS
154699008	45369008	SAME_AS
154701008	367460001	SAME_AS
154704000	30171000	SAME_AS
154705004	47270006	SAME_AS
154706003	267395000	SAME_AS
154708002	237692001	SAME_AS
154711001	286917001	SAME_AS
154712008	286918006	SAME_AS
154715005	123526007	SAME_AS
154717002	35868009	SAME_AS
154718007	362969004	REPLACED_BY
154719004	80394007	SAME_AS
154720005	9414007	SAME_AS
154721009	362969004	REPLACED_BY
154722002	70241007	SAME_AS
154723007	85670002	SAME_AS
154724001	72000004	SAME_AS
154731002	70241007	REPLACED_BY
154733004	75934005	SAME_AS
154735006	190687004	SAME_AS
154737003	267430007	SAME_AS
154741004	267433009	SAME_AS
154742006	267434003	SAME_AS
154743001	55822004	REPLACED_BY
154744007	267431006	REPLACED_BY
154745008	48440001	SAME_AS
154746009	48440001	SAME_AS
154747000	190829000	SAME_AS
154748005	67148009	SAME_AS
154757004	51387008	SAME_AS
154758009	21420006	SAME_AS
154759001	34095006	SAME_AS
154760006	43498006	SAME_AS
154761005	238142003	SAME_AS
154763008	816082000	SAME_AS
154764002	14140009	SAME_AS
154765001	105593004	REPLACED_BY
154766000	75934005	REPLACED_BY
154767009	190905008	SAME_AS
154768004	61860000	SAME_AS
154769007	17602002	SAME_AS
154771007	30188007	SAME_AS
154772000	312857009	SAME_AS
154775003	238135003	SAME_AS
154778001	75934005	REPLACED_BY
154781006	119249001	SAME_AS
154782004	414029004	REPLACED_BY
154783009	414029004	REPLACED_BY
154786001	271737000	SAME_AS
154789008	84027009	SAME_AS
154790004	49472006	SAME_AS
154791000	85649008	SAME_AS
154792007	53165003	REPLACED_BY
154793002	66612000	REPLACED_BY
154795009	55995005	SAME_AS
154797001	16402000	SAME_AS
154798006	127040003	SAME_AS
154799003	191187006	SAME_AS
154800004	269175006	SAME_AS
154802007	4854004	SAME_AS
154804008	191216004	SAME_AS
154806005	4854004	REPLACED_BY
154808006	28975000	SAME_AS
154809003	55907008	SAME_AS
154810008	41841004	SAME_AS
154811007	267530009	SAME_AS
154812000	271737000	REPLACED_BY
154813005	271737000	REPLACED_BY
154815003	64779008	SAME_AS
154816002	90935002	SAME_AS
154817006	41788008	SAME_AS
154819009	128105004	SAME_AS
154820003	37193007	SAME_AS
154824007	53751009	SAME_AS
154827000	302215000	REPLACED_BY
154828005	64779008	REPLACED_BY
154829002	54097007	SAME_AS
154830007	17182001	SAME_AS
154835002	44865000	SAME_AS
154836001	32035007	SAME_AS
154837005	44897000	SAME_AS
154838000	19471005	REPLACED_BY
154843007	74732009	SAME_AS
154844001	191447007	SAME_AS
154846004	191449005	SAME_AS
154847008	12348006	SAME_AS
154848003	191457008	SAME_AS
154849006	191461002	SAME_AS
154850006	56267009	SAME_AS
154852003	1231846001	REPLACED_BY
154853008	8635005	SAME_AS
154855001	191483003	SAME_AS
154856000	1254795002	REPLACED_BY
154857009	191483003	REPLACED_BY
154859007	2776000	SAME_AS
154860002	18260003	SAME_AS
154861003	191499009	REPLACED_BY
154864006	191525009	SAME_AS
154866008	191527001	SAME_AS
154867004	35252006	SAME_AS
154868009	191542003	SAME_AS
154870000	58214004	REPLACED_BY
154873003	300706003	SAME_AS
154874009	13746004	REPLACED_BY
154876006	247803002	SAME_AS
154877002	191525009	REPLACED_BY
154878007	43614003	SAME_AS
154879004	23560001	SAME_AS
154880001	191525009	REPLACED_BY
154881002	111475002	SAME_AS
154883004	44376007	SAME_AS
154885006	70691001	SAME_AS
154886007	19887002	SAME_AS
154887003	386808001	REPLACED_BY
154888008	191736004	SAME_AS
154891008	18193002	SAME_AS
154894000	74732009	REPLACED_BY
154895004	33449004	SAME_AS
154896003	13601005	SAME_AS
154898002	231527003	SAME_AS
154899005	1376001	SAME_AS
154906006	95922009	SAME_AS
154908007	7200002	SAME_AS
154909004	2403008	SAME_AS
154910009	231479000	SAME_AS
154912001	85005007	SAME_AS
154913006	191853003	SAME_AS
154914000	231473004	SAME_AS
154915004	1254812006	REPLACED_BY
154917007	89765005	SAME_AS
154919005	310496002	SAME_AS
154922007	191962000	SAME_AS
154926005	56882008	SAME_AS
154928006	89675003	SAME_AS
154930008	30077003	SAME_AS
154931007	66551002	SAME_AS
154936002	5158005	SAME_AS
154937006	84328007	SAME_AS
154939009	302690004	SAME_AS
154940006	35253001	SAME_AS
154942003	17226007	SAME_AS
154943008	74506000	SAME_AS
154947009	69361009	SAME_AS
154956001	307653008	SAME_AS
154958000	74732009	REPLACED_BY
154960003	129606007	SAME_AS
154963001	35489007	REPLACED_BY
154964007	231504006	SAME_AS
154965008	310495003	SAME_AS
154966009	310496002	SAME_AS
154967000	310497006	SAME_AS
154968005	313182004	SAME_AS
154969002	247803002	SAME_AS
154970001	191616006	SAME_AS
154971002	74732009	REPLACED_BY
154972009	74732009	REPLACED_BY
154973004	1855002	SAME_AS
154974005	1855002	SAME_AS
154975006	86765009	SAME_AS
154976007	61152003	SAME_AS
154977003	40700009	SAME_AS
154978008	110359009	REPLACED_BY
154979000	110359009	REPLACED_BY
154980002	74732009	REPLACED_BY
154982005	39367000	SAME_AS
154983000	7180009	SAME_AS
154985007	58170007	SAME_AS
154987004	45170000	SAME_AS
154990005	192730008	SAME_AS
154992002	39367000	REPLACED_BY
154994001	52522001	SAME_AS
154996004	45864009	SAME_AS
154997008	230745008	SAME_AS
154999006	49049000	SAME_AS
155000006	49049000	SAME_AS
155001005	4223005	SAME_AS
155002003	49049000	REPLACED_BY
155005001	568005	SAME_AS
155006000	58756001	SAME_AS
155008004	22451001	SAME_AS
155011003	10394003	SAME_AS
155012005	85102008	REPLACED_BY
155015007	37340000	SAME_AS
155017004	48522003	REPLACED_BY
155018009	29774004	SAME_AS
155019001	60576007	SAME_AS
155022004	23853001	REPLACED_BY
155023009	24700007	SAME_AS
155025002	1593000	SAME_AS
155026001	1593000	REPLACED_BY
155027005	128188000	REPLACED_BY
155028000	29426003	SAME_AS
155030003	11538006	SAME_AS
155031004	60389000	SAME_AS
155033001	312444006	SAME_AS
155036009	84757009	SAME_AS
155037000	50866000	SAME_AS
155038005	19598007	SAME_AS
155039002	13973009	SAME_AS
155040000	193000002	SAME_AS
155042008	1340127006	REPLACED_BY
155043003	19598007	SAME_AS
155044009	230381009	SAME_AS
155045005	84757009	REPLACED_BY
155046006	37796009	SAME_AS
155047002	4473006	SAME_AS
155049004	23853001	REPLACED_BY
155050004	192737006	SAME_AS
155053002	81308009	REPLACED_BY
155054008	25816005	SAME_AS
155055009	2032001	SAME_AS
155056005	40287006	SAME_AS
155057001	308634000	SAME_AS
155058006	285145004	SAME_AS
155060008	20484008	SAME_AS
155061007	792004	SAME_AS
155062000	52702003	SAME_AS
155063005	23853001	REPLACED_BY
155064004	42658009	SAME_AS
155065003	64309007	SAME_AS
155066002	31681005	SAME_AS
155067006	71303008	SAME_AS
155068001	64309007	REPLACED_BY
155069009	422426003	SAME_AS
155073007	57406009	SAME_AS
155076004	85007004	SAME_AS
155077008	47374004	SAME_AS
155078003	30085007	SAME_AS
155083006	7916009	SAME_AS
155084000	45600000	SAME_AS
155085004	45781009	SAME_AS
155086003	302226006	REPLACED_BY
155087007	302226006	REPLACED_BY
155088002	73013002	REPLACED_BY
155089005	193114000	SAME_AS
155091002	256321009	SAME_AS
155092009	91637004	SAME_AS
155097003	66952001	SAME_AS
155098008	193255007	SAME_AS
155100008	42658009	REPLACED_BY
155102000	42059000	SAME_AS
155103005	42059000	SAME_AS
155104004	1275615004	SAME_AS
155105003	29555009	REPLACED_BY
155106002	29555009	REPLACED_BY
155107006	4855003	SAME_AS
155108001	6962006	SAME_AS
155109009	57534004	REPLACED_BY
155110004	415297005	SAME_AS
15511008	609473007	REPLACED_BY
155112007	267718000	SAME_AS
155113002	28835009	SAME_AS
155114008	311782002	SAME_AS
155115009	29555009	REPLACED_BY
155117001	29050005	SAME_AS
155120009	23986001	SAME_AS
155122001	77075001	SAME_AS
155124000	50485007	SAME_AS
155125004	95717004	REPLACED_BY
155126003	193570009	SAME_AS
155127007	39450006	SAME_AS
155128002	34361001	SAME_AS
155130000	193570009	REPLACED_BY
155131001	72128008	SAME_AS
155132008	38101003	SAME_AS
155133003	57190000	SAME_AS
155134009	82649003	SAME_AS
155135005	41256004	SAME_AS
155137002	54552008	SAME_AS
155138007	72128008	REPLACED_BY
155139004	63102001	SAME_AS
155141003	24982008	SAME_AS
155143000	193683001	SAME_AS
155147004	193699007	SAME_AS
155150001	105597003	REPLACED_BY
155151002	5888003	SAME_AS
155152009	91514001	SAME_AS
155153004	193764001	SAME_AS
155154005	88151007	SAME_AS
155158008	27194006	SAME_AS
155159000	111522004	SAME_AS
155161009	59698003	SAME_AS
155163007	73762008	SAME_AS
155164001	68659002	SAME_AS
155165000	77489003	SAME_AS
155166004	78768009	SAME_AS
155167008	363677007	SAME_AS
155168003	231854006	SAME_AS
155170007	41446000	SAME_AS
155171006	41446000	SAME_AS
155173009	1482004	SAME_AS
155174003	93423006	SAME_AS
155175002	1231722004	REPLACED_BY
155176001	60113004	REPLACED_BY
155177005	33168009	SAME_AS
155178000	62909004	SAME_AS
155179008	11934000	SAME_AS
155180006	238951005	SAME_AS
155181005	31053003	SAME_AS
155182003	46152009	SAME_AS
155186000	54767005	SAME_AS
155190003	77157004	REPLACED_BY
155193001	16596007	SAME_AS
155198005	371405004	SAME_AS
155199002	46627006	SAME_AS
15520004	56505000	REPLACED_BY
155206005	95217000	SAME_AS
155208006	25906001	SAME_AS
155210008	34129005	SAME_AS
155212000	232231008	SAME_AS
155214004	18070006	SAME_AS
155215003	3135009	REPLACED_BY
155216002	49130001	REPLACED_BY
155217006	275481002	SAME_AS
155218001	359609001	SAME_AS
155219009	81564005	SAME_AS
155222006	65363002	REPLACED_BY
155223001	267756004	SAME_AS
155224007	232254004	REPLACED_BY
155226009	194281003	SAME_AS
155227000	41954005	SAME_AS
155228005	38394007	SAME_AS
155229002	39288006	REPLACED_BY
155230007	52404001	SAME_AS
155231006	386034005	SAME_AS
155232004	80645004	SAME_AS
155235002	13445001	SAME_AS
155238000	194360001	SAME_AS
155239008	23919004	SAME_AS
155241009	11543004	SAME_AS
155243007	60442001	SAME_AS
155245000	49526009	SAME_AS
155246004	73415002	SAME_AS
155247008	79471008	REPLACED_BY
155248003	60862001	SAME_AS
155249006	25289003	SAME_AS
155250006	65668001	SAME_AS
15525009	209441008	SAME_AS
155251005	301354004	SAME_AS
155252003	313387002	SAME_AS
155254002	15188001	SAME_AS
155255001	44057004	SAME_AS
155257009	77507001	SAME_AS
155259007	15188001	REPLACED_BY
155260002	68996008	SAME_AS
155261003	25906001	REPLACED_BY
155262005	118940003	REPLACED_BY
155265007	24363009	SAME_AS
155267004	15676002	SAME_AS
155268009	18192007	SAME_AS
155269001	194709000	SAME_AS
155271001	46826000	SAME_AS
155272008	57803009	SAME_AS
155278007	31085000	SAME_AS
155280001	83898004	REPLACED_BY
155281002	12023003	SAME_AS
155282009	72011007	SAME_AS
155283004	78031003	SAME_AS
155284005	17759006	SAME_AS
155285006	12023003	REPLACED_BY
155287003	78069008	SAME_AS
155288008	194732001	SAME_AS
155290009	18687009	SAME_AS
155296003	59621000	SAME_AS
155297007	64715009	SAME_AS
155298002	38481006	SAME_AS
155299005	86234004	SAME_AS
155300002	31992008	SAME_AS
155301003	70272006	SAME_AS
155302005	38341003	REPLACED_BY
155306008	1755008	SAME_AS
155307004	194828000	SAME_AS
155308009	4557003	SAME_AS
155309001	315025001	SAME_AS
155310006	314116003	SAME_AS
155311005	233821000	SAME_AS
155312003	233819005	SAME_AS
155313008	59021001	SAME_AS
155314002	4557003	SAME_AS
155317009	65340007	SAME_AS
155318004	413838009	REPLACED_BY
155319007	304914007	SAME_AS
155320001	315026000	SAME_AS
155321002	307140009	SAME_AS
155322009	414545008	REPLACED_BY
155323004	83291003	SAME_AS
155324005	49584005	SAME_AS
155325006	49584005	SAME_AS
155327003	79955004	SAME_AS
155330005	83291003	SAME_AS
155331009	56265001	REPLACED_BY
155332002	286954005	SAME_AS
155333007	15555002	SAME_AS
155334001	73774007	SAME_AS
155336004	46701001	SAME_AS
155337008	55855009	REPLACED_BY
155339006	23412002	SAME_AS
155340008	85598007	SAME_AS
155342000	274097009	SAME_AS
155343005	194978002	SAME_AS
155344004	194984004	SAME_AS
155345003	194983005	SAME_AS
155349009	315615007	SAME_AS
155353006	85898001	REPLACED_BY
155355004	27885002	SAME_AS
155356003	195039008	SAME_AS
155357007	63467002	SAME_AS
155358002	59118001	SAME_AS
155359005	233916004	REPLACED_BY
155361001	271547004	SAME_AS
155362008	44808001	REPLACED_BY
155365005	29717002	SAME_AS
155366006	63593006	SAME_AS
155367002	251176006	SAME_AS
155368007	29717002	REPLACED_BY
155369004	698247007	REPLACED_BY
155371004	71908006	SAME_AS
155374007	84114007	SAME_AS
155376009	85232009	SAME_AS
155377000	84114007	REPLACED_BY
155378005	56265001	REPLACED_BY
155379002	39785005	REPLACED_BY
155380004	50920009	REPLACED_BY
155381000	64077000	SAME_AS
155384008	274098004	SAME_AS
155387001	56265001	REPLACED_BY
155389003	274100004	SAME_AS
155390007	21454007	SAME_AS
155392004	82999001	SAME_AS
155393009	95453001	SAME_AS
155394003	274100004	REPLACED_BY
155395002	266253001	SAME_AS
155396001	195180004	SAME_AS
155397005	266254007	SAME_AS
155398000	195182007	SAME_AS
155399008	266253001	REPLACED_BY
155400001	20059004	SAME_AS
1554009	44950000	REPLACED_BY
155401002	71444005	SAME_AS
155402009	75543006	SAME_AS
155403004	20059004	REPLACED_BY
155406007	62914000	REPLACED_BY
155407003	65312002	SAME_AS
155408008	50490005	SAME_AS
155410005	62914000	REPLACED_BY
155411009	195239002	SAME_AS
155412002	62914000	REPLACED_BY
155415000	81817003	SAME_AS
155416004	45281005	SAME_AS
155417008	195254008	SAME_AS
155418003	72092001	REPLACED_BY
155419006	67362008	SAME_AS
155420000	308546005	SAME_AS
155421001	74883004	SAME_AS
155422008	233985008	SAME_AS
155423003	73067008	REPLACED_BY
155424009	67362008	REPLACED_BY
155425005	432119003	REPLACED_BY
155426006	36184004	SAME_AS
155427002	13290008	SAME_AS
155428007	432119003	REPLACED_BY
155430009	63491006	SAME_AS
155431008	400047006	REPLACED_BY
155432001	52403007	SAME_AS
155434000	266262004	SAME_AS
155436003	274101000	REPLACED_BY
155437007	286959000	SAME_AS
155438002	266262004	REPLACED_BY
155440007	155441006	REPLACED_BY
155442004	400130008	SAME_AS
155443009	78129009	SAME_AS
155444003	75053002	SAME_AS
155446001	58729003	SAME_AS
155447005	195383008	SAME_AS
155448000	195382003	SAME_AS
155450008	63363004	SAME_AS
155455003	17920008	SAME_AS
155456002	31268005	SAME_AS
155457006	234049002	REPLACED_BY
155458001	111293003	REPLACED_BY
155459009	131148009	REPLACED_BY
155460004	20427003	SAME_AS
155464008	35498005	SAME_AS
155466005	266329009	SAME_AS
155467001	266330004	SAME_AS
155468006	128060009	REPLACED_BY
155469003	70153002	SAME_AS
155471003	52931009	SAME_AS
155472005	90458007	REPLACED_BY
155473000	23913003	REPLACED_BY
155474006	26373009	SAME_AS
155475007	23913003	REPLACED_BY
155477004	70153002	REPLACED_BY
155478009	128060009	REPLACED_BY
155479001	28670008	SAME_AS
155480003	51070004	SAME_AS
155482006	128060009	REPLACED_BY
155483001	266273006	SAME_AS
155484007	33129002	SAME_AS
155487000	45007003	SAME_AS
155488005	28651003	SAME_AS
155489002	286963007	SAME_AS
155490006	45007003	REPLACED_BY
155491005	31268005	SAME_AS
155492003	297156001	SAME_AS
155495001	50043002	SAME_AS
155498004	15805002	SAME_AS
155499007	68272006	SAME_AS
155500003	91038008	SAME_AS
155503001	17741008	SAME_AS
155504007	195677001	SAME_AS
155505008	276443001	SAME_AS
155506009	6655004	SAME_AS
155507000	26650005	SAME_AS
155508005	64375000	SAME_AS
155509002	29608009	SAME_AS
155510007	71186008	SAME_AS
155513009	5505005	SAME_AS
155515002	10509002	REPLACED_BY
155516001	54398005	SAME_AS
155518000	201060008	REPLACED_BY
155519008	126660000	SAME_AS
155523000	140004	SAME_AS
155524006	47841006	SAME_AS
155525007	40055000	SAME_AS
155526008	35923002	SAME_AS
155527004	60130002	SAME_AS
155529001	16358007	SAME_AS
155530006	90979004	SAME_AS
155532003	195798007	SAME_AS
155533008	69244009	REPLACED_BY
155534002	15033003	SAME_AS
155535001	29951006	SAME_AS
155536000	367498001	SAME_AS
155538004	201060008	REPLACED_BY
155539007	17467004	SAME_AS
155542001	302912005	SAME_AS
155544000	51599000	SAME_AS
155547007	54150009	SAME_AS
155549005	75570004	SAME_AS
155551009	396285007	SAME_AS
155552002	233604007	REPLACED_BY
155553007	53084003	REPLACED_BY
155554001	46970008	SAME_AS
155555000	195900001	SAME_AS
155556004	59475000	SAME_AS
155558003	233604007	REPLACED_BY
155559006	6142004	SAME_AS
155560001	195878008	SAME_AS
155561002	74644004	SAME_AS
155563004	95891005	REPLACED_BY
155565006	13645005	SAME_AS
155566007	63480004	SAME_AS
155568008	74417001	SAME_AS
155569000	13645005	SAME_AS
155570004	195951007	SAME_AS
155571000	195951007	SAME_AS
155574008	195967001	SAME_AS
155577001	708090002	SAME_AS
155578006	281239006	SAME_AS
155579003	281239006	SAME_AS
155580000	12295008	SAME_AS
155582008	313296004	SAME_AS
155583003	313297008	SAME_AS
155584009	313299006	SAME_AS
155585005	13645005	REPLACED_BY
155586006	266366003	SAME_AS
155587002	40122008	SAME_AS
155588007	29422001	SAME_AS
155590008	805002	SAME_AS
155593005	266403005	SAME_AS
155595003	266404004	SAME_AS
155598001	286964001	SAME_AS
155599009	84004001	SAME_AS
155600007	71193007	SAME_AS
155602004	266366003	REPLACED_BY
155603009	50043002	REPLACED_BY
155604003	58554001	SAME_AS
155605002	196075003	SAME_AS
155606001	60046008	SAME_AS
155607005	85426002	SAME_AS
155609008	36118008	SAME_AS
155610003	80423007	SAME_AS
155611004	233645004	SAME_AS
155612006	36118008	REPLACED_BY
155613001	51615001	SAME_AS
155614007	73430006	SAME_AS
155615008	50043002	REPLACED_BY
155616009	32398004	REPLACED_BY
155617000	13645005	REPLACED_BY
155618005	73452002	SAME_AS
155619002	31561003	SAME_AS
155621007	398726004	REPLACED_BY
155623005	233691007	SAME_AS
155626002	50417007	SAME_AS
155628001	50043002	REPLACED_BY
155632007	80967001	SAME_AS
155633002	10017004	SAME_AS
155635009	234978004	SAME_AS
155638006	32620007	SAME_AS
155639003	299709002	SAME_AS
155640001	266417001	REPLACED_BY
155643004	31642005	SAME_AS
155645006	4356008	SAME_AS
155646007	21638000	SAME_AS
155647003	5689008	SAME_AS
155649000	105995000	REPLACED_BY
155651001	37320007	SAME_AS
155652008	66569006	SAME_AS
155654009	10890000	SAME_AS
155656006	28826002	SAME_AS
155657002	14919007	SAME_AS
155658007	10890000	REPLACED_BY
155659004	41188003	SAME_AS
155660009	61170000	REPLACED_BY
155661008	26284000	SAME_AS
155662001	266429005	SAME_AS
155665004	69244009	SAME_AS
155666003	45534005	SAME_AS
155669005	32958008	SAME_AS
155672003	45564002	SAME_AS
155674002	30811009	SAME_AS
155676000	23387001	SAME_AS
155677009	204667006	SAME_AS
155678004	35265002	SAME_AS
155679007	302914006	SAME_AS
155680005	37657006	REPLACED_BY
155682002	89748001	SAME_AS
155683007	19850005	SAME_AS
155684001	48974009	SAME_AS
155685000	95529005	REPLACED_BY
155686004	57246001	SAME_AS
155687008	31301004	SAME_AS
155688003	76181002	SAME_AS
155689006	95530000	REPLACED_BY
155690002	397825006	REPLACED_BY
155691003	51868009	SAME_AS
155692005	12847006	SAME_AS
155693000	61347001	SAME_AS
155694006	86895006	SAME_AS
155695007	196652006	REPLACED_BY
155696008	89469000	SAME_AS
155697004	49916007	SAME_AS
155698009	36975000	SAME_AS
155699001	128286008	REPLACED_BY
155700000	51868009	REPLACED_BY
155702008	12274003	SAME_AS
155704009	111353003	SAME_AS
155705005	196682000	REPLACED_BY
155706006	49232000	SAME_AS
155707002	3483000	SAME_AS
155708007	61300005	SAME_AS
155709004	128287004	REPLACED_BY
155710009	13200003	REPLACED_BY
155714000	2043009	SAME_AS
155715004	72007001	SAME_AS
155716003	89538001	SAME_AS
155717007	196731005	REPLACED_BY
155719005	47481007	SAME_AS
15572009	194398001	SAME_AS
155721000	49206006	SAME_AS
155723002	386211005	REPLACED_BY
155725009	266438007	SAME_AS
155728006	74400008	SAME_AS
155729003	74400008	SAME_AS
155730008	286967008	SAME_AS
155731007	266439004	SAME_AS
155732000	85189001	REPLACED_BY
155733005	74400008	REPLACED_BY
155734004	58997001	SAME_AS
155735003	18526009	REPLACED_BY
155736002	74400008	REPLACED_BY
155737006	52515009	SAME_AS
155739009	2303007	SAME_AS
155740006	196807006	SAME_AS
155741005	73147001	REPLACED_BY
155745001	50063009	SAME_AS
155746000	286970007	SAME_AS
155747009	50063009	REPLACED_BY
155749007	286972004	SAME_AS
155750007	39839004	REPLACED_BY
155751006	52515009	REPLACED_BY
155756001	52515009	REPLACED_BY
155757005	52515009	REPLACED_BY
155758000	52515009	REPLACED_BY
155761004	56689002	SAME_AS
155762006	7620006	SAME_AS
155763001	56689002	REPLACED_BY
155764007	64766004	SAME_AS
155765008	82196007	SAME_AS
155766009	266519001	SAME_AS
155767000	266520007	SAME_AS
155768005	312607004	REPLACED_BY
155771002	81060008	SAME_AS
155772009	49723003	SAME_AS
155773004	55525008	SAME_AS
155774005	9707006	SAME_AS
155775006	44635007	REPLACED_BY
155776007	69914001	SAME_AS
155779000	307496006	SAME_AS
155781003	63532004	REPLACED_BY
155784006	150541000119104	REPLACED_BY
155786008	288199005	SAME_AS
155787004	268651002	SAME_AS
155790005	197150008	SAME_AS
155791009	30037006	SAME_AS
155793007	75236001	SAME_AS
155794001	82127005	SAME_AS
155797008	48661000	SAME_AS
155798003	266463007	SAME_AS
155799006	119292006	REPLACED_BY
155802002	57773001	SAME_AS
155803007	197216007	SAME_AS
155810001	9953008	SAME_AS
155812009	41309000	REPLACED_BY
155814005	266468003	SAME_AS
155816007	328383001	REPLACED_BY
155817003	235856003	REPLACED_BY
155818008	27916005	SAME_AS
155819000	67656006	SAME_AS
155820006	72836002	SAME_AS
155821005	34742003	SAME_AS
155822003	235856003	REPLACED_BY
155824002	235919008	SAME_AS
155825001	30093007	SAME_AS
155826000	39621005	REPLACED_BY
155827009	65275009	SAME_AS
155828004	20824003	SAME_AS
155830002	105997008	REPLACED_BY
155831003	82403002	SAME_AS
155833000	3855007	SAME_AS
155834006	197456007	SAME_AS
155835007	235494005	SAME_AS
155837004	74474003	SAME_AS
155838009	8765009	SAME_AS
155839001	2901004	SAME_AS
155840004	74474003	REPLACED_BY
155841000	32230006	SAME_AS
155844008	266480006	SAME_AS
155845009	54576000	SAME_AS
155847001	53619000	REPLACED_BY
155851004	52254009	SAME_AS
155854007	59400006	SAME_AS
155855008	14669001	SAME_AS
155860007	129128006	SAME_AS
15586008	199977005	SAME_AS
155864003	37779008	SAME_AS
155865002	129128006	REPLACED_BY
155866001	43064006	SAME_AS
155869008	31054009	SAME_AS
155870009	95566004	REPLACED_BY
155872001	105999006	SAME_AS
155874000	32482005	SAME_AS
155875004	197811007	SAME_AS
155878002	79509009	SAME_AS
155879005	70650003	SAME_AS
155880008	20342001	SAME_AS
155881007	79509009	REPLACED_BY
155882000	38822007	SAME_AS
155884004	33655002	SAME_AS
155886002	42643001	REPLACED_BY
155887006	399072004	SAME_AS
155888001	197866008	SAME_AS
155889009	786496006	REPLACED_BY
155891001	84619001	SAME_AS
155895005	34436003	REPLACED_BY
155898007	57243009	REPLACED_BY
155899004	6929003	SAME_AS
155901008	197927001	SAME_AS
155904000	45456005	SAME_AS
155905004	64557000	SAME_AS
155908002	79411002	SAME_AS
155909005	19905009	SAME_AS
155910000	8725005	SAME_AS
155911001	9713002	REPLACED_BY
155912008	70660007	SAME_AS
155913003	197983000	SAME_AS
155914009	31070006	SAME_AS
155915005	197983000	SAME_AS
155916006	63901009	SAME_AS
155918007	266570005	SAME_AS
155919004	39526006	SAME_AS
155920005	249263004	SAME_AS
155922002	13758004	SAME_AS
155924001	2904007	SAME_AS
155925000	48188009	SAME_AS
155926004	88311004	SAME_AS
155927008	33958003	REPLACED_BY
155928003	44882003	SAME_AS
155930001	6273006	SAME_AS
155931002	1335005	SAME_AS
155933004	64557000	REPLACED_BY
155934005	85324003	SAME_AS
155935006	27001009	SAME_AS
155936007	49263001	SAME_AS
155937003	81996005	SAME_AS
155938008	17585008	SAME_AS
155940003	34615008	SAME_AS
155941004	43077002	SAME_AS
155942006	473021009	REPLACED_BY
155944007	860918004	REPLACED_BY
155945008	64557000	REPLACED_BY
155946009	79604008	SAME_AS
155947000	57993004	SAME_AS
155948005	266578003	SAME_AS
155949002	27431007	SAME_AS
155950002	23260002	SAME_AS
155951003	57993004	REPLACED_BY
155955007	266579006	REPLACED_BY
155956008	198116001	REPLACED_BY
155957004	66779006	SAME_AS
155958009	89164003	REPLACED_BY
155960006	54302000	SAME_AS
155961005	271955004	SAME_AS
155962003	79604008	REPLACED_BY
155964002	54220007	SAME_AS
155965001	78622004	SAME_AS
155967009	198130006	SAME_AS
155969007	266581008	SAME_AS
155972000	237037006	REPLACED_BY
155973005	62394006	SAME_AS
155976002	67667007	SAME_AS
155977006	63922003	SAME_AS
155979009	198198001	SAME_AS
155982004	57044006	SAME_AS
155983009	67624004	SAME_AS
155984003	237084006	SAME_AS
155986001	198130006	REPLACED_BY
155987005	310789003	REPLACED_BY
155989008	73998008	SAME_AS
155991000	447072005	SAME_AS
155992007	11597004	SAME_AS
155993002	198268002	SAME_AS
155994008	63871009	SAME_AS
155995009	73998008	REPLACED_BY
155996005	79883001	SAME_AS
155997001	2615004	SAME_AS
155998006	386762009	SAME_AS
155999003	79883001	REPLACED_BY
156001002	85059005	SAME_AS
156002009	13595002	SAME_AS
156004005	12337004	REPLACED_BY
156005006	11314008	SAME_AS
156007003	271688008	SAME_AS
156008008	271689000	SAME_AS
156009000	12337004	REPLACED_BY
156010005	63339007	REPLACED_BY
156012002	73391008	SAME_AS
156014001	63339007	REPLACED_BY
156015000	25658005	REPLACED_BY
156020000	289474006	SAME_AS
156021001	198401009	REPLACED_BY
156022008	286992006	SAME_AS
156023003	266598008	SAME_AS
156024009	43548008	SAME_AS
156026006	82639001	SAME_AS
156027002	39402007	SAME_AS
156029004	767356009	REPLACED_BY
156030009	266599000	SAME_AS
156031008	198401009	REPLACED_BY
156032001	310789003	REPLACED_BY
156033006	386804004	SAME_AS
156034000	14302001	SAME_AS
156037007	14302001	REPLACED_BY
156038002	386692008	SAME_AS
156039005	80182007	SAME_AS
156040007	386804004	REPLACED_BY
156049008	48880000	SAME_AS
156052000	76742009	SAME_AS
156053005	21801002	SAME_AS
156054004	52441000	SAME_AS
156055003	31351009	SAME_AS
156057006	386804004	REPLACED_BY
156060004	266609001	SAME_AS
156061000	198448006	SAME_AS
156062007	39446004	SAME_AS
156063002	26899006	SAME_AS
156064008	286995008	SAME_AS
156065009	6738008	REPLACED_BY
156067001	6738008	REPLACED_BY
156068006	42030000	REPLACED_BY
156070002	363681007	SAME_AS
156075007	57797005	SAME_AS
156077004	57797005	REPLACED_BY
156078009	49416000	SAME_AS
156080003	34801009	SAME_AS
156081004	82661006	SAME_AS
156082006	79586000	SAME_AS
156083001	34801009	REPLACED_BY
156084007	363681007	REPLACED_BY
156087000	16607004	SAME_AS
156091005	198832001	SAME_AS
156092003	42399005	SAME_AS
156095001	198609003	REPLACED_BY
156096000	363681007	REPLACED_BY
156097009	198609003	SAME_AS
156098004	54048003	SAME_AS
156099007	7792000	SAME_AS
156100004	34842007	SAME_AS
1561000119105	71791000119104	SAME_AS
1561000124108	866166001	REPLACED_BY
156101000	198903000	SAME_AS
156102007	415105001	SAME_AS
156103002	267199000	SAME_AS
156104008	34842007	REPLACED_BY
156105009	48194001	SAME_AS
156107001	237279007	SAME_AS
156108006	41114007	SAME_AS
156109003	398254007	REPLACED_BY
156110008	46764007	SAME_AS
156111007	15938005	SAME_AS
156112000	48194001	REPLACED_BY
156114004	19569008	SAME_AS
156115003	129598007	SAME_AS
156117006	90325002	REPLACED_BY
156119009	199047001	SAME_AS
156120003	6383007	SAME_AS
156122006	90968009	SAME_AS
156123001	198609003	REPLACED_BY
156124007	237285000	SAME_AS
156125008	34165000	SAME_AS
156126009	102878001	SAME_AS
156127000	31563000	SAME_AS
156130007	199132007	SAME_AS
156133009	274118001	SAME_AS
156134003	267317007	SAME_AS
156135002	274119009	SAME_AS
156137005	198609003	REPLACED_BY
156138000	199223000	SAME_AS
156139008	274120003	SAME_AS
156140005	45828008	SAME_AS
15614009	95343001	SAME_AS
156142002	274121004	SAME_AS
156143007	267322007	SAME_AS
156144001	372048000	SAME_AS
156146004	198609003	REPLACED_BY
156147008	198609003	REPLACED_BY
156148003	276445008	SAME_AS
156149006	48782003	SAME_AS
156150006	16356006	SAME_AS
156151005	65147003	SAME_AS
156152003	64254006	SAME_AS
156153008	60810003	SAME_AS
156154002	16356006	REPLACED_BY
156155001	80002007	SAME_AS
156156000	86356004	SAME_AS
156157009	6096002	SAME_AS
156160002	199373000	SAME_AS
156161003	80002007	REPLACED_BY
156163000	871005	SAME_AS
156164006	199416003	SAME_AS
156165007	31805001	SAME_AS
156166008	237256006	REPLACED_BY
156167004	199446000	SAME_AS
156169001	126908007	SAME_AS
156171001	274122006	SAME_AS
156172008	17382005	SAME_AS
156173003	1344894001	REPLACED_BY
156176006	267253006	SAME_AS
156177002	199531009	SAME_AS
156179004	199558002	SAME_AS
156180001	609429008	REPLACED_BY
156182009	44795003	SAME_AS
156183004	90562004	SAME_AS
156184005	276507005	SAME_AS
156186007	199616008	SAME_AS
156188008	86203003	SAME_AS
156190009	59566000	SAME_AS
156191008	44223004	SAME_AS
156192001	12729009	SAME_AS
156193006	72860003	REPLACED_BY
156194000	362972006	REPLACED_BY
156195004	1365934004	REPLACED_BY
156196003	267340006	SAME_AS
156197007	274124007	SAME_AS
156198002	274125008	SAME_AS
156200008	276445008	REPLACED_BY
156201007	199745000	SAME_AS
156202000	199746004	SAME_AS
156203005	199747008	SAME_AS
156204004	199757009	SAME_AS
156205003	199767004	SAME_AS
156206002	1343000	SAME_AS
156207006	23332002	SAME_AS
156209009	199746004	REPLACED_BY
156212007	43715006	SAME_AS
156213002	51920004	SAME_AS
156214008	35882009	REPLACED_BY
156215009	53443007	SAME_AS
156216005	33627001	SAME_AS
156217001	77259008	SAME_AS
156218006	53443007	REPLACED_BY
156219003	429260008	SAME_AS
156220009	270500004	SAME_AS
156221008	289311005	SAME_AS
156223006	429260008	REPLACED_BY
156225004	57759005	SAME_AS
156226003	6234006	SAME_AS
156227007	10217006	SAME_AS
156229005	397952002	REPLACED_BY
156231001	34430009	SAME_AS
156232008	27215002	SAME_AS
156234009	199977005	SAME_AS
156235005	866229004	SAME_AS
156237002	53162000	SAME_AS
156239004	47821001	SAME_AS
156241003	23171006	SAME_AS
156242005	267272006	SAME_AS
156243000	47821001	REPLACED_BY
156245007	267350007	SAME_AS
156248009	87383005	SAME_AS
156249001	84007008	SAME_AS
156252009	288209009	SAME_AS
156258008	200148001	SAME_AS
156262002	362973001	SAME_AS
156263007	178280004	REPLACED_BY
156264001	267280004	SAME_AS
156266004	267282007	SAME_AS
156268003	49956009	SAME_AS
156269006	56272000	SAME_AS
156270007	200249004	SAME_AS
156272004	200277008	SAME_AS
156273009	200284000	SAME_AS
156274003	362973001	REPLACED_BY
156275002	396544001	SAME_AS
156277005	362973001	REPLACED_BY
156278000	200364001	SAME_AS
156279008	267289003	SAME_AS
156280006	270502007	SAME_AS
156281005	274131006	SAME_AS
156282003	200364001	REPLACED_BY
156283008	35046003	REPLACED_BY
156284002	271955004	SAME_AS
156285001	54220007	SAME_AS
156286000	49746001	SAME_AS
156287009	6995000	SAME_AS
156288004	30506002	SAME_AS
156290003	362973001	REPLACED_BY
156291004	173300003	REPLACED_BY
156292006	80659006	SAME_AS
156293001	19824006	SAME_AS
156296009	47763005	SAME_AS
156297000	67272008	SAME_AS
156298005	267772007	SAME_AS
156299002	10453005	SAME_AS
156300005	12430003	SAME_AS
156302002	44361004	SAME_AS
156303007	416675009	REPLACED_BY
156307008	19240003	REPLACED_BY
156309006	200645004	SAME_AS
15630971000119102	1303824002	SAME_AS
156310001	267779003	SAME_AS
156311002	200655000	SAME_AS
156314005	200676005	SAME_AS
15631451000119105	334731000119104	REPLACED_BY
15631491000119100	340331000119109	REPLACED_BY
156315006	287001000	SAME_AS
15631571000119102	774010000	SAME_AS
156317003	128045006	REPLACED_BY
156318008	41174002	SAME_AS
15632171000119101	299418001	REPLACED_BY
156324002	13802001	SAME_AS
156326000	43116000	SAME_AS
156328004	50563003	SAME_AS
156331003	24079001	SAME_AS
15633171000119107	1306765002	SAME_AS
156332005	91487003	SAME_AS
15633201000119106	1306766001	SAME_AS
15633241000119108	1306767005	SAME_AS
15633281000119103	1306289005	SAME_AS
156333000	57092006	SAME_AS
15633321000119108	1306287007	SAME_AS
156334006	90823000	SAME_AS
156335007	24079001	SAME_AS
156336008	7297005	SAME_AS
156337004	24079001	REPLACED_BY
156339001	30451004	SAME_AS
156341000	23012005	SAME_AS
156349003	35151000087100	SAME_AS
156350003	35151000087100	REPLACED_BY
156351004	200895000	SAME_AS
156352006	35151000087100	REPLACED_BY
156353001	7231009	SAME_AS
156354007	111196000	SAME_AS
156355008	65172003	SAME_AS
156356009	86142006	SAME_AS
15635681000119102	1303725009	SAME_AS
156357000	7231009	REPLACED_BY
15635761000119103	811131000124105	REPLACED_BY
15635801000119106	1306511004	REPLACED_BY
156359002	363168001	REPLACED_BY
156361006	240302002	SAME_AS
15636371000119100	762898005	SAME_AS
156364003	19877001	REPLACED_BY
156365002	200938002	SAME_AS
156366001	58759008	SAME_AS
156367005	238510001	SAME_AS
156369008	9014002	SAME_AS
156372001	34630004	SAME_AS
156373006	77252004	SAME_AS
156374000	200983001	SAME_AS
156375004	34630004	REPLACED_BY
156377007	4776004	SAME_AS
156378002	53891004	SAME_AS
156379005	88996004	REPLACED_BY
156380008	418363000	SAME_AS
156381007	90446007	SAME_AS
156383005	53891004	SAME_AS
156384004	402737007	SAME_AS
156385003	42570001	SAME_AS
156386002	281639001	SAME_AS
156388001	703938007	REPLACED_BY
156389009	80659006	REPLACED_BY
156392008	201066002	SAME_AS
156393003	33659008	SAME_AS
156394009	9418005	SAME_AS
156396006	95320005	REPLACED_BY
156398007	398838000	SAME_AS
156399004	274134003	SAME_AS
156401005	17790008	SAME_AS
156403008	52897009	SAME_AS
156404002	30654002	SAME_AS
15640441000119104	1306288002	SAME_AS
156405001	75789001	SAME_AS
156408004	56317004	SAME_AS
156409007	29966009	SAME_AS
156411003	13600006	SAME_AS
156413000	88232005	SAME_AS
156414006	39659002	SAME_AS
156415007	44279002	SAME_AS
156418009	3441005	SAME_AS
156421006	50563003	SAME_AS
156422004	3441005	REPLACED_BY
156423009	19429009	SAME_AS
156424003	1163215007	REPLACED_BY
156426001	19429009	REPLACED_BY
156427005	126485001	SAME_AS
156428000	40178009	SAME_AS
156429008	62211002	SAME_AS
156430003	7632005	SAME_AS
156433001	201281002	SAME_AS
156434007	36209000	SAME_AS
156435008	49765009	SAME_AS
156437000	56727007	SAME_AS
156439002	95324001	SAME_AS
156440000	201091002	SAME_AS
156441001	95320005	REPLACED_BY
156442008	275322007	REPLACED_BY
156444009	3310005	SAME_AS
156446006	80659006	REPLACED_BY
156447002	928000	SAME_AS
156449004	105969002	SAME_AS
156450004	55464009	SAME_AS
156452007	201049004	SAME_AS
156453002	31848007	SAME_AS
156454008	267874003	REPLACED_BY
156457001	31384009	SAME_AS
156458006	81573002	REPLACED_BY
156460008	48245008	SAME_AS
156461007	34934005	SAME_AS
156462000	36678001	SAME_AS
156463005	239779001	SAME_AS
156464004	239778009	SAME_AS
156465003	61112000	SAME_AS
156466002	372941008	SAME_AS
156467006	239777004	SAME_AS
156468001	267882003	SAME_AS
156470005	372939007	REPLACED_BY
156471009	69896004	SAME_AS
156472002	287006005	SAME_AS
156473007	201766009	SAME_AS
156474001	201769002	SAME_AS
156475000	201771002	SAME_AS
156476004	287007001	SAME_AS
156477008	201775006	SAME_AS
156478003	201777003	SAME_AS
156479006	287008006	SAME_AS
156480009	69896004	REPLACED_BY
156481008	69896004	REPLACED_BY
156482001	57160007	SAME_AS
156484000	417373000	REPLACED_BY
15648641000119100	1285065002	SAME_AS
156487007	268054009	SAME_AS
156488002	373623009	SAME_AS
156489005	239866002	SAME_AS
156490001	239867006	SAME_AS
156491002	22193007	SAME_AS
156492009	239872002	SAME_AS
156493004	239873007	SAME_AS
156494005	82300000	SAME_AS
156495006	396275006	REPLACED_BY
156496007	396275006	REPLACED_BY
156497003	58188004	SAME_AS
156498008	201940003	SAME_AS
156499000	201932009	SAME_AS
156500009	201944007	SAME_AS
156501008	201946009	SAME_AS
156502001	201935006	SAME_AS
156503006	201950002	SAME_AS
156504000	201952005	SAME_AS
156505004	201938008	SAME_AS
156506003	58188004	REPLACED_BY
156507007	1344898003	REPLACED_BY
156508002	399269003	REPLACED_BY
156509005	16935003	SAME_AS
156510000	77888002	SAME_AS
156511001	111213004	SAME_AS
156512008	201736002	REPLACED_BY
156513003	202596000	SAME_AS
156516006	86378006	SAME_AS
156517002	111222003	SAME_AS
156518007	302933001	SAME_AS
156519004	111224002	REPLACED_BY
156520005	81512004	SAME_AS
156521009	36071006	SAME_AS
156523007	53417006	SAME_AS
156525000	80406003	SAME_AS
156526004	202175000	SAME_AS
156527008	202176004	SAME_AS
156528003	239761000	SAME_AS
156529006	202182001	SAME_AS
156530001	202170005	SAME_AS
156531002	239759009	SAME_AS
156532009	202190001	SAME_AS
156533004	267922000	SAME_AS
156534005	80406003	REPLACED_BY
156535006	80406003	REPLACED_BY
156536007	5137004	SAME_AS
156537003	9337000	SAME_AS
156538008	30556007	SAME_AS
156539000	202222009	SAME_AS
156540003	202230005	SAME_AS
156541004	10464008	SAME_AS
156542006	429190007	SAME_AS
156543001	202245003	SAME_AS
156544007	50952009	SAME_AS
156545008	5137004	REPLACED_BY
156546009	5137004	REPLACED_BY
156548005	202264009	SAME_AS
156550002	90116003	SAME_AS
156551003	239734000	SAME_AS
156552005	239735004	SAME_AS
156553000	86414002	SAME_AS
156554006	239738002	SAME_AS
156555007	239739005	SAME_AS
156557004	7890003	REPLACED_BY
156558009	7890003	REPLACED_BY
156559001	111227009	SAME_AS
156560006	90242006	SAME_AS
156561005	202298000	SAME_AS
156562003	202307002	SAME_AS
156563008	202310009	SAME_AS
156564002	56923001	SAME_AS
156565001	24273009	SAME_AS
156566000	202317007	SAME_AS
156567009	267936005	SAME_AS
156568004	111227009	REPLACED_BY
156569007	111227009	REPLACED_BY
156571007	36662003	SAME_AS
156572000	40884005	SAME_AS
156573005	202373004	SAME_AS
156575003	16711001	SAME_AS
156576002	202379000	SAME_AS
156577006	202381003	SAME_AS
156578001	4819006	SAME_AS
156579009	387637008	REPLACED_BY
156580007	387637008	REPLACED_BY
156581006	81808003	SAME_AS
156582004	76427005	SAME_AS
156583009	2602008	SAME_AS
156584003	202405009	SAME_AS
156585002	202407001	SAME_AS
156586001	27507004	SAME_AS
156587005	202411007	SAME_AS
156588000	202413005	SAME_AS
156589008	267948008	SAME_AS
156590004	81808003	REPLACED_BY
156591000	81808003	REPLACED_BY
156593002	35678005	SAME_AS
156595009	202480001	SAME_AS
156596005	202482009	SAME_AS
156597001	202472008	SAME_AS
156598006	49218002	SAME_AS
156599003	1003721002	SAME_AS
156600000	267954009	SAME_AS
156601001	57676002	REPLACED_BY
156602008	57676002	REPLACED_BY
156603003	84445001	REPLACED_BY
156604009	202510005	SAME_AS
156605005	249918006	SAME_AS
156606006	249917001	SAME_AS
156607002	249916005	SAME_AS
156608007	249915009	SAME_AS
156609004	249914008	SAME_AS
156610009	249913002	SAME_AS
156612001	84445001	REPLACED_BY
156613006	84445001	REPLACED_BY
156615004	228158008	SAME_AS
156618002	371082009	SAME_AS
156619005	9631008	SAME_AS
156620004	55146009	SAME_AS
156621000	371082009	SAME_AS
156623002	267970006	SAME_AS
156624008	1156963006	REPLACED_BY
156625009	48210000	SAME_AS
156626005	202677007	SAME_AS
156627001	387802007	SAME_AS
156630008	240215009	SAME_AS
156631007	240216005	SAME_AS
156632000	202708005	SAME_AS
156633005	69195002	SAME_AS
156634004	68675004	SAME_AS
156635003	26538006	SAME_AS
156637006	27151001	SAME_AS
156640006	83561009	SAME_AS
156641005	81680005	REPLACED_BY
156645001	33308003	REPLACED_BY
156647009	267981009	SAME_AS
156648004	279039007	SAME_AS
156649007	23056005	SAME_AS
15665081000119100	890348001	SAME_AS
156652004	12820001	REPLACED_BY
156654003	33308003	REPLACED_BY
156656001	65323003	SAME_AS
156657005	111239001	SAME_AS
156660003	111242007	SAME_AS
156661004	30936004	SAME_AS
156668005	287017006	SAME_AS
15666841000119108	1010212005	SAME_AS
15666881000119103	1010213000	SAME_AS
15667081000119108	1335887005	SAME_AS
15667121000119105	1335888000	SAME_AS
156677003	84017003	SAME_AS
156678008	287023001	SAME_AS
156679000	239961006	SAME_AS
156681003	43800000	SAME_AS
15668121000119106	897573000	SAME_AS
15668161000119101	15667441000119108	SAME_AS
156682005	57356000	SAME_AS
156683000	81498004	SAME_AS
156686008	84017003	REPLACED_BY
156697008	52817008	SAME_AS
156698003	288214008	SAME_AS
156699006	287035002	SAME_AS
156700007	287036001	SAME_AS
156701006	287037005	SAME_AS
156702004	287038000	SAME_AS
156703009	287039008	SAME_AS
156705002	287041009	SAME_AS
156706001	52817008	REPLACED_BY
156708000	288215009	SAME_AS
156709008	288216005	SAME_AS
156710003	287980003	SAME_AS
156711004	268100009	SAME_AS
156712006	288217001	SAME_AS
156713001	288218006	SAME_AS
156714007	240001002	SAME_AS
156716009	415749005	REPLACED_BY
15671761000119103	890352001	SAME_AS
156719002	29689003	SAME_AS
156722000	27911000	SAME_AS
156723005	85551004	SAME_AS
156724004	274142002	SAME_AS
156725003	202882003	SAME_AS
156726002	48532005	SAME_AS
156727006	24693007	SAME_AS
156728001	20187005	SAME_AS
15673081000119106	1003657004	SAME_AS
15676081000119102	781240002	SAME_AS
156761008	90834002	REPLACED_BY
15676121000119100	781239004	SAME_AS
156762001	288241003	SAME_AS
156763006	287045000	SAME_AS
156764000	287046004	SAME_AS
156765004	287047008	SAME_AS
156766003	287048003	SAME_AS
156767007	90834002	REPLACED_BY
156768002	6058003	SAME_AS
156771005	268115005	SAME_AS
156773008	268117002	SAME_AS
156774002	268118007	SAME_AS
156777009	6058003	REPLACED_BY
156780005	274144001	SAME_AS
156782002	59867002	SAME_AS
156783007	7587000	SAME_AS
156784001	287050006	SAME_AS
156785000	203167003	SAME_AS
156786004	10188004	SAME_AS
156787008	287052003	SAME_AS
156788003	288242005	SAME_AS
156789006	268017000	SAME_AS
156790002	409780002	REPLACED_BY
156791003	40970001	SAME_AS
156792005	66634003	SAME_AS
156793000	203184009	SAME_AS
156794006	287053008	SAME_AS
156796008	13325005	SAME_AS
156797004	287055001	SAME_AS
15679721000119107	1304260005	SAME_AS
15679761000119102	1304261009	SAME_AS
156798009	287056000	SAME_AS
156799001	268019002	SAME_AS
156800002	40970001	REPLACED_BY
156801003	60168000	REPLACED_BY
156802005	91538002	REPLACED_BY
156803000	53453008	REPLACED_BY
156804006	1344626008	REPLACED_BY
156805007	1344629001	REPLACED_BY
156806008	61585002	REPLACED_BY
156807004	1344627004	REPLACED_BY
156808009	1344628009	REPLACED_BY
156810006	60168000	REPLACED_BY
156811005	2089002	SAME_AS
156812003	2089002	SAME_AS
156813008	203357004	SAME_AS
156814002	76069003	REPLACED_BY
156815001	19579005	SAME_AS
156816000	53406005	SAME_AS
156818004	26460006	SAME_AS
156821002	82562007	SAME_AS
156823004	274144001	REPLACED_BY
156825006	64859006	SAME_AS
156826007	268029009	SAME_AS
156828008	287064006	SAME_AS
156829000	287065007	SAME_AS
156830005	287066008	SAME_AS
156831009	287067004	SAME_AS
156833007	287069001	SAME_AS
156834001	287070000	SAME_AS
156836004	203465002	SAME_AS
156837008	397758007	SAME_AS
156839006	287071001	SAME_AS
156840008	287073003	SAME_AS
156841007	288244006	SAME_AS
156842000	287074009	SAME_AS
156843005	287075005	SAME_AS
156845003	287077002	SAME_AS
156846002	287078007	SAME_AS
156847006	425852005	REPLACED_BY
156849009	15743005	SAME_AS
156850009	53226007	SAME_AS
156851008	42251007	SAME_AS
156854000	16123003	SAME_AS
156855004	6654000	SAME_AS
156856003	45636002	SAME_AS
156857007	86380000	SAME_AS
156860000	288245007	SAME_AS
156861001	64298006	SAME_AS
156864009	205063003	SAME_AS
156865005	88562000	SAME_AS
156869004	73507002	SAME_AS
156871004	15444000	SAME_AS
156875008	18283000	SAME_AS
156877000	28072004	SAME_AS
156879002	312894000	SAME_AS
15688000	209004004	SAME_AS
156880004	928000	REPLACED_BY
156882007	66091009	SAME_AS
156885009	89369001	SAME_AS
156886005	2438005	SAME_AS
156887001	95464003	REPLACED_BY
156888006	67531005	SAME_AS
156891006	128124001	REPLACED_BY
156892004	55999004	SAME_AS
156894003	47032000	SAME_AS
156895002	253175003	SAME_AS
156896001	128124001	REPLACED_BY
156897005	19416009	SAME_AS
156899008	79410001	SAME_AS
156900003	95508001	SAME_AS
156901004	268163008	SAME_AS
156904007	35547002	SAME_AS
156905008	204257008	SAME_AS
156907000	11731003	SAME_AS
156913009	86299006	SAME_AS
156915002	70142008	SAME_AS
156916001	253273004	REPLACED_BY
156919008	67278007	SAME_AS
156920002	204342004	SAME_AS
15692081000119109	462461000124107	REPLACED_BY
156921003	63042009	SAME_AS
15692121000119106	1003460001	REPLACED_BY
15692161000119101	462471000124100	REPLACED_BY
156922005	18546004	SAME_AS
156923000	72352009	SAME_AS
156924006	46619002	SAME_AS
156925007	27637000	SAME_AS
156927004	9904008	REPLACED_BY
15692721000119107	15992511000119105	SAME_AS
156928009	83330001	SAME_AS
15692801000119105	15992591000119101	SAME_AS
156929001	7305005	SAME_AS
156930006	204470001	SAME_AS
156931005	9904008	REPLACED_BY
156933008	275260000	SAME_AS
156934002	204508009	SAME_AS
156937009	87119009	SAME_AS
156938004	77593006	SAME_AS
156939007	66948001	SAME_AS
156940009	87979003	SAME_AS
156941008	80281008	SAME_AS
156942001	66948001	SAME_AS
156945004	275262008	REPLACED_BY
156946003	67787004	SAME_AS
156947007	26179002	SAME_AS
156948002	89199004	SAME_AS
156949005	204671009	SAME_AS
156950005	95435007	SAME_AS
156951009	111328001	SAME_AS
156952002	275262008	REPLACED_BY
156954001	128347007	REPLACED_BY
156955000	37373007	SAME_AS
156956004	204712000	SAME_AS
156957008	204739008	SAME_AS
156958003	8587003	SAME_AS
156960001	128347007	REPLACED_BY
156961002	128347007	REPLACED_BY
156962009	287085006	SAME_AS
156963004	204821009	SAME_AS
156964005	38296007	SAME_AS
156966007	65937002	SAME_AS
156967003	204878001	SAME_AS
156969000	274151005	SAME_AS
156974008	16297002	SAME_AS
156979003	300444006	SAME_AS
156982008	73573004	SAME_AS
156986006	23407003	SAME_AS
156988007	367506006	SAME_AS
156989004	373413006	SAME_AS
156991007	205093009	SAME_AS
156992000	89689008	SAME_AS
156996002	202606004	SAME_AS
156997006	271015004	SAME_AS
156998001	73573004	REPLACED_BY
157004003	72535009	SAME_AS
157009008	276654001	REPLACED_BY
15700921000119100	774176004	SAME_AS
15700961000119105	774175000	SAME_AS
157010003	38164009	SAME_AS
157011004	205557000	SAME_AS
157012006	84449007	SAME_AS
157013001	416377005	SAME_AS
157014007	56975005	SAME_AS
157015008	2965006	SAME_AS
157016009	50956007	SAME_AS
157018005	74345006	SAME_AS
157019002	41040004	SAME_AS
157022000	51500006	SAME_AS
157023005	74345006	REPLACED_BY
157024004	19346006	SAME_AS
157025003	43876007	SAME_AS
157026002	39462005	SAME_AS
157027006	7199000	SAME_AS
157028001	276654001	REPLACED_BY
157029009	54411001	SAME_AS
15702921000119101	1366622002	SAME_AS
157030004	19886006	SAME_AS
157031000	276654001	REPLACED_BY
157032007	45582004	SAME_AS
15703241000119105	1366623007	SAME_AS
157034008	276654001	REPLACED_BY
157036005	273982004	SAME_AS
157037001	281667005	SAME_AS
157038006	288250001	SAME_AS
157039003	288251002	SAME_AS
157040001	288252009	SAME_AS
157042009	288254005	SAME_AS
157043004	268858006	SAME_AS
157044005	288255006	SAME_AS
157045006	1264047001	REPLACED_BY
157046007	288256007	SAME_AS
15704641000119105	788467004	REPLACED_BY
157047003	281667005	REPLACED_BY
15704721000119106	788487003	SAME_AS
15704761000119101	788488008	SAME_AS
157049000	17382005	SAME_AS
157050000	44223004	SAME_AS
157051001	59566000	SAME_AS
157052008	86203003	SAME_AS
157053003	45384004	REPLACED_BY
157055005	288260005	SAME_AS
157056006	288261009	SAME_AS
157058007	273983009	SAME_AS
157059004	36813001	SAME_AS
157060009	34842007	SAME_AS
157061008	268861007	SAME_AS
157062001	268862000	SAME_AS
157063006	268863005	SAME_AS
157064000	268864004	SAME_AS
157065004	1208622001	REPLACED_BY
157066003	273983009	REPLACED_BY
157068002	200142000	SAME_AS
157069005	200130005	SAME_AS
157070006	200138003	SAME_AS
157071005	200144004	REPLACED_BY
157072003	288264001	SAME_AS
157073008	288265000	SAME_AS
157074002	288266004	SAME_AS
157075001	362972006	REPLACED_BY
157077009	267258002	SAME_AS
157078004	206164002	SAME_AS
157079007	276608005	REPLACED_BY
157080005	771299009	SAME_AS
157084001	38206000	SAME_AS
15708481000119108	1287896006	SAME_AS
157085000	7293009	SAME_AS
15708521000119108	1287895005	SAME_AS
157086004	288270007	SAME_AS
157087008	273982004	REPLACED_BY
157089006	56110009	SAME_AS
157091003	206201001	SAME_AS
157092005	206209004	SAME_AS
157093000	240314005	REPLACED_BY
157095007	84947004	SAME_AS
157097004	56110009	REPLACED_BY
157099001	206258000	SAME_AS
157100009	206259008	SAME_AS
157101008	288273009	SAME_AS
157102001	288274003	SAME_AS
157103006	130955003	REPLACED_BY
157104000	287985008	SAME_AS
157105004	287986009	SAME_AS
157107007	46775006	SAME_AS
157108002	17849001	REPLACED_BY
157109005	78895009	SAME_AS
157110000	206292002	SAME_AS
157111001	49756002	SAME_AS
157112008	70073005	REPLACED_BY
157113003	38593000	REPLACED_BY
157114009	1179634008	REPLACED_BY
157115005	17849001	REPLACED_BY
157117002	1857005	SAME_AS
157119004	239095007	SAME_AS
157120005	34298002	SAME_AS
157121009	414821002	REPLACED_BY
157122002	60498001	SAME_AS
157125000	206390008	SAME_AS
157126004	288276001	SAME_AS
157127008	82986004	SAME_AS
157128003	48729005	SAME_AS
157131002	86986002	SAME_AS
157132009	32858009	SAME_AS
157133004	128086004	REPLACED_BY
157136007	273985002	SAME_AS
15713721000119106	1297134006	SAME_AS
15713761000119101	1297135007	REPLACED_BY
157138008	1335859001	REPLACED_BY
157139000	73749009	SAME_AS
157140003	82696006	SAME_AS
157141004	276549000	REPLACED_BY
157142006	1295289001	REPLACED_BY
157144007	21584002	SAME_AS
157145008	268846006	SAME_AS
157146009	87898000	SAME_AS
157147000	52767006	SAME_AS
157150002	12546009	SAME_AS
157151003	273986001	SAME_AS
157152005	414023003	REPLACED_BY
157153000	42357009	SAME_AS
157154006	206523001	SAME_AS
157156008	42357009	REPLACED_BY
157157004	206537005	SAME_AS
157158009	13629008	SAME_AS
157159001	34831003	SAME_AS
157161005	415073005	REPLACED_BY
157162003	87476004	SAME_AS
15716201000119102	782166005	SAME_AS
157163008	4952001	SAME_AS
157164002	90224001	SAME_AS
157165001	72552008	SAME_AS
157166000	415073005	REPLACED_BY
15716721000119101	782165009	SAME_AS
157169007	125605004	SAME_AS
157170008	71642004	SAME_AS
157171007	25424007	SAME_AS
157172000	83385002	SAME_AS
157173005	24063002	SAME_AS
157174004	49128003	SAME_AS
157175003	71642004	REPLACED_BY
157177006	263171005	SAME_AS
157178001	263172003	SAME_AS
157179009	263156006	SAME_AS
157180007	263164000	SAME_AS
157181006	263167007	SAME_AS
157189008	1734006	SAME_AS
157190004	274156000	SAME_AS
157191000	274157009	SAME_AS
157192007	274158004	SAME_AS
157196005	33737001	SAME_AS
157197001	78516000	SAME_AS
157198006	78011002	SAME_AS
157199003	288282003	SAME_AS
157200000	77493009	SAME_AS
157201001	64455005	SAME_AS
157202008	36127009	SAME_AS
157203003	77493009	REPLACED_BY
157204009	58150001	SAME_AS
157205005	9682006	SAME_AS
157206006	66308002	SAME_AS
157207002	127286005	SAME_AS
157208007	50890004	SAME_AS
157209004	263192005	SAME_AS
157210009	66308002	REPLACED_BY
157212001	263206009	SAME_AS
157213006	263207000	SAME_AS
157214000	123971006	SAME_AS
157215004	263195007	SAME_AS
157216003	263198009	SAME_AS
157217007	263199001	SAME_AS
157218002	263203001	SAME_AS
157219005	263204007	SAME_AS
157220004	263205008	SAME_AS
157222007	82065001	SAME_AS
157223002	31975004	SAME_AS
157224008	82065001	REPLACED_BY
157225009	208393000	SAME_AS
157226005	61653009	SAME_AS
157227001	208393000	REPLACED_BY
157229003	18171007	SAME_AS
157230008	274160002	SAME_AS
157232000	71620000	SAME_AS
157233005	5913000	SAME_AS
157234004	54441004	SAME_AS
157235003	263232003	SAME_AS
157236002	71620000	REPLACED_BY
157237006	51037009	SAME_AS
157239009	31978002	SAME_AS
157240006	75591007	SAME_AS
157241005	69166006	SAME_AS
157242003	271577005	SAME_AS
157245001	281531008	SAME_AS
157246000	281535004	SAME_AS
157247009	263244000	SAME_AS
157248004	123975002	SAME_AS
157249007	16114001	REPLACED_BY
157251006	263247007	SAME_AS
157253009	21351003	SAME_AS
157255002	125605004	REPLACED_BY
157258000	302964004	SAME_AS
157260003	125617002	SAME_AS
157261004	125618007	SAME_AS
157262006	125619004	SAME_AS
157263001	125620005	SAME_AS
157264007	1342431003	REPLACED_BY
157267000	287093006	SAME_AS
157268005	287094000	SAME_AS
15726881000119103	774130003	SAME_AS
15726921000119105	774129008	SAME_AS
157270001	263029007	SAME_AS
157273004	263030002	SAME_AS
157275006	263013004	SAME_AS
157276007	44264009	SAME_AS
157277003	129165008	SAME_AS
157278008	129166009	SAME_AS
157279000	263013004	REPLACED_BY
157283000	263128001	SAME_AS
157284006	262990008	SAME_AS
157285007	70704007	SAME_AS
157288009	87778004	REPLACED_BY
157289001	17883008	SAME_AS
157291009	54888009	SAME_AS
157292002	35726004	SAME_AS
157293007	81902001	SAME_AS
157294001	60058008	SAME_AS
157295000	54888009	REPLACED_BY
157296004	281599007	SAME_AS
157297008	44465007	SAME_AS
157298003	22817005	SAME_AS
157300003	49388007	SAME_AS
157301004	24864009	SAME_AS
157302006	49388007	REPLACED_BY
157303001	281598004	SAME_AS
157305008	274162005	SAME_AS
157306009	209565008	SAME_AS
157307000	209548004	SAME_AS
157309002	12519004	SAME_AS
157310007	281598004	REPLACED_BY
157311006	398878007	REPLACED_BY
157312004	23415000	SAME_AS
15731281000119106	1231725002	SAME_AS
157314003	54942004	SAME_AS
157315002	209812006	SAME_AS
15731521000119105	15731321000119101	SAME_AS
15731561000119100	15731241000119101	SAME_AS
157316001	281543009	SAME_AS
157317005	398878007	REPLACED_BY
157319008	105612003	SAME_AS
157322005	269144002	SAME_AS
157323000	262955000	SAME_AS
157326008	450410005	SAME_AS
157327004	274164006	SAME_AS
157330006	90070003	SAME_AS
157331005	42458003	SAME_AS
157332003	42434002	SAME_AS
157334002	316358009	SAME_AS
157335001	733217006	REPLACED_BY
157336000	47771009	SAME_AS
157337009	125626004	SAME_AS
157338004	125627008	SAME_AS
157340009	125625000	REPLACED_BY
157341008	39400004	SAME_AS
157342001	23589004	SAME_AS
157343006	40095003	SAME_AS
157344000	269159008	SAME_AS
157345004	77165001	SAME_AS
157346003	22724000	SAME_AS
157347007	24850009	SAME_AS
157348002	125637003	SAME_AS
157352002	16998003	SAME_AS
157353007	231816006	SAME_AS
157354001	231851003	REPLACED_BY
157355000	76371008	SAME_AS
157359006	85100000	SAME_AS
157360001	231791008	SAME_AS
157361002	82576008	SAME_AS
157364005	11386000	SAME_AS
15736441000119108	1303340008	SAME_AS
15736481000119103	1303338003	SAME_AS
157365006	210323002	SAME_AS
15736521000119103	1303339006	SAME_AS
15736561000119108	1331895002	SAME_AS
157366007	210325009	SAME_AS
15736601000119108	1331893009	SAME_AS
15736641000119105	1331894003	SAME_AS
15736681000119100	1306298008	SAME_AS
157367003	210341005	SAME_AS
15736761000119101	1306301007	SAME_AS
157368008	210343008	SAME_AS
157369000	210342003	SAME_AS
157370004	210345001	SAME_AS
157371000	210344002	SAME_AS
157373002	38354005	REPLACED_BY
157376005	210395000	SAME_AS
157377001	283356006	REPLACED_BY
157378006	125644007	REPLACED_BY
157380000	127314000	SAME_AS
157381001	269169002	SAME_AS
157382008	269170001	SAME_AS
157383003	274168009	SAME_AS
157384009	210426009	SAME_AS
157387002	210448003	SAME_AS
15738721000119105	1003489004	REPLACED_BY
15738761000119100	1003491007	REPLACED_BY
157388007	274168009	REPLACED_BY
15738801000119108	1003490008	REPLACED_BY
157390008	210454002	SAME_AS
157391007	210456000	SAME_AS
157392000	210469001	SAME_AS
15739201000119104	1303455003	SAME_AS
15739241000119102	1303454004	SAME_AS
15739281000119107	1303456002	SAME_AS
157393005	105615001	REPLACED_BY
15739321000119102	1306782000	SAME_AS
15739361000119107	1306789009	SAME_AS
157394004	81405006	SAME_AS
15739401000119103	1306787006	SAME_AS
157395003	125645008	SAME_AS
157396002	125648005	SAME_AS
15739681000119109	1303890000	SAME_AS
157397006	125650002	SAME_AS
15739721000119103	1303889009	SAME_AS
15739761000119108	1303891001	SAME_AS
157398001	125649002	SAME_AS
15739841000119103	737006004	REPLACED_BY
157399009	125651003	SAME_AS
157400002	125652005	SAME_AS
15740001000004100	65071000119106	SAME_AS
157401003	125653000	SAME_AS
157402005	125654006	SAME_AS
157403000	274174009	SAME_AS
157404006	81405006	REPLACED_BY
157406008	210611002	SAME_AS
157407004	95855003	SAME_AS
157408009	95856002	SAME_AS
15740921000119109	16058231000119103	SAME_AS
15740961000119104	16058271000119100	SAME_AS
15741081000119104	773846000	SAME_AS
157411005	26947005	SAME_AS
157412003	125658009	SAME_AS
157413008	125659001	SAME_AS
157414002	125660006	SAME_AS
157415001	26947005	SAME_AS
157416000	125662003	SAME_AS
157417009	125663008	SAME_AS
157418004	125664002	SAME_AS
157419007	274175005	SAME_AS
15741921000119104	774124003	SAME_AS
157420001	26947005	REPLACED_BY
15742001000119100	774123009	SAME_AS
157421002	95860004	SAME_AS
157422009	95858001	SAME_AS
157423004	95859009	SAME_AS
157424005	95860004	SAME_AS
157425006	95860004	REPLACED_BY
157427003	85564003	SAME_AS
157428008	60190000	SAME_AS
157431009	210864001	SAME_AS
15743161000119106	12247531000119106	REPLACED_BY
157432002	57662003	REPLACED_BY
15743201000119101	316941000119108	REPLACED_BY
15743241000119104	316801000119101	REPLACED_BY
157433007	14817008	SAME_AS
157434001	274176006	SAME_AS
157436004	274178007	SAME_AS
157437008	75023009	SAME_AS
157441007	274180001	SAME_AS
15744121000119104	774143003	SAME_AS
15744161000119109	774144009	SAME_AS
157442000	210987008	SAME_AS
157443005	271107000	SAME_AS
15744321000119102	774139002	SAME_AS
15744361000119107	774138005	SAME_AS
157444004	211008009	SAME_AS
157445003	287106008	SAME_AS
157446002	274180001	REPLACED_BY
157447006	274181002	SAME_AS
157448001	210989006	SAME_AS
157449009	271109002	SAME_AS
157450009	211010006	SAME_AS
157451008	287107004	SAME_AS
157452001	274181002	REPLACED_BY
157453006	274182009	SAME_AS
157454000	283055000	SAME_AS
157455004	271108005	SAME_AS
157456003	211009001	SAME_AS
157457007	287108009	SAME_AS
157459005	274182009	REPLACED_BY
15746001000119104	774142008	SAME_AS
157461001	211037008	SAME_AS
157462008	283128007	SAME_AS
157463003	287109001	SAME_AS
157464009	287110006	SAME_AS
157465005	211036004	REPLACED_BY
157467002	283057008	SAME_AS
157468007	283123003	SAME_AS
157471004	274190009	REPLACED_BY
157473001	283059006	SAME_AS
157474007	283124009	SAME_AS
157475008	287115001	SAME_AS
157476009	287116000	SAME_AS
157477000	283034002	REPLACED_BY
157479002	283062009	SAME_AS
157480004	283131008	SAME_AS
157483002	274197007	REPLACED_BY
157485009	211402004	SAME_AS
157486005	271188007	SAME_AS
157487001	269205004	SAME_AS
157488006	287121002	SAME_AS
157489003	274199005	REPLACED_BY
157491006	231815005	SAME_AS
157492004	302966002	SAME_AS
157497005	85848002	SAME_AS
157498000	287125006	SAME_AS
157499008	287126007	SAME_AS
157500004	287127003	SAME_AS
15750009	414521009	SAME_AS
157501000	62635000	REPLACED_BY
157503002	399963005	REPLACED_BY
157505009	429305003	REPLACED_BY
157508006	125668004	SAME_AS
157509003	4821001	SAME_AS
157510008	64458007	SAME_AS
157511007	60897004	SAME_AS
157512000	125668004	REPLACED_BY
157516002	367423000	REPLACED_BY
157518001	22562004	SAME_AS
157519009	283136003	SAME_AS
157520003	36787001	SAME_AS
157521004	111722002	SAME_AS
157522006	10050004	SAME_AS
157524007	11437003	SAME_AS
157526009	211495007	SAME_AS
157527000	36787001	REPLACED_BY
157528005	68142008	SAME_AS
157533009	68142008	REPLACED_BY
157534003	45613006	SAME_AS
157538000	91603007	REPLACED_BY
157540005	125665001	SAME_AS
157541009	283851005	SAME_AS
157542002	4975008	SAME_AS
157543007	9560007	SAME_AS
157544001	39595001	SAME_AS
157545000	125665001	REPLACED_BY
157547008	211616004	SAME_AS
157549006	37450000	SAME_AS
157550006	231866000	SAME_AS
157551005	55899000	REPLACED_BY
157552003	75441006	SAME_AS
157553008	74699008	SAME_AS
157554002	262599003	SAME_AS
157555001	25479004	SAME_AS
157556000	19496008	SAME_AS
157557009	54421009	SAME_AS
157558004	11356007	SAME_AS
157561003	33334006	SAME_AS
157562005	14380007	SAME_AS
157563000	47609003	SAME_AS
157564006	51694003	SAME_AS
157566008	70176004	SAME_AS
157567004	13457005	SAME_AS
157568009	33334006	REPLACED_BY
157569001	68017002	SAME_AS
157570000	211649008	SAME_AS
157571001	211650008	SAME_AS
157572008	29084009	SAME_AS
157573003	28020009	SAME_AS
157575005	73830004	SAME_AS
157576006	68017002	REPLACED_BY
157577002	211616004	REPLACED_BY
157578007	125666000	SAME_AS
157579004	284537006	SAME_AS
157580001	287132002	SAME_AS
157581002	287133007	SAME_AS
157582009	287134001	SAME_AS
157583004	284537006	REPLACED_BY
157585006	274204004	REPLACED_BY
157586007	287137008	SAME_AS
157587003	287138003	SAME_AS
157588008	274204004	REPLACED_BY
157590009	287139006	SAME_AS
157591008	287140008	SAME_AS
157592001	287141007	SAME_AS
157593006	262581006	REPLACED_BY
157594000	52405000	SAME_AS
157595004	111716006	SAME_AS
157596003	6500006	SAME_AS
157597007	74842002	SAME_AS
157598002	52405000	REPLACED_BY
157599005	6055000	SAME_AS
157601007	53080007	SAME_AS
157602000	26729007	SAME_AS
157603005	6055000	REPLACED_BY
157605003	269243001	SAME_AS
157607006	269245008	SAME_AS
157616005	35447004	SAME_AS
157618006	45982008	SAME_AS
157621008	17543009	REPLACED_BY
157622001	212049006	SAME_AS
157623006	6341002	SAME_AS
157627007	287153006	SAME_AS
157628002	10132008	SAME_AS
157630000	57182000	REPLACED_BY
157631001	17769000	SAME_AS
157632008	48233004	SAME_AS
157633003	212145003	SAME_AS
157634009	304838007	SAME_AS
157635005	72556006	SAME_AS
157636006	1852004	SAME_AS
157637002	53933002	SAME_AS
157638007	9441002	SAME_AS
157639004	90630009	SAME_AS
157640002	78458000	SAME_AS
157641003	17769000	REPLACED_BY
157644006	230616000	SAME_AS
157646008	282792003	SAME_AS
157648009	73590005	SAME_AS
157649001	47185005	SAME_AS
157650001	67279004	SAME_AS
157651002	62745008	SAME_AS
157652009	87450004	SAME_AS
157654005	7449006	SAME_AS
157655006	81884004	SAME_AS
157656007	212317001	SAME_AS
157657003	73590005	REPLACED_BY
157658008	57182000	REPLACED_BY
157659000	22564003	SAME_AS
157663007	212373009	SAME_AS
157664001	269406001	SAME_AS
157665000	64169002	SAME_AS
157667008	111247001	SAME_AS
157668003	54288002	SAME_AS
157672004	48125009	REPLACED_BY
157673009	127278005	REPLACED_BY
157677005	7895008	SAME_AS
157678000	241748001	SAME_AS
157682003	7895008	REPLACED_BY
157684002	82782008	SAME_AS
157685001	212809004	SAME_AS
157687009	86772005	SAME_AS
157688004	274207006	SAME_AS
157690003	26997009	SAME_AS
157691004	39451005	SAME_AS
157692006	212835003	SAME_AS
157698005	17383000	SAME_AS
157700001	90765000	SAME_AS
157704005	86505009	SAME_AS
157707003	75478009	REPLACED_BY
157708008	66207005	SAME_AS
157709000	45519004	SAME_AS
157710005	37131007	SAME_AS
15771004	1296758008	SAME_AS
157714001	75478009	REPLACED_BY
157715000	370402009	SAME_AS
157718003	271331002	SAME_AS
157720000	212916004	SAME_AS
157724009	89797005	SAME_AS
157725005	87108006	SAME_AS
157726006	52072009	SAME_AS
157727002	12979003	SAME_AS
157728007	55017000	SAME_AS
157731008	49252004	SAME_AS
157732001	88548007	SAME_AS
157733006	42883007	SAME_AS
157734000	212954004	SAME_AS
157735004	13567002	SAME_AS
157736003	44532001	REPLACED_BY
157738002	38577009	SAME_AS
157739005	40947009	SAME_AS
157740007	83906008	SAME_AS
157741006	287519002	SAME_AS
157742004	212968006	SAME_AS
157744003	88164008	SAME_AS
157745002	712955007	SAME_AS
157748000	64113006	SAME_AS
157749008	37031009	SAME_AS
157751007	6476001	SAME_AS
157752000	269431000	SAME_AS
157755003	39579001	SAME_AS
157757006	419511003	REPLACED_BY
157758001	419076005	REPLACED_BY
157763002	473023007	REPLACED_BY
157764008	271983002	REPLACED_BY
157765009	271984008	REPLACED_BY
157766005	36605004	REPLACED_BY
157767001	473031002	REPLACED_BY
157768006	473037003	REPLACED_BY
15777000	714628002	REPLACED_BY
157770002	473037003	REPLACED_BY
157771003	473035006	REPLACED_BY
157773000	271972006	REPLACED_BY
157775007	473025000	REPLACED_BY
157776008	473023007	REPLACED_BY
157778009	213207003	SAME_AS
157779001	40172005	SAME_AS
157780003	213217008	SAME_AS
157781004	213222008	SAME_AS
157782006	213227002	SAME_AS
157783001	213235004	SAME_AS
157786009	58581001	SAME_AS
157787000	110265006	SAME_AS
157788005	22247000	SAME_AS
157789002	287164009	SAME_AS
157791005	274213002	SAME_AS
157792003	213148006	SAME_AS
157793008	278536002	REPLACED_BY
157794002	35688006	SAME_AS
157795001	56978007	SAME_AS
157796000	269451001	SAME_AS
157799007	35688006	REPLACED_BY
157803008	213020009	SAME_AS
157804002	235719002	REPLACED_BY
157807009	274215009	SAME_AS
157808004	213770003	SAME_AS
157812005	274216005	SAME_AS
157814006	215414001	SAME_AS
157817004	72431002	SAME_AS
157819001	287165005	SAME_AS
157825002	287166006	SAME_AS
157826001	216640006	SAME_AS
157828000	216654003	SAME_AS
157829008	274217001	SAME_AS
157830003	216656001	SAME_AS
157831004	216657005	SAME_AS
157832006	1363048000	REPLACED_BY
157833001	216662006	SAME_AS
157835008	216664007	SAME_AS
157836009	216654003	REPLACED_BY
157837000	216670001	SAME_AS
157838005	291701002	SAME_AS
157839002	274219003	SAME_AS
157841001	216762001	SAME_AS
157842008	216763006	SAME_AS
157845005	75258004	REPLACED_BY
157849004	216812003	SAME_AS
157850004	216815001	SAME_AS
157852007	269691005	SAME_AS
157854008	269769006	SAME_AS
157863005	216898000	SAME_AS
157864004	216901004	SAME_AS
157865003	269695001	SAME_AS
157866002	216911006	SAME_AS
157867006	216912004	SAME_AS
157868001	216897005	REPLACED_BY
157869009	216926008	SAME_AS
157870005	216927004	SAME_AS
157871009	216930006	SAME_AS
157872002	216936000	SAME_AS
157873007	216940009	SAME_AS
157874001	216941008	SAME_AS
157875000	216926008	REPLACED_BY
157876004	216952002	SAME_AS
157878003	216958003	SAME_AS
157879006	269696000	SAME_AS
157880009	216952002	REPLACED_BY
157881008	216971000	SAME_AS
157882001	269772004	SAME_AS
157883006	216993005	SAME_AS
157884000	269773009	SAME_AS
157885004	269691005	REPLACED_BY
157886003	269691005	REPLACED_BY
157887007	217005002	SAME_AS
157888002	217006001	SAME_AS
157889005	217008000	SAME_AS
157890001	217011004	SAME_AS
157891002	217016009	SAME_AS
157892009	269691005	REPLACED_BY
157893004	116224001	REPLACED_BY
157894005	269691005	REPLACED_BY
157896007	217082002	SAME_AS
157897003	217083007	SAME_AS
157899000	14047009	REPLACED_BY
157900005	68274007	REPLACED_BY
157901009	242408008	SAME_AS
157902002	33036003	SAME_AS
157904001	217082002	REPLACED_BY
157905000	217176002	SAME_AS
157906004	309728007	SAME_AS
157907008	217176002	REPLACED_BY
157908003	269778000	SAME_AS
157909006	217495002	SAME_AS
157910001	288297000	SAME_AS
157911002	217176002	REPLACED_BY
157912009	217592001	SAME_AS
157913004	217593006	SAME_AS
157914005	217594000	SAME_AS
157915006	217592001	REPLACED_BY
157916007	217602000	SAME_AS
157917003	217603005	SAME_AS
157918008	217604004	SAME_AS
157919000	217602000	REPLACED_BY
157920006	406445001	SAME_AS
157921005	217616005	SAME_AS
157922003	269780006	SAME_AS
157923008	217623006	SAME_AS
157924002	406445001	REPLACED_BY
157925001	217631001	SAME_AS
157926000	217632008	SAME_AS
157927009	269705003	SAME_AS
157929007	217665000	SAME_AS
157930002	241820008	SAME_AS
157931003	241819002	SAME_AS
157932005	274920002	SAME_AS
157935007	217697000	SAME_AS
157936008	217698005	SAME_AS
157937004	217701002	SAME_AS
157940004	242605002	SAME_AS
157941000	242651001	REPLACED_BY
157943002	217722008	SAME_AS
157944008	217723003	SAME_AS
157945009	217736003	SAME_AS
157947001	269785001	SAME_AS
157948006	269786000	SAME_AS
157949003	217748000	REPLACED_BY
157951004	217780003	SAME_AS
157952006	274222001	REPLACED_BY
157953001	269790003	SAME_AS
157954007	269791004	SAME_AS
157955008	269792006	SAME_AS
157956009	217814006	REPLACED_BY
157957000	274224000	SAME_AS
157958005	269794007	SAME_AS
157959002	269795008	SAME_AS
157960007	274224000	REPLACED_BY
157961006	217905000	SAME_AS
157962004	217839002	SAME_AS
157964003	274225004	SAME_AS
157965002	274225004	REPLACED_BY
157966001	274226003	SAME_AS
157967005	217849004	SAME_AS
157968000	288298005	SAME_AS
157969008	217848007	REPLACED_BY
157970009	269716005	SAME_AS
157972001	287175008	SAME_AS
157974000	218035007	SAME_AS
157975004	218016007	REPLACED_BY
157976003	218069008	SAME_AS
157978002	269796009	SAME_AS
157979005	218081007	REPLACED_BY
157980008	218081007	REPLACED_BY
157981007	218099004	SAME_AS
157982000	218100007	SAME_AS
157983005	242777003	REPLACED_BY
157984004	242489002	SAME_AS
157985003	218130004	SAME_AS
157987006	218129009	REPLACED_BY
157988001	218164000	SAME_AS
157989009	218165004	SAME_AS
157990000	269798005	SAME_AS
157991001	218172003	SAME_AS
157992008	218164000	REPLACED_BY
157993003	218190002	SAME_AS
157994009	269799002	SAME_AS
157995005	288300005	SAME_AS
157996006	288301009	SAME_AS
157997002	269800003	SAME_AS
157998007	419201009	REPLACED_BY
158000005	788465007	REPLACED_BY
158002002	218226008	SAME_AS
158003007	218231005	SAME_AS
158005000	218246003	SAME_AS
158008003	292920009	SAME_AS
158009006	292954005	SAME_AS
158010001	292994007	SAME_AS
158011002	293056002	SAME_AS
158012009	292921008	SAME_AS
158013004	292930000	SAME_AS
158016007	293070002	SAME_AS
158017003	293080003	SAME_AS
158018008	292800009	SAME_AS
158019000	292826004	SAME_AS
158020006	293059009	SAME_AS
158021005	292910004	SAME_AS
158022003	292799005	REPLACED_BY
158027009	62014003	REPLACED_BY
158029007	62014003	REPLACED_BY
158030002	292040004	SAME_AS
158031003	292045009	REPLACED_BY
158032005	269722001	SAME_AS
158033000	292042007	SAME_AS
158035007	292044008	SAME_AS
158036008	292040004	REPLACED_BY
158037004	62014003	REPLACED_BY
158038009	292314001	SAME_AS
158040004	62014003	REPLACED_BY
158041000	62014003	REPLACED_BY
158042007	293517002	SAME_AS
158043002	292419005	SAME_AS
158044008	62014003	REPLACED_BY
158045009	62014003	REPLACED_BY
158046005	293453002	SAME_AS
158047001	62014003	REPLACED_BY
158049003	219076007	SAME_AS
158050003	293122006	SAME_AS
158051004	219082005	SAME_AS
158052006	219084006	SAME_AS
158053001	219085007	SAME_AS
158056009	219096004	SAME_AS
158057000	293117006	SAME_AS
158059002	293104008	REPLACED_BY
158060007	62014003	REPLACED_BY
15806001	131160005	REPLACED_BY
158062004	82313006	SAME_AS
158063009	271982007	SAME_AS
158065002	288311002	SAME_AS
158066001	269808005	SAME_AS
158067005	287181000	SAME_AS
158068000	287182007	SAME_AS
158069008	287183002	SAME_AS
158070009	287184008	SAME_AS
158071008	287185009	SAME_AS
158072001	287186005	SAME_AS
158073006	82313006	REPLACED_BY
158074000	44301001	SAME_AS
158075004	274228002	SAME_AS
158076003	287188006	SAME_AS
158077007	287189003	SAME_AS
158078002	287190007	SAME_AS
158079005	287191006	SAME_AS
158080008	287192004	SAME_AS
158081007	287193009	SAME_AS
158082000	287194003	SAME_AS
158083005	287195002	SAME_AS
158084004	44301001	REPLACED_BY
158085003	52684005	SAME_AS
158086002	274229005	SAME_AS
158087006	248111006	SAME_AS
158088001	269732008	SAME_AS
158089009	219186006	SAME_AS
158090000	219191007	SAME_AS
158091001	219197006	SAME_AS
158093003	219218005	SAME_AS
158096006	219256006	SAME_AS
158097002	219257002	SAME_AS
158098007	219263006	SAME_AS
158099004	219269005	SAME_AS
158100007	219274002	SAME_AS
158101006	219278004	SAME_AS
158102004	219290002	SAME_AS
158104003	269735005	SAME_AS
158105002	274230000	SAME_AS
158106001	288312009	SAME_AS
158107005	219371007	SAME_AS
158108000	219393002	SAME_AS
158110003	219420006	SAME_AS
158111004	274230000	REPLACED_BY
158112006	27935005	SAME_AS
158113001	276853009	SAME_AS
158120008	371632003	SAME_AS
158121007	89458003	SAME_AS
158122000	271782001	SAME_AS
158123005	274659008	SAME_AS
158124004	271782001	SAME_AS
158125003	418107008	SAME_AS
158127006	7011001	SAME_AS
158128001	45150006	SAME_AS
158129009	29139005	SAME_AS
158130004	39672001	SAME_AS
158131000	66609003	SAME_AS
158133002	309585006	SAME_AS
158138006	91175000	SAME_AS
158139003	41497008	SAME_AS
158141002	91175000	SAME_AS
158143004	271789005	SAME_AS
158144005	404640003	SAME_AS
158145006	404641004	SAME_AS
158146007	386705008	REPLACED_BY
158151001	41975002	SAME_AS
158152008	193462001	SAME_AS
158153003	79280005	SAME_AS
158154009	77692006	SAME_AS
158155005	192008004	SAME_AS
158157002	230496009	SAME_AS
158158007	441877007	SAME_AS
158159004	442176004	SAME_AS
158161008	386661006	SAME_AS
158162001	7520000	SAME_AS
158163006	274640006	SAME_AS
158164000	409702008	SAME_AS
158167007	271795006	SAME_AS
158168002	367391008	SAME_AS
158169005	84229001	SAME_AS
158170006	13791008	SAME_AS
158171005	214264003	SAME_AS
158174002	52613005	SAME_AS
158175001	52613005	SAME_AS
158178004	51921000	SAME_AS
158180005	82991003	SAME_AS
158185000	271799000	SAME_AS
158186004	82470000	SAME_AS
158187008	45352006	SAME_AS
158188003	26079004	SAME_AS
158191003	44169009	SAME_AS
158193000	271801002	SAME_AS
158195007	22325002	SAME_AS
158196008	25136009	SAME_AS
158197004	9447003	SAME_AS
158198009	9447003	SAME_AS
158199001	78691002	SAME_AS
158201004	281016006	SAME_AS
158202006	20262006	SAME_AS
158203001	39384006	SAME_AS
158205008	274662006	SAME_AS
158206009	442413005	SAME_AS
158208005	4373005	SAME_AS
158209002	70784009	SAME_AS
158210007	70784009	SAME_AS
158212004	10629009	SAME_AS
158213009	75140002	SAME_AS
158216001	43029002	SAME_AS
158217005	279069000	SAME_AS
158220002	80910005	SAME_AS
158221003	271805006	SAME_AS
158222005	90673000	SAME_AS
158224006	274676007	SAME_AS
158225007	14151009	SAME_AS
158226008	397974008	SAME_AS
158227004	33653009	SAME_AS
158228009	91019004	SAME_AS
158231005	271807003	SAME_AS
158232003	297958004	SAME_AS
158233008	247470007	SAME_AS
158239007	95325000	SAME_AS
158241008	267038008	SAME_AS
158242001	271808008	SAME_AS
158243006	442433009	SAME_AS
158244000	267038008	SAME_AS
158245004	274724004	SAME_AS
158246003	271809000	SAME_AS
158249005	18165001	SAME_AS
158250005	18165001	SAME_AS
158252002	3415004	SAME_AS
158254001	398979000	SAME_AS
158255000	238810007	SAME_AS
158256004	271812002	SAME_AS
158258003	302228007	SAME_AS
158259006	271813007	SAME_AS
158261002	274672009	SAME_AS
158262009	34319007	SAME_AS
158263004	17417006	SAME_AS
158268008	56882008	SAME_AS
158269000	79890006	SAME_AS
158270004	161833006	SAME_AS
158271000	267024001	SAME_AS
158273002	274540003	SAME_AS
158274008	161838002	SAME_AS
158275009	161839005	SAME_AS
158278006	274625009	SAME_AS
158279003	433476000	SAME_AS
158280000	54840006	SAME_AS
158281001	271817008	SAME_AS
158282008	442168001	SAME_AS
158283003	237836003	SAME_AS
158285005	17173007	SAME_AS
158286006	17173007	SAME_AS
158288007	267023007	SAME_AS
158289004	267023007	SAME_AS
158290008	27029007	SAME_AS
158293005	23019001	SAME_AS
158296002	25064002	SAME_AS
158297006	95668009	SAME_AS
158299009	162397003	SAME_AS
158300001	274751001	SAME_AS
158301002	274755005	SAME_AS
158302009	274751001	SAME_AS
158303004	274751001	SAME_AS
158305006	87486003	SAME_AS
158306007	16617009	SAME_AS
158307003	441913003	SAME_AS
158308008	44564008	SAME_AS
158309000	274657005	SAME_AS
158310005	274657005	SAME_AS
158311009	50219008	SAME_AS
158312002	229645001	SAME_AS
158313007	229644002	SAME_AS
158316004	9236007	SAME_AS
158317008	442322007	SAME_AS
158318003	59770006	SAME_AS
158319006	2496007	SAME_AS
158320000	42341009	SAME_AS
158321001	27206009	SAME_AS
158322008	68345001	SAME_AS
158327002	373909009	SAME_AS
158328007	79879001	SAME_AS
158329004	77329001	SAME_AS
158330009	76067001	SAME_AS
158333006	6285003	SAME_AS
158334000	80313002	SAME_AS
158335004	277766008	SAME_AS
158336003	80313002	REPLACED_BY
158337007	88610006	SAME_AS
158338002	59935001	SAME_AS
158343009	123824001	SAME_AS
158344003	442175000	SAME_AS
158347005	274727006	SAME_AS
158349008	372070002	SAME_AS
158355003	89138009	SAME_AS
158356002	371769008	SAME_AS
158357006	371769008	SAME_AS
158358001	39419009	SAME_AS
158359009	76571007	SAME_AS
158361000	30746006	SAME_AS
158362007	30746006	SAME_AS
158363002	30746006	SAME_AS
158366005	30846001	SAME_AS
158368006	64661000	SAME_AS
158371003	267036007	SAME_AS
158372005	68978004	SAME_AS
158373000	62744007	SAME_AS
158374006	271823003	SAME_AS
158375007	1023001	SAME_AS
158376008	309155007	SAME_AS
158377004	271825005	SAME_AS
158378009	409623005	SAME_AS
158379001	267036007	SAME_AS
158380003	56018004	SAME_AS
158382006	70407001	SAME_AS
158383001	49727002	SAME_AS
158384007	66857006	SAME_AS
158386009	78144005	SAME_AS
158388005	274708000	SAME_AS
158389002	271826006	SAME_AS
158390006	271827002	SAME_AS
158391005	271828007	SAME_AS
158393008	29857009	SAME_AS
158394002	71884009	SAME_AS
158395001	75483001	SAME_AS
158396000	161973001	SAME_AS
158397009	2237002	SAME_AS
158398004	2237002	SAME_AS
158399007	279084009	SAME_AS
158400000	23924001	SAME_AS
15840001	59174009	REPLACED_BY
158401001	23924001	SAME_AS
158402008	4568003	SAME_AS
158403003	281245003	SAME_AS
158405005	440299000	SAME_AS
158406006	274739003	SAME_AS
158407002	441124000	SAME_AS
158408007	441124000	SAME_AS
158411008	274712006	SAME_AS
158413006	48409008	SAME_AS
158414000	59948002	SAME_AS
158416003	65958008	SAME_AS
158419005	308925008	SAME_AS
158420004	16932000	SAME_AS
158421000	422587007	SAME_AS
158422007	422400008	SAME_AS
158423002	422400008	SAME_AS
158424008	16932000	REPLACED_BY
158425009	16331000	SAME_AS
158426005	16331000	SAME_AS
158427001	162030005	SAME_AS
158429003	40739000	SAME_AS
158430008	40739000	SAME_AS
158432000	162076009	SAME_AS
158433005	271834000	SAME_AS
158434004	60728008	REPLACED_BY
158435003	271835004	SAME_AS
158438001	162076009	SAME_AS
158439009	271837007	SAME_AS
158440006	80306002	SAME_AS
158442003	60612008	SAME_AS
158443008	16268000	SAME_AS
158444002	18101008	SAME_AS
158446000	72042002	SAME_AS
158447009	302690004	SAME_AS
158448004	271839005	SAME_AS
158450007	271840007	SAME_AS
158451006	167623009	REPLACED_BY
158456001	249274008	REPLACED_BY
158457005	7093002	SAME_AS
158458000	17329003	SAME_AS
158460003	49650001	SAME_AS
158461004	49650001	SAME_AS
158462006	16844001	SAME_AS
158464007	267064002	SAME_AS
158465008	236648008	SAME_AS
158466009	236650000	SAME_AS
158469002	165232002	SAME_AS
158470001	8009008	SAME_AS
158471002	370555000	SAME_AS
158473004	274734008	SAME_AS
158474005	28442001	SAME_AS
158475006	139394000	SAME_AS
158478008	83128009	SAME_AS
158479000	2472002	SAME_AS
158480002	271846001	SAME_AS
158481003	271848000	SAME_AS
158484006	84471002	SAME_AS
158485007	28490008	SAME_AS
158487004	9957009	SAME_AS
158488009	2910007	SAME_AS
158489001	9957009	SAME_AS
158490005	9957009	REPLACED_BY
158491009	274732007	SAME_AS
158494001	15803009	SAME_AS
158495000	6744007	SAME_AS
158498003	21522001	SAME_AS
158499006	9209005	SAME_AS
158500002	43478001	SAME_AS
158501003	9991008	SAME_AS
158502005	9991008	SAME_AS
158503000	35363006	SAME_AS
158505007	79922009	SAME_AS
158506008	88522004	SAME_AS
158507004	271853005	SAME_AS
158508009	162053006	SAME_AS
158509001	162051008	SAME_AS
158510006	162052001	SAME_AS
158511005	271857006	SAME_AS
158513008	80515008	SAME_AS
158514002	80515008	SAME_AS
158516000	16294009	SAME_AS
158517009	16294009	SAME_AS
158518004	16294009	SAME_AS
158520001	271860004	SAME_AS
158521002	271860004	SAME_AS
158522009	274754009	SAME_AS
158523004	74285003	SAME_AS
158524005	74285003	SAME_AS
158525006	274759004	SAME_AS
158526007	274758007	SAME_AS
158527003	274758007	SAME_AS
158529000	72300008	SAME_AS
158530005	389026000	SAME_AS
158532002	275359008	SAME_AS
158533007	35745008	SAME_AS
158537008	441973005	SAME_AS
158538003	441791009	SAME_AS
158539006	165475005	SAME_AS
158540008	165479004	SAME_AS
158542000	165468009	SAME_AS
158543005	274858002	SAME_AS
158544004	442766007	SAME_AS
158545003	441888001	SAME_AS
158546002	274774002	SAME_AS
158548001	274770006	SAME_AS
158549009	275739007	SAME_AS
158550009	441957004	SAME_AS
158552001	166318006	SAME_AS
158553006	442412000	SAME_AS
158554000	166749003	SAME_AS
158556003	442174001	SAME_AS
158557007	166745009	SAME_AS
158559005	441897002	SAME_AS
158565005	29738008	SAME_AS
158566006	274769005	SAME_AS
158567002	274771005	SAME_AS
158570003	91098006	SAME_AS
158571004	68600005	SAME_AS
158572006	48165008	SAME_AS
158573001	53397008	SAME_AS
158574007	45154002	SAME_AS
158575008	36815008	SAME_AS
158579002	167704008	SAME_AS
158580004	271840007	SAME_AS
158581000	249625002	SAME_AS
158582007	271863002	SAME_AS
158583002	66187002	SAME_AS
158585009	271865009	SAME_AS
158586005	249625002	SAME_AS
158587001	167767004	SAME_AS
158588006	274735009	SAME_AS
158591006	271867001	SAME_AS
158592004	442768008	SAME_AS
158593009	167948009	SAME_AS
158594003	167863008	SAME_AS
158595002	271868006	SAME_AS
158599008	274710003	SAME_AS
158600006	427359005	SAME_AS
158601005	274714007	SAME_AS
158604002	169241000	SAME_AS
158605001	441920005	SAME_AS
158606000	169241000	SAME_AS
158607009	19616004	SAME_AS
158610002	224405004	SAME_AS
158614006	274730004	SAME_AS
158615007	274733002	SAME_AS
158616008	274736005	SAME_AS
158619001	442702006	SAME_AS
158621006	168750009	SAME_AS
158625002	274520005	SAME_AS
158627005	274538008	SAME_AS
158628000	274538008	SAME_AS
158631004	274519004	SAME_AS
158633001	442771000	SAME_AS
158634007	274524001	SAME_AS
158635008	442770004	SAME_AS
158636009	102968003	SAME_AS
158640000	274523007	SAME_AS
158642008	165019004	REPLACED_BY
158644009	38212005	SAME_AS
158645005	607007	SAME_AS
158649004	102594003	SAME_AS
158650004	441707002	SAME_AS
158651000	442767003	SAME_AS
158652007	442774008	SAME_AS
158654008	167180005	SAME_AS
158660008	442665002	SAME_AS
158662000	166603001	SAME_AS
158666002	442634006	SAME_AS
158667006	166432009	SAME_AS
158673007	250538001	SAME_AS
158676004	442124003	SAME_AS
158680009	442773002	SAME_AS
158685004	441846005	SAME_AS
158691002	441781003	SAME_AS
158692009	131136006	SAME_AS
158696007	441801009	SAME_AS
158697003	441811002	SAME_AS
158700004	1263644001	REPLACED_BY
158703002	46670006	SAME_AS
158705009	371622005	SAME_AS
158712000	271873000	SAME_AS
158713005	18726006	SAME_AS
158714004	18726006	SAME_AS
158715003	57494004	SAME_AS
158717006	274644002	SAME_AS
158718001	51178009	SAME_AS
158719009	50514002	SAME_AS
158720003	53559009	SAME_AS
158722006	89816009	SAME_AS
158724007	15355001	SAME_AS
158726009	15355001	SAME_AS
158730007	66466001	SAME_AS
158731006	409622000	SAME_AS
158732004	410431009	SAME_AS
158733009	87317003	SAME_AS
158735002	424196004	SAME_AS
158737005	238108007	SAME_AS
158738000	38276004	REPLACED_BY
15929008	72739001	REPLACED_BY
15938861000119103	551911000124107	REPLACED_BY
15938901000119109	551951000124108	REPLACED_BY
15938941000119106	551971000124103	REPLACED_BY
15938981000119101	551931000124101	REPLACED_BY
15939021000119107	551961000124105	REPLACED_BY
15939061000119102	551921000124104	REPLACED_BY
15939101000119104	551941000124106	REPLACED_BY
15941001	102556003	REPLACED_BY
15952541000119101	351381000119101	REPLACED_BY
15952581000119106	350821000119101	REPLACED_BY
15954861000119106	15955021000119109	SAME_AS
15963181000119104	896691006	SAME_AS
15968001	281599007	SAME_AS
15970061000119108	721704005	SAME_AS
15970101000119106	721705006	SAME_AS
15970141000119108	721706007	SAME_AS
15973007	304737009	SAME_AS
15983111000119107	1365757004	SAME_AS
15983191000119103	1365758009	SAME_AS
15993671000119108	722329004	SAME_AS
15993711000119107	722321001	SAME_AS
15993751000119108	721898008	SAME_AS
15995006	58554001	REPLACED_BY
16000471000119107	182960891000119101	SAME_AS
16000551000119102	655081461000119101	SAME_AS
16001004	301354004	SAME_AS
16002231000119106	38595071000119104	SAME_AS
16002271000119109	851365731000119106	SAME_AS
16002431000119105	384430101000119103	SAME_AS
16002471000119108	859422751000119101	SAME_AS
16004071000119105	1263649006	REPLACED_BY
16004111000119103	1263648003	REPLACED_BY
16004151000119102	1263647008	REPLACED_BY
16005991000119109	16040031000119108	SAME_AS
16006631000119109	16040071000119106	SAME_AS
16016991000119102	16017031000119102	SAME_AS
16018000	414173003	REPLACED_BY
16024191000119100	117776611000119102	SAME_AS
16024231000119109	849579281000119106	SAME_AS
160264007	444438001	REPLACED_BY
160283000	160279000	REPLACED_BY
160293007	266883004	REPLACED_BY
160296004	266883004	REPLACED_BY
160300003	266883004	REPLACED_BY
160304007	160301004	REPLACED_BY
160315002	160305008	REPLACED_BY
160323000	160316001	REPLACED_BY
160326008	266890009	SAME_AS
160327004	1254977008	REPLACED_BY
160330006	763598005	REPLACED_BY
160334002	160324006	REPLACED_BY
16035001	206235003	SAME_AS
160351009	160346003	REPLACED_BY
16035391000119102	1332020002	SAME_AS
160355000	160352002	REPLACED_BY
16035591000119105	1332019008	SAME_AS
160365006	310247005	SAME_AS
160366007	315619001	SAME_AS
160367003	315620007	SAME_AS
160368008	315621006	SAME_AS
160369000	315622004	SAME_AS
160370004	315623009	SAME_AS
160371000	315625002	SAME_AS
160372007	315626001	SAME_AS
160373002	315627005	SAME_AS
160374008	266894000	REPLACED_BY
160380000	266898002	REPLACED_BY
160387002	160381001	REPLACED_BY
16039007	84209002	SAME_AS
160411005	160406008	REPLACED_BY
160415001	1264397009	REPLACED_BY
160416000	266907002	REPLACED_BY
16041671000119109	16041791000119104	SAME_AS
160426007	160417009	REPLACED_BY
160431009	281667005	SAME_AS
16044000	200046004	REPLACED_BY
160443005	160439006	REPLACED_BY
160448001	160444004	REPLACED_BY
160453006	160449009	REPLACED_BY
160458002	160454000	REPLACED_BY
160568009	763896000	REPLACED_BY
160595004	228277002	SAME_AS
160596003	43783005	SAME_AS
160597007	86933000	SAME_AS
160598002	228279004	SAME_AS
160624000	8517006	SAME_AS
160664001	15108003	SAME_AS
160665000	78150000	SAME_AS
160676001	182927005	SAME_AS
160677005	226194001	SAME_AS
16067811000119101	1290072001	REPLACED_BY
16067851000119100	1290073006	REPLACED_BY
16068331000119102	735746003	SAME_AS
16069000	197352008	REPLACED_BY
160704005	266935003	REPLACED_BY
160719006	105531004	SAME_AS
160735004	105530003	SAME_AS
160742004	310537006	SAME_AS
160748000	1303363003	REPLACED_BY
16075931000119103	1075001000119108	SAME_AS
16076171000119109	1075021000119104	SAME_AS
16078291000119101	274778004	SAME_AS
160800006	1345179009	REPLACED_BY
160801005	1345179009	REPLACED_BY
160819001	248027001	SAME_AS
160820007	248035003	SAME_AS
160835008	47695004	SAME_AS
160842008	65118005	REPLACED_BY
160850004	74506000	SAME_AS
160869009	160471004	SAME_AS
160872002	224354005	SAME_AS
160897003	105496009	SAME_AS
16090651000119104	735932007	SAME_AS
160914005	302153001	SAME_AS
16092000	192927008	SAME_AS
160947001	1254718004	REPLACED_BY
160948006	1254720001	REPLACED_BY
160949003	1254719007	REPLACED_BY
160977007	160968000	REPLACED_BY
16101000119107	707207004	REPLACED_BY
161080002	713142003	REPLACED_BY
161110007	224521007	REPLACED_BY
161153007	67564005	SAME_AS
161161002	313168004	SAME_AS
161162009	764526007	REPLACED_BY
161165006	315245004	SAME_AS
161178006	361055000	SAME_AS
161179003	226034001	SAME_AS
1612004	398909004	REPLACED_BY
161425001	161413004	REPLACED_BY
161444008	275536003	REPLACED_BY
161446005	309636006	SAME_AS
161447001	266990005	REPLACED_BY
161454007	266991009	REPLACED_BY
161459002	275538002	REPLACED_BY
161463009	266992002	REPLACED_BY
161467005	1254976004	REPLACED_BY
161475004	314550003	SAME_AS
161476003	161464003	REPLACED_BY
161484004	308064009	SAME_AS
161485003	266993007	REPLACED_BY
161492008	310479003	SAME_AS
161498007	161494009	REPLACED_BY
161510004	275544003	REPLACED_BY
161516005	308065005	SAME_AS
161517001	308066006	SAME_AS
161518006	308067002	SAME_AS
161519003	308068007	SAME_AS
161520009	309634009	SAME_AS
161521008	312442005	SAME_AS
161529005	161523006	REPLACED_BY
161540002	275551007	REPLACED_BY
161543000	161538007	SAME_AS
161544006	266997008	REPLACED_BY
161552009	267002001	REPLACED_BY
161559000	161554005	REPLACED_BY
161564001	309635005	SAME_AS
161565000	161560005	REPLACED_BY
161571006	267004000	REPLACED_BY
161578000	161572004	REPLACED_BY
161585001	161579008	REPLACED_BY
161588004	161586000	REPLACED_BY
161592006	416098002	REPLACED_BY
161593001	416098002	REPLACED_BY
161594007	416098002	REPLACED_BY
161610008	416098002	REPLACED_BY
161628005	308069004	SAME_AS
161629002	308070003	SAME_AS
161630007	308071004	SAME_AS
161631006	161615003	REPLACED_BY
161638000	1264552001	SAME_AS
161642002	313423004	SAME_AS
161645000	161632004	REPLACED_BY
161655001	161646004	REPLACED_BY
161662005	267007007	SAME_AS
161673003	161663000	REPLACED_BY
161683004	161674009	REPLACED_BY
161690009	161615003	REPLACED_BY
161691008	161615003	REPLACED_BY
161699005	161615003	REPLACED_BY
161702003	161700006	REPLACED_BY
161717004	84292000	SAME_AS
161728000	36521000	SAME_AS
161734007	127364007	SAME_AS
161747002	161744009	REPLACED_BY
161766002	271903000	REPLACED_BY
161776004	2314005	SAME_AS
161777008	315604002	SAME_AS
161784000	161779006	REPLACED_BY
161789005	315224006	SAME_AS
161790001	267016006	REPLACED_BY
161791002	271902005	REPLACED_BY
161802009	271902005	REPLACED_BY
161817008	71315007	SAME_AS
161819006	79012001	SAME_AS
161820000	1366162004	REPLACED_BY
161821001	161818003	SAME_AS
161826006	79890006	SAME_AS
161831008	262286000	REPLACED_BY
161832001	262285001	REPLACED_BY
161841006	78164000	REPLACED_BY
161853005	186694006	SAME_AS
161854004	38880002	REPLACED_BY
161860004	161857006	REPLACED_BY
161863002	271811009	SAME_AS
161870002	267032009	SAME_AS
161872005	271951008	SAME_AS
161878009	30746006	SAME_AS
161883001	70070008	REPLACED_BY
161884007	161880003	REPLACED_BY
161895001	161891005	REPLACED_BY
161899007	279992002	SAME_AS
161900002	367391008	SAME_AS
161901003	27624003	SAME_AS
161902005	78459008	SAME_AS
161906008	65124004	SAME_AS
161907004	281792000	SAME_AS
161908009	277890004	SAME_AS
161909001	314916002	SAME_AS
161910006	271771009	SAME_AS
161911005	248491001	SAME_AS
161912003	102598000	SAME_AS
161913008	95891005	REPLACED_BY
161926007	28743005	REPLACED_BY
161929000	28743005	SAME_AS
161930005	68154008	SAME_AS
161931009	284523002	SAME_AS
161934001	315246003	SAME_AS
161946002	267036007	SAME_AS
161948001	60845006	SAME_AS
161949009	248548009	SAME_AS
161951008	267036007	REPLACED_BY
161955004	65958008	REPLACED_BY
161967002	80313002	SAME_AS
161968007	248657009	SAME_AS
161970003	80313002	REPLACED_BY
16197009	422650009	SAME_AS
161975008	2237002	SAME_AS
161976009	297217002	SAME_AS
161978005	29857009	REPLACED_BY
161983002	299060006	SAME_AS
161985009	271808008	SAME_AS
161986005	284521000	SAME_AS
161987001	225707003	SAME_AS
161988006	267038008	REPLACED_BY
161989003	267042006	REPLACED_BY
161990007	267043001	REPLACED_BY
161994003	267042006	REPLACED_BY
162008009	162004006	REPLACED_BY
162011005	102616008	SAME_AS
162013008	53827007	REPLACED_BY
162015001	86276007	SAME_AS
162017009	162009001	REPLACED_BY
162018004	278431005	REPLACED_BY
162021002	278431005	REPLACED_BY
162034001	225587003	SAME_AS
162035000	162031009	REPLACED_BY
162040008	75879005	REPLACED_BY
162041007	43364001	SAME_AS
162055004	422587007	SAME_AS
162058002	51885006	SAME_AS
162060000	422587007	REPLACED_BY
162065005	71419002	SAME_AS
162066006	84480002	SAME_AS
16206621000119103	16058351000119104	SAME_AS
162067002	422400008	REPLACED_BY
162070003	116289008	SAME_AS
162073001	162068007	REPLACED_BY
16207481000119100	732291000	SAME_AS
162078005	162077000	SAME_AS
162082007	14760008	SAME_AS
162083002	14760008	REPLACED_BY
16208561000119106	1335795004	SAME_AS
162087001	302770003	REPLACED_BY
16208721000119109	1335796003	SAME_AS
162090007	302690004	SAME_AS
162093009	267056008	REPLACED_BY
162094003	405729008	SAME_AS
162095002	167602003	REPLACED_BY
162096001	267058009	REPLACED_BY
162097005	267059001	REPLACED_BY
162100000	315064003	SAME_AS
162101001	15510009	SAME_AS
162105005	267060006	SAME_AS
162107002	39963006	SAME_AS
162109004	249519007	SAME_AS
162110009	267045008	REPLACED_BY
162112001	267045008	REPLACED_BY
162117007	300471006	REPLACED_BY
162121000	8009008	SAME_AS
162122007	8009008	SAME_AS
162123002	281862002	SAME_AS
162129003	75088002	SAME_AS
162131007	58972000	SAME_AS
162144002	38343000	SAME_AS
162146000	279028009	SAME_AS
162149007	285375003	SAME_AS
162150007	20502007	SAME_AS
162151006	6561007	SAME_AS
162152004	162138001	REPLACED_BY
162153009	9957009	REPLACED_BY
162155002	9957009	REPLACED_BY
162159008	271939006	REPLACED_BY
162160003	89164003	SAME_AS
162163001	89164003	SAME_AS
162166009	54302000	SAME_AS
162167000	162164007	REPLACED_BY
162168005	11441004	SAME_AS
162180002	31908003	SAME_AS
162183000	197927001	SAME_AS
162193007	263897001	SAME_AS
162202001	59050008	SAME_AS
162203006	67233009	SAME_AS
162210000	4969004	SAME_AS
162222002	304534000	SAME_AS
162223007	247771007	SAME_AS
162224001	314938000	SAME_AS
162226004	308921004	REPLACED_BY
162227008	267078001	REPLACED_BY
162233004	267078001	REPLACED_BY
162237003	1354670009	REPLACED_BY
162238008	249945007	SAME_AS
162240003	95666008	SAME_AS
162242006	312952004	SAME_AS
162243001	312953009	SAME_AS
162244007	314367006	SAME_AS
162247000	62507009	SAME_AS
162249002	274676007	SAME_AS
162250002	44077006	SAME_AS
162251003	14686007	SAME_AS
162253000	310501001	SAME_AS
162256008	162246009	REPLACED_BY
162262003	267083009	REPLACED_BY
162265001	398665005	SAME_AS
162266000	1290882004	REPLACED_BY
162267009	1290882004	REPLACED_BY
162272000	315243006	SAME_AS
162273005	3006004	REPLACED_BY
162276002	24982008	SAME_AS
162280007	225581002	SAME_AS
162281006	162274004	REPLACED_BY
162282004	308923001	SAME_AS
162286001	41652007	SAME_AS
162288000	74776002	SAME_AS
162291000	308923001	REPLACED_BY
162295009	162252005	SAME_AS
162296005	267095009	REPLACED_BY
162297001	25064002	REPLACED_BY
162305001	25064002	REPLACED_BY
162316008	247650009	SAME_AS
162317004	225444004	SAME_AS
162320007	162318009	REPLACED_BY
162322004	28810003	SAME_AS
162323009	2073000	SAME_AS
162324003	6140007	SAME_AS
162325002	301026000	SAME_AS
162326001	79015004	SAME_AS
162329008	50239007	SAME_AS
162330003	310531007	SAME_AS
162331004	310532000	SAME_AS
162332006	18963009	SAME_AS
162333001	308921004	SAME_AS
162336009	308921004	SAME_AS
162341001	15188001	REPLACED_BY
162343003	343087000	SAME_AS
162347002	314914004	SAME_AS
162355009	60862001	REPLACED_BY
162356005	301354004	SAME_AS
162361007	301354004	SAME_AS
162366002	162362000	REPLACED_BY
162367006	76067001	REPLACED_BY
162369009	76067001	SAME_AS
162370005	76067001	REPLACED_BY
162371009	249366005	SAME_AS
162373007	249366005	REPLACED_BY
162377008	72863001	REPLACED_BY
162389005	275488008	SAME_AS
162390001	267102003	REPLACED_BY
162391002	50219008	SAME_AS
162393004	50219008	REPLACED_BY
162396007	373909009	SAME_AS
162418005	40144003	SAME_AS
162419002	315241008	SAME_AS
162420008	315226008	SAME_AS
162425003	102591006	SAME_AS
162433002	162422000	REPLACED_BY
162441002	308918001	REPLACED_BY
162450000	308919009	REPLACED_BY
162460009	308920003	REPLACED_BY
162464000	162461008	REPLACED_BY
162472003	162465004	REPLACED_BY
162482002	162473008	REPLACED_BY
162491003	162483007	REPLACED_BY
162501009	162497004	REPLACED_BY
162507008	428926002	SAME_AS
162509006	162502002	REPLACED_BY
162510001	162408000	REPLACED_BY
162518008	226097005	REPLACED_BY
162523008	11739001	REPLACED_BY
162563009	162561006	REPLACED_BY
162584004	315271000	SAME_AS
162601002	118226009	SAME_AS
162606007	300936002	SAME_AS
16260631000119101	94392001	REPLACED_BY
162661000	315051004	SAME_AS
162671003	162651007	REPLACED_BY
162672005	162649008	REPLACED_BY
16282000	209429001	SAME_AS
162834002	315284009	SAME_AS
162865006	310252000	SAME_AS
162975005	278976004	SAME_AS
16317000	37389005	SAME_AS
163175002	249389002	SAME_AS
16319002	23713006	REPLACED_BY
163284005	235771005	SAME_AS
163287003	309082002	SAME_AS
163288008	315606000	SAME_AS
163330005	278851001	SAME_AS
163371004	54768000	SAME_AS
163372006	289521003	SAME_AS
163384008	87860000	SAME_AS
163386005	21779006	SAME_AS
163396001	93421008	SAME_AS
163418003	314373007	SAME_AS
163419006	314374001	SAME_AS
163420000	289794001	SAME_AS
16343004	400190005	SAME_AS
163443009	360404009	SAME_AS
163444003	248813007	SAME_AS
163445002	315247007	SAME_AS
163446001	315248002	SAME_AS
163447005	315249005	SAME_AS
163448000	315250005	SAME_AS
163455003	237463009	SAME_AS
16348008	131152009	REPLACED_BY
163596002	79631006	SAME_AS
163609008	40917007	SAME_AS
163618005	17842005	SAME_AS
163621007	55533009	SAME_AS
163644005	87866006	SAME_AS
163709004	14686007	SAME_AS
163714000	308074007	SAME_AS
163715004	308075008	SAME_AS
163717007	308077000	SAME_AS
163718002	314811006	SAME_AS
163719005	314829001	SAME_AS
16374002	210347009	REPLACED_BY
16386004	52475004	SAME_AS
163912008	124743003	SAME_AS
163914009	124744009	SAME_AS
16397004	194269002	SAME_AS
163987005	28998008	SAME_AS
163997001	4855003	SAME_AS
163998006	309596003	SAME_AS
163999003	247153005	SAME_AS
164129002	285767006	SAME_AS
164131006	65329004	SAME_AS
164132004	103019006	SAME_AS
164145000	30746006	SAME_AS
164147008	127086001	SAME_AS
164188008	75803007	SAME_AS
1642001	111214005	REPLACED_BY
164223006	301354004	SAME_AS
16428002	40468003	REPLACED_BY
16435005	198347000	SAME_AS
164383005	285302001	SAME_AS
164398007	46742003	SAME_AS
164429008	311897005	SAME_AS
164430003	30704002	SAME_AS
164431004	271813007	SAME_AS
164433001	315252002	SAME_AS
164434007	315253007	SAME_AS
164435008	315254001	SAME_AS
164436009	315255000	SAME_AS
164437000	315256004	SAME_AS
164438005	315257008	SAME_AS
164439002	315258003	SAME_AS
164440000	315259006	SAME_AS
164441001	315260001	SAME_AS
164459003	20995005	SAME_AS
164460008	21124006	SAME_AS
164469009	315592004	SAME_AS
164483006	280137006	SAME_AS
164484000	309598002	SAME_AS
164495006	280137006	SAME_AS
164496007	309598002	SAME_AS
164629003	301403003	SAME_AS
164630008	247347003	SAME_AS
164631007	299703001	SAME_AS
164701006	278974001	SAME_AS
164702004	278975000	SAME_AS
164704003	278971009	SAME_AS
164705002	278972002	SAME_AS
164708000	370388006	SAME_AS
164753003	313203003	SAME_AS
164762001	370377000	SAME_AS
164849009	165084003	SAME_AS
164855004	102594003	SAME_AS
164863003	164861001	SAME_AS
164864009	164861001	REPLACED_BY
164872006	164865005	REPLACED_BY
164875008	164873001	SAME_AS
164876009	164873001	REPLACED_BY
164879002	164877000	SAME_AS
164880004	164877000	REPLACED_BY
164886005	164881000	REPLACED_BY
164892004	164887001	REPLACED_BY
164897005	164893009	REPLACED_BY
164910007	164898000	REPLACED_BY
164943006	164940009	REPLACED_BY
164952002	39732003	SAME_AS
164953007	47665007	SAME_AS
164958003	370365005	REPLACED_BY
16505001	1263627000	REPLACED_BY
165064002	314473008	SAME_AS
165065001	314472003	SAME_AS
165083009	370367002	REPLACED_BY
165086001	275514001	SAME_AS
165117004	314981002	SAME_AS
165148007	313172000	SAME_AS
165217009	315063009	SAME_AS
165229000	72042002	SAME_AS
165256003	365112008	REPLACED_BY
165258002	1163215007	REPLACED_BY
165259005	1163217004	REPLACED_BY
165260000	723071003	REPLACED_BY
165354003	165348004	REPLACED_BY
165359008	165355002	REPLACED_BY
16536009	209090003	SAME_AS
165361004	313334002	SAME_AS
165362006	313335001	SAME_AS
165363001	313336000	SAME_AS
165364007	313337009	SAME_AS
165365008	313338004	SAME_AS
165380002	34641000087106	REPLACED_BY
165396004	165397008	REPLACED_BY
165402007	131141003	REPLACED_BY
165404008	250237007	SAME_AS
165410008	365618006	SAME_AS
16547002	202133001	SAME_AS
165491008	46049004	SAME_AS
165493006	302783002	SAME_AS
165497007	302783002	SAME_AS
16550001000004104	540861000124105	REPLACED_BY
165508008	17182001	SAME_AS
165523003	43355006	SAME_AS
165524009	386789004	SAME_AS
165538002	418697001	SAME_AS
165553005	165543009	REPLACED_BY
165557006	6631009	SAME_AS
16565003	69260008	REPLACED_BY
165724006	165679005	SAME_AS
165725007	165680008	SAME_AS
165726008	165681007	SAME_AS
165748002	89109006	REPLACED_BY
165757008	250396003	REPLACED_BY
165759006	312457003	SAME_AS
16576004	230297002	SAME_AS
165809009	278975000	SAME_AS
165852009	310614009	SAME_AS
165855006	310291005	SAME_AS
165856007	310290006	SAME_AS
165858008	310292003	SAME_AS
165860005	310296000	SAME_AS
165861009	310297009	SAME_AS
165862002	310298004	SAME_AS
165871006	310293008	SAME_AS
165872004	310294002	SAME_AS
165873009	310295001	SAME_AS
165897000	310255003	SAME_AS
165898005	310256002	SAME_AS
166000004	310257006	SAME_AS
166001000	310258001	SAME_AS
166003002	310259009	SAME_AS
166004008	310260004	SAME_AS
166006005	310268006	SAME_AS
166007001	310269003	SAME_AS
166009003	310261000	SAME_AS
166010008	310262007	SAME_AS
166012000	310266005	SAME_AS
166013005	310267001	SAME_AS
166015003	310287000	SAME_AS
166016002	310286009	SAME_AS
166017006	310288005	SAME_AS
166018001	310289002	SAME_AS
16602691000119104	784243001	SAME_AS
166065007	310563001	SAME_AS
166066008	310567000	SAME_AS
166068009	310567000	SAME_AS
166070000	310564007	SAME_AS
166071001	310568005	SAME_AS
166073003	310568005	SAME_AS
166076006	314527009	SAME_AS
166077002	314526000	SAME_AS
166124005	314706002	SAME_AS
166303005	315010001	SAME_AS
166311000	315200003	SAME_AS
166322001	131089005	SAME_AS
166323006	131090001	SAME_AS
166347004	312399001	SAME_AS
166380006	131008004	SAME_AS
166384002	250425007	REPLACED_BY
166385001	250423000	REPLACED_BY
166447000	1172552003	REPLACED_BY
16663003	414017008	REPLACED_BY
166631005	310885000	SAME_AS
166784004	119247004	SAME_AS
166831007	166830008	REPLACED_BY
166924009	444780001	REPLACED_BY
166968006	1172948006	REPLACED_BY
166969003	1172949003	REPLACED_BY
166975007	1217346007	REPLACED_BY
167031003	312391003	SAME_AS
167050003	129907001	SAME_AS
167189006	314983004	SAME_AS
167232003	39575007	REPLACED_BY
167237009	7766007	SAME_AS
167250005	8769003	SAME_AS
167268008	45154002	SAME_AS
167279003	29738008	SAME_AS
167319006	61373006	SAME_AS
167353005	34436003	SAME_AS
167412001	274784001	SAME_AS
167461004	315333006	SAME_AS
167516000	24942001	SAME_AS
167528008	1279952006	REPLACED_BY
16757004	79631006	REPLACED_BY
167586005	314137006	SAME_AS
167597005	271840007	SAME_AS
167606000	267056008	SAME_AS
167610002	35064005	SAME_AS
167615007	27731006	SAME_AS
167616008	398032003	SAME_AS
167617004	398212009	SAME_AS
167618009	75295004	SAME_AS
167619001	424278001	SAME_AS
167626001	249625002	SAME_AS
167629008	271864008	SAME_AS
167631004	276391004	SAME_AS
167633001	271865009	SAME_AS
167636009	249625002	REPLACED_BY
167657001	365797009	SAME_AS
167668001	389076003	REPLACED_BY
167669009	59614000	SAME_AS
167715003	281668000	REPLACED_BY
16772000	298101003	REPLACED_BY
167781002	48188009	SAME_AS
167802001	274735009	REPLACED_BY
167809005	315220002	SAME_AS
167810000	315221003	SAME_AS
167811001	315222005	SAME_AS
167829006	300361008	SAME_AS
167830001	300364000	SAME_AS
167894008	167893002	REPLACED_BY
167905003	167899003	REPLACED_BY
167927007	70918005	SAME_AS
167978000	167975002	REPLACED_BY
16799003	3434004	SAME_AS
167993001	43516009	SAME_AS
16809003	210456000	REPLACED_BY
168091004	249134008	SAME_AS
168112009	441849003	REPLACED_BY
16812000	860917009	REPLACED_BY
16819301000119102	716379000	SAME_AS
168234000	365690003	REPLACED_BY
168263002	365703004	REPLACED_BY
168267001	310541005	SAME_AS
168303002	269942002	REPLACED_BY
168327000	313365006	SAME_AS
168363000	269950006	REPLACED_BY
168376006	168123008	REPLACED_BY
168380001	145572004	REPLACED_BY
168387003	312210001	SAME_AS
168398002	309198006	SAME_AS
168425007	310841002	SAME_AS
168426008	310842009	SAME_AS
168427004	168414003	REPLACED_BY
168439007	168428009	REPLACED_BY
168459006	168455000	REPLACED_BY
168478006	310437009	SAME_AS
168480000	310439007	SAME_AS
168481001	310440009	SAME_AS
168482008	250440009	SAME_AS
168483003	168393006	REPLACED_BY
168495003	168539009	REPLACED_BY
168496002	1295421002	REPLACED_BY
168497006	1295423004	REPLACED_BY
168499009	1295418004	REPLACED_BY
168535003	443912003	REPLACED_BY
168568005	1293062003	REPLACED_BY
168593007	1295212001	REPLACED_BY
168598003	1251532001	REPLACED_BY
168606003	1290937002	REPLACED_BY
168613003	1290590007	REPLACED_BY
168650002	1290475006	REPLACED_BY
168653000	1290484006	REPLACED_BY
168676002	1290528008	REPLACED_BY
168678001	1290521002	REPLACED_BY
168693002	1290454003	REPLACED_BY
168700002	1295435000	REPLACED_BY
168711005	1290424008	REPLACED_BY
168715001	1306637009	REPLACED_BY
168727003	1290824001	REPLACED_BY
168732002	1295419007	REPLACED_BY
168733007	1290959000	REPLACED_BY
168734001	1290960005	REPLACED_BY
168785009	145935000	SAME_AS
168791006	1339044001	REPLACED_BY
168806001	1366551006	REPLACED_BY
168867007	1295425006	REPLACED_BY
168869005	1295501000	REPLACED_BY
168880005	1343407001	REPLACED_BY
168887008	1343410008	REPLACED_BY
168987007	1336191007	REPLACED_BY
168994005	313197001	SAME_AS
169054001	168542003	REPLACED_BY
169065006	129679001	SAME_AS
169077001	310254004	SAME_AS
169105006	1295404006	REPLACED_BY
1692000	164914003	SAME_AS
169232005	370383002	REPLACED_BY
169233000	370382007	REPLACED_BY
169234006	370381000	REPLACED_BY
169248006	312370006	SAME_AS
169286002	313196005	SAME_AS
16929003	204614006	SAME_AS
16941005	303081002	SAME_AS
169454005	737288007	REPLACED_BY
169455006	243819008	REPLACED_BY
169456007	243820002	REPLACED_BY
169472004	789537001	REPLACED_BY
169478000	105011000119105	SAME_AS
169492006	312081001	SAME_AS
169493001	206568009	SAME_AS
169494007	243818000	REPLACED_BY
169502003	243819008	REPLACED_BY
169509007	243820002	REPLACED_BY
169512005	243821003	REPLACED_BY
169527005	243822005	REPLACED_BY
169540000	243824006	REPLACED_BY
169543003	169516008	SAME_AS
169570005	83074005	SAME_AS
169571009	77386006	REPLACED_BY
16958000	26624006	SAME_AS
169580009	102878001	REPLACED_BY
169586003	169578003	REPLACED_BY
169590001	169587007	REPLACED_BY
169596007	169591002	REPLACED_BY
169599000	276445008	REPLACED_BY
169606008	276445008	REPLACED_BY
16961000119105	715145003	REPLACED_BY
169612003	169607004	REPLACED_BY
169617009	310248000	SAME_AS
169618004	169613008	REPLACED_BY
169627003	271402002	REPLACED_BY
169639006	169632002	REPLACED_BY
169656003	169646002	REPLACED_BY
169672006	370379002	REPLACED_BY
169689003	243828009	REPLACED_BY
169697005	243829001	REPLACED_BY
169736007	90968009	SAME_AS
169737003	90968009	SAME_AS
169752005	240301009	SAME_AS
169761005	243833008	REPLACED_BY
169785002	118189007	REPLACED_BY
169799003	310580002	SAME_AS
169800004	243832003	REPLACED_BY
169802007	310585007	SAME_AS
169803002	310586008	SAME_AS
169806005	313178001	SAME_AS
169807001	313179009	SAME_AS
169808006	313180007	SAME_AS
169809003	46230007	SAME_AS
169836001	3950001	SAME_AS
169852003	16207008	SAME_AS
169855001	1268668007	REPLACED_BY
169856000	1268666006	REPLACED_BY
169857009	1268667002	REPLACED_BY
169858004	310530008	SAME_AS
169869001	310491007	SAME_AS
169870000	310492000	SAME_AS
169871001	310493005	SAME_AS
169872008	310494004	SAME_AS
169873003	310538001	SAME_AS
169942003	789612004	REPLACED_BY
169961004	48782003	SAME_AS
170149003	444475006	REPLACED_BY
170158005	444467000	REPLACED_BY
170167005	444508009	REPLACED_BY
170176003	444430008	REPLACED_BY
170185003	444480002	REPLACED_BY
170459006	1222880007	REPLACED_BY
170474008	1296883003	REPLACED_BY
170480000	150781000119103	REPLACED_BY
170481001	444071008	REPLACED_BY
170491007	15927341000119106	REPLACED_BY
170492000	699433000	REPLACED_BY
170496002	66598005	REPLACED_BY
170536002	723620004	REPLACED_BY
170643001	370220003	REPLACED_BY
170644007	370218001	REPLACED_BY
170645008	370219009	REPLACED_BY
170646009	370221004	REPLACED_BY
170652005	708410006	REPLACED_BY
170654006	708358003	REPLACED_BY
170664002	312454005	SAME_AS
170665001	312453004	SAME_AS
170667009	313149002	SAME_AS
170714002	84757009	REPLACED_BY
170715001	314827004	SAME_AS
170716000	314828009	SAME_AS
170812006	707132006	REPLACED_BY
170852008	398102009	SAME_AS
170879007	42338000	SAME_AS
170942008	170932006	REPLACED_BY
170943003	170932006	REPLACED_BY
170944009	170932006	REPLACED_BY
170951000	21801002	SAME_AS
170980009	268532004	REPLACED_BY
170984000	443913008	REPLACED_BY
170990001	170985004	REPLACED_BY
170999000	268532004	REPLACED_BY
171073000	148297000	REPLACED_BY
171170000	736595007	REPLACED_BY
171252009	243879003	REPLACED_BY
171287009	4521000175102	REPLACED_BY
171295008	310839003	SAME_AS
171296009	310840001	SAME_AS
171297000	314768003	SAME_AS
171298005	314769006	SAME_AS
171300005	314936001	SAME_AS
171328004	712875004	REPLACED_BY
17143003	275338001	SAME_AS
17158006	1157162007	REPLACED_BY
17159003	129627002	SAME_AS
17161007	717234006	REPLACED_BY
17169009	127304009	REPLACED_BY
171699006	186182003	SAME_AS
17184000	209413009	SAME_AS
171847006	399050001	SAME_AS
1720006	204299009	SAME_AS
17205007	201849003	SAME_AS
172422001	173300003	SAME_AS
17247006	212704001	SAME_AS
17267002	272745007	SAME_AS
172672006	186476008	SAME_AS
17290007	209125001	SAME_AS
17299008	876812005	REPLACED_BY
1731003	52603002	REPLACED_BY
17313006	210942009	SAME_AS
17327001	195866009	SAME_AS
17335003	609467006	REPLACED_BY
17338001	251176006	SAME_AS
17419009	129565002	REPLACED_BY
174232009	175176000	SAME_AS
17435002	191555002	SAME_AS
174536008	186464008	SAME_AS
17498002	23713006	REPLACED_BY
17506007	386034005	SAME_AS
17513007	195411001	SAME_AS
175473004	266235007	SAME_AS
175497008	266108008	SAME_AS
17553005	69293004	REPLACED_BY
17570001000004102	540951000124104	REPLACED_BY
17604001	253336000	REPLACED_BY
1761000119103	10692761000119107	REPLACED_BY
176130006	177010002	SAME_AS
17648006	186591007	SAME_AS
17650003	1083751000119104	REPLACED_BY
17710007	210399006	REPLACED_BY
177166004	1807002	SAME_AS
17721003	64217002	REPLACED_BY
17742001	162181003	SAME_AS
17762009	28394000	SAME_AS
17778006	473034005	REPLACED_BY
178257007	87117006	SAME_AS
17844006	202110002	SAME_AS
17852009	212710001	SAME_AS
178522008	44991000119100	SAME_AS
178935009	191169008	SAME_AS
179235008	87117006	SAME_AS
179260008	50177009	SAME_AS
17926002	268030004	SAME_AS
1796006	204357006	SAME_AS
17975001	128280002	REPLACED_BY
17976000	210260000	SAME_AS
180077001	4237001	SAME_AS
18034008	193326001	SAME_AS
180353003	415169009	SAME_AS
180485001	190794006	SAME_AS
18080005	876803008	REPLACED_BY
181000119105	22033007	SAME_AS
181119002	39462005	SAME_AS
181198009	182159002	SAME_AS
18159001	1254795002	REPLACED_BY
18191000	1217008005	REPLACED_BY
18254003	300849006	SAME_AS
182651003	275659002	SAME_AS
18266009	111293003	SAME_AS
182816009	1217105006	REPLACED_BY
182825003	56718006	SAME_AS
182829009	314872007	SAME_AS
182830004	1217105006	REPLACED_BY
182891003	1303428007	REPLACED_BY
182892005	182991002	REPLACED_BY
182907009	274512008	SAME_AS
182910002	314529007	SAME_AS
182911003	314530002	SAME_AS
182913000	314984005	SAME_AS
182921006	266714009	SAME_AS
182926001	160671006	SAME_AS
18293007	210364007	REPLACED_BY
182945005	2367005	SAME_AS
182951000	1222884003	REPLACED_BY
182952007	1222880007	REPLACED_BY
182979006	310879007	SAME_AS
182993004	314705003	SAME_AS
18300001000004102	735471001	SAME_AS
183008006	313334002	SAME_AS
183041009	1252710005	REPLACED_BY
183048003	183039008	REPLACED_BY
183080001	310284007	SAME_AS
183086007	310299007	SAME_AS
183087003	312445007	SAME_AS
183088008	312866008	SAME_AS
183089000	313184003	SAME_AS
183092001	183049006	REPLACED_BY
183109001	313369000	SAME_AS
183221006	309843003	SAME_AS
183222004	309844009	SAME_AS
183225002	309843003	REPLACED_BY
183226001	309844009	REPLACED_BY
1833005	95706000	SAME_AS
183352009	276068009	SAME_AS
183377005	105499002	REPLACED_BY
18353007	192926004	SAME_AS
18355000	48777005	SAME_AS
183629001	310341009	SAME_AS
183630006	183616001	REPLACED_BY
183638004	763079000	REPLACED_BY
183639007	266750002	REPLACED_BY
183657008	313987006	SAME_AS
183723008	183708003	REPLACED_BY
183735007	183708003	REPLACED_BY
183736008	183708003	REPLACED_BY
183752006	183737004	REPLACED_BY
183765002	183737004	REPLACED_BY
183766001	183737004	REPLACED_BY
183926006	266756008	REPLACED_BY
183927002	29384001	SAME_AS
18393005	723916001	REPLACED_BY
183931008	266756008	REPLACED_BY
183937007	312451002	SAME_AS
183938002	315061006	SAME_AS
183939005	315062004	SAME_AS
183940007	315363002	SAME_AS
183941006	315364008	SAME_AS
183942004	315591006	SAME_AS
183943009	183932001	REPLACED_BY
183944003	1296859006	REPLACED_BY
183947005	1296859006	REPLACED_BY
183950008	315020006	SAME_AS
183951007	315021005	SAME_AS
183952000	315023008	SAME_AS
183953005	315022003	SAME_AS
183954004	1296859006	REPLACED_BY
183956002	413311005	SAME_AS
183970002	416237000	REPLACED_BY
184068004	197284004	SAME_AS
184093002	184087005	REPLACED_BY
18423004	212664005	SAME_AS
184240008	307895001	REPLACED_BY
184279002	371828006	REPLACED_BY
184293009	876879006	REPLACED_BY
184295002	876884000	REPLACED_BY
184297005	183676005	REPLACED_BY
184298000	876885004	REPLACED_BY
1843008	193463006	SAME_AS
184301001	876882001	REPLACED_BY
184346000	186289000	SAME_AS
18439006	212739001	SAME_AS
18443005	274098004	SAME_AS
184478007	1268934004	REPLACED_BY
184479004	1268934004	REPLACED_BY
18458002	1354667005	REPLACED_BY
184886000	310447007	REPLACED_BY
18500004	203630007	SAME_AS
185098004	310369001	REPLACED_BY
185101000	308813009	REPLACED_BY
185158004	185201007	REPLACED_BY
185159007	185262002	SAME_AS
185160002	185263007	SAME_AS
185161003	185264001	SAME_AS
185162005	185265000	SAME_AS
185163000	185266004	SAME_AS
185164006	185267008	SAME_AS
185165007	185268003	SAME_AS
185166008	185269006	SAME_AS
185167004	185270007	SAME_AS
185168009	185271006	SAME_AS
185169001	185272004	SAME_AS
185170000	185273009	SAME_AS
185171001	185274003	SAME_AS
185172008	185275002	SAME_AS
185174009	185276001	SAME_AS
185192001	313103006	SAME_AS
185193006	313104000	SAME_AS
185194000	313151003	SAME_AS
185195004	313152005	SAME_AS
185196003	313375009	SAME_AS
185197007	314774003	SAME_AS
185198002	314803001	SAME_AS
185199005	315014005	SAME_AS
185200008	315599008	SAME_AS
185238007	185201007	REPLACED_BY
185257003	313148005	SAME_AS
185258008	313340009	SAME_AS
185261009	308021002	REPLACED_BY
185302002	185303007	SAME_AS
185308003	185307008	SAME_AS
185309006	310348003	SAME_AS
185310001	305628006	SAME_AS
185311002	312456007	SAME_AS
185313004	305752008	SAME_AS
185314005	314775002	SAME_AS
185315006	314850005	SAME_AS
185343002	185324002	REPLACED_BY
185367005	186289000	SAME_AS
185372001	309013001	REPLACED_BY
185375004	312357002	SAME_AS
18541009	38573008	SAME_AS
185505004	312884005	SAME_AS
185506003	305599003	SAME_AS
185508002	314229006	SAME_AS
185511001	763380007	REPLACED_BY
185512008	314380009	SAME_AS
185522002	315593009	SAME_AS
185523007	315594003	SAME_AS
185697008	308530002	REPLACED_BY
185698003	308530002	REPLACED_BY
185699006	763083000	REPLACED_BY
185710003	171176006	REPLACED_BY
185717000	763324001	REPLACED_BY
18572008	241800007	SAME_AS
185729009	763221007	REPLACED_BY
185742009	763085007	REPLACED_BY
185766003	765105005	REPLACED_BY
185778004	763483005	REPLACED_BY
185790002	765001003	REPLACED_BY
185803000	763086008	REPLACED_BY
185815001	763356008	REPLACED_BY
185828008	763781008	REPLACED_BY
18589000	880056008	REPLACED_BY
185890007	763282002	REPLACED_BY
185904007	315640000	SAME_AS
185909002	763481007	REPLACED_BY
185923000	1304232008	REPLACED_BY
185924006	1304234009	REPLACED_BY
185939007	1304141009	REPLACED_BY
185940009	1304143007	REPLACED_BY
185942001	1304141009	REPLACED_BY
185962009	271364002	REPLACED_BY
185974008	308340000	REPLACED_BY
186027005	763726001	REPLACED_BY
186070005	310302007	SAME_AS
186074001	310343007	SAME_AS
186075000	310344001	SAME_AS
186076004	310345000	SAME_AS
186077008	310346004	SAME_AS
186078003	310459006	SAME_AS
186088002	63650001	SAME_AS
186095006	47375003	SAME_AS
186097003	77645007	SAME_AS
186098008	71299003	SAME_AS
186099000	6803002	SAME_AS
186105003	55760004	SAME_AS
186111000	70014009	SAME_AS
186114008	19894004	SAME_AS
186117001	23874000	SAME_AS
18612007	124302001	SAME_AS
186126003	240370009	SAME_AS
186130000	240353001	SAME_AS
186131001	240352006	SAME_AS
186132008	240355008	SAME_AS
186133003	240354007	SAME_AS
186135005	421429008	REPLACED_BY
186144006	80960004	SAME_AS
186145007	307759003	SAME_AS
186153004	308119005	SAME_AS
186161009	79099006	SAME_AS
186163007	57419008	SAME_AS
186167008	19213003	REPLACED_BY
186171006	266071000	REPLACED_BY
186176001	80602006	SAME_AS
186181005	700272008	REPLACED_BY
186183008	186182003	SAME_AS
186185001	24235005	SAME_AS
186189007	77668003	SAME_AS
186190003	80010008	SAME_AS
186192006	700272008	REPLACED_BY
186201000	700272008	REPLACED_BY
186207001	700272008	REPLACED_BY
186208006	83784000	SAME_AS
186209003	56498009	SAME_AS
186210008	25831001	SAME_AS
186211007	52721006	SAME_AS
186212000	700272008	REPLACED_BY
186214004	58437007	SAME_AS
186216002	35786001	SAME_AS
186221004	91483004	SAME_AS
186230007	35984006	SAME_AS
186233009	190710003	REPLACED_BY
186235002	44323002	SAME_AS
186237005	32268008	SAME_AS
186240005	20372007	SAME_AS
186247008	56717001	REPLACED_BY
186249006	10528009	SAME_AS
186252003	82796002	SAME_AS
186253008	82796002	SAME_AS
186255001	74610006	SAME_AS
186256000	74610006	SAME_AS
186258004	77038006	SAME_AS
186264006	84288007	SAME_AS
186265007	79158003	SAME_AS
186275005	56717001	REPLACED_BY
186279004	182159002	REPLACED_BY
186280001	182159002	REPLACED_BY
186282009	56717001	REPLACED_BY
186283004	38976008	REPLACED_BY
186286007	186287003	SAME_AS
186290009	58750007	REPLACED_BY
186297007	45556008	SAME_AS
186302005	111798006	SAME_AS
186315001	4241002	SAME_AS
186316000	402128003	SAME_AS
186324005	240394009	SAME_AS
186335000	87628006	REPLACED_BY
186336004	240403008	SAME_AS
186337008	240402003	SAME_AS
186358002	43878008	SAME_AS
186359005	85083002	SAME_AS
186360000	43878008	SAME_AS
186362008	186357007	REPLACED_BY
186363003	192644005	SAME_AS
186364009	18071005	SAME_AS
186366006	240426001	SAME_AS
186368007	66704002	SAME_AS
186369004	34845009	SAME_AS
186370003	194950003	SAME_AS
186374007	23511006	REPLACED_BY
186375008	73431005	SAME_AS
186376009	23511006	REPLACED_BY
186382007	448421008	SAME_AS
186387001	240444009	SAME_AS
186400001	2087000	SAME_AS
186401002	64650008	SAME_AS
186406007	87628006	REPLACED_BY
186413007	80466000	SAME_AS
186426006	240445005	SAME_AS
186427002	8554002	SAME_AS
186428007	52486002	SAME_AS
186430009	65110003	SAME_AS
186432001	87628006	REPLACED_BY
186439005	87628006	REPLACED_BY
186457006	721730009	REPLACED_BY
186458001	266096002	REPLACED_BY
186459009	87628006	REPLACED_BY
186462007	406595002	SAME_AS
186465009	71120004	SAME_AS
186471003	87628006	REPLACED_BY
186472005	87628006	REPLACED_BY
186475007	398102009	SAME_AS
186484007	192685000	SAME_AS
186487000	111878007	SAME_AS
186488005	192667007	SAME_AS
186492003	230162007	SAME_AS
186493008	77470003	SAME_AS
186496000	302810003	REPLACED_BY
186497009	230161000	SAME_AS
186500003	186499007	SAME_AS
186501004	56529007	SAME_AS
186502006	302810003	REPLACED_BY
186504007	49882001	SAME_AS
186510007	195911009	SAME_AS
186515002	10491005	SAME_AS
186517005	4740000	REPLACED_BY
186519008	17974002	SAME_AS
186520002	76462000	SAME_AS
186521003	230176008	SAME_AS
186522005	2177002	SAME_AS
186523000	4740000	REPLACED_BY
186524006	87513003	REPLACED_BY
186525007	416718008	SAME_AS
186526008	87513003	SAME_AS
186527004	87513003	REPLACED_BY
186528009	4740000	REPLACED_BY
186529001	21954000	SAME_AS
186530006	55560002	SAME_AS
186531005	4740000	REPLACED_BY
186532003	4740000	REPLACED_BY
186545004	59523007	SAME_AS
186546003	186542001	SAME_AS
186548002	1475003	SAME_AS
186550005	23291008	SAME_AS
186551009	111856000	SAME_AS
186553007	233624006	SAME_AS
186557008	111872008	SAME_AS
186558003	191727003	SAME_AS
186560001	13420004	SAME_AS
186563004	14189004	REPLACED_BY
186564005	14189004	REPLACED_BY
186567003	36653000	REPLACED_BY
186568008	36653000	REPLACED_BY
186569000	128191000	SAME_AS
186571000	36653000	REPLACED_BY
186581001	61099007	REPLACED_BY
186582008	359814004	SAME_AS
186599009	20927009	SAME_AS
186607005	6452009	SAME_AS
186614007	40610006	REPLACED_BY
186616009	40610006	REPLACED_BY
186618005	40610006	REPLACED_BY
186621007	16060001	SAME_AS
186623005	26206000	SAME_AS
186625003	66071002	SAME_AS
186626002	235864009	REPLACED_BY
186632007	235865005	SAME_AS
186633002	235867002	SAME_AS
186634008	3738000	REPLACED_BY
186637001	10295004	SAME_AS
186638006	235869004	SAME_AS
186640001	128302006	SAME_AS
186643004	50711007	SAME_AS
186645006	44201003	SAME_AS
186646007	31646008	SAME_AS
186649000	89231008	SAME_AS
186653003	75116005	SAME_AS
186654009	81164001	SAME_AS
186660009	128405007	SAME_AS
186662001	88129004	SAME_AS
186669005	16196000	SAME_AS
186670006	271558008	SAME_AS
186674002	27020006	SAME_AS
186677009	398264003	SAME_AS
186684001	765782003	REPLACED_BY
186686004	57019003	SAME_AS
186690002	240539000	SAME_AS
186691003	240536007	SAME_AS
186692005	240534005	SAME_AS
186696008	7678002	SAME_AS
186697004	235947007	SAME_AS
18670007	207760009	SAME_AS
186701001	716864001	REPLACED_BY
186703003	58868000	SAME_AS
186704009	67247008	SAME_AS
186722007	420524008	SAME_AS
186730008	232403001	SAME_AS
186733005	231861005	SAME_AS
186739009	74621002	SAME_AS
186746000	37109004	SAME_AS
186750007	55735004	SAME_AS
186751006	240532009	SAME_AS
186758000	186747009	REPLACED_BY
186759008	105635000	REPLACED_BY
186762006	186748004	REPLACED_BY
186778008	186774005	SAME_AS
186779000	186774005	SAME_AS
186782005	186781003	SAME_AS
186794001	61462000	REPLACED_BY
186799006	53622003	SAME_AS
186804001	41235001	SAME_AS
186805000	41235001	SAME_AS
186810001	39625001	SAME_AS
186812009	998008	SAME_AS
186814005	31877008	SAME_AS
186817003	77506005	REPLACED_BY
186835007	44568006	SAME_AS
186836008	82323002	SAME_AS
186838009	6267005	SAME_AS
18684002	609451000	REPLACED_BY
186841000	87318008	SAME_AS
186851004	59233003	SAME_AS
186856009	30080002	SAME_AS
186859002	69595007	SAME_AS
186870009	83883001	SAME_AS
186871008	12232008	SAME_AS
186872001	20735004	SAME_AS
186876003	278480000	SAME_AS
186881007	4082005	SAME_AS
186884004	26039008	SAME_AS
186887006	301086002	SAME_AS
186889009	77939001	SAME_AS
186890000	22386003	SAME_AS
186891001	36276008	SAME_AS
186892008	19206003	SAME_AS
186897002	11338007	SAME_AS
186898007	34964002	SAME_AS
186908002	54825009	SAME_AS
186910000	50970007	SAME_AS
186913003	65295003	SAME_AS
186917002	80388004	SAME_AS
186919004	31999004	SAME_AS
186922002	9091006	SAME_AS
186923007	111807001	SAME_AS
186924001	40149008	SAME_AS
186926004	44743006	SAME_AS
186928003	46699001	SAME_AS
186929006	53664003	SAME_AS
186932009	42746002	SAME_AS
186935006	151004	SAME_AS
186936007	90428001	SAME_AS
186937003	61048000	SAME_AS
186940003	237041005	SAME_AS
186953000	77377001	SAME_AS
186961005	173599005	SAME_AS
186962003	399050001	SAME_AS
186965001	271449003	SAME_AS
18697000	207769005	SAME_AS
186979009	69588003	SAME_AS
186991000	399172001	SAME_AS
186997001	240699006	SAME_AS
187005005	78048006	SAME_AS
187007002	278521000	SAME_AS
187020004	78048006	REPLACED_BY
187025009	60826002	SAME_AS
187026005	417018008	REPLACED_BY
187028006	233615002	SAME_AS
18703004	210470000	REPLACED_BY
187031007	85055004	SAME_AS
187032000	240727006	SAME_AS
18704005	876809007	REPLACED_BY
187043008	58524006	SAME_AS
187044002	26427008	SAME_AS
187055002	12962009	REPLACED_BY
187056001	12962009	REPLACED_BY
187060003	187041005	SAME_AS
187070001	240747003	SAME_AS
187073004	419532006	REPLACED_BY
187079000	240765004	SAME_AS
187083000	3214003	SAME_AS
187085007	7671008	SAME_AS
187086008	6042001	SAME_AS
187092002	14232007	SAME_AS
187095000	240724004	SAME_AS
187096004	283688006	SAME_AS
187099006	233614003	SAME_AS
187102006	240778004	SAME_AS
187103001	240781009	SAME_AS
187105008	13969006	SAME_AS
187126008	22905009	SAME_AS
187128009	8410006	SAME_AS
187133008	20790006	SAME_AS
187134002	75388006	SAME_AS
187135001	65963007	SAME_AS
187139007	27235001	SAME_AS
18714001	68272006	SAME_AS
187152002	31659000	SAME_AS
187154001	9444005	SAME_AS
187169000	19362000	REPLACED_BY
187171000	2435008	REPLACED_BY
187175009	240855004	SAME_AS
187180000	35957005	SAME_AS
187181001	90679001	SAME_AS
187193005	192701001	SAME_AS
187197006	1222580004	REPLACED_BY
187203009	71590000	SAME_AS
187219002	240877000	SAME_AS
187220008	240880004	SAME_AS
187221007	48216006	SAME_AS
187226002	64612002	SAME_AS
187230004	24369008	SAME_AS
187232007	64757003	SAME_AS
187234008	400127001	SAME_AS
187235009	310607007	SAME_AS
187236005	361198004	SAME_AS
187241002	21061004	SAME_AS
187243004	231896005	SAME_AS
187250000	720349002	SAME_AS
187256006	187251001	REPLACED_BY
187262001	720349002	REPLACED_BY
187266003	266071000	SAME_AS
187285000	56717001	SAME_AS
187298009	58750007	REPLACED_BY
187314009	87628006	REPLACED_BY
187341004	87628006	REPLACED_BY
187402002	189176002	SAME_AS
187423008	14189004	REPLACED_BY
187432005	3738000	SAME_AS
187472001	3218000	SAME_AS
187518006	27601005	SAME_AS
187553004	720349002	SAME_AS
187554005	187253003	SAME_AS
187555006	187254009	SAME_AS
187556007	187255005	SAME_AS
187557003	187251001	REPLACED_BY
187559000	110270004	SAME_AS
187560005	187259004	SAME_AS
187561009	722553006	SAME_AS
187562002	110269000	SAME_AS
187563007	187260009	SAME_AS
187587009	186747009	REPLACED_BY
187588004	105635000	REPLACED_BY
187591004	186748004	REPLACED_BY
187600004	421249001	SAME_AS
187601000	1359852007	SAME_AS
187603002	94135007	SAME_AS
187607001	187606005	SAME_AS
187609003	187606005	SAME_AS
187610008	187606005	SAME_AS
187612000	271568003	SAME_AS
187613005	271568003	SAME_AS
187615003	271568003	SAME_AS
187616002	271568003	SAME_AS
187619009	187622006	REPLACED_BY
187621004	187622006	REPLACED_BY
187625008	363348004	REPLACED_BY
187629002	363348004	REPLACED_BY
187647008	109824000	SAME_AS
187654002	109830000	SAME_AS
187671001	363393007	SAME_AS
187672008	363393007	SAME_AS
187673003	110013004	SAME_AS
187676006	187675005	SAME_AS
187677002	254459004	SAME_AS
187678007	254459004	SAME_AS
187679004	187675005	SAME_AS
187686007	93862005	SAME_AS
187687003	195967001	SAME_AS
187695004	187694000	SAME_AS
187702003	187701005	SAME_AS
187703008	254484001	SAME_AS
187705001	109367000	SAME_AS
187710002	109368005	SAME_AS
187717004	93831006	SAME_AS
187728000	109835005	SAME_AS
187737000	187738005	SAME_AS
187745005	109836006	SAME_AS
187751000	363509000	SAME_AS
187753002	109837002	SAME_AS
187757001	109838007	SAME_AS
187763005	109840002	SAME_AS
187764004	363490009	SAME_AS
187768001	95214007	SAME_AS
187770005	109844006	SAME_AS
187772002	447109003	SAME_AS
187774001	187776004	SAME_AS
187775000	187777008	SAME_AS
187780009	94381002	SAME_AS
187783006	93770008	SAME_AS
187788002	109847004	SAME_AS
187795006	109848009	SAME_AS
187802009	93955002	SAME_AS
187806007	109853004	SAME_AS
187807003	109851002	SAME_AS
187812002	93947009	SAME_AS
187813007	93952004	SAME_AS
187815000	363370001	SAME_AS
187848000	109369002	SAME_AS
187849008	1343694009	REPLACED_BY
187856002	93882009	SAME_AS
187858001	93827000	SAME_AS
187866005	1179762006	REPLACED_BY
187868006	187870002	SAME_AS
187871003	187870002	SAME_AS
187872005	109371002	SAME_AS
187876008	93948004	SAME_AS
187877004	94140004	SAME_AS
187878009	254645002	SAME_AS
187883001	93782004	SAME_AS
187885008	109383000	SAME_AS
187887000	93671004	SAME_AS
187888005	93969002	SAME_AS
187892003	109384006	SAME_AS
187901003	93786001	SAME_AS
187902005	93806005	SAME_AS
187904006	93916003	SAME_AS
187905007	93927001	SAME_AS
187907004	93945001	SAME_AS
187908009	94066004	SAME_AS
187909001	94085001	SAME_AS
187910006	94145009	SAME_AS
187911005	93888008	SAME_AS
187912003	187830009	SAME_AS
187913008	94142007	SAME_AS
187915001	93886007	SAME_AS
187922009	93990005	SAME_AS
187923004	94073009	SAME_AS
187924005	93757004	SAME_AS
187930005	93997008	SAME_AS
187931000119106	23374007	REPLACED_BY
187931009	93661001	SAME_AS
187933007	93979000	SAME_AS
187934001	94112009	SAME_AS
18794002	88996004	REPLACED_BY
187953006	93833009	SAME_AS
187954000	93842002	SAME_AS
187955004	93975006	SAME_AS
187960000	93798006	SAME_AS
187961001	93799003	SAME_AS
187962008	94099002	SAME_AS
187965005	93950007	SAME_AS
187966006	94083008	SAME_AS
187971004	93769007	SAME_AS
187980004	109348004	SAME_AS
187992004	363363001	REPLACED_BY
187993009	372011009	REPLACED_BY
187994003	372011009	REPLACED_BY
187995002	1263467005	REPLACED_BY
187996001	1263465002	REPLACED_BY
187997005	1263469008	REPLACED_BY
188000002	363364007	REPLACED_BY
188001003	1263476003	REPLACED_BY
188002005	1263476003	REPLACED_BY
188003000	1263476003	REPLACED_BY
188004006	1263468000	REPLACED_BY
188005007	1263466001	REPLACED_BY
188006008	1263466001	REPLACED_BY
188009001	363365008	REPLACED_BY
188010006	1263474000	REPLACED_BY
188011005	93772000	SAME_AS
188012003	93817006	SAME_AS
188013008	363365008	REPLACED_BY
188015001	363496003	REPLACED_BY
188016000	363496003	REPLACED_BY
188017009	310526005	REPLACED_BY
188018004	363496003	REPLACED_BY
188019007	363366009	REPLACED_BY
188020001	1263475004	REPLACED_BY
188021002	363366009	REPLACED_BY
188022009	1263479005	REPLACED_BY
188023004	310526005	REPLACED_BY
188031009	231834005	SAME_AS
188036004	1343617003	REPLACED_BY
188037008	93217003	SAME_AS
188039006	93223008	SAME_AS
188041007	93643005	SAME_AS
188042000	93648001	SAME_AS
188053006	93209006	SAME_AS
188056003	310498001	SAME_AS
188057007	313248004	SAME_AS
188059005	269580008	SAME_AS
188081000	109267002	SAME_AS
188082007	93655004	REPLACED_BY
188084008	94032008	SAME_AS
188085009	231829006	SAME_AS
188086005	310599006	SAME_AS
188087001	313249007	SAME_AS
188088006	313250007	SAME_AS
188092004	1343695005	REPLACED_BY
188096001	94016005	SAME_AS
188097005	94020009	SAME_AS
188098000	94026003	SAME_AS
188104009	94034009	SAME_AS
188109004	94012007	SAME_AS
188111008	94044006	SAME_AS
188112001	94027007	SAME_AS
188113006	94036006	SAME_AS
188114000	94011000	SAME_AS
188115004	94013002	SAME_AS
188116003	93956001	SAME_AS
188117007	311779007	SAME_AS
188119005	372128005	SAME_AS
188120004	94039004	SAME_AS
188123002	94028002	SAME_AS
188124008	94023006	SAME_AS
188127001	372124007	SAME_AS
188128006	94029005	SAME_AS
188129003	94041003	SAME_AS
188130008	94030000	SAME_AS
188134004	94008001	SAME_AS
188136002	94024000	SAME_AS
188137006	94042005	SAME_AS
188139009	372124007	SAME_AS
188140006	276799004	SAME_AS
188144002	109386008	SAME_AS
188145001	69408002	SAME_AS
188146000	254837009	REPLACED_BY
188147009	1306295006	REPLACED_BY
188148004	1306315009	REPLACED_BY
188149007	1306309009	REPLACED_BY
188151006	1306548008	REPLACED_BY
188152004	373082000	REPLACED_BY
188153009	373080008	REPLACED_BY
188154003	373083005	REPLACED_BY
188155002	373081007	REPLACED_BY
188156001	372094002	REPLACED_BY
188158000	254837009	REPLACED_BY
188159008	1306294005	REPLACED_BY
188160003	254837009	REPLACED_BY
188161004	254837009	REPLACED_BY
188162006	254837009	REPLACED_BY
188163001	1306295006	REPLACED_BY
188164007	1306315009	REPLACED_BY
188165008	1306309009	REPLACED_BY
188166009	1306295006	REPLACED_BY
188167000	254837009	REPLACED_BY
188168005	1306294005	REPLACED_BY
188169002	254837009	REPLACED_BY
188175006	93779009	SAME_AS
188179000	93789008	SAME_AS
188196004	188195000	SAME_AS
188200009	371972005	REPLACED_BY
188202001	93728003	SAME_AS
188203006	93942003	SAME_AS
188213003	371979001	SAME_AS
188217002	109885001	SAME_AS
188221009	188219004	SAME_AS
188222002	313428008	SAME_AS
188225000	109876001	SAME_AS
188226004	313429000	SAME_AS
188232009	109875002	SAME_AS
188236007	109874003	SAME_AS
188251003	702391001	SAME_AS
188271007	188272000	SAME_AS
188276002	109948008	SAME_AS
188280007	429033009	REPLACED_BY
188288000	429033009	REPLACED_BY
188303008	109912006	SAME_AS
188305001	428061005	REPLACED_BY
188309007	93931007	SAME_AS
188310002	1293166002	REPLACED_BY
188314006	189176002	SAME_AS
188328000	109919002	SAME_AS
188336009	717234006	REPLACED_BY
188342008	93740003	SAME_AS
188345005	93814004	SAME_AS
188346006	93677000	SAME_AS
188347002	93759001	SAME_AS
188368001	93973004	SAME_AS
188369009	93995000	SAME_AS
188403009	94392001	REPLACED_BY
188435009	94580002	REPLACED_BY
188436005	94275007	SAME_AS
188437001	94357009	SAME_AS
188438006	94335002	SAME_AS
188440001	94365007	SAME_AS
188441002	94260004	SAME_AS
188442009	94513006	SAME_AS
188446007	236005001	SAME_AS
188450000	128462008	REPLACED_BY
188453003	94579000	SAME_AS
188455005	94554003	SAME_AS
188456006	94566009	SAME_AS
188457002	94575006	SAME_AS
188460009	94544002	SAME_AS
188464000	94248000	SAME_AS
188468002	128462008	REPLACED_BY
188470006	94681006	SAME_AS
188472003	94638008	SAME_AS
188473008	128462008	REPLACED_BY
188474002	128462008	REPLACED_BY
188477009	363346000	REPLACED_BY
188478004	109359008	SAME_AS
188480005	310504009	SAME_AS
188481009	274088005	SAME_AS
188490002	95226002	SAME_AS
188491003	95224004	SAME_AS
188494006	95225003	SAME_AS
188495007	95231000	SAME_AS
188496008	95230004	SAME_AS
188513004	1255895001	REPLACED_BY
188514005	1255796007	REPLACED_BY
188521005	118605002	REPLACED_BY
188527009	1255888005	REPLACED_BY
188528004	1255887000	REPLACED_BY
188530002	93500006	SAME_AS
188535007	93531004	SAME_AS
188537004	1255798008	REPLACED_BY
188538009	1255894002	REPLACED_BY
188539001	93530003	SAME_AS
188540004	93536009	SAME_AS
188545009	93549004	SAME_AS
188546005	93547002	SAME_AS
188547001	1255808008	REPLACED_BY
188548006	1255883001	REPLACED_BY
188549003	93548007	SAME_AS
188550003	93554008	SAME_AS
188554007	1255739002	SAME_AS
188555008	93495008	SAME_AS
188556009	93493001	SAME_AS
188558005	1255814001	REPLACED_BY
188559002	1255897009	REPLACED_BY
188560007	93494007	SAME_AS
188561006	93500006	SAME_AS
188568000	1255812002	REPLACED_BY
188569008	1255797003	REPLACED_BY
188571008	93518009	SAME_AS
188575004	1255790001	SAME_AS
188578002	1255811009	REPLACED_BY
188579005	1255898004	REPLACED_BY
188581007	93509007	SAME_AS
188585003	1255687003	REPLACED_BY
188588001	88854002	SAME_AS
188589009	1255890006	REPLACED_BY
188590000	1255892003	REPLACED_BY
188595005	118599009	REPLACED_BY
188605006	118599009	REPLACED_BY
188610005	95188007	SAME_AS
188611009	95186006	SAME_AS
188614001	95187002	SAME_AS
188615000	95193005	SAME_AS
188616004	95192000	SAME_AS
188620000	94709001	SAME_AS
188622008	94707004	SAME_AS
188623003	1255886009	REPLACED_BY
188625005	94708009	SAME_AS
188626006	94714002	SAME_AS
188636003	95263006	SAME_AS
188642004	1255795006	REPLACED_BY
188646001	93146001	SAME_AS
188647005	93144003	SAME_AS
188650008	93145002	SAME_AS
188651007	93151007	SAME_AS
188652000	93150008	SAME_AS
188657006	1332423006	REPLACED_BY
188658001	1332422001	REPLACED_BY
188663002	93202002	SAME_AS
188664008	93200005	SAME_AS
188665009	1255809000	REPLACED_BY
188666005	1255899007	REPLACED_BY
188667001	93201009	SAME_AS
188671003	277625002	SAME_AS
188673000	109972003	SAME_AS
188677004	109966003	SAME_AS
188678009	1217301006	REPLACED_BY
188679001	109964000	SAME_AS
188682006	302842009	SAME_AS
188686009	109975001	SAME_AS
188687000	109976000	SAME_AS
188688005	109977009	SAME_AS
188689002	414166008	REPLACED_BY
188690006	118612006	SAME_AS
188691005	109985000	SAME_AS
188692003	109988003	SAME_AS
188694002	118600007	REPLACED_BY
188704004	118600007	REPLACED_BY
188719003	415112005	SAME_AS
188720009	415112005	REPLACED_BY
18872002	609469009	REPLACED_BY
188721008	313427003	SAME_AS
188722001	95210003	SAME_AS
188729005	110007008	SAME_AS
188736006	302855005	REPLACED_BY
188738007	94719007	SAME_AS
188741003	188732008	REPLACED_BY
188745007	127225006	SAME_AS
188746008	302855005	REPLACED_BY
188748009	188744006	REPLACED_BY
188755006	110002002	SAME_AS
188756007	277602003	SAME_AS
188757003	277602003	SAME_AS
188759000	188725004	REPLACED_BY
188762002	93143009	REPLACED_BY
188763007	91855006	REPLACED_BY
188764001	92812005	REPLACED_BY
188766004	93143009	REPLACED_BY
188769006	127225006	SAME_AS
188772004	425333006	SAME_AS
188773009	307651005	SAME_AS
188775002	109391009	SAME_AS
188777005	92480004	SAME_AS
188783008	92078004	SAME_AS
188784002	302819002	SAME_AS
188790003	419645003	REPLACED_BY
188791004	92481000	SAME_AS
188792006	419645003	REPLACED_BY
188793001	92263001	SAME_AS
188797000	91972003	SAME_AS
188801004	91964000	SAME_AS
188811006	92462008	SAME_AS
188812004	92219005	SAME_AS
188813009	92193002	SAME_AS
188816001	92042009	SAME_AS
188817005	92311006	SAME_AS
188818000	92116006	SAME_AS
188819008	92020008	SAME_AS
188820002	92310007	SAME_AS
188821003	92311006	SAME_AS
188826008	92140003	SAME_AS
188829001	92133004	SAME_AS
188830006	92448001	SAME_AS
188831005	92076000	SAME_AS
188832003	92343006	SAME_AS
188833008	91985000	SAME_AS
188834002	92409001	SAME_AS
188836000	255172003	SAME_AS
188843006	92075001	SAME_AS
188849005	92130001	SAME_AS
188850005	92018005	SAME_AS
188851009	92423004	SAME_AS
188852002	92265008	SAME_AS
188854001	254614001	SAME_AS
188858003	92287004	SAME_AS
188859006	92290005	SAME_AS
188860001	92322005	SAME_AS
188864005	92277003	SAME_AS
188865006	92284006	SAME_AS
188866007	109852009	SAME_AS
188868008	92432002	REPLACED_BY
188875009	92094006	SAME_AS
188879003	92089006	SAME_AS
188888007	92204009	SAME_AS
18889005	732962005	SAME_AS
188893005	92278008	SAME_AS
188894004	92483002	SAME_AS
188895003	109372009	SAME_AS
188906005	92113003	SAME_AS
188907001	92275006	SAME_AS
188908006	92403000	SAME_AS
188909003	92426007	SAME_AS
188910008	92092005	SAME_AS
188911007	92252004	SAME_AS
188912000	92210009	SAME_AS
188913005	92488006	SAME_AS
188914004	92240006	SAME_AS
188916002	92262006	SAME_AS
188918001	92485009	SAME_AS
188919009	254479007	SAME_AS
188921004	92208007	SAME_AS
188922006	92208007	SAME_AS
188930007	92326008	SAME_AS
188935002	92061008	SAME_AS
188938000	92334002	SAME_AS
188940005	92313009	SAME_AS
18894005	609461007	REPLACED_BY
188941009	92455004	SAME_AS
188948003	92449009	SAME_AS
188953008	92292002	SAME_AS
188956000	92142006	SAME_AS
188957009	92158009	SAME_AS
188959007	92309002	SAME_AS
188960002	92332003	SAME_AS
188961003	92064000	SAME_AS
188964006	92105004	SAME_AS
188965007	92440008	SAME_AS
188966008	92106003	SAME_AS
188969001	92281003	SAME_AS
188970000	92424005	SAME_AS
188975005	92074002	SAME_AS
188977002	92217007	SAME_AS
188978007	92291009	SAME_AS
189007005	308123002	SAME_AS
189008000	307754008	SAME_AS
189009008	314336009	SAME_AS
189011004	93158001	SAME_AS
189012006	93157006	SAME_AS
189014007	189017000	REPLACED_BY
189051001	92384009	REPLACED_BY
189052008	92369000	SAME_AS
189053003	231824001	SAME_AS
189055005	310600009	SAME_AS
189061008	92357008	SAME_AS
189062001	92377001	SAME_AS
189067007	92347007	SAME_AS
189068002	92349005	SAME_AS
189069005	92352002	SAME_AS
189070006	92344000	SAME_AS
189071005	92381001	SAME_AS
189072003	92364005	SAME_AS
189073008	92373002	SAME_AS
189074002	92350005	SAME_AS
189075001	92288009	SAME_AS
189076000	92348002	SAME_AS
189079007	92376005	SAME_AS
189081009	92362009	SAME_AS
189082002	92365006	SAME_AS
189087008	109271004	SAME_AS
18909006	1263631006	REPLACED_BY
189092005	109283002	SAME_AS
189095007	312359004	SAME_AS
189103006	269485000	REPLACED_BY
189104000	269485000	REPLACED_BY
189107007	92470003	REPLACED_BY
189114009	92470003	REPLACED_BY
189117002	419952004	SAME_AS
189118007	119423009	SAME_AS
189121009	92031000	SAME_AS
189127008	92166000	SAME_AS
189128003	92167009	SAME_AS
189129006	92062001	SAME_AS
189145008	281700003	SAME_AS
189152005	92335001	SAME_AS
189161005	92030004	SAME_AS
189163008	92071005	SAME_AS
189164002	302820008	SAME_AS
189166000	92405007	SAME_AS
189172000	30085007	SAME_AS
189177006	253032007	SAME_AS
189181006	92072003	SAME_AS
189183009	92044005	SAME_AS
189185002	92121009	SAME_AS
189186001	91979007	SAME_AS
189187005	92063006	SAME_AS
189188000	92222007	SAME_AS
189194008	400210000	REPLACED_BY
189196005	93468003	SAME_AS
189200000	254836000	SAME_AS
189203003	92197001	SAME_AS
189205005	92250007	SAME_AS
189207002	20376005	REPLACED_BY
189214000	92780003	SAME_AS
189215004	92658008	SAME_AS
189216003	92648009	SAME_AS
189218002	92560002	SAME_AS
189219005	92598002	SAME_AS
189220004	92549006	SAME_AS
189221000	92692006	SAME_AS
189222007	92693001	SAME_AS
189224008	92608001	SAME_AS
189225009	92773000	SAME_AS
189226005	92575005	SAME_AS
189227001	92708008	SAME_AS
189228006	92542002	SAME_AS
189236002	92577002	SAME_AS
189237006	92621008	SAME_AS
189238001	92613002	SAME_AS
189239009	92656007	SAME_AS
189242003	92618006	SAME_AS
189244002	92574009	SAME_AS
189245001	92570000	SAME_AS
189249007	92754004	SAME_AS
189254003	92584005	SAME_AS
189260003	92603005	SAME_AS
189264007	92650001	SAME_AS
189270001	92685001	SAME_AS
189273004	92587003	SAME_AS
189276007	92734000	SAME_AS
189278008	255144005	SAME_AS
189282005	92724009	REPLACED_BY
189284006	92728007	SAME_AS
189285007	92722008	SAME_AS
189286008	92716004	SAME_AS
189287004	92737007	SAME_AS
189288009	92742004	SAME_AS
189290005	92724009	REPLACED_BY
189293007	92736003	SAME_AS
189296004	92714001	SAME_AS
189298003	92712002	SAME_AS
189299006	92713007	SAME_AS
189300003	92709000	SAME_AS
189301004	92729004	SAME_AS
189302006	92738002	SAME_AS
189303001	92715000	SAME_AS
189304007	92680006	SAME_AS
189307000	92741006	SAME_AS
189310007	92730009	SAME_AS
189314003	92731008	SAME_AS
189315002	92743009	SAME_AS
189316001	92732001	SAME_AS
189318000	92726006	SAME_AS
189320002	109266006	SAME_AS
189321003	109272006	SAME_AS
189322005	109274007	SAME_AS
189325007	109284008	SAME_AS
189326008	109290007	SAME_AS
189327004	109294003	SAME_AS
189328009	109276009	SAME_AS
189329001	315036008	SAME_AS
189330006	315230006	SAME_AS
189337009	109888004	SAME_AS
189338004	109889007	SAME_AS
189340009	92580001	SAME_AS
189341008	92588008	SAME_AS
189343006	92582009	SAME_AS
189344000	92594000	REPLACED_BY
189345004	92669006	SAME_AS
189346003	92591008	SAME_AS
189348002	92653004	REPLACED_BY
189349005	92583004	SAME_AS
189350005	92752000	SAME_AS
189355000	92527000	SAME_AS
189356004	92675002	SAME_AS
189357008	92683008	SAME_AS
189359006	109355002	REPLACED_BY
189360001	118616009	SAME_AS
189364005	95116001	SAME_AS
189368008	94909007	SAME_AS
189369000	95141008	SAME_AS
189370004	94936009	SAME_AS
189372007	94842009	SAME_AS
189373002	94793009	SAME_AS
189374008	94975000	SAME_AS
189375009	94959003	SAME_AS
189377001	94973007	SAME_AS
189378006	94871005	SAME_AS
189382008	94815008	SAME_AS
189383003	94886004	SAME_AS
189384009	94872003	SAME_AS
189385005	94801006	SAME_AS
189386006	95024008	SAME_AS
189387002	94744004	SAME_AS
189390008	94910002	SAME_AS
189391007	94880005	SAME_AS
189393005	94850000	SAME_AS
189394004	94810003	SAME_AS
189395003	94803009	SAME_AS
189396002	94733007	SAME_AS
189400002	95132003	SAME_AS
189404006	94825003	SAME_AS
189405007	94978003	SAME_AS
189407004	95111006	SAME_AS
189409001	94899001	SAME_AS
189413008	94824004	SAME_AS
189418004	94835009	SAME_AS
189419007	95181001	SAME_AS
189422009	95144000	SAME_AS
189423004	94774007	SAME_AS
189424005	94920007	SAME_AS
189427003	95006006	SAME_AS
189428008	95136000	SAME_AS
189429000	94931004	SAME_AS
189431009	94957001	SAME_AS
189434001	94828001	SAME_AS
189436004	94929008	SAME_AS
189437008	94827006	SAME_AS
189438003	94848008	SAME_AS
189439006	95107000	SAME_AS
189442000	95167003	SAME_AS
189443005	95005005	SAME_AS
189447006	94974001	SAME_AS
189449009	95170004	SAME_AS
189450009	95183003	SAME_AS
189452001	95127004	SAME_AS
189453006	95014000	SAME_AS
189455004	94994005	SAME_AS
189456003	94823005	SAME_AS
189457007	95039009	SAME_AS
189461001	95163004	SAME_AS
189462008	94889006	SAME_AS
189463003	95161002	SAME_AS
189464009	95025009	SAME_AS
189468007	95004009	SAME_AS
189469004	94808000	SAME_AS
18947001	41864002	SAME_AS
189471004	95002008	SAME_AS
189472006	94730005	SAME_AS
189474007	94779002	SAME_AS
189475008	94854009	SAME_AS
189476009	94742000	SAME_AS
189477000	94799008	SAME_AS
189481000	95138004	SAME_AS
189482007	94983006	SAME_AS
189485009	94767002	SAME_AS
189486005	95108005	SAME_AS
189490007	109914007	SAME_AS
189491006	94787001	SAME_AS
189492004	95109002	SAME_AS
189494003	109917000	SAME_AS
189496001	94807005	SAME_AS
189500004	94765005	SAME_AS
189501000	128467002	SAME_AS
189504008	95087004	SAME_AS
189509003	1260268001	REPLACED_BY
189510008	1260217004	REPLACED_BY
189511007	398623004	SAME_AS
189512000	445448008	REPLACED_BY
189513005	109994006	SAME_AS
189514004	109994006	SAME_AS
189519009	94831000	SAME_AS
189520003	94865004	SAME_AS
189540005	55342001	REPLACED_BY
189541009	55342001	REPLACED_BY
189622001	69996000	SAME_AS
189645007	127021009	SAME_AS
189696009	1197279000	REPLACED_BY
189752000	254745007	SAME_AS
18978002	1234907000	REPLACED_BY
190017008	415112005	REPLACED_BY
190027002	92812005	REPLACED_BY
190037007	188725004	REPLACED_BY
190058001	188744006	REPLACED_BY
190059009	302855005	REPLACED_BY
190060004	127225006	SAME_AS
190061000	188744006	REPLACED_BY
190083001	55342001	REPLACED_BY
190085008	271323007	SAME_AS
190093008	109384006	SAME_AS
190104008	1343617003	REPLACED_BY
190149006	128462008	REPLACED_BY
190162005	93143009	REPLACED_BY
190169001	109359008	SAME_AS
190170000	109359008	SAME_AS
190179004	92724009	REPLACED_BY
190183004	92594000	REPLACED_BY
190184005	92653004	REPLACED_BY
190196003	69996000	SAME_AS
190202000	92470003	REPLACED_BY
190230000	55342001	REPLACED_BY
190233003	267369002	REPLACED_BY
190245007	69329005	SAME_AS
190248009	62278002	SAME_AS
190261009	4997005	SAME_AS
190262002	29028009	SAME_AS
190267008	90739004	REPLACED_BY
190269006	278503003	SAME_AS
190271006	278503003	SAME_AS
190272004	237515009	SAME_AS
190286000	237528002	SAME_AS
190287009	237558008	SAME_AS
190288004	237519003	SAME_AS
190292006	21263006	SAME_AS
190300005	237538007	SAME_AS
190301009	82119001	REPLACED_BY
190302002	14304000	REPLACED_BY
190312009	75065003	SAME_AS
190313004	237566004	SAME_AS
190314005	75065003	SAME_AS
190315006	237565000	SAME_AS
190316007	56805008	SAME_AS
190317003	237571006	SAME_AS
190318008	237567008	SAME_AS
190321005	73211009	REPLACED_BY
190362004	46635009	SAME_AS
190366001	420868002	REPLACED_BY
190367005	290002008	SAME_AS
190369008	420825003	SAME_AS
190371008	444073006	SAME_AS
190373006	46635009	REPLACED_BY
190377007	421437000	SAME_AS
190380008	314893005	SAME_AS
190381007	71771000119100	SAME_AS
190384004	44054006	SAME_AS
190388001	422014003	REPLACED_BY
190390000	421631007	SAME_AS
19039006	193552006	SAME_AS
190392008	443694000	SAME_AS
190394009	237602007	SAME_AS
190395005	44054006	REPLACED_BY
190399004	719216001	SAME_AS
190401005	314902007	SAME_AS
190402003	314903002	SAME_AS
190403008	781000119106	SAME_AS
190404002	75524006	SAME_AS
190407009	75524006	REPLACED_BY
190410002	1344623000	REPLACED_BY
190411003	1172389004	REPLACED_BY
190412005	75524006	REPLACED_BY
190415007	190447002	SAME_AS
190416008	190447002	REPLACED_BY
190433001	302866003	REPLACED_BY
190436009	302866003	REPLACED_BY
190438005	37814003	SAME_AS
190452007	36348003	SAME_AS
190453002	84727000	SAME_AS
190456005	237654002	SAME_AS
190465003	237835004	SAME_AS
190468001	237662005	SAME_AS
190473007	271386001	SAME_AS
19048001	211320007	SAME_AS
190484000	45369008	REPLACED_BY
190489005	237722004	SAME_AS
190492009	237733001	SAME_AS
190503006	43019009	SAME_AS
190504000	237738005	SAME_AS
190511001	237751000	SAME_AS
190521009	103021001	SAME_AS
190526004	24867002	SAME_AS
190533004	37295009	SAME_AS
190539000	190538008	SAME_AS
190545008	65846009	SAME_AS
190546009	16041008	SAME_AS
190562003	12313004	REPLACED_BY
190568004	41864002	SAME_AS
190569007	237827002	SAME_AS
190577006	102889008	SAME_AS
190580007	35868009	SAME_AS
190583009	237836003	REPLACED_BY
190586001	237836003	REPLACED_BY
190589008	362969004	REPLACED_BY
190596005	238109004	SAME_AS
190599003	29740003	SAME_AS
19060001000004103	580901000124107	REPLACED_BY
190605005	190603003	SAME_AS
190609004	27796003	SAME_AS
190610009	49340009	SAME_AS
190611008	35516008	SAME_AS
190613006	42639000	SAME_AS
190614000	15509004	SAME_AS
190617007	363677007	SAME_AS
190620004	22686009	SAME_AS
190621000	28414003	SAME_AS
190625009	36656008	SAME_AS
190627001	21007002	SAME_AS
190635003	230570005	SAME_AS
190647009	236547007	SAME_AS
190650007	70241007	REPLACED_BY
190652004	9210000	SAME_AS
190662006	19577007	SAME_AS
190663001	35240004	SAME_AS
190664007	238118002	SAME_AS
190665008	47421005	SAME_AS
190666009	43595007	SAME_AS
190667000	238122007	SAME_AS
190668005	238123002	SAME_AS
190670001	238114000	SAME_AS
190672009	70241007	REPLACED_BY
190673004	70241007	REPLACED_BY
190690005	33116002	SAME_AS
190691009	83858001	SAME_AS
190692002	57414003	SAME_AS
190693007	123967008	SAME_AS
190694001	56595005	SAME_AS
190696004	111396008	SAME_AS
190697008	9311003	SAME_AS
190700007	24013007	SAME_AS
190703009	47719001	SAME_AS
190706001	6669004	SAME_AS
190713001	65277001	SAME_AS
190717000	9360008	SAME_AS
190721007	64654004	SAME_AS
190723005	303097007	SAME_AS
190725003	13306007	SAME_AS
190726002	111397004	SAME_AS
190729009	39929009	SAME_AS
190730004	360416003	SAME_AS
190733002	64235006	SAME_AS
190734008	45188008	SAME_AS
190735009	59655002	SAME_AS
190736005	53124003	SAME_AS
190741002	274864009	SAME_AS
190742009	11179002	SAME_AS
190761008	46683007	SAME_AS
190765004	190764000	SAME_AS
190766003	17901006	SAME_AS
190782002	55822004	REPLACED_BY
190793000	111382002	SAME_AS
190795007	82500001	SAME_AS
190796008	16652001	SAME_AS
190798009	267431006	REPLACED_BY
190800002	238902007	SAME_AS
190805007	267431006	REPLACED_BY
190819007	109982002	SAME_AS
190820001	109984001	SAME_AS
190827003	48440001	SAME_AS
190828008	48440001	SAME_AS
190830005	190829000	REPLACED_BY
190832002	190829000	REPLACED_BY
190833007	24595009	SAME_AS
190834001	239846006	SAME_AS
190835000	239845005	SAME_AS
190836004	239844009	SAME_AS
190838003	27277001	SAME_AS
190840008	43193009	SAME_AS
190841007	9386003	SAME_AS
190845003	35400008	SAME_AS
190848001	40527005	SAME_AS
190853006	737560000	REPLACED_BY
190858002	87049008	SAME_AS
190861001	82236004	SAME_AS
190868007	237885008	SAME_AS
190871004	238117007	SAME_AS
190872006	309760004	SAME_AS
190875008	46727001	SAME_AS
190893009	76220009	SAME_AS
190895002	816082000	SAME_AS
190899008	21639008	REPLACED_BY
190900003	43339004	SAME_AS
19090007	405760008	SAME_AS
190903001	105593004	REPLACED_BY
190904007	75934005	REPLACED_BY
190906009	81423003	SAME_AS
190907000	86092005	SAME_AS
190908005	86555001	SAME_AS
190910007	190905008	REPLACED_BY
190912004	29094004	SAME_AS
190914003	234422006	SAME_AS
190921003	10406007	SAME_AS
190925007	274945004	SAME_AS
190928009	237875007	SAME_AS
190933008	8933000	SAME_AS
190939007	89647000	SAME_AS
190947007	238045003	SAME_AS
190949005	65764006	SAME_AS
190954001	267454002	SAME_AS
190955000	65399007	SAME_AS
190958003	234437005	SAME_AS
190964005	415530009	SAME_AS
190967003	238136002	SAME_AS
190969000	27712000	SAME_AS
190970004	238146000	SAME_AS
190973002	190966007	SAME_AS
190975009	415530009	REPLACED_BY
190991007	767263007	REPLACED_BY
190993005	362993009	SAME_AS
190999009	44940001	SAME_AS
191000008	60743005	SAME_AS
191001007	725136003	SAME_AS
191014008	24743004	SAME_AS
191017001	414029004	REPLACED_BY
191019003	414029004	REPLACED_BY
191020009	238121000	SAME_AS
191036006	14304000	SAME_AS
191044006	73211009	SAME_AS
191070007	362969004	REPLACED_BY
191077005	2492009	SAME_AS
19109004	192894009	REPLACED_BY
19112001	129103003	REPLACED_BY
191130002	44666001	SAME_AS
191134006	80875006	SAME_AS
191135007	87522002	SAME_AS
191143002	237934001	SAME_AS
191151004	83414005	REPLACED_BY
191155008	53165003	REPLACED_BY
191156009	85746008	SAME_AS
191157000	85746008	SAME_AS
191158005	47641009	SAME_AS
191162004	24962009	SAME_AS
191166001	53165003	REPLACED_BY
191171008	62403005	SAME_AS
191173006	15276008	SAME_AS
191178002	74703006	SAME_AS
191185003	127041004	SAME_AS
191191001	16360009	SAME_AS
191192008	40108008	SAME_AS
191194009	127040003	SAME_AS
191196006	416180004	SAME_AS
191197002	417425009	SAME_AS
191206007	3272007	SAME_AS
191213007	127052005	SAME_AS
191214001	309742004	SAME_AS
191219006	38689004	SAME_AS
191227002	4854004	REPLACED_BY
191240007	88854002	SAME_AS
191249008	5876000	SAME_AS
191252000	50715003	SAME_AS
191254004	90414007	SAME_AS
191266005	307726001	SAME_AS
191267001	1260268001	REPLACED_BY
191269003	310647000	SAME_AS
191270002	49708008	SAME_AS
191274006	68870007	SAME_AS
191284007	4320005	SAME_AS
191295001	25904003	SAME_AS
191302007	234467004	SAME_AS
191305009	191306005	SAME_AS
191307001	236504007	SAME_AS
191310008	32942005	SAME_AS
191316002	2897005	REPLACED_BY
191317006	438492008	REPLACED_BY
191323001	30182008	SAME_AS
191326009	302215000	REPLACED_BY
191328005	64779008	REPLACED_BY
191333009	109994006	SAME_AS
191344001	47318007	SAME_AS
191348003	84828003	SAME_AS
191352003	387759001	SAME_AS
191359007	320150004	SAME_AS
191361003	64249002	SAME_AS
191365007	37465004	SAME_AS
191371001	36874002	SAME_AS
191383004	56338005	SAME_AS
191388008	267550008	SAME_AS
191391008	32117000	SAME_AS
191392001	295315008	SAME_AS
191396003	166787006	SAME_AS
191398002	307762000	SAME_AS
191399005	285777008	SAME_AS
191436000	64779008	REPLACED_BY
191450005	12348006	SAME_AS
191470004	69482004	SAME_AS
191472007	69482004	SAME_AS
191474008	1231846001	REPLACED_BY
191477001	1234768002	REPLACED_BY
191479003	1231846001	REPLACED_BY
191481001	1231846001	REPLACED_BY
191482008	1231846001	REPLACED_BY
191490008	90755006	SAME_AS
191491007	191483003	REPLACED_BY
191497006	191483003	REPLACED_BY
191514000	191499009	REPLACED_BY
191515004	18260003	REPLACED_BY
191516003	191499009	REPLACED_BY
191520004	280994000	SAME_AS
191529003	16990005	SAME_AS
191530008	111482003	SAME_AS
191533005	4926007	SAME_AS
191536002	27387000	SAME_AS
191537006	12939007	SAME_AS
191538001	14291003	SAME_AS
191539009	35218008	SAME_AS
191540006	31373002	SAME_AS
191544002	42868002	SAME_AS
191545001	68995007	SAME_AS
191549007	111483008	SAME_AS
19155002	44991000119100	SAME_AS
191552004	79866005	SAME_AS
191553009	31658008	SAME_AS
191556001	63181006	SAME_AS
191559008	31027006	REPLACED_BY
191560003	31027006	REPLACED_BY
191561004	31027006	REPLACED_BY
191562006	31027006	REPLACED_BY
191563001	31027006	REPLACED_BY
191564007	31027006	REPLACED_BY
191566009	31027006	REPLACED_BY
191578008	58214004	REPLACED_BY
191579000	58214004	REPLACED_BY
191601008	79298009	SAME_AS
191602001	15639000	SAME_AS
191606003	19527009	SAME_AS
19161004	246925003	SAME_AS
191615005	46244001	SAME_AS
19164007	236743008	SAME_AS
191655007	247803002	SAME_AS
191662003	441704009	REPLACED_BY
191663008	441704009	REPLACED_BY
191665001	231500002	SAME_AS
191666000	441704009	REPLACED_BY
191670008	61831009	SAME_AS
19168005	408678008	SAME_AS
191681006	83458005	SAME_AS
191684003	5464005	SAME_AS
191688000	43614003	SAME_AS
191691000	408857007	REPLACED_BY
191700002	191525009	REPLACED_BY
191701003	191525009	REPLACED_BY
191706008	21897009	SAME_AS
191707004	231504006	SAME_AS
191710006	88518009	SAME_AS
191716000	84209002	SAME_AS
191718004	192527004	REPLACED_BY
191729000	247853008	SAME_AS
191730005	34563004	SAME_AS
191731009	38617005	SAME_AS
191732002	102912007	SAME_AS
191737008	191736004	REPLACED_BY
191738003	191736004	REPLACED_BY
191751008	76105009	SAME_AS
191754000	76105009	SAME_AS
191762008	1376001	SAME_AS
191766006	55341008	REPLACED_BY
191770003	33449004	REPLACED_BY
191771004	37746008	SAME_AS
191778005	56627002	SAME_AS
191780004	472948001	REPLACED_BY
191782007	407374003	REPLACED_BY
191786005	407374003	REPLACED_BY
191794003	60103007	SAME_AS
191795002	81903006	SAME_AS
191816009	1254812006	REPLACED_BY
191860009	1254812006	REPLACED_BY
191861008	1254812006	REPLACED_BY
191862001	1254812006	REPLACED_BY
191863006	1254812006	REPLACED_BY
191864000	1254812006	REPLACED_BY
191865004	1255013006	REPLACED_BY
191866003	1255013006	REPLACED_BY
191867007	1255018002	REPLACED_BY
191868002	1255015004	REPLACED_BY
191869005	1255019005	REPLACED_BY
191870006	1255013006	REPLACED_BY
191871005	1255014000	REPLACED_BY
191872003	1255014000	REPLACED_BY
191873008	1255017007	REPLACED_BY
191874002	1255016003	REPLACED_BY
191875001	1255020004	REPLACED_BY
191876000	1255014000	REPLACED_BY
191878004	1254812006	REPLACED_BY
191881009	268645007	REPLACED_BY
191885000	268645007	REPLACED_BY
191892005	191891003	REPLACED_BY
191896008	191891003	REPLACED_BY
191898009	268646008	REPLACED_BY
191902003	268646008	REPLACED_BY
191903008	91388009	REPLACED_BY
191911003	191909007	REPLACED_BY
191915007	191909007	REPLACED_BY
191917004	191916008	REPLACED_BY
191921006	191916008	REPLACED_BY
191929008	191928000	REPLACED_BY
191930003	1348224007	REPLACED_BY
191931004	1348228005	REPLACED_BY
191932006	1348223001	REPLACED_BY
191933001	191928000	REPLACED_BY
191934007	1348212000	REPLACED_BY
191935008	1348212000	REPLACED_BY
191936009	1348217006	REPLACED_BY
191937000	1348216002	REPLACED_BY
191938005	1348218001	REPLACED_BY
191940000	1348212000	REPLACED_BY
191942008	1348211007	REPLACED_BY
191943003	1348242002	REPLACED_BY
191944009	1348241009	REPLACED_BY
191945005	1348240005	REPLACED_BY
191946006	1348211007	REPLACED_BY
191949004	88984006	SAME_AS
191958006	95439001	SAME_AS
191960008	191962000	SAME_AS
191961007	191962000	SAME_AS
191963005	191962000	SAME_AS
191975000	441972000	SAME_AS
191976004	441972000	REPLACED_BY
191979006	441972000	REPLACED_BY
191989005	386783003	REPLACED_BY
192015007	37224001	REPLACED_BY
192017004	405788002	SAME_AS
192023009	302752001	SAME_AS
192027005	30077003	REPLACED_BY
192030003	30077003	REPLACED_BY
192032006	17155009	SAME_AS
192033001	84484006	SAME_AS
192034007	55644006	SAME_AS
192093004	386820009	REPLACED_BY
192096007	40987004	SAME_AS
19210000	12589008	REPLACED_BY
192109009	13438001	SAME_AS
19211001	106004004	SAME_AS
192131001	46745001	SAME_AS
192135005	5294002	SAME_AS
192139004	268738002	SAME_AS
192154005	110359009	REPLACED_BY
192155006	110359009	REPLACED_BY
192156007	110359009	REPLACED_BY
192157003	110359009	REPLACED_BY
192161009	6475002	SAME_AS
192162002	66108005	SAME_AS
192165000	56267009	SAME_AS
192166004	230285003	SAME_AS
192168003	230286002	SAME_AS
192169006	230287006	SAME_AS
192188004	45912004	SAME_AS
192189007	231442003	SAME_AS
192191004	23645006	SAME_AS
192192006	17496003	SAME_AS
192193001	231445001	SAME_AS
192194007	231446000	SAME_AS
192200004	40673001	SAME_AS
19220005	1354666001	REPLACED_BY
192201000	40425004	SAME_AS
192203002	111479008	REPLACED_BY
192221004	87132004	REPLACED_BY
192319007	64905009	SAME_AS
192320001	35252006	SAME_AS
192323004	231485007	SAME_AS
192324005	26025008	SAME_AS
192325006	191527001	SAME_AS
192329000	231487004	SAME_AS
192333007	231489001	SAME_AS
192337008	193198003	SAME_AS
192341007	271428004	SAME_AS
192342000	84760002	SAME_AS
192348001	46206005	SAME_AS
192350009	231496004	SAME_AS
192355004	13746004	SAME_AS
192366006	36923009	SAME_AS
192383002	76105009	SAME_AS
192384008	78667006	SAME_AS
192395002	25501002	SAME_AS
192401002	21897009	SAME_AS
192406007	191736004	SAME_AS
192412002	271952001	SAME_AS
192415000	47505003	SAME_AS
192420000	84209002	SAME_AS
192421001	3586005	SAME_AS
192422008	276300008	SAME_AS
192425005	29753000	REPLACED_BY
192430009	723916001	SAME_AS
192432001	723916001	REPLACED_BY
192433006	18193002	SAME_AS
192439005	78667006	SAME_AS
192440007	231519007	SAME_AS
192445002	56882008	SAME_AS
192446001	231522009	SAME_AS
192448000	231523004	SAME_AS
192449008	275474009	REPLACED_BY
192450008	37224001	REPLACED_BY
192453005	270487001	SAME_AS
192455003	230488004	SAME_AS
192457006	80495009	SAME_AS
192458001	89675003	SAME_AS
192463002	56627002	SAME_AS
192468006	44001008	SAME_AS
192469003	71787009	SAME_AS
192470002	41021005	SAME_AS
192486009	52954000	SAME_AS
192487000	26665006	SAME_AS
192489002	55341008	SAME_AS
192490006	1376001	SAME_AS
192491005	231528008	SAME_AS
192492003	84466009	SAME_AS
192501004	18085000	SAME_AS
192502006	600009	SAME_AS
192503001	69361009	SAME_AS
192508005	407374003	SAME_AS
192509002	472989003	SAME_AS
192513009	59174009	SAME_AS
192514003	58349009	SAME_AS
192515002	63835008	SAME_AS
192516001	84002002	SAME_AS
192531005	1855002	SAME_AS
192532003	86765009	SAME_AS
192537009	61152003	SAME_AS
192542001	40700009	SAME_AS
192547007	31216003	SAME_AS
192563004	268672004	SAME_AS
192567003	230438007	SAME_AS
192571000	192136006	SAME_AS
192580000	35919005	SAME_AS
192581001	43614003	SAME_AS
192582008	231536004	SAME_AS
192583003	68618008	SAME_AS
192586006	23560001	SAME_AS
192594004	192132008	SAME_AS
192599009	231541007	SAME_AS
192601006	18941000	SAME_AS
192605002	231542000	SAME_AS
192622000	56573006	SAME_AS
192624004	5158005	SAME_AS
192626002	386783003	REPLACED_BY
192629009	302752001	SAME_AS
192632007	39423001	SAME_AS
192633002	37732008	SAME_AS
192634008	35253001	SAME_AS
192638006	74732009	REPLACED_BY
192639003	74732009	REPLACED_BY
192642009	39367000	SAME_AS
192646007	301086002	SAME_AS
192653003	420585007	REPLACED_BY
192657002	192656006	SAME_AS
192669005	111850006	SAME_AS
192670006	10491005	SAME_AS
192675001	186956008	SAME_AS
192680005	81981006	SAME_AS
192684001	86188000	SAME_AS
192690002	83159006	SAME_AS
192691003	309789002	SAME_AS
192692005	230176008	SAME_AS
192707002	192706006	REPLACED_BY
192721000119105	1290067005	REPLACED_BY
192728006	230191005	SAME_AS
192732000	230198004	SAME_AS
192739009	60404007	SAME_AS
192740006	79897009	SAME_AS
192742003	192743008	SAME_AS
192748004	63627007	SAME_AS
192752004	61974008	SAME_AS
192754003	23819000	SAME_AS
192755002	40450001	SAME_AS
192756001	80758005	SAME_AS
192757005	80758005	SAME_AS
192760003	70607008	SAME_AS
192761004	21258007	SAME_AS
192765008	4262001	SAME_AS
192766009	88755007	SAME_AS
192767000	88755007	SAME_AS
192771002	26954004	SAME_AS
192776007	194457007	SAME_AS
192778008	39367000	REPLACED_BY
192801009	418143002	REPLACED_BY
192802002	6475002	SAME_AS
192803007	66108005	SAME_AS
192804001	45864009	SAME_AS
192807008	230745008	SAME_AS
192808003	80098002	SAME_AS
192810001	192794001	SAME_AS
192821005	418143002	REPLACED_BY
192822003	28634005	SAME_AS
192825001	49049000	SAME_AS
192826000	15244003	SAME_AS
192828004	19972008	SAME_AS
19283009	48409008	SAME_AS
192831003	49049000	REPLACED_BY
192834006	67761004	SAME_AS
192836008	230312006	SAME_AS
192841000	31430005	SAME_AS
192845009	1275631007	REPLACED_BY
192848006	89601008	SAME_AS
192849003	271700006	REPLACED_BY
192850003	230304003	SAME_AS
192851004	271700006	REPLACED_BY
192852006	230318005	SAME_AS
192856009	230315008	SAME_AS
192857000	431034009	REPLACED_BY
192858005	431034009	REPLACED_BY
192860007	69996000	SAME_AS
192868000	23732000	SAME_AS
192869008	46808003	SAME_AS
192870009	37960002	SAME_AS
19287005	233616001	REPLACED_BY
192879005	278509004	SAME_AS
192881007	43977004	SAME_AS
192884004	85672005	SAME_AS
192886002	230253001	SAME_AS
192889009	37340000	SAME_AS
192893003	48522003	REPLACED_BY
192896006	29774004	SAME_AS
192897002	63081009	SAME_AS
192902001	230740003	SAME_AS
19291000	400091006	SAME_AS
192910000	11862006	SAME_AS
192911001	26037005	SAME_AS
192914009	86489003	SAME_AS
192921009	712537009	REPLACED_BY
192925000	23853001	REPLACED_BY
192937003	230379007	SAME_AS
192938008	230380005	SAME_AS
192942006	80935004	SAME_AS
192950002	58193001	SAME_AS
192955007	1593000	REPLACED_BY
192959001	230773005	SAME_AS
192960006	230780007	SAME_AS
192962003	128188000	REPLACED_BY
192968004	54099005	SAME_AS
192975003	28978003	SAME_AS
192980007	50866000	SAME_AS
192982004	1236975007	SAME_AS
192983009	230413002	SAME_AS
192984003	230418006	SAME_AS
192985002	19598007	REPLACED_BY
192987005	19598007	REPLACED_BY
192989008	19598007	SAME_AS
192992007	1208991001	SAME_AS
192994008	19598007	SAME_AS
192996005	19598007	REPLACED_BY
192997001	19598007	REPLACED_BY
192999003	230381009	REPLACED_BY
193001003	193000002	REPLACED_BY
193002005	84757009	REPLACED_BY
193004006	79631006	REPLACED_BY
193005007	230381009	REPLACED_BY
193008009	230403005	REPLACED_BY
193009001	230381009	REPLACED_BY
193014002	1340127006	REPLACED_BY
193015001	1340127006	REPLACED_BY
193016000	1340127006	REPLACED_BY
193017009	241006	SAME_AS
193018004	31758001	SAME_AS
193021002	84757009	REPLACED_BY
193022009	230381009	REPLACED_BY
193023004	442512002	REPLACED_BY
193024005	44145005	SAME_AS
193027003	56097005	SAME_AS
193032002	193031009	SAME_AS
193033007	95655001	SAME_AS
193034001	193031009	SAME_AS
193035000	66551002	SAME_AS
193038003	230467008	SAME_AS
193045003	38837006	SAME_AS
193046002	58638006	SAME_AS
193050009	24473007	SAME_AS
193051008	81308009	REPLACED_BY
193054000	52702003	SAME_AS
193057007	9740002	SAME_AS
193061001	40287006	SAME_AS
193062008	230480006	SAME_AS
193063003	40287006	SAME_AS
193065005	40287006	SAME_AS
193066006	40287006	SAME_AS
193079002	28394000	SAME_AS
193081000	230477005	SAME_AS
193083002	118940003	REPLACED_BY
193086005	23853001	REPLACED_BY
193087001	23853001	REPLACED_BY
193088006	42658009	SAME_AS
193092004	64309007	REPLACED_BY
193094003	13753008	SAME_AS
193100000	78152008	SAME_AS
193106006	128210009	SAME_AS
193107002	128210009	SAME_AS
193113006	3548001	SAME_AS
193115004	193114000	SAME_AS
193128006	17689009	SAME_AS
193133005	58497009	SAME_AS
193135003	277188003	SAME_AS
193146000	25690000	SAME_AS
193149007	30085007	SAME_AS
193150007	30085007	SAME_AS
193151006	193148004	REPLACED_BY
193163001	11442006	SAME_AS
193164007	33209009	SAME_AS
193166009	42345000	SAME_AS
193169002	1534008	SAME_AS
193173004	129131007	SAME_AS
193175006	1767005	SAME_AS
193189001	230596007	SAME_AS
193192002	31524007	SAME_AS
193194001	129616004	SAME_AS
193200009	230646002	SAME_AS
193216006	230672006	SAME_AS
193221009	111501005	SAME_AS
193223007	82077006	SAME_AS
193226004	240046001	SAME_AS
193232009	1010712009	SAME_AS
193233004	111508004	SAME_AS
193234005	315608004	SAME_AS
193242006	240101000	SAME_AS
193243001	19303008	SAME_AS
193246009	26889001	REPLACED_BY
193256008	26111005	SAME_AS
193257004	73297009	SAME_AS
193263008	230577008	SAME_AS
193264002	42658009	REPLACED_BY
193266000	371405004	SAME_AS
193268004	1493002	SAME_AS
193269007	13978000	SAME_AS
193270008	128351009	SAME_AS
193276002	32022003	SAME_AS
193278001	32022003	SAME_AS
193281006	53885001	SAME_AS
193284003	62585004	SAME_AS
193288000	1361009	SAME_AS
193290004	93478000	SAME_AS
193293002	3426005	SAME_AS
193295009	49089006	SAME_AS
193296005	28946006	SAME_AS
193297001	56211001	SAME_AS
193298006	57129007	SAME_AS
193299003	15236003	SAME_AS
193303008	31550006	SAME_AS
193306000	11096003	SAME_AS
193307009	59412005	SAME_AS
193308004	78348000	SAME_AS
193309007	62955002	SAME_AS
193310002	41708006	SAME_AS
193317004	1279848007	REPLACED_BY
193320007	1281815001	REPLACED_BY
193332006	83405000	SAME_AS
193333001	65545003	SAME_AS
193334007	56039006	SAME_AS
193335008	67638006	SAME_AS
193340000	51226000	SAME_AS
193343003	1275615004	SAME_AS
193348007	29555009	REPLACED_BY
193351000	232020009	SAME_AS
193352007	311782002	SAME_AS
193358006	6962006	SAME_AS
193359003	25506007	SAME_AS
193361007	52539004	SAME_AS
193362000	57534004	REPLACED_BY
193365003	52593001	SAME_AS
193374001	404667009	SAME_AS
193375000	404670008	SAME_AS
193381008	42059000	SAME_AS
193389005	44115007	SAME_AS
193391002	367649002	SAME_AS
193393004	61536007	SAME_AS
193395006	54184008	SAME_AS
193396007	35545005	SAME_AS
193397003	60676002	SAME_AS
193407005	70099003	SAME_AS
193415008	28835009	REPLACED_BY
193419002	11547003	SAME_AS
193420008	63297008	SAME_AS
193421007	48742005	SAME_AS
193422000	28998008	REPLACED_BY
193423005	39832008	SAME_AS
193424004	28391008	SAME_AS
193425003	54388004	SAME_AS
193441002	78769001	REPLACED_BY
193447003	78769001	REPLACED_BY
193453003	193497004	SAME_AS
193471005	276426004	SAME_AS
193483007	1336108005	REPLACED_BY
193484001	1144419002	REPLACED_BY
193485000	12630008	SAME_AS
193486004	6869001	SAME_AS
193487008	89114005	SAME_AS
193488003	46916006	REPLACED_BY
193493000	77971008	REPLACED_BY
193500005	77971008	SAME_AS
193502002	75229002	SAME_AS
193506004	392133001	SAME_AS
193507008	5425007	SAME_AS
193519000	247034002	SAME_AS
193520006	28900006	SAME_AS
193521005	57286009	SAME_AS
193531003	833278008	REPLACED_BY
193533000	1003614009	REPLACED_BY
193534006	1003488007	REPLACED_BY
193535007	1003530008	REPLACED_BY
193538009	84494001	REPLACED_BY
193539001	46168003	SAME_AS
193541000	71111008	SAME_AS
193543002	84494001	REPLACED_BY
193545009	392288006	REPLACED_BY
193547001	392288006	REPLACED_BY
193550003	1654001	REPLACED_BY
193551004	95717004	SAME_AS
193558005	84333006	REPLACED_BY
193564003	232086000	SAME_AS
193567005	50485007	SAME_AS
19357001	722553006	SAME_AS
193575004	1412008	SAME_AS
193586002	111515007	SAME_AS
193587006	5318001	SAME_AS
193588001	78875003	SAME_AS
193592008	11422002	SAME_AS
193597002	8656007	SAME_AS
193607003	68216000	SAME_AS
193616004	105881000119106	SAME_AS
193618003	95722004	SAME_AS
193621001	10970008	SAME_AS
193623003	193570009	REPLACED_BY
193624009	311789006	SAME_AS
193625005	32022003	SAME_AS
193630009	86266009	SAME_AS
193633006	71196004	SAME_AS
193634000	72128008	REPLACED_BY
193635004	72128008	REPLACED_BY
193636003	193638002	SAME_AS
193640007	78455002	SAME_AS
193642004	2228002	SAME_AS
193646001	409668002	SAME_AS
193649008	56170001	SAME_AS
193650008	83551002	SAME_AS
193651007	75364009	SAME_AS
193652000	9428001	SAME_AS
193654004	83824009	SAME_AS
193660004	8826001	SAME_AS
193661000	32919003	SAME_AS
193663002	312372003	SAME_AS
193667001	33014001	SAME_AS
193668006	64418005	SAME_AS
193674006	24370009	SAME_AS
193676008	129625005	SAME_AS
193689002	232061009	REPLACED_BY
193701007	193699007	SAME_AS
193731001	105597003	REPLACED_BY
193758008	91514001	SAME_AS
193760005	111520007	SAME_AS
193761009	7426009	SAME_AS
193768003	39281000	SAME_AS
193773009	67895005	SAME_AS
193774003	318316003	SAME_AS
193777005	77080005	SAME_AS
193783008	1763009	SAME_AS
193789007	246925003	SAME_AS
193790003	4873000	SAME_AS
193791004	246925003	SAME_AS
193797000	66104007	SAME_AS
193798005	55713007	SAME_AS
193799002	56530002	SAME_AS
193800003	30337003	SAME_AS
193801004	28143002	SAME_AS
193809002	21328003	SAME_AS
193813009	1794009	SAME_AS
193814003	27536004	SAME_AS
193815002	57207003	SAME_AS
193816001	49362009	SAME_AS
193822005	42312000	SAME_AS
193829001	9633006	SAME_AS
193831005	77797009	SAME_AS
193833008	1674008	SAME_AS
193838004	373424008	SAME_AS
193849005	52476003	SAME_AS
193852002	373433005	SAME_AS
193853007	373423002	SAME_AS
19386003	212694004	SAME_AS
193861002	68898005	SAME_AS
193863004	67678004	SAME_AS
193866007	8211008	SAME_AS
193867003	318316003	SAME_AS
193871000	69397000	SAME_AS
193872007	10813004	SAME_AS
193877001	128350005	SAME_AS
193882008	43300008	SAME_AS
193883003	41564009	SAME_AS
193891007	90607003	SAME_AS
193896002	8148005	SAME_AS
193898001	2978006	SAME_AS
193905009	34250006	SAME_AS
193907001	41446000	SAME_AS
193914004	309779001	SAME_AS
193915003	231796003	SAME_AS
193917006	93423006	SAME_AS
193920003	71577007	SAME_AS
193924007	313253009	SAME_AS
193925008	1231722004	REPLACED_BY
193926009	60113004	REPLACED_BY
193930007	60332004	SAME_AS
193931006	309778009	SAME_AS
193932004	309777004	SAME_AS
193933009	267649003	REPLACED_BY
193936001	60735000	SAME_AS
193938000	59890007	SAME_AS
193939008	21783006	SAME_AS
193949006	5127009	SAME_AS
193962005	47704002	SAME_AS
193963000	60113004	REPLACED_BY
193964006	14100003	SAME_AS
193968009	23951003	SAME_AS
193974009	4559000	SAME_AS
193978007	17093002	SAME_AS
193979004	75068001	SAME_AS
193984005	31788005	SAME_AS
193988008	64324003	SAME_AS
194001006	417563003	REPLACED_BY
194008000	72776003	SAME_AS
194009008	80698001	SAME_AS
194010003	56733003	SAME_AS
194015008	89907009	SAME_AS
194021007	22006008	SAME_AS
194025003	50955006	SAME_AS
194026002	111525002	SAME_AS
194030004	14858001	SAME_AS
194049000	44295002	SAME_AS
194051001	66760008	SAME_AS
194055005	77157004	REPLACED_BY
194075001	5455000	SAME_AS
194076000	58409000	SAME_AS
194077009	65215002	SAME_AS
194080005	39837002	SAME_AS
194081009	111528000	SAME_AS
194082002	24566000	SAME_AS
194087008	5725006	SAME_AS
194088003	45062007	SAME_AS
194089006	111529008	SAME_AS
194093000	37214009	SAME_AS
194094006	31254003	SAME_AS
194095007	57805002	SAME_AS
194115005	59257003	SAME_AS
194126004	46252003	SAME_AS
194133004	67320001	SAME_AS
194141004	815008	REPLACED_BY
194143001	27886001	SAME_AS
194150002	95800001	SAME_AS
194160006	37283009	SAME_AS
194161005	14169000	SAME_AS
194165001	13045009	SAME_AS
194173005	64635004	SAME_AS
194176002	34406007	SAME_AS
194184003	193440001	SAME_AS
194196005	76583009	SAME_AS
194198006	86981007	SAME_AS
194206006	94146005	SAME_AS
194218002	79150005	SAME_AS
194227001	88050005	SAME_AS
194228006	300099009	SAME_AS
194233005	232212002	SAME_AS
194235003	49130001	REPLACED_BY
194236002	49130001	REPLACED_BY
194241005	59275002	SAME_AS
194242003	8326008	SAME_AS
194243008	17866004	SAME_AS
194245001	81564005	SAME_AS
194246000	38596008	SAME_AS
194247009	86850004	SAME_AS
194253009	6485001	SAME_AS
194257005	71958004	SAME_AS
194258000	38394007	SAME_AS
194259008	232254004	REPLACED_BY
194274005	40071000	SAME_AS
194282005	194281003	REPLACED_BY
194285007	39288006	REPLACED_BY
194293007	386034005	REPLACED_BY
194294001	386034005	REPLACED_BY
194295000	386034005	REPLACED_BY
194298003	7138005	SAME_AS
194303001	271945003	SAME_AS
194307000	43887004	SAME_AS
194310007	21426000	REPLACED_BY
194320002	232258001	SAME_AS
194321003	21426000	REPLACED_BY
194323000	72052003	SAME_AS
194324006	71177003	SAME_AS
194325007	21426000	REPLACED_BY
194334002	19483007	SAME_AS
194356004	186738001	SAME_AS
194358003	13445001	SAME_AS
194364005	61794006	SAME_AS
194369000	66410001	SAME_AS
19437001	80353004	SAME_AS
194391007	79471008	REPLACED_BY
194401003	21860004	SAME_AS
194404006	26322001	SAME_AS
194406008	301354004	SAME_AS
194407004	301354004	SAME_AS
194408009	301354004	SAME_AS
194410006	25906001	REPLACED_BY
194436004	39898005	SAME_AS
194440008	271794005	SAME_AS
194442000	230499002	SAME_AS
194556000	48522003	REPLACED_BY
194557009	23853001	REPLACED_BY
194575005	95766002	REPLACED_BY
194581002	416558007	REPLACED_BY
194583004	59698003	SAME_AS
194590009	34250006	SAME_AS
194613002	10810001	SAME_AS
194629005	29555009	REPLACED_BY
194630000	29555009	REPLACED_BY
194631001	23986001	SAME_AS
194644006	54767005	SAME_AS
194685001	21426000	REPLACED_BY
194711009	64072006	SAME_AS
194714001	57803009	SAME_AS
194719006	78069008	SAME_AS
194720000	56501009	SAME_AS
194721001	90453003	SAME_AS
194722008	756003	SAME_AS
194728007	251003004	SAME_AS
194730009	12023003	REPLACED_BY
194746001	85971001	SAME_AS
194749008	23685000	SAME_AS
194753005	43736008	SAME_AS
194756002	38341003	SAME_AS
194758001	1201005	SAME_AS
194759009	56218007	SAME_AS
194761000	54225002	SAME_AS
194762007	36315003	SAME_AS
194763002	83105008	SAME_AS
194765009	36221001	SAME_AS
194766005	77970009	SAME_AS
194776008	86234004	SAME_AS
194777004	66610008	SAME_AS
194778009	66052004	SAME_AS
194786009	73410007	SAME_AS
194789002	31992008	REPLACED_BY
194792003	31992008	REPLACED_BY
194794002	38341003	REPLACED_BY
194798004	52035003	SAME_AS
194803008	307140009	SAME_AS
194805001	304914007	SAME_AS
194806000	91335003	SAME_AS
194807009	129574000	REPLACED_BY
194815007	194821006	SAME_AS
194816008	4557003	SAME_AS
194817004	59021001	SAME_AS
194818009	315025001	SAME_AS
194819001	4557003	SAME_AS
194824003	42531007	SAME_AS
194825002	315026000	SAME_AS
194829008	59021001	REPLACED_BY
194830003	194828000	REPLACED_BY
194831004	19057007	SAME_AS
194832006	194828000	SAME_AS
194833001	21470009	SAME_AS
194834007	300995000	SAME_AS
194835008	225566008	SAME_AS
194836009	314116003	SAME_AS
194837000	233821000	SAME_AS
194838005	233819005	SAME_AS
194839002	194828000	REPLACED_BY
194844009	65340007	REPLACED_BY
194850004	233823002	SAME_AS
194855009	315348000	SAME_AS
194864004	233846000	SAME_AS
194869009	233845001	SAME_AS
194870005	129574000	SAME_AS
194871009	311792005	SAME_AS
194872002	311793000	SAME_AS
194873007	129574000	REPLACED_BY
194874001	129574000	REPLACED_BY
194875000	311796008	SAME_AS
194876004	129574000	REPLACED_BY
194878003	414545008	REPLACED_BY
194880009	49584005	SAME_AS
194881008	49584005	SAME_AS
194884000	49584005	SAME_AS
194885004	79955004	SAME_AS
194886003	45650007	SAME_AS
194887007	79955004	SAME_AS
194888002	88223008	SAME_AS
194889005	79955004	SAME_AS
194893004	39785005	REPLACED_BY
194894005	17993000	SAME_AS
194895006	82889007	SAME_AS
194896007	15386007	SAME_AS
194897003	39785005	REPLACED_BY
194899000	39785005	REPLACED_BY
194900005	39785005	REPLACED_BY
194912009	233885007	SAME_AS
194923008	73774007	SAME_AS
194924002	22462001	SAME_AS
194927009	63553008	SAME_AS
194928004	88129004	SAME_AS
194932005	95890006	SAME_AS
194933000	233850007	REPLACED_BY
194935007	91357005	REPLACED_BY
194936008	30328003	REPLACED_BY
194938009	66893008	REPLACED_BY
194939001	69589006	REPLACED_BY
194940004	48228003	REPLACED_BY
19494006	239720000	SAME_AS
194962004	55855009	REPLACED_BY
194963009	37715009	SAME_AS
194967005	37980001	SAME_AS
194968000	85598007	SAME_AS
194971008	57231008	SAME_AS
194972001	55855009	REPLACED_BY
194973006	60254004	SAME_AS
194981007	250989005	SAME_AS
195005	609464004	REPLACED_BY
195019009	35728003	SAME_AS
195024007	61179004	SAME_AS
195026009	27277001	SAME_AS
195036001	16228931000119102	REPLACED_BY
195037005	85898001	REPLACED_BY
195040005	233917008	REPLACED_BY
195043007	233917008	REPLACED_BY
195049006	193440001	SAME_AS
195051005	74021003	SAME_AS
195055001	59118001	SAME_AS
195056000	233916004	REPLACED_BY
195057009	17869006	SAME_AS
195058004	16797001	SAME_AS
195059007	16797001	SAME_AS
195063000	27885002	SAME_AS
195064006	59118001	SAME_AS
195065007	44808001	REPLACED_BY
195068009	44808001	REPLACED_BY
195077002	12026006	SAME_AS
195078007	12026006	SAME_AS
195081002	282825002	SAME_AS
195086007	233927002	SAME_AS
195088008	309809007	SAME_AS
195089000	234172002	SAME_AS
195090009	410429000	REPLACED_BY
195091008	29717002	SAME_AS
195092001	29717002	REPLACED_BY
195093006	251176006	SAME_AS
195094000	287057009	SAME_AS
195095004	251164006	SAME_AS
195096003	251175005	SAME_AS
195097007	29717002	REPLACED_BY
195098002	71792006	SAME_AS
195102005	71792006	SAME_AS
195107004	698247007	REPLACED_BY
195109001	10633002	SAME_AS
195110006	88805009	SAME_AS
195116000	56675007	SAME_AS
195119007	50920009	REPLACED_BY
195120001	64077000	SAME_AS
195123004	82608003	SAME_AS
195124005	6210001	SAME_AS
195131009	278536002	REPLACED_BY
195133007	274098004	SAME_AS
195134001	5919001	SAME_AS
195135000	195033009	SAME_AS
195138003	28880005	SAME_AS
195143005	86856005	SAME_AS
195144004	27007008	SAME_AS
195146002	27012009	SAME_AS
195148001	309519009	SAME_AS
195149009	309518001	SAME_AS
195151008	56265001	REPLACED_BY
195153006	21454007	SAME_AS
195156003	276280009	SAME_AS
195157007	276282001	SAME_AS
195158002	276283006	SAME_AS
195159005	276284000	SAME_AS
195171004	73020009	REPLACED_BY
195175008	397809001	SAME_AS
195187001	266253001	REPLACED_BY
195192004	95457000	SAME_AS
195193009	78569004	SAME_AS
195194003	307766002	SAME_AS
195195002	307767006	SAME_AS
195197005	64009001	SAME_AS
195198000	34781003	SAME_AS
19520006	359717002	SAME_AS
195202003	230736007	SAME_AS
195204002	266257000	REPLACED_BY
195207009	266257000	REPLACED_BY
195214006	230699008	SAME_AS
195215007	230700009	SAME_AS
195218009	307756005	SAME_AS
195219001	62914000	REPLACED_BY
195223009	111298007	SAME_AS
195227005	302213007	SAME_AS
195228000	230724001	SAME_AS
195237000	62914000	REPLACED_BY
195238005	62914000	REPLACED_BY
195242008	363302008	REPLACED_BY
195248007	62914000	REPLACED_BY
195249004	62914000	REPLACED_BY
195251000	72092001	SAME_AS
195257001	72092001	REPLACED_BY
195259003	74883004	SAME_AS
195260008	314184006	SAME_AS
195262000	314185007	SAME_AS
195263005	314186008	SAME_AS
195264004	73067008	REPLACED_BY
195267006	233984007	REPLACED_BY
195269009	67362008	REPLACED_BY
195282001	311798009	SAME_AS
195283006	312374002	SAME_AS
195286003	58780002	SAME_AS
195292009	432119003	REPLACED_BY
195294005	195295006	SAME_AS
195298008	52403007	SAME_AS
195311000	400047006	REPLACED_BY
195314008	400047006	REPLACED_BY
195330000	312377009	SAME_AS
195331001	312380005	SAME_AS
195333003	274101000	REPLACED_BY
195345007	266262004	REPLACED_BY
195346008	155441006	REPLACED_BY
195348009	75053002	SAME_AS
195351002	50581000	SAME_AS
195354005	400130008	SAME_AS
195355006	400130008	SAME_AS
195356007	400130008	SAME_AS
195357003	400130008	SAME_AS
195359000	78129009	SAME_AS
195360005	126729006	REPLACED_BY
195362002	82275008	SAME_AS
195365000	155441006	REPLACED_BY
195367008	7930004	SAME_AS
195375002	31996006	SAME_AS
195377005	314187004	SAME_AS
195378000	314188009	SAME_AS
195379008	314189001	SAME_AS
195380006	58729003	SAME_AS
195386000	43696002	SAME_AS
195387009	19472003	SAME_AS
195388004	17810004	SAME_AS
195389007	85461008	SAME_AS
195399002	195396009	SAME_AS
195400009	195397000	SAME_AS
195419004	309735004	SAME_AS
195441004	234049002	REPLACED_BY
195451003	313254003	SAME_AS
195457004	23913003	REPLACED_BY
195463008	70153002	REPLACED_BY
195468004	70153002	REPLACED_BY
195472000	70153002	REPLACED_BY
195480007	51070004	SAME_AS
195483009	28670008	REPLACED_BY
195484003	128060009	REPLACED_BY
195485002	128060009	REPLACED_BY
195493002	15607007	SAME_AS
195507005	234171009	SAME_AS
195508000	45007003	REPLACED_BY
195511004	131148009	REPLACED_BY
195512006	309750008	SAME_AS
195513001	79671001	SAME_AS
195519002	195518005	SAME_AS
195521007	37876005	SAME_AS
195526002	83883001	SAME_AS
195530004	23685000	SAME_AS
195545006	129574000	REPLACED_BY
195553003	55855009	REPLACED_BY
195595007	62914000	SAME_AS
195603001	62914000	REPLACED_BY
195607000	363302008	REPLACED_BY
195633008	128060009	REPLACED_BY
19564003	609499000	REPLACED_BY
195650005	4559000	SAME_AS
195679003	276443001	SAME_AS
195691007	64369009	SAME_AS
195692000	8519009	SAME_AS
195695003	37948003	SAME_AS
195696002	59967003	SAME_AS
195699009	49908003	SAME_AS
195700005	222008	SAME_AS
195702002	71186008	SAME_AS
195705000	54398005	SAME_AS
195714005	53926002	REPLACED_BY
195716007	53926002	REPLACED_BY
195718008	53926002	REPLACED_BY
195723008	233599001	SAME_AS
195733000	10509002	REPLACED_BY
195734006	5505005	SAME_AS
195735007	59903001	SAME_AS
195736008	15199004	SAME_AS
195738009	40100001	SAME_AS
195747001	50417007	SAME_AS
195749003	195647007	REPLACED_BY
195750003	201060008	REPLACED_BY
195753001	30677002	SAME_AS
195755008	26808007	SAME_AS
195756009	26808007	SAME_AS
195757000	26808007	REPLACED_BY
195769008	28111002	SAME_AS
195776003	63866002	SAME_AS
195777007	2365002	SAME_AS
195778002	2365002	SAME_AS
195800000	67529001	SAME_AS
195802008	5791006	SAME_AS
195805005	309734000	SAME_AS
195814000	59454008	SAME_AS
195815004	29951006	REPLACED_BY
195816003	29951006	REPLACED_BY
195822007	201060008	REPLACED_BY
195826005	232209000	SAME_AS
195827001	249360004	SAME_AS
195828006	232361003	SAME_AS
195829003	313255002	SAME_AS
195837006	232410007	SAME_AS
195838001	232413009	SAME_AS
195845001	42655007	SAME_AS
195848004	9078005	SAME_AS
195851006	51152000	SAME_AS
195852004	24347001	SAME_AS
195853009	57713008	SAME_AS
195857005	308131007	SAME_AS
195860003	232436000	SAME_AS
195868005	406444002	SAME_AS
195869002	308132000	SAME_AS
195870001	315633001	SAME_AS
195873004	249359009	SAME_AS
195874005	201060008	REPLACED_BY
195875006	43636000	SAME_AS
195877003	201060008	REPLACED_BY
195892002	53084003	REPLACED_BY
195893007	233604007	REPLACED_BY
195894001	46970008	SAME_AS
195895000	46970008	SAME_AS
195897008	233609002	SAME_AS
195898003	233604007	REPLACED_BY
195899006	233604007	SAME_AS
195901002	81164001	SAME_AS
195903004	84753008	REPLACED_BY
195906007	84753008	REPLACED_BY
195907003	233604007	REPLACED_BY
195910005	2523007	SAME_AS
195912002	233604007	REPLACED_BY
195913007	233604007	REPLACED_BY
195914001	233604007	REPLACED_BY
195915000	233604007	REPLACED_BY
195916004	278516003	SAME_AS
195917008	95436008	SAME_AS
195918003	300999006	REPLACED_BY
195919006	314978007	SAME_AS
195920000	195878008	SAME_AS
195928007	74644004	SAME_AS
195932001	233606009	SAME_AS
195938002	85915003	SAME_AS
195940007	32398004	REPLACED_BY
195941006	89549007	SAME_AS
195942004	63480004	SAME_AS
195944003	74417001	SAME_AS
195945002	84409004	SAME_AS
195946001	84409004	SAME_AS
195948000	13645005	SAME_AS
195950008	185086009	SAME_AS
195974006	12428000	SAME_AS
195978009	281239006	SAME_AS
195981004	281239006	SAME_AS
195982006	233679003	SAME_AS
195990006	48347002	SAME_AS
195992003	37471005	REPLACED_BY
195995001	37471005	REPLACED_BY
195996000	313296004	SAME_AS
195997009	313297008	SAME_AS
195998004	313299006	SAME_AS
196002001	195951007	REPLACED_BY
196003006	13645005	REPLACED_BY
196005004	233659006	SAME_AS
196007007	47515009	SAME_AS
196008002	49840000	SAME_AS
196009005	40640008	SAME_AS
196014009	13151001	SAME_AS
196018007	846642004	SAME_AS
196025000	846634000	SAME_AS
196029006	846634000	REPLACED_BY
196042006	415126001	REPLACED_BY
196043001	415126001	REPLACED_BY
196044007	233749003	SAME_AS
196056008	266366003	REPLACED_BY
196057004	50043002	REPLACED_BY
196060006	28085001	SAME_AS
196061005	34286007	SAME_AS
196062003	50694005	SAME_AS
196066000	58554001	REPLACED_BY
196069007	58554001	SAME_AS
196070008	58554001	REPLACED_BY
196071007	58554001	SAME_AS
196072000	58554001	SAME_AS
196082004	2585002	SAME_AS
196083009	3144005	SAME_AS
196084003	85420008	SAME_AS
196086001	85426002	SAME_AS
196087005	24302002	SAME_AS
196088000	23698009	SAME_AS
196089008	7097001	SAME_AS
196092007	27757009	SAME_AS
196093002	83035003	SAME_AS
196094008	73725006	SAME_AS
196097001	60046008	REPLACED_BY
1961000	16044751000119106	REPLACED_BY
196101005	60046008	REPLACED_BY
196104002	84437006	REPLACED_BY
196106000	36118008	REPLACED_BY
196110002	7063008	SAME_AS
196118009	67599009	SAME_AS
196119001	19242006	REPLACED_BY
196122004	19829001	REPLACED_BY
196126001	700250006	REPLACED_BY
196127005	19829001	REPLACED_BY
196128000	42680007	SAME_AS
196129008	19829001	REPLACED_BY
196132006	398726004	REPLACED_BY
196134007	196131004	SAME_AS
196139002	8555001	SAME_AS
196145005	367542003	SAME_AS
196146006	278484009	SAME_AS
196154008	67782005	SAME_AS
196157001	69921001	SAME_AS
196159003	10552002	SAME_AS
196160008	87153008	SAME_AS
196162000	313021007	SAME_AS
196166002	73430006	SAME_AS
196167006	78275009	SAME_AS
196170005	50043002	REPLACED_BY
196171009	68033004	SAME_AS
196172002	55448001	SAME_AS
196175000	4386001	SAME_AS
196178003	37238008	SAME_AS
196181008	21524000	SAME_AS
196184000	50043002	REPLACED_BY
196185004	50043002	REPLACED_BY
196186003	50043002	REPLACED_BY
196192009	309775007	SAME_AS
196195006	54398005	SAME_AS
196217009	201060008	REPLACED_BY
196228008	201060008	REPLACED_BY
196255004	50043002	REPLACED_BY
196261001	50043002	REPLACED_BY
196264009	64969001	SAME_AS
196265005	26624006	SAME_AS
196266006	26624006	SAME_AS
196268007	64969001	SAME_AS
196282007	111325003	SAME_AS
196289003	234949000	SAME_AS
196291006	234949000	REPLACED_BY
196294003	41060007	SAME_AS
196297005	46557008	SAME_AS
196304009	49321003	SAME_AS
196306006	15733007	SAME_AS
196310009	10017004	SAME_AS
196323002	7926002	SAME_AS
196328006	44758003	SAME_AS
196330008	387665005	SAME_AS
196332000	42711005	SAME_AS
196336002	81543006	SAME_AS
196340006	299709002	SAME_AS
196343008	718052004	SAME_AS
196344002	81407003	SAME_AS
196346000	74598008	SAME_AS
196347009	74598008	SAME_AS
196349007	89988002	SAME_AS
196350007	89988002	SAME_AS
196351006	89988002	SAME_AS
196353009	266417001	REPLACED_BY
196357005	13959000	SAME_AS
196361004	21638000	SAME_AS
196362006	21638000	SAME_AS
196363001	83412009	SAME_AS
196365008	5689008	SAME_AS
196368005	271668009	REPLACED_BY
196373004	89722009	SAME_AS
196377003	54711002	SAME_AS
196382005	10653003	SAME_AS
196383000	32958008	SAME_AS
196385007	28070007	SAME_AS
196386008	27299009	SAME_AS
196400004	70305005	SAME_AS
196401000	23234003	SAME_AS
196409003	734027002	REPLACED_BY
196410008	734010005	REPLACED_BY
196420003	235104008	SAME_AS
196424007	1284000	SAME_AS
196425008	1778002	SAME_AS
196426009	33505004	SAME_AS
196431006	75630004	SAME_AS
196432004	298377005	SAME_AS
196433009	298373009	SAME_AS
196440005	44402007	SAME_AS
196441009	21459002	SAME_AS
196443007	278895007	SAME_AS
196448003	105995000	REPLACED_BY
196450006	89988002	SAME_AS
196453008	4749004	SAME_AS
196457009	33083001	SAME_AS
196462005	714751007	SAME_AS
196465007	61804006	SAME_AS
196466008	61804006	SAME_AS
196482009	48269007	SAME_AS
196483004	26558007	SAME_AS
196487003	41569004	SAME_AS
196488008	41569004	SAME_AS
196508008	69825009	SAME_AS
196511009	300259002	SAME_AS
196525005	10890000	REPLACED_BY
196526006	10890000	REPLACED_BY
196527002	61170000	REPLACED_BY
196531008	398676009	SAME_AS
196532001	723177002	REPLACED_BY
196535004	398676009	SAME_AS
196543009	109675004	SAME_AS
196544003	300932000	SAME_AS
196552000	82770004	SAME_AS
196553005	51030006	SAME_AS
196555003	36269003	SAME_AS
196557006	7847004	SAME_AS
196558001	109805003	SAME_AS
196559009	235140005	SAME_AS
196560004	235139008	SAME_AS
196561000	26374003	SAME_AS
196562007	235136001	SAME_AS
196565009	32236000	SAME_AS
196566005	17531008	SAME_AS
196567001	91002001	SAME_AS
196576008	69254008	SAME_AS
196577004	84647002	SAME_AS
196581004	44283002	SAME_AS
196582006	12779007	SAME_AS
196585008	9491003	SAME_AS
196586009	9491003	SAME_AS
196588005	9491003	SAME_AS
196593008	307768001	SAME_AS
196595001	69244009	REPLACED_BY
196600005	266433003	REPLACED_BY
196612009	66889002	SAME_AS
196616007	30126008	SAME_AS
196618008	38982006	SAME_AS
196620006	307131005	SAME_AS
196622003	95435007	SAME_AS
196626000	37657006	REPLACED_BY
196629007	89748001	SAME_AS
196630002	19850005	SAME_AS
196631003	48974009	SAME_AS
196634006	95529005	REPLACED_BY
196636008	57246001	SAME_AS
196637004	31301004	SAME_AS
196638009	76181002	SAME_AS
196641000	95530000	REPLACED_BY
196651004	51868009	SAME_AS
196654007	12847006	SAME_AS
196655008	362998000	SAME_AS
196656009	61347001	SAME_AS
196657000	86895006	SAME_AS
196660007	196652006	REPLACED_BY
196663009	89469000	SAME_AS
196664003	49916007	SAME_AS
196665002	36975000	SAME_AS
196668000	128286008	REPLACED_BY
196669008	51868009	SAME_AS
196670009	235692002	SAME_AS
196680008	51868009	REPLACED_BY
196684004	12274003	SAME_AS
196685003	79118000	SAME_AS
196686002	111353003	SAME_AS
196689009	196682000	REPLACED_BY
196691001	49232000	SAME_AS
196692008	3483000	SAME_AS
196693003	61300005	SAME_AS
196696006	128287004	REPLACED_BY
196705008	13200003	REPLACED_BY
196709002	63954007	SAME_AS
196710007	66636001	SAME_AS
196711006	81387001	SAME_AS
196716001	62838000	SAME_AS
196717005	2807004	SAME_AS
196718000	45640006	SAME_AS
196732003	2367005	SAME_AS
196733008	84568007	SAME_AS
196734002	8493009	SAME_AS
196741008	89538001	SAME_AS
196745004	196731005	REPLACED_BY
196748002	49206006	SAME_AS
196750005	386211005	REPLACED_BY
196755000	386211005	REPLACED_BY
196756004	386211005	REPLACED_BY
196766007	17206008	SAME_AS
196769000	1208004	SAME_AS
196770004	53313006	SAME_AS
196772007	262846002	SAME_AS
196773002	72519002	SAME_AS
196774008	308212008	SAME_AS
196783003	72048003	SAME_AS
196784009	85189001	REPLACED_BY
196792000	24764000	SAME_AS
196793005	37369009	SAME_AS
196794004	91446004	SAME_AS
196795003	286609007	SAME_AS
196801007	2303007	SAME_AS
196804004	7815009	SAME_AS
196805003	53462005	SAME_AS
196829005	45845003	SAME_AS
196832008	38163003	SAME_AS
196833003	3762005	SAME_AS
196852009	50063009	REPLACED_BY
196855006	67508005	SAME_AS
196857003	111366003	SAME_AS
196860005	1542009	SAME_AS
196879008	18378006	SAME_AS
196902004	56676008	SAME_AS
196906001	309752000	SAME_AS
196907005	309753005	SAME_AS
196908000	309751007	SAME_AS
196910003	236053002	SAME_AS
196912006	39839004	REPLACED_BY
196914007	84089009	REPLACED_BY
196922000	34125004	SAME_AS
196927006	32740005	SAME_AS
196932007	40102009	SAME_AS
196937001	773270005	SAME_AS
196938006	773272002	SAME_AS
196947003	87781009	SAME_AS
196948008	35423006	SAME_AS
196949000	4410001	SAME_AS
196968002	52515009	REPLACED_BY
196976000	91390005	REPLACED_BY
196981009	7620006	SAME_AS
196984001	56689002	REPLACED_BY
196988003	64766004	SAME_AS
196989006	295046003	SAME_AS
196991003	235714007	SAME_AS
196992005	196987008	SAME_AS
196994006	13025001	SAME_AS
1970002	237510004	SAME_AS
197007000	46882000	SAME_AS
197015002	71583005	SAME_AS
197016001	74361008	SAME_AS
197018000	72965009	SAME_AS
19702000	53963006	REPLACED_BY
197022005	26006005	SAME_AS
197023000	22231002	SAME_AS
197025007	30304000	SAME_AS
197029001	30719001	SAME_AS
197031005	72547003	SAME_AS
197048002	721651002	SAME_AS
197062009	62851005	SAME_AS
197068008	67766009	SAME_AS
197069000	25817001	SAME_AS
197082008	63532004	SAME_AS
197087002	860750004	REPLACED_BY
197090008	724538004	REPLACED_BY
197094004	63532004	REPLACED_BY
197096002	111358007	SAME_AS
197097006	67153004	SAME_AS
197115000	235774002	SAME_AS
197121001	21782001	SAME_AS
197123003	14760008	REPLACED_BY
197126006	80193009	SAME_AS
197133006	309773000	SAME_AS
197135004	268651002	SAME_AS
197147005	29479008	SAME_AS
197154004	197155003	SAME_AS
197165009	197162007	SAME_AS
197169003	186939000	SAME_AS
197170002	44572005	SAME_AS
197184007	45365002	SAME_AS
197186009	235985005	SAME_AS
197204001	45626005	SAME_AS
197205000	78609007	SAME_AS
197206004	75965001	SAME_AS
197209006	85919009	REPLACED_BY
197214005	57773001	SAME_AS
197217003	60658009	SAME_AS
197220006	266464001	SAME_AS
197221005	266464001	SAME_AS
197224002	20928004	SAME_AS
197228004	77713007	SAME_AS
197231003	235760009	SAME_AS
197234006	235743004	SAME_AS
197235007	313256001	SAME_AS
197237004	24557004	SAME_AS
197240004	297189001	SAME_AS
197241000	297190005	SAME_AS
197243002	128321003	SAME_AS
197244008	90858003	SAME_AS
197253001	46040000	SAME_AS
197255008	83976009	SAME_AS
197256009	88773005	SAME_AS
197257000	52111006	SAME_AS
197258005	73004004	SAME_AS
197261006	76641005	REPLACED_BY
197276003	197274000	REPLACED_BY
197281007	235880004	SAME_AS
197283005	235881000	SAME_AS
197285003	197284004	SAME_AS
197287006	57339008	SAME_AS
197295005	43904005	SAME_AS
197302004	271440004	SAME_AS
197304003	19943007	REPLACED_BY
197312006	235875008	SAME_AS
197313001	307757001	SAME_AS
197315008	722866000	REPLACED_BY
197317000	62484002	SAME_AS
197318005	235899008	SAME_AS
197319002	235901004	SAME_AS
197323005	328383001	REPLACED_BY
197325003	27916005	REPLACED_BY
197334008	59927004	SAME_AS
197340001	186698009	SAME_AS
197341002	302919001	SAME_AS
197349000	1222580004	REPLACED_BY
197355005	7538002	REPLACED_BY
197358007	4896000	REPLACED_BY
197365004	65617004	SAME_AS
197366003	58008004	SAME_AS
197371005	50701000	SAME_AS
197372003	235858002	SAME_AS
197373008	85057007	SAME_AS
197375001	235856003	REPLACED_BY
197387008	37389005	SAME_AS
197390002	197389006	REPLACED_BY
197400008	30093007	REPLACED_BY
197403005	266474003	REPLACED_BY
197406002	266474003	REPLACED_BY
197415009	75726005	SAME_AS
197417001	38712009	SAME_AS
197425004	53206008	SAME_AS
197429005	59612001	SAME_AS
197430000	65018008	SAME_AS
197435005	39621005	REPLACED_BY
197437002	69850007	SAME_AS
197451002	1698001	SAME_AS
197459000	4399003	SAME_AS
197462002	235494005	SAME_AS
197463007	235952002	SAME_AS
197467008	25942009	SAME_AS
197474003	37372002	SAME_AS
197475002	74474003	REPLACED_BY
197487009	54576000	SAME_AS
19752009	204052006	SAME_AS
197575000	53619000	REPLACED_BY
197576004	42030000	SAME_AS
197603000	52254009	REPLACED_BY
197609001	52254009	REPLACED_BY
197616000	20917003	REPLACED_BY
197636004	444691002	REPLACED_BY
197649009	23697004	SAME_AS
197655004	46177005	SAME_AS
197657007	236423003	SAME_AS
197663003	236423003	SAME_AS
197665005	36914006	SAME_AS
197666006	16726004	SAME_AS
197667002	16726004	SAME_AS
197669004	236423003	REPLACED_BY
197670003	236461000	SAME_AS
197672006	28637003	SAME_AS
197674007	236423003	REPLACED_BY
197675008	359563005	SAME_AS
197676009	197659005	SAME_AS
197710000	77182004	SAME_AS
197711001	197613008	SAME_AS
197742006	50411000119108	REPLACED_BY
197743001	50411000119108	REPLACED_BY
197744007	50411000119108	REPLACED_BY
197745008	50411000119108	REPLACED_BY
197746009	307755009	SAME_AS
197747000	50411000119108	REPLACED_BY
197748005	26121002	SAME_AS
197750002	59400006	SAME_AS
197754006	236514003	REPLACED_BY
197755007	46177005	SAME_AS
197760006	63302006	REPLACED_BY
197765001	236379002	SAME_AS
197766000	23754003	SAME_AS
197774004	3321001	REPLACED_BY
197777006	38898003	SAME_AS
197785002	129128006	REPLACED_BY
197786001	71110009	SAME_AS
197787005	40068008	SAME_AS
197796005	266556005	SAME_AS
197797001	95566004	REPLACED_BY
197800004	88531004	SAME_AS
197804008	25341005	SAME_AS
197810008	95576001	SAME_AS
197825008	279004007	SAME_AS
197828005	79509009	SAME_AS
197832004	79509009	REPLACED_BY
197833009	68226007	SAME_AS
197834003	38731000087104	REPLACED_BY
197835002	36139001	SAME_AS
197838000	38731000087104	REPLACED_BY
197840005	4324001	SAME_AS
197847008	48278001	SAME_AS
197855001	75073007	SAME_AS
197860002	40046003	SAME_AS
197864006	7350007	SAME_AS
197877002	236645006	SAME_AS
197878007	786496006	REPLACED_BY
197879004	786496006	REPLACED_BY
197888008	111410004	SAME_AS
197893006	236632007	SAME_AS
197894000	307729008	SAME_AS
197896003	42643001	REPLACED_BY
197897007	42643001	REPLACED_BY
197908007	3263004	SAME_AS
197913006	80375002	SAME_AS
197917007	1366546000	SAME_AS
197925009	720406004	SAME_AS
19793001	715062005	REPLACED_BY
197931007	54022006	SAME_AS
19794007	199175001	SAME_AS
197943008	22220005	SAME_AS
197948004	70795003	SAME_AS
197949007	111412007	SAME_AS
197950007	249301002	SAME_AS
197969002	197963001	REPLACED_BY
197971002	9713002	REPLACED_BY
197976007	12711004	SAME_AS
197977003	6336005	SAME_AS
197985007	95593001	SAME_AS
197986008	70053000	SAME_AS
197992002	24712006	SAME_AS
197995000	43491000	SAME_AS
197996004	236768005	SAME_AS
197997008	236767000	SAME_AS
197999006	27141002	SAME_AS
198000000	57731009	SAME_AS
198011008	84245004	SAME_AS
198021000	44882003	SAME_AS
198022007	44318002	SAME_AS
198023002	236743008	SAME_AS
198036002	473021009	REPLACED_BY
198038001	88673001	SAME_AS
198039009	74046003	SAME_AS
198040006	33958003	REPLACED_BY
198041005	33958003	REPLACED_BY
198046000	49198006	SAME_AS
198050007	236782005	SAME_AS
198051006	408678008	SAME_AS
198052004	236787004	SAME_AS
198053009	236769002	SAME_AS
198054003	236781003	SAME_AS
198072009	47371007	SAME_AS
198073004	63692006	SAME_AS
198074005	431005	SAME_AS
198076007	63901009	SAME_AS
198077003	62983000	SAME_AS
198078008	34615008	SAME_AS
198086008	64557000	REPLACED_BY
198089001	64557000	REPLACED_BY
198095000	27431007	REPLACED_BY
198096004	57993004	REPLACED_BY
198097008	57993004	REPLACED_BY
198117005	53430007	SAME_AS
198118000	271955004	SAME_AS
198119008	271955004	SAME_AS
198120002	198116001	REPLACED_BY
198121003	28432003	SAME_AS
198124006	77296004	SAME_AS
198125007	31834007	SAME_AS
198126008	79604008	REPLACED_BY
198127004	79604008	REPLACED_BY
198129001	79604008	REPLACED_BY
198131005	198130006	SAME_AS
198134002	266581008	SAME_AS
198140009	198142001	SAME_AS
198145004	65984002	SAME_AS
198154001	237037006	REPLACED_BY
198161002	788013003	REPLACED_BY
198168008	788010000	REPLACED_BY
198169000	788010000	REPLACED_BY
198170004	788010000	REPLACED_BY
198173002	237037006	SAME_AS
198176005	788012008	REPLACED_BY
198181001	14053009	SAME_AS
19820002	125648005	REPLACED_BY
198202004	83774001	SAME_AS
198205002	64150007	SAME_AS
198208000	237084006	SAME_AS
198209008	767356009	REPLACED_BY
198210003	56728002	SAME_AS
198222000	33028007	SAME_AS
198238006	282025003	SAME_AS
198244005	198130006	REPLACED_BY
198245006	310789003	REPLACED_BY
198247003	784314006	SAME_AS
198248008	784314006	SAME_AS
198251001	724454004	SAME_AS
198252008	724454004	SAME_AS
198260009	354737001	SAME_AS
198263006	447072005	SAME_AS
198269005	63871009	SAME_AS
198271005	42116007	SAME_AS
198274002	355736000	SAME_AS
198275001	398061002	REPLACED_BY
198282002	73998008	REPLACED_BY
198283007	73998008	REPLACED_BY
198298009	79883001	REPLACED_BY
198335006	12337004	REPLACED_BY
198341004	80914001	SAME_AS
198342006	285836003	SAME_AS
198343001	285838002	SAME_AS
198350002	20768006	SAME_AS
198351003	7204006	SAME_AS
198357004	81956008	SAME_AS
198358009	248917009	SAME_AS
198361005	22741003	SAME_AS
198362003	3754002	SAME_AS
198363008	276871002	SAME_AS
198364002	276872009	SAME_AS
198372000	24548005	SAME_AS
198374004	67483001	SAME_AS
198378001	51689003	SAME_AS
198379009	895491007	SAME_AS
198382004	248861000	SAME_AS
198391000	92802003	SAME_AS
198392007	276873004	SAME_AS
198393002	276874005	SAME_AS
198397001	93421008	SAME_AS
198398006	289474006	SAME_AS
198405000	65754002	SAME_AS
198406004	32096006	SAME_AS
198408003	60241006	SAME_AS
198409006	248980004	SAME_AS
198412009	198401009	REPLACED_BY
198414005	14302001	REPLACED_BY
198420006	237125007	SAME_AS
198428004	237130006	SAME_AS
198431003	386804004	REPLACED_BY
198441000	297147009	SAME_AS
198454007	237143006	SAME_AS
198463009	30826006	SAME_AS
198467005	414187003	REPLACED_BY
198472001	6738008	REPLACED_BY
198475004	26228000	SAME_AS
198478002	237036002	SAME_AS
198480008	312984006	SAME_AS
198481007	44991000119100	REPLACED_BY
198482000	301822002	REPLACED_BY
198485003	310789003	REPLACED_BY
198486002	310789003	REPLACED_BY
198489009	197679002	SAME_AS
198506002	428255004	SAME_AS
198512007	236514003	REPLACED_BY
198519003	50411000119108	REPLACED_BY
198524000	42399005	SAME_AS
198527007	95566004	SAME_AS
198566004	79604008	SAME_AS
19860001	210156005	SAME_AS
198607001	69911009	SAME_AS
198608006	42030000	REPLACED_BY
198611007	417044008	SAME_AS
198612000	237250000	SAME_AS
198616002	16607004	SAME_AS
198619009	79586000	SAME_AS
198621004	609525000	REPLACED_BY
198625008	35656003	SAME_AS
198629002	34801009	REPLACED_BY
198630007	34801009	REPLACED_BY
198639008	59363009	SAME_AS
198668009	59363009	REPLACED_BY
198672008	59363009	REPLACED_BY
198673003	59363009	REPLACED_BY
198674009	59363009	REPLACED_BY
198675005	307737000	SAME_AS
198676006	307749004	SAME_AS
198677002	307752007	SAME_AS
198678007	307746006	SAME_AS
198679004	307737000	REPLACED_BY
198680001	307737000	REPLACED_BY
198681002	307737000	REPLACED_BY
198682009	307733001	SAME_AS
198683004	307734007	SAME_AS
198684005	307735008	SAME_AS
198685006	307750004	SAME_AS
198686007	307733001	REPLACED_BY
198687003	307733001	REPLACED_BY
198688008	307733001	REPLACED_BY
198692001	609450004	REPLACED_BY
198693006	785867009	REPLACED_BY
198694000	609447002	REPLACED_BY
198695004	609452007	REPLACED_BY
198696003	1204036002	REPLACED_BY
198697007	609453002	REPLACED_BY
198698002	609449004	REPLACED_BY
198699005	1204036002	REPLACED_BY
198701005	1204036002	REPLACED_BY
198704002	707207004	REPLACED_BY
198705001	1220626009	REPLACED_BY
198706000	1220631006	REPLACED_BY
198707009	1220632004	REPLACED_BY
198708004	1220586000	REPLACED_BY
198709007	1220625008	REPLACED_BY
198710002	1220564001	REPLACED_BY
198711003	1220630007	REPLACED_BY
198712005	707207004	REPLACED_BY
198714006	707207004	REPLACED_BY
198715007	707207004	REPLACED_BY
198716008	707207004	REPLACED_BY
198718009	1220656000	REPLACED_BY
198720007	1220657009	REPLACED_BY
198721006	1220648003	REPLACED_BY
198722004	1220651005	REPLACED_BY
198723009	1220645000	REPLACED_BY
198724003	1220652003	REPLACED_BY
198731004	57797005	REPLACED_BY
198732006	609450004	REPLACED_BY
198733001	785867009	REPLACED_BY
198734007	609447002	REPLACED_BY
198735008	609452007	REPLACED_BY
198736009	609451000	REPLACED_BY
198737000	609453002	REPLACED_BY
198738005	609449004	REPLACED_BY
198742008	57797005	REPLACED_BY
198743003	707207004	REPLACED_BY
198744009	609450004	REPLACED_BY
198745005	1220631006	REPLACED_BY
198746006	1220632004	REPLACED_BY
198747002	1220586000	REPLACED_BY
198748007	1220625008	REPLACED_BY
198749004	1220564001	REPLACED_BY
198750004	1220630007	REPLACED_BY
198751000	707207004	REPLACED_BY
198752007	707207004	REPLACED_BY
198753002	707207004	REPLACED_BY
198754008	707207004	REPLACED_BY
198755009	57797005	REPLACED_BY
198756005	1220656000	REPLACED_BY
198758006	1220657009	REPLACED_BY
198759003	1220648003	REPLACED_BY
198760008	1220651005	REPLACED_BY
198761007	1220645000	REPLACED_BY
198762000	1220652003	REPLACED_BY
198763005	1264255000	REPLACED_BY
198764004	1264255000	REPLACED_BY
198766002	57797005	REPLACED_BY
198767006	57797005	REPLACED_BY
19882008	198903000	SAME_AS
198831008	1204036002	REPLACED_BY
198840007	198832001	REPLACED_BY
198847005	609452007	REPLACED_BY
198861000	275425008	REPLACED_BY
198862007	609443003	REPLACED_BY
198863002	609443003	REPLACED_BY
198865009	1204036002	REPLACED_BY
198871003	1204036002	REPLACED_BY
198873000	49416000	SAME_AS
198877004	399960008	SAME_AS
198878009	271954000	REPLACED_BY
198880003	363681007	REPLACED_BY
198883001	54048003	REPLACED_BY
198897009	7792000	SAME_AS
198930005	36813001	SAME_AS
198936004	34842007	REPLACED_BY
198940008	34842007	REPLACED_BY
198947006	198942000	REPLACED_BY
198968007	237279007	REPLACED_BY
198969004	48194001	SAME_AS
198970003	237279007	SAME_AS
198971004	237279007	REPLACED_BY
198978005	41114007	SAME_AS
198979002	398254007	REPLACED_BY
198981000	46764007	SAME_AS
198986005	46764007	REPLACED_BY
198987001	46764007	REPLACED_BY
198988006	15938005	SAME_AS
198991006	15938005	REPLACED_BY
198993009	15938005	REPLACED_BY
198994003	198992004	SAME_AS
198995002	237283007	SAME_AS
199003007	198997005	REPLACED_BY
199009006	237281009	SAME_AS
199010001	95605009	SAME_AS
199011002	46764007	SAME_AS
199031003	769087009	REPLACED_BY
199034006	769087009	REPLACED_BY
199035007	90325002	REPLACED_BY
199036008	90325002	REPLACED_BY
199037004	90325002	REPLACED_BY
199038009	90325002	REPLACED_BY
199039001	90325002	REPLACED_BY
199040004	90325002	REPLACED_BY
199041000	90325002	REPLACED_BY
199042007	90325002	REPLACED_BY
199043002	90325002	REPLACED_BY
199045009	90325002	REPLACED_BY
199058005	282020008	SAME_AS
199061006	90968009	SAME_AS
199070009	90127001	SAME_AS
19907001	238447003	SAME_AS
199091001	17787002	SAME_AS
199094009	17787002	REPLACED_BY
199096006	17787002	REPLACED_BY
199102004	31563000	REPLACED_BY
199109008	267204006	REPLACED_BY
199114007	307534009	SAME_AS
199120008	88895004	REPLACED_BY
199122000	88895004	REPLACED_BY
199124004	88895004	REPLACED_BY
199125003	88895004	REPLACED_BY
199137001	199132007	REPLACED_BY
199140001	34165000	SAME_AS
199142009	239102001	SAME_AS
199143004	72042002	SAME_AS
199144005	198609003	REPLACED_BY
199150000	309737007	SAME_AS
199191003	84939004	REPLACED_BY
199196008	84939004	REPLACED_BY
199205008	307534009	REPLACED_BY
199232003	11687002	SAME_AS
199241008	52772002	SAME_AS
199250005	1254981008	REPLACED_BY
199251009	1254981008	REPLACED_BY
199256004	1254981008	REPLACED_BY
199258003	199257008	REPLACED_BY
199263004	199257008	REPLACED_BY
199271000	274121004	SAME_AS
199277001	62377009	SAME_AS
199309000	198609003	REPLACED_BY
199311009	198609003	REPLACED_BY
199318003	65147003	REPLACED_BY
199328007	45384004	SAME_AS
199336003	16356006	REPLACED_BY
199337007	16356006	REPLACED_BY
199341006	16356006	REPLACED_BY
199345002	86356004	REPLACED_BY
199355003	6096002	REPLACED_BY
199359009	63750008	REPLACED_BY
199363002	73161006	REPLACED_BY
199376008	199373000	REPLACED_BY
199379001	199378009	REPLACED_BY
199382006	199378009	REPLACED_BY
199391005	270498000	REPLACED_BY
199392003	270498000	REPLACED_BY
199393008	270498000	REPLACED_BY
199394002	270498000	REPLACED_BY
199395001	270498000	REPLACED_BY
199396000	270498000	REPLACED_BY
199402008	199398004	REPLACED_BY
199406006	871005	REPLACED_BY
199410009	36854009	REPLACED_BY
199414000	69217004	REPLACED_BY
199419005	199416003	REPLACED_BY
199426005	199425009	REPLACED_BY
199428006	199425009	REPLACED_BY
199429003	199425009	REPLACED_BY
199440006	237256006	REPLACED_BY
199441005	237256006	REPLACED_BY
199445001	237256006	REPLACED_BY
199464007	31821006	REPLACED_BY
199470001	199466009	REPLACED_BY
199471002	199466009	REPLACED_BY
199484006	17382005	REPLACED_BY
199485007	17382005	REPLACED_BY
199509001	199446000	SAME_AS
199513008	199446000	REPLACED_BY
199514002	199446000	REPLACED_BY
199522009	1538006	REPLACED_BY
199524005	725051009	REPLACED_BY
199527003	267253006	REPLACED_BY
199529000	42686001	REPLACED_BY
199532002	199531009	REPLACED_BY
199534001	199531009	REPLACED_BY
199535000	199531009	REPLACED_BY
199539006	267254000	REPLACED_BY
199543005	609429008	REPLACED_BY
199544004	609429008	REPLACED_BY
199545003	609429008	REPLACED_BY
199546002	609429008	REPLACED_BY
199550009	199547006	REPLACED_BY
199553006	1359893004	REPLACED_BY
199554000	1359893004	REPLACED_BY
199555004	1359893004	REPLACED_BY
199556003	1359893004	REPLACED_BY
199557007	1359893004	REPLACED_BY
199561001	199558002	REPLACED_BY
199568007	70591005	REPLACED_BY
199572006	106009009	REPLACED_BY
199573001	106009009	REPLACED_BY
199574007	70591005	REPLACED_BY
199581000	44795003	REPLACED_BY
199583002	44795003	REPLACED_BY
199584008	44795003	REPLACED_BY
199585009	237300009	REPLACED_BY
199586005	237300009	REPLACED_BY
199587001	237300009	REPLACED_BY
199588006	237300009	REPLACED_BY
199589003	237300009	REPLACED_BY
199593009	130955003	REPLACED_BY
199600006	12867002	REPLACED_BY
199601005	4006006	REPLACED_BY
199602003	17594002	REPLACED_BY
199603008	13866000	REPLACED_BY
199604002	130955003	REPLACED_BY
199614006	397949005	REPLACED_BY
199619001	309738002	SAME_AS
199626001	33552005	SAME_AS
199627005	70591005	REPLACED_BY
199628000	268585006	SAME_AS
199630003	249173008	SAME_AS
199632006	70591005	REPLACED_BY
199633001	276369006	SAME_AS
199645005	86203003	REPLACED_BY
199647002	86203003	REPLACED_BY
199648007	86203003	REPLACED_BY
199650004	86203003	REPLACED_BY
199652007	59566000	REPLACED_BY
199654008	59566000	REPLACED_BY
199655009	313017000	SAME_AS
199656005	59566000	REPLACED_BY
199659003	44223004	REPLACED_BY
199673007	199670005	REPLACED_BY
199684000	249182002	SAME_AS
199692009	362972006	REPLACED_BY
199693004	1365935003	REPLACED_BY
199695006	1365935003	REPLACED_BY
199696007	1365935003	REPLACED_BY
199703002	267340006	REPLACED_BY
199704008	267340006	REPLACED_BY
199705009	267340006	REPLACED_BY
199706005	267340006	REPLACED_BY
199707001	267340006	REPLACED_BY
199708006	1125006	SAME_AS
199711007	1125006	REPLACED_BY
199713005	18656007	SAME_AS
199715003	18656007	REPLACED_BY
199719009	29399001	REPLACED_BY
199721004	237313003	SAME_AS
199722006	362972006	REPLACED_BY
199723001	362972006	REPLACED_BY
199724007	362972006	REPLACED_BY
199725008	362972006	REPLACED_BY
199726009	362972006	REPLACED_BY
199728005	362972006	REPLACED_BY
199729002	362972006	REPLACED_BY
199730007	362972006	REPLACED_BY
199736001	169665005	SAME_AS
199740005	28701003	SAME_AS
199743007	276445008	REPLACED_BY
199744001	276445008	REPLACED_BY
199750006	199747008	REPLACED_BY
199760002	199757009	REPLACED_BY
199770000	199767004	REPLACED_BY
199775005	1343000	REPLACED_BY
199784005	89700002	REPLACED_BY
199790009	23332002	SAME_AS
199812008	199746004	REPLACED_BY
199821009	387699008	REPLACED_BY
199825000	43715006	REPLACED_BY
199834005	51920004	REPLACED_BY
199839000	267265005	REPLACED_BY
199841004	35882009	REPLACED_BY
199845008	35882009	REPLACED_BY
199848005	33627001	REPLACED_BY
199854006	399960008	SAME_AS
199855007	53443007	REPLACED_BY
199858009	77259008	REPLACED_BY
199863008	275429002	REPLACED_BY
199865001	53443007	REPLACED_BY
199866000	429260008	SAME_AS
199868004	270500004	REPLACED_BY
199870008	270500004	REPLACED_BY
199871007	270500004	REPLACED_BY
199872000	289311005	SAME_AS
199875003	302929008	REPLACED_BY
199878001	1258895002	REPLACED_BY
199881006	1258895002	REPLACED_BY
199888000	156222001	REPLACED_BY
199890004	156222001	REPLACED_BY
199892007	156222001	REPLACED_BY
199896005	79668009	REPLACED_BY
199901007	7870007	REPLACED_BY
199903005	429260008	REPLACED_BY
199904004	429260008	REPLACED_BY
199905003	429260008	REPLACED_BY
199906002	429260008	REPLACED_BY
199907006	429260008	REPLACED_BY
199908001	429260008	REPLACED_BY
199909009	429260008	REPLACED_BY
199910004	429260008	REPLACED_BY
199911000	429260008	REPLACED_BY
199912007	429260008	REPLACED_BY
199917001	57759005	REPLACED_BY
199918006	76658000	SAME_AS
199919003	46311005	SAME_AS
199920009	7504005	SAME_AS
199921008	249220002	SAME_AS
199926003	6234006	REPLACED_BY
199931001	10217006	REPLACED_BY
199958008	49561003	SAME_AS
199959000	49561003	SAME_AS
199961009	49561003	REPLACED_BY
199962002	49561003	SAME_AS
199975002	199972004	REPLACED_BY
199980006	199977005	REPLACED_BY
199997000	5740008	REPLACED_BY
200029002	267272006	REPLACED_BY
200031006	267272006	REPLACED_BY
200032004	267272006	REPLACED_BY
200033009	47821001	REPLACED_BY
200037005	111453004	REPLACED_BY
200038000	111453004	REPLACED_BY
200042002	1148755000	REPLACED_BY
200043007	1148755000	REPLACED_BY
200048003	267276009	REPLACED_BY
200051005	267276009	REPLACED_BY
200052003	267276009	REPLACED_BY
200053008	267276009	REPLACED_BY
200055001	200054002	REPLACED_BY
200058004	200054002	REPLACED_BY
200059007	200054002	REPLACED_BY
200060002	200054002	REPLACED_BY
200062005	200061003	REPLACED_BY
200065007	200061003	REPLACED_BY
200066008	200061003	REPLACED_BY
200067004	200061003	REPLACED_BY
200082009	200046004	REPLACED_BY
200083004	200046004	REPLACED_BY
200084005	200046004	REPLACED_BY
200085006	200046004	REPLACED_BY
200086007	200046004	REPLACED_BY
200087003	200046004	REPLACED_BY
200088008	200046004	REPLACED_BY
200090009	200046004	REPLACED_BY
200091008	200046004	REPLACED_BY
200092001	200046004	REPLACED_BY
200093006	200046004	REPLACED_BY
200094000	200046004	REPLACED_BY
200095004	200046004	REPLACED_BY
200096003	200046004	REPLACED_BY
200101003	87383005	REPLACED_BY
200102005	87383005	REPLACED_BY
200107004	84007008	REPLACED_BY
200108009	84007008	REPLACED_BY
200113008	88887003	REPLACED_BY
200114002	88887003	REPLACED_BY
200116000	733839001	REPLACED_BY
200117009	733839001	REPLACED_BY
200118004	733839001	REPLACED_BY
200119007	733839001	REPLACED_BY
200126007	371614003	SAME_AS
200145003	200144004	REPLACED_BY
200146002	200144004	REPLACED_BY
200152001	200144004	REPLACED_BY
200155004	237360006	SAME_AS
200177000	362973001	REPLACED_BY
200178005	178280004	REPLACED_BY
200179002	22399000	SAME_AS
200182007	22399000	REPLACED_BY
200187001	20932005	REPLACED_BY
200191006	88178009	REPLACED_BY
200193009	2858002	SAME_AS
200195002	2858002	REPLACED_BY
200196001	2858002	REPLACED_BY
200198000	178280004	REPLACED_BY
200199008	178280004	REPLACED_BY
200202003	178280004	REPLACED_BY
200228000	308136002	SAME_AS
200229008	308137006	SAME_AS
200233001	49956009	REPLACED_BY
200256005	308140006	SAME_AS
200278003	200277008	SAME_AS
200279006	200277008	REPLACED_BY
200281008	200277008	REPLACED_BY
200282001	237348005	REPLACED_BY
200283006	237348005	REPLACED_BY
200295006	17263003	REPLACED_BY
200296007	17263003	REPLACED_BY
200297003	17263003	REPLACED_BY
200302000	200299000	REPLACED_BY
200303005	200299000	REPLACED_BY
200304004	200299000	REPLACED_BY
200309009	267284008	REPLACED_BY
200310004	267284008	REPLACED_BY
200311000	267284008	REPLACED_BY
200320009	200284000	REPLACED_BY
200326003	200284000	REPLACED_BY
200327007	362973001	REPLACED_BY
200329005	6594005	REPLACED_BY
200331001	6594005	REPLACED_BY
200332008	6594005	REPLACED_BY
200334009	6594005	REPLACED_BY
200335005	396544001	SAME_AS
200337002	396544001	REPLACED_BY
200338007	396544001	REPLACED_BY
200343000	397752008	REPLACED_BY
200346008	198609003	REPLACED_BY
200347004	198609003	REPLACED_BY
200348009	198609003	REPLACED_BY
200349001	198609003	REPLACED_BY
200351002	51195001	REPLACED_BY
200352009	51195001	REPLACED_BY
200355006	362973001	REPLACED_BY
200356007	362973001	REPLACED_BY
200357003	362973001	REPLACED_BY
200359000	362973001	REPLACED_BY
200360005	362973001	REPLACED_BY
200361009	362973001	REPLACED_BY
200362002	362973001	REPLACED_BY
200363007	362973001	REPLACED_BY
200369006	267289003	REPLACED_BY
200370007	267289003	REPLACED_BY
200376001	270502007	REPLACED_BY
200377005	270502007	REPLACED_BY
200380006	271372000	REPLACED_BY
200383008	271372000	REPLACED_BY
200385001	271372000	REPLACED_BY
200386000	271372000	REPLACED_BY
200393001	200364001	REPLACED_BY
200394007	200364001	REPLACED_BY
200400009	200364001	REPLACED_BY
200401008	35046003	REPLACED_BY
200406003	200402001	REPLACED_BY
200407007	200402001	REPLACED_BY
200413003	267291006	REPLACED_BY
200414009	267291006	REPLACED_BY
200420005	200416006	REPLACED_BY
200423007	35046003	REPLACED_BY
200424001	35046003	REPLACED_BY
200425000	35046003	REPLACED_BY
200427008	35046003	REPLACED_BY
200428003	35046003	REPLACED_BY
200429006	35046003	REPLACED_BY
200431002	35046003	REPLACED_BY
200435006	6995000	REPLACED_BY
200436007	6995000	REPLACED_BY
200441004	30506002	REPLACED_BY
200442006	30506002	REPLACED_BY
200445008	10752251000119103	REPLACED_BY
200448005	200444007	REPLACED_BY
200449002	200444007	REPLACED_BY
200450002	10752251000119103	REPLACED_BY
200451003	199004	SAME_AS
200466000	362973001	REPLACED_BY
200467009	362973001	REPLACED_BY
200468004	106009009	REPLACED_BY
200472000	106009009	REPLACED_BY
200474004	397949005	REPLACED_BY
200476002	198609003	REPLACED_BY
200477006	48782003	SAME_AS
200480007	363681007	SAME_AS
200579007	198609003	REPLACED_BY
200580005	80659006	SAME_AS
200583007	82454002	SAME_AS
200584001	89274006	SAME_AS
200592005	76225004	SAME_AS
200594006	200595007	SAME_AS
200596008	200595007	REPLACED_BY
200603001	37396007	SAME_AS
200605008	52681002	SAME_AS
200614003	12430003	SAME_AS
200615002	12430003	SAME_AS
200633008	36857002	SAME_AS
200693005	128045006	REPLACED_BY
200703007	399183005	SAME_AS
200705000	359749002	SAME_AS
20072003	89461002	SAME_AS
200726000	238418005	SAME_AS
200729007	266429005	SAME_AS
200730002	51212009	SAME_AS
200734006	299990002	SAME_AS
200735007	299989006	SAME_AS
200736008	299991003	SAME_AS
200737004	123951002	SAME_AS
200740004	200652002	SAME_AS
200741000	46876003	SAME_AS
200746005	37223007	SAME_AS
200747001	19457002	SAME_AS
200748006	128276007	SAME_AS
200750003	31928004	SAME_AS
200752006	64576003	SAME_AS
200753001	80437003	SAME_AS
200754007	35708002	SAME_AS
200756009	13802001	SAME_AS
200757000	31928004	SAME_AS
200762004	54792008	SAME_AS
200770009	240711004	SAME_AS
200771008	90823000	SAME_AS
200772001	24079001	SAME_AS
200774000	24079001	REPLACED_BY
200776003	7297005	SAME_AS
200778002	81418003	SAME_AS
200781007	30451004	SAME_AS
200783005	23012005	SAME_AS
200791001	40712008	SAME_AS
200792008	17946007	SAME_AS
200793003	83150005	SAME_AS
200795005	81581001	SAME_AS
200796006	32371003	SAME_AS
200797002	72057009	SAME_AS
200798007	111190006	SAME_AS
200799004	26532007	SAME_AS
200806006	42733007	SAME_AS
200807002	111192003	SAME_AS
200808007	83508001	SAME_AS
200809004	31948006	SAME_AS
200810009	46240005	SAME_AS
200815004	36530008	SAME_AS
200822007	65394002	SAME_AS
200825009	10901008	SAME_AS
200827001	586008	SAME_AS
200828006	53930004	SAME_AS
200829003	200821000	REPLACED_BY
200832000	201015007	SAME_AS
200838001	43982006	SAME_AS
200839009	46795000	SAME_AS
200841005	238575004	SAME_AS
200850007	110979008	SAME_AS
200857005	83627000	SAME_AS
200859008	10347006	SAME_AS
200860003	238525001	SAME_AS
200862006	52636001	SAME_AS
200863001	89019003	SAME_AS
200864007	45265000	SAME_AS
200865008	79144000	SAME_AS
200866009	238510001	SAME_AS
200870001	6888008	SAME_AS
200874005	85512009	SAME_AS
200880002	69827001	SAME_AS
200883000	40275004	REPLACED_BY
200887004	238539001	SAME_AS
200889001	40275004	REPLACED_BY
200890005	35151000087100	SAME_AS
200891009	35151000087100	REPLACED_BY
200894001	238992001	SAME_AS
200896004	35151000087100	REPLACED_BY
200897008	35151000087100	REPLACED_BY
200898003	7231009	SAME_AS
200899006	111196000	SAME_AS
200901002	200973000	SAME_AS
200904005	402718003	SAME_AS
200905006	14800001	SAME_AS
200906007	1351911000	REPLACED_BY
200910005	111196000	REPLACED_BY
200911009	2772003	SAME_AS
200913007	34250006	SAME_AS
200914001	34250006	SAME_AS
200917008	7231009	REPLACED_BY
200918003	240302002	SAME_AS
200926006	238818000	SAME_AS
200930009	398909004	REPLACED_BY
200931008	19877001	REPLACED_BY
200932001	397845003	SAME_AS
200934000	238751002	SAME_AS
200943009	239891002	SAME_AS
200944003	200936003	REPLACED_BY
200947005	58759008	SAME_AS
200952000	77300003	SAME_AS
200957006	239812005	SAME_AS
200958001	19514005	SAME_AS
200959009	156370009	REPLACED_BY
200974006	200977004	REPLACED_BY
200976008	83839005	SAME_AS
200979001	88233000	SAME_AS
200986009	31047003	SAME_AS
200987000	23854007	SAME_AS
200989002	67081008	SAME_AS
200995001	34630004	REPLACED_BY
201003008	64540004	SAME_AS
201005001	109254000	SAME_AS
201006000	53891004	SAME_AS
201008004	82721003	SAME_AS
201010002	88996004	REPLACED_BY
201014006	67882000	SAME_AS
201018009	55608001	SAME_AS
201021006	53891004	SAME_AS
201024003	238525001	SAME_AS
201028000	238590000	SAME_AS
201029008	289998006	SAME_AS
201033001	81418003	SAME_AS
201034007	3014005	SAME_AS
201036009	80659006	REPLACED_BY
201046006	201048007	SAME_AS
201047002	201048007	REPLACED_BY
201050004	22784002	SAME_AS
201052007	201048007	REPLACED_BY
201058006	8691004	SAME_AS
201059003	254666005	SAME_AS
201061007	254662007	SAME_AS
201062000	5132005	SAME_AS
201063005	34042008	SAME_AS
201065003	72129000	SAME_AS
201073007	31825002	SAME_AS
201075000	110983008	SAME_AS
201076004	110982003	SAME_AS
201080009	30475004	SAME_AS
201081008	32909009	SAME_AS
201082001	73813001	SAME_AS
201083006	238641006	SAME_AS
201084000	247455006	SAME_AS
201085004	118618005	SAME_AS
201086003	41495000	SAME_AS
201087007	80432009	SAME_AS
201090001	400190005	SAME_AS
201092009	711524008	SAME_AS
201097003	201101007	SAME_AS
201098008	398838000	SAME_AS
2011000124105	309013001	REPLACED_BY
201103005	17796002	SAME_AS
201104004	5387003	SAME_AS
201105003	254666005	SAME_AS
201106002	398838000	SAME_AS
201116005	30654002	SAME_AS
201118006	4373005	SAME_AS
201122001	30654002	SAME_AS
201123006	44087005	SAME_AS
201124000	223726008	SAME_AS
201125004	247493001	SAME_AS
201145007	86166000	SAME_AS
201147004	39479004	SAME_AS
201148009	86160006	SAME_AS
201150001	27382006	SAME_AS
201152009	64540004	SAME_AS
201153004	53593008	SAME_AS
201154005	2736005	SAME_AS
201155006	5860009	SAME_AS
201156007	67488005	SAME_AS
201164001	29966009	SAME_AS
201166004	279425004	SAME_AS
201167008	238842001	SAME_AS
201168003	238736006	SAME_AS
201169006	25159003	SAME_AS
201170007	86135006	SAME_AS
201172004	12168009	SAME_AS
201173009	12496007	SAME_AS
201178000	53593008	SAME_AS
201179008	21707009	SAME_AS
201181005	77333008	SAME_AS
201193001	47317002	SAME_AS
201194007	44279002	SAME_AS
201205009	1981004	SAME_AS
20121000119105	230404004	REPLACED_BY
201210008	23894009	SAME_AS
201211007	23894009	SAME_AS
201216002	83684005	SAME_AS
201221004	59172008	SAME_AS
201223001	10954006	SAME_AS
201225008	10065003	SAME_AS
201226009	238752009	SAME_AS
201228005	45072005	SAME_AS
201232004	254677004	SAME_AS
201234003	254677004	SAME_AS
201235002	109253006	SAME_AS
201239008	63977007	SAME_AS
201241009	50563003	SAME_AS
201243007	89105000	SAME_AS
201245000	50584008	SAME_AS
201246004	3441005	REPLACED_BY
201247008	3441005	REPLACED_BY
201256000	1332477005	REPLACED_BY
201257009	46742003	SAME_AS
201259007	19429009	REPLACED_BY
201264006	19364004	SAME_AS
201265007	7632005	SAME_AS
201270000	123584008	SAME_AS
201273003	3253007	SAME_AS
201282009	238699007	SAME_AS
201283004	238712007	SAME_AS
201284005	23006000	SAME_AS
201287003	403536009	SAME_AS
201288008	402624000	SAME_AS
201289000	238711000	SAME_AS
20129006	111762003	REPLACED_BY
201292001	49238001	SAME_AS
201298002	80659006	REPLACED_BY
201299005	238775002	SAME_AS
201300002	58872001	SAME_AS
2013007	210814008	SAME_AS
201302005	40929003	SAME_AS
201303000	238772004	SAME_AS
201304006	26825009	SAME_AS
201309001	19843006	SAME_AS
201313008	396325007	SAME_AS
201316000	17141001	SAME_AS
201317009	9418005	SAME_AS
201318004	238957009	SAME_AS
201322009	61137005	SAME_AS
201323004	109433009	SAME_AS
201324005	419893006	SAME_AS
201326007	21143006	SAME_AS
201327003	238590000	SAME_AS
201331009	34042008	SAME_AS
201332002	64036004	SAME_AS
201333007	49428008	SAME_AS
201335000	238931006	SAME_AS
201336004	238945000	SAME_AS
201338003	271766002	SAME_AS
201339006	61018003	SAME_AS
201341007	281639001	SAME_AS
201343005	80659006	REPLACED_BY
201344004	95324001	SAME_AS
201345003	80659006	REPLACED_BY
201392004	238714008	SAME_AS
201413007	80659006	REPLACED_BY
201426006	80659006	REPLACED_BY
201427002	80659006	REPLACED_BY
201435004	55464009	SAME_AS
201437007	239887007	SAME_AS
201438002	309762007	SAME_AS
201441006	267874003	SAME_AS
201442004	31848007	SAME_AS
201446001	1212005	SAME_AS
201447005	239901009	SAME_AS
201449008	239920006	SAME_AS
201450008	26843008	SAME_AS
201452000	24129002	SAME_AS
201453005	239885004	SAME_AS
201454004	81573002	REPLACED_BY
201459009	36678001	SAME_AS
201462007	61112000	SAME_AS
201468006	33937009	SAME_AS
201469003	34934005	SAME_AS
201471003	372939007	REPLACED_BY
201496000	1344659006	REPLACED_BY
2015000	422137007	REPLACED_BY
201505008	1344659006	SAME_AS
201506009	1344659006	REPLACED_BY
201541008	111214005	REPLACED_BY
201553007	111215006	REPLACED_BY
201557008	201736002	REPLACED_BY
201591007	396234004	REPLACED_BY
201623005	396234004	REPLACED_BY
201626002	201625003	REPLACED_BY
201635009	201625003	REPLACED_BY
201636005	201625003	REPLACED_BY
201661008	48440001	SAME_AS
201672003	48440001	REPLACED_BY
201673008	239840000	SAME_AS
201683007	239828000	SAME_AS
201687008	18834007	REPLACED_BY
20172000	26947005	REPLACED_BY
201721000	18834007	REPLACED_BY
201722007	35524003	SAME_AS
201725009	237876008	SAME_AS
201728006	8161000119106	SAME_AS
201729003	201517005	SAME_AS
201730008	239790006	SAME_AS
201731007	23961005	SAME_AS
201737006	240428000	SAME_AS
201761004	35524003	SAME_AS
201787004	239792003	SAME_AS
201790005	287006005	SAME_AS
201793007	23685000	SAME_AS
201794001	398726004	REPLACED_BY
201797008	410502007	REPLACED_BY
201798003	16024431000119108	REPLACED_BY
201799006	410798004	REPLACED_BY
201800005	410502007	REPLACED_BY
201801009	410502007	REPLACED_BY
201802002	239805001	SAME_AS
201803007	16044751000119106	REPLACED_BY
201804001	239803008	SAME_AS
201808003	410502007	REPLACED_BY
201809006	410798004	REPLACED_BY
201810001	308143008	SAME_AS
201815006	239920006	SAME_AS
201816007	417373000	REPLACED_BY
201817003	417373000	REPLACED_BY
201822003	201819000	SAME_AS
201823008	20243008	SAME_AS
201824002	239862000	SAME_AS
201827009	371598009	SAME_AS
201843002	313257005	SAME_AS
201844008	313258000	SAME_AS
201845009	313259008	SAME_AS
201899004	239866002	REPLACED_BY
201901008	239867006	REPLACED_BY
201905004	239872002	REPLACED_BY
201908002	239873007	REPLACED_BY
201917002	396275006	REPLACED_BY
201939000	58188004	REPLACED_BY
201962003	16935003	SAME_AS
201975003	77888002	SAME_AS
202000009	201060008	SAME_AS
202044007	39838007	SAME_AS
202045008	80813006	SAME_AS
202071007	11939005	SAME_AS
202072000	35908007	SAME_AS
202073005	399269003	REPLACED_BY
202074004	111222003	SAME_AS
202076002	9771006	SAME_AS
202077006	5313005	SAME_AS
202084003	309780003	SAME_AS
202085002	309744003	SAME_AS
202087005	21333004	SAME_AS
202090004	82632005	SAME_AS
202091000	77860008	SAME_AS
202100006	309781004	SAME_AS
202103008	1297313005	REPLACED_BY
202104002	78187008	SAME_AS
202113000	1126007	SAME_AS
202125002	1126007	SAME_AS
202126001	314108007	SAME_AS
202134007	9051008	SAME_AS
202135008	429052003	SAME_AS
202136009	90068007	SAME_AS
202140000	84097002	SAME_AS
20216003	609477008	REPLACED_BY
202174001	80406003	REPLACED_BY
202188002	239756002	SAME_AS
202199000	80406003	REPLACED_BY
202209001	5137004	REPLACED_BY
202216000	202210006	SAME_AS
202217009	202212003	SAME_AS
202255004	308144002	SAME_AS
202256003	5137004	REPLACED_BY
202263003	7890003	REPLACED_BY
202296001	7890003	REPLACED_BY
202305005	111227009	REPLACED_BY
202323002	111227009	REPLACED_BY
202349007	239762007	SAME_AS
202351006	398993007	REPLACED_BY
202361004	398993007	REPLACED_BY
202364007	40884005	SAME_AS
202370001	387637008	REPLACED_BY
202390005	50442003	SAME_AS
202393007	387637008	REPLACED_BY
202396004	2602008	SAME_AS
202402007	81808003	REPLACED_BY
202422006	81808003	REPLACED_BY
202423001	1295265008	REPLACED_BY
202431006	1295265008	REPLACED_BY
202432004	1295265008	REPLACED_BY
202433009	202424007	SAME_AS
202443007	445304002	SAME_AS
202445000	445266000	SAME_AS
202447008	445476000	SAME_AS
202454002	1295265008	REPLACED_BY
202476006	57676002	REPLACED_BY
202477002	267949000	SAME_AS
202486007	49218002	SAME_AS
202488008	1003721002	SAME_AS
202498002	239733006	SAME_AS
202499005	57676002	REPLACED_BY
20251006	720824009	SAME_AS
20252004	95858001	REPLACED_BY
202531008	298238005	SAME_AS
202532001	84445001	REPLACED_BY
20254003	281550008	REPLACED_BY
202565009	228158008	SAME_AS
202591005	202574006	REPLACED_BY
202618008	239732001	SAME_AS
202620006	76069003	REPLACED_BY
202621005	69234007	SAME_AS
202633000	399269003	REPLACED_BY
202634006	399269003	REPLACED_BY
202645009	399269003	REPLACED_BY
202649003	371082009	SAME_AS
202650003	55146009	REPLACED_BY
202661006	1156965004	REPLACED_BY
202662004	1156969005	REPLACED_BY
202663009	1156967007	REPLACED_BY
202669008	267971005	SAME_AS
202682000	240218006	SAME_AS
202683005	1156966003	REPLACED_BY
202684004	1156964000	REPLACED_BY
202685003	1156968002	REPLACED_BY
202686002	1156962001	REPLACED_BY
202704007	8847002	REPLACED_BY
202711006	86804002	SAME_AS
202712004	29574001	SAME_AS
202717005	75467001	SAME_AS
202718000	41022003	SAME_AS
202719008	34139004	SAME_AS
202737009	311804006	SAME_AS
202738004	11301007	SAME_AS
202775009	161882006	SAME_AS
202798001	46578006	REPLACED_BY
202801007	12820001	SAME_AS
202807006	61296009	SAME_AS
202825004	249921008	SAME_AS
202835005	239938009	SAME_AS
202836006	111239001	REPLACED_BY
202840002	41137001	SAME_AS
202844006	239961006	SAME_AS
202851002	239960007	SAME_AS
202859000	33439002	SAME_AS
20286008	1148740009	REPLACED_BY
202861009	30936004	SAME_AS
202862002	30936004	REPLACED_BY
202866004	30936004	REPLACED_BY
202870007	77323000	SAME_AS
202871006	64166009	SAME_AS
202876001	1209216006	REPLACED_BY
202879008	221695002	SAME_AS
202895008	26904005	SAME_AS
202896009	281498002	SAME_AS
202897000	281499005	SAME_AS
20290005	20052008	SAME_AS
202903009	1295265008	REPLACED_BY
202929009	84017003	SAME_AS
202930004	425940002	SAME_AS
202931000	17059001	SAME_AS
202938006	78435003	SAME_AS
202939003	19354008	SAME_AS
202948008	240008008	SAME_AS
202949000	297193007	SAME_AS
202950000	297194001	SAME_AS
202951001	312382002	SAME_AS
202956006	52817008	REPLACED_BY
202959004	202843000	SAME_AS
202966003	209767002	SAME_AS
202969005	209771004	SAME_AS
202970006	209772006	SAME_AS
202983007	122864009	SAME_AS
202984001	122862008	SAME_AS
203002008	5029005	SAME_AS
203032000	240123001	SAME_AS
203037006	83049007	SAME_AS
203046000	203045001	REPLACED_BY
203047009	274142002	SAME_AS
203050007	203049007	REPLACED_BY
203051006	274142002	SAME_AS
203054003	274142002	SAME_AS
203056001	202882003	SAME_AS
203057005	400138001	SAME_AS
203090005	95414005	SAME_AS
203091009	111248006	SAME_AS
203092002	240126009	SAME_AS
203093007	55033002	SAME_AS
203094001	48532005	SAME_AS
203096004	268006001	REPLACED_BY
203103001	279069000	SAME_AS
20311006	211769006	SAME_AS
203112004	240107001	SAME_AS
203121003	33760009	SAME_AS
203128009	102556003	SAME_AS
203129001	300954003	SAME_AS
203130006	300953009	SAME_AS
203132003	45326000	SAME_AS
203136000	55300003	SAME_AS
203138004	24693007	SAME_AS
203140009	60684003	SAME_AS
203148002	7587000	SAME_AS
203149005	203164005	SAME_AS
203150005	19956000	SAME_AS
203151009	10188004	SAME_AS
203156004	59867002	SAME_AS
203180000	409780002	REPLACED_BY
203182008	192644005	SAME_AS
203187002	13325005	SAME_AS
203192000	66634003	SAME_AS
203203009	1204420006	REPLACED_BY
203204003	240152003	SAME_AS
203205002	40970001	REPLACED_BY
203208000	53453008	REPLACED_BY
203211004	61585002	REPLACED_BY
203216009	91538002	REPLACED_BY
20322005	1287820006	REPLACED_BY
203243004	63375009	SAME_AS
203244005	60168000	REPLACED_BY
203262001	35984006	SAME_AS
203301008	67322009	SAME_AS
203314009	111253001	REPLACED_BY
203325000	111253001	REPLACED_BY
20334002	65514002	REPLACED_BY
203362003	53406005	SAME_AS
203371007	240241003	SAME_AS
203372000	111255008	SAME_AS
203388000	880067009	REPLACED_BY
203390004	880067009	REPLACED_BY
203415006	53406005	SAME_AS
203418008	787484007	REPLACED_BY
203420006	77881008	REPLACED_BY
203425001	70736000	REPLACED_BY
203426000	77881008	REPLACED_BY
203430002	53174001	SAME_AS
203432005	14651005	SAME_AS
203436008	739301006	REPLACED_BY
203437004	1295481000	REPLACED_BY
203439001	203438009	SAME_AS
203445009	1295484008	REPLACED_BY
203448006	1295480004	REPLACED_BY
203453001	1295483002	REPLACED_BY
203455008	84138006	REPLACED_BY
203456009	308757003	SAME_AS
203457000	308756007	SAME_AS
203458005	308758008	SAME_AS
203459002	311806008	SAME_AS
203460007	311890007	SAME_AS
203461006	311891006	SAME_AS
203462004	240198002	REPLACED_BY
203469008	89859004	SAME_AS
203482000	1231179003	SAME_AS
203484004	1229979007	REPLACED_BY
203491001	53174001	SAME_AS
203493003	734989004	REPLACED_BY
203494009	734988007	REPLACED_BY
203495005	734987002	REPLACED_BY
203504004	134194006	SAME_AS
203507006	12584003	SAME_AS
203513002	62920004	SAME_AS
203519003	240168009	SAME_AS
203520009	240139008	SAME_AS
203523006	64109004	SAME_AS
203524000	76069003	REPLACED_BY
203527007	203522001	SAME_AS
203528002	363173007	SAME_AS
203530000	203534009	SAME_AS
203536006	42251007	SAME_AS
203539004	86380000	SAME_AS
203540002	45636002	SAME_AS
203544006	314038003	SAME_AS
203548009	288245007	SAME_AS
203553004	43234007	SAME_AS
203558008	26517000	REPLACED_BY
203561009	1236806006	REPLACED_BY
203579008	202292004	SAME_AS
203580006	202293009	SAME_AS
203587009	229844004	REPLACED_BY
203588004	275354003	REPLACED_BY
203591004	229844004	REPLACED_BY
203599002	6077001	SAME_AS
203603002	298356007	SAME_AS
203620003	298356007	SAME_AS
203626009	64217002	SAME_AS
203627000	73507002	SAME_AS
203629002	268040001	SAME_AS
203634003	15444000	SAME_AS
203641009	28801006	SAME_AS
203642002	20980008	SAME_AS
203643007	47518006	SAME_AS
203658004	1187362007	REPLACED_BY
203659007	1187361000	REPLACED_BY
203670000	64217002	REPLACED_BY
203671001	413428007	SAME_AS
203672008	64217002	REPLACED_BY
203673003	417893002	REPLACED_BY
203675005	72082009	SAME_AS
203684005	4046000	SAME_AS
203688008	240221008	SAME_AS
203689000	417893002	REPLACED_BY
203690009	111271008	SAME_AS
203691008	417893002	REPLACED_BY
203694000	720013006	REPLACED_BY
203695004	417347005	REPLACED_BY
203696003	718938003	REPLACED_BY
203697007	718929000	REPLACED_BY
203698002	718936004	REPLACED_BY
203699005	47135001	REPLACED_BY
203700006	720024008	REPLACED_BY
203701005	47135001	REPLACED_BY
203703008	718938003	REPLACED_BY
203718009	788465007	REPLACED_BY
203833006	75047002	SAME_AS
203889002	312894000	SAME_AS
203923004	95464003	SAME_AS
203937008	53318002	REPLACED_BY
203958002	53318002	REPLACED_BY
203959005	53318002	REPLACED_BY
203969004	203980004	SAME_AS
203970003	203981000	SAME_AS
203978005	65144005	SAME_AS
204020006	53776005	SAME_AS
204022003	36010004	SAME_AS
204024002	52330001	SAME_AS
204025001	253103006	SAME_AS
204026000	253106003	SAME_AS
204029007	78071008	SAME_AS
204037004	30915001	SAME_AS
204048006	253172000	SAME_AS
204053001	253175003	SAME_AS
204058005	50429003	SAME_AS
204069008	1363237002	REPLACED_BY
204073006	7611002	SAME_AS
204079005	39150004	SAME_AS
204087006	29159009	SAME_AS
204089009	5127009	SAME_AS
204090000	5127009	SAME_AS
204094009	57148006	SAME_AS
204095005	81042008	SAME_AS
204099004	7183006	SAME_AS
204100007	7183006	SAME_AS
204101006	7183006	REPLACED_BY
204103009	7183006	REPLACED_BY
204105002	18821006	SAME_AS
204106001	86527000	SAME_AS
204111004	204113001	SAME_AS
204125003	95723009	SAME_AS
204132007	33521009	SAME_AS
204144005	63216003	SAME_AS
204157002	17480001	SAME_AS
204160009	95714006	SAME_AS
204161008	69278003	SAME_AS
204169005	253236002	SAME_AS
204174002	24210004	SAME_AS
204176000	65997000	SAME_AS
204184001	44295002	SAME_AS
204187008	943003	SAME_AS
204188003	95501007	SAME_AS
204200003	63935007	SAME_AS
204201004	13401001	SAME_AS
204202006	253213006	SAME_AS
204205008	41620007	SAME_AS
204206009	95508001	SAME_AS
204209002	53697002	SAME_AS
20421002	62479008	REPLACED_BY
204211006	95508001	SAME_AS
204214003	54873004	SAME_AS
204219008	93181004	SAME_AS
204226008	57436000	SAME_AS
204234002	43063000	SAME_AS
204235001	11144004	SAME_AS
204237009	54386000	SAME_AS
204243006	35547002	SAME_AS
204244000	35547002	SAME_AS
204246003	49224008	SAME_AS
204255000	29715005	SAME_AS
204258003	232217008	REPLACED_BY
204270004	204272007	SAME_AS
204271000	204272007	SAME_AS
204276005	204272007	SAME_AS
204277001	66597000	SAME_AS
204280000	11731003	SAME_AS
204283003	643001	SAME_AS
204297006	26146002	SAME_AS
204301002	448794008	SAME_AS
204308008	45503006	SAME_AS
204310005	30288003	SAME_AS
204322008	15459006	SAME_AS
204324009	17718000	SAME_AS
204326006	15459006	REPLACED_BY
204328007	253276007	SAME_AS
204329004	360481003	SAME_AS
204331008	15459006	REPLACED_BY
204332001	81990004	SAME_AS
204333006	7368005	SAME_AS
204334000	253335001	SAME_AS
204344003	204342004	REPLACED_BY
204350008	15096009	SAME_AS
204355003	63042009	SAME_AS
204358001	28656008	SAME_AS
204369003	55510008	SAME_AS
204374006	5230009	SAME_AS
204375007	21981000	SAME_AS
204381004	46619002	SAME_AS
204387000	14886009	SAME_AS
204390006	48520006	SAME_AS
204392003	48121000	SAME_AS
204408007	2583009	SAME_AS
204422007	79439001	SAME_AS
204428006	66403007	SAME_AS
204429003	63934006	SAME_AS
204432000	90383006	SAME_AS
204435003	75145007	SAME_AS
204437006	7438000	SAME_AS
204439009	59877000	REPLACED_BY
204441005	59877000	REPLACED_BY
204443008	10930001	SAME_AS
204444002	26780008	SAME_AS
204465008	38385001	SAME_AS
204466009	36422005	SAME_AS
204471002	204470001	REPLACED_BY
204483000	46395002	SAME_AS
204487004	234141001	SAME_AS
204488009	311808009	SAME_AS
204497008	65587001	SAME_AS
204498003	65587001	SAME_AS
204502005	65587001	SAME_AS
204503000	65587001	SAME_AS
204504006	9904008	REPLACED_BY
204506008	9904008	REPLACED_BY
204512003	204508009	SAME_AS
204518004	111317000	SAME_AS
204523004	36659001	SAME_AS
204540008	253736003	SAME_AS
204541007	38086007	SAME_AS
204545003	7481002	SAME_AS
204546002	52879001	SAME_AS
204547006	64981002	SAME_AS
204548001	53189005	SAME_AS
204556003	26408002	SAME_AS
204559005	232461002	SAME_AS
204560000	95468000	SAME_AS
204573001	66489009	SAME_AS
204574007	80825009	SAME_AS
204590007	46722007	SAME_AS
204602003	254000002	SAME_AS
204603008	253994009	SAME_AS
204610002	66948001	SAME_AS
204618009	24194000	SAME_AS
204634007	70705008	SAME_AS
204651000	253760004	SAME_AS
204653002	235641005	SAME_AS
204656005	26179002	SAME_AS
204663005	79510004	SAME_AS
204664004	204667006	SAME_AS
204666002	82393007	SAME_AS
204669009	54616001	SAME_AS
204675000	15135007	SAME_AS
204679006	275262008	REPLACED_BY
204693004	360491009	SAME_AS
204698008	26315009	SAME_AS
204702007	360491009	SAME_AS
204706005	59514009	SAME_AS
204710008	59514009	SAME_AS
204713005	91375006	SAME_AS
204718001	204711007	SAME_AS
204727000	39476006	SAME_AS
204731006	204712000	SAME_AS
204732004	204716002	SAME_AS
204734003	204717006	SAME_AS
204751005	6477005	SAME_AS
204752003	37528004	SAME_AS
204758004	30468000	SAME_AS
204765007	253774006	SAME_AS
204776006	1287007	SAME_AS
204777002	68094008	SAME_AS
204785006	72925005	SAME_AS
204794000	407000	SAME_AS
204796003	204788008	SAME_AS
204797007	1155727009	SAME_AS
204807007	19387007	SAME_AS
204823007	253822004	SAME_AS
204829006	111334008	SAME_AS
20483002	609482001	REPLACED_BY
204831002	64233004	SAME_AS
204834005	42618007	SAME_AS
204838008	15545001	SAME_AS
204841004	15545001	SAME_AS
204845008	17142008	SAME_AS
204855007	767615004	REPLACED_BY
204857004	61476004	SAME_AS
204858009	31339007	SAME_AS
204859001	253833001	SAME_AS
204862003	37687000	SAME_AS
204863008	60291005	SAME_AS
204865001	896999006	SAME_AS
204879009	204878001	SAME_AS
204881006	268228006	SAME_AS
204891000	429631000124104	REPLACED_BY
204896005	95219002	SAME_AS
204899003	75164001	REPLACED_BY
204904004	51693009	SAME_AS
204906002	274151005	SAME_AS
204911000	85437001	SAME_AS
204915009	29345006	SAME_AS
204917001	7762009	SAME_AS
204929005	34424009	SAME_AS
204934009	253852007	SAME_AS
204943000	41962002	SAME_AS
204946008	32659003	SAME_AS
204955006	82525005	SAME_AS
204962002	737562008	REPLACED_BY
204972004	95576001	SAME_AS
204979008	48061001	SAME_AS
204980006	55536001	SAME_AS
204981005	253869009	SAME_AS
204992006	36775008	SAME_AS
204994007	44796002	SAME_AS
204996009	61758007	SAME_AS
205002005	48980001	SAME_AS
205007004	79788002	SAME_AS
205008009	197919005	SAME_AS
205010006	80797002	SAME_AS
205011005	79788002	SAME_AS
205012003	13671009	REPLACED_BY
205013008	253900005	SAME_AS
205035000	15253005	SAME_AS
205036004	254025006	SAME_AS
205037008	15253005	SAME_AS
205038003	24814002	SAME_AS
205049009	10155006	SAME_AS
205050009	48334007	REPLACED_BY
205061001	48334007	REPLACED_BY
205085009	68284008	SAME_AS
20509003	210344002	REPLACED_BY
205095002	79407008	SAME_AS
205105005	371629001	SAME_AS
205106006	16585004	SAME_AS
205107002	111246005	SAME_AS
205112001	239721001	SAME_AS
205113006	1264194006	REPLACED_BY
205119005	367506006	SAME_AS
20512000	254167000	SAME_AS
205150007	84598000	SAME_AS
205157005	3699000	SAME_AS
205159008	70902004	SAME_AS
205160003	205306000	SAME_AS
205168005	253929007	SAME_AS
205172009	84918006	SAME_AS
205201008	371197005	SAME_AS
205205004	278532000	SAME_AS
205232009	205358006	SAME_AS
205240003	67341007	SAME_AS
205252005	79120002	SAME_AS
205256008	4530000	SAME_AS
205259001	70410008	SAME_AS
205274004	1263646004	REPLACED_BY
205287005	63391007	SAME_AS
205310002	203554005	SAME_AS
205337000	52781008	SAME_AS
205340000	205067002	SAME_AS
205357001	82785005	SAME_AS
205359003	205082007	SAME_AS
205360008	126762003	SAME_AS
205374001	66078008	SAME_AS
205377008	128061008	SAME_AS
205378003	890190003	REPLACED_BY
205379006	890191004	REPLACED_BY
20538000	196807006	SAME_AS
205381008	66078008	SAME_AS
205383006	205382001	SAME_AS
205388002	55852007	SAME_AS
205396007	18132009	SAME_AS
20540005	208034002	SAME_AS
205410003	33322003	SAME_AS
205412006	23939000	SAME_AS
205413001	48069004	SAME_AS
205414007	57219006	SAME_AS
205415008	48069004	SAME_AS
205420008	9740002	SAME_AS
205440001	79665007	SAME_AS
20544001	246544003	REPLACED_BY
205450000	205425003	SAME_AS
20547008	266071000	REPLACED_BY
205474002	279082008	SAME_AS
205478004	278713008	SAME_AS
205486004	278715001	SAME_AS
205487008	28681006	SAME_AS
205490002	105986008	SAME_AS
205493000	78314001	SAME_AS
205502002	367489004	SAME_AS
205505000	34643004	SAME_AS
205508003	36517007	SAME_AS
205512009	238383006	SAME_AS
205518008	253818009	REPLACED_BY
205524002	38371006	SAME_AS
205527009	82725007	SAME_AS
205529007	75491005	SAME_AS
205531003	66783006	SAME_AS
205551004	254157005	SAME_AS
205552006	72523005	SAME_AS
205554007	206445003	SAME_AS
205555008	312514006	SAME_AS
205566001	397012002	REPLACED_BY
205567005	367520004	SAME_AS
205571008	80432009	SAME_AS
205572001	69093006	SAME_AS
205574000	252246005	SAME_AS
205575004	764958008	REPLACED_BY
205579005	74223008	SAME_AS
205581007	6874009	SAME_AS
205582000	48611009	SAME_AS
205585003	67144006	SAME_AS
205587006	254185007	SAME_AS
205604005	18166000	SAME_AS
205605006	50956007	SAME_AS
205617008	254264002	SAME_AS
205618003	41040004	REPLACED_BY
205621001	254268004	SAME_AS
205622008	21111006	REPLACED_BY
205625005	254266000	SAME_AS
205626006	51500006	REPLACED_BY
205628007	254274004	REPLACED_BY
205642004	767263007	REPLACED_BY
205656002	254269007	SAME_AS
205668006	66651005	SAME_AS
205669003	72991005	SAME_AS
205682006	83579008	SAME_AS
205685008	38804009	SAME_AS
205692003	205681004	REPLACED_BY
205695001	205681004	REPLACED_BY
205702000	254276002	SAME_AS
205713002	254282004	SAME_AS
205714008	254283009	SAME_AS
205715009	254285002	SAME_AS
205719003	1234906009	REPLACED_BY
205721008	50749006	SAME_AS
205724000	74345006	REPLACED_BY
205731001	65146007	SAME_AS
205734009	65146007	SAME_AS
205740002	68352004	SAME_AS
205741003	49494003	SAME_AS
205742005	83190008	SAME_AS
205758008	65048006	SAME_AS
205760005	17422006	SAME_AS
205765000	43876007	REPLACED_BY
205766004	68716001	SAME_AS
205767008	70978004	SAME_AS
205772004	85630009	SAME_AS
205773009	66426000	SAME_AS
205784002	400038003	REPLACED_BY
205785001	276654001	REPLACED_BY
205786000	400038003	REPLACED_BY
205789007	70065001	SAME_AS
205790003	38323006	SAME_AS
205791004	1293117004	REPLACED_BY
205792006	17231009	SAME_AS
205795008	234138005	SAME_AS
205797000	65094009	REPLACED_BY
205799002	52616002	SAME_AS
205801004	2884008	SAME_AS
205803001	309776008	SAME_AS
205804007	82203000	SAME_AS
205805008	313426007	SAME_AS
205806009	290006	SAME_AS
205809002	14921002	SAME_AS
205810007	312214005	SAME_AS
205812004	41443008	REPLACED_BY
205813009	403767009	SAME_AS
205814003	19092004	SAME_AS
205815002	723973002	SAME_AS
205818000	8301004	SAME_AS
205820002	66783006	SAME_AS
205830006	27742002	SAME_AS
205833008	21111006	SAME_AS
205842001	276654001	REPLACED_BY
205902007	66948001	SAME_AS
205999005	276654001	REPLACED_BY
2060004	212600003	SAME_AS
206016009	1293117004	REPLACED_BY
206036005	1263726001	REPLACED_BY
206037001	1263729008	REPLACED_BY
206038006	1263727005	REPLACED_BY
206039003	1263728000	REPLACED_BY
206052008	1259922002	REPLACED_BY
206053003	1259922002	REPLACED_BY
206054009	1259205009	REPLACED_BY
206055005	1259917002	REPLACED_BY
206056006	1263627000	REPLACED_BY
206057002	1263629002	REPLACED_BY
206058007	1263628005	REPLACED_BY
206059004	1263681002	REPLACED_BY
206060009	1259922002	REPLACED_BY
206061008	1259922002	REPLACED_BY
206065004	1197062001	REPLACED_BY
206070006	1193662003	REPLACED_BY
206087008	1197061008	REPLACED_BY
2061000124108	473144009	SAME_AS
206102001	1263723009	REPLACED_BY
206104000	1263721006	REPLACED_BY
206105004	1263723009	REPLACED_BY
206106003	1263723009	REPLACED_BY
206112008	1263636001	REPLACED_BY
206113003	1263635002	REPLACED_BY
206114009	1263632004	REPLACED_BY
206115005	1263683004	REPLACED_BY
206116006	1263630007	REPLACED_BY
206117002	1263680001	REPLACED_BY
206121009	1193556001	REPLACED_BY
206122002	1193558000	REPLACED_BY
206123007	1193666000	REPLACED_BY
206136007	1263615003	REPLACED_BY
206137003	1263616002	REPLACED_BY
206138008	1263615003	REPLACED_BY
206139000	1263615003	REPLACED_BY
206145008	1263603002	REPLACED_BY
206146009	1263605009	REPLACED_BY
206149002	1193557005	REPLACED_BY
206165001	276608005	REPLACED_BY
206171007	267258002	SAME_AS
206172000	276610007	SAME_AS
206173005	310659001	SAME_AS
206174004	276612004	SAME_AS
206176002	310660006	SAME_AS
206180007	38206000	SAME_AS
206184003	267258002	SAME_AS
206199003	37384000	SAME_AS
206206006	206204009	SAME_AS
206207002	37384000	SAME_AS
206208007	37384000	SAME_AS
206216003	1366167005	REPLACED_BY
206222007	64728002	SAME_AS
206247009	242995009	REPLACED_BY
206256001	56110009	REPLACED_BY
206288009	276692000	SAME_AS
206302006	206303001	SAME_AS
206310007	111466004	SAME_AS
206311006	59113005	SAME_AS
206313009	90610005	SAME_AS
206315002	1287820006	REPLACED_BY
206316001	361208003	SAME_AS
206317005	95619009	SAME_AS
206319008	70073005	REPLACED_BY
206322005	1179634008	REPLACED_BY
206327004	17849001	REPLACED_BY
206336000	276671000	SAME_AS
20634009	7895008	REPLACED_BY
206342001	239095007	SAME_AS
206355000	414821002	REPLACED_BY
206363004	11618000	SAME_AS
20637002	254666005	SAME_AS
206381001	309739005	SAME_AS
206392000	71028008	SAME_AS
206432002	15539009	SAME_AS
206433007	359007	SAME_AS
206437008	1295289001	REPLACED_BY
206438003	1335874004	REPLACED_BY
206440008	1335874004	REPLACED_BY
206441007	1335859001	REPLACED_BY
206442000	1295287004	REPLACED_BY
206443005	1264088001	REPLACED_BY
206444004	1335875003	REPLACED_BY
206446002	1335877006	REPLACED_BY
206447006	1295257005	REPLACED_BY
206448001	1335870008	REPLACED_BY
206449009	1335859001	REPLACED_BY
206450009	1335859001	REPLACED_BY
206460000	82696006	SAME_AS
206462008	17140000	REPLACED_BY
206463003	1335873005	REPLACED_BY
206464009	1335872000	REPLACED_BY
206465005	1335872000	REPLACED_BY
206466006	1295333008	SAME_AS
206467002	1335873005	REPLACED_BY
206468007	1295289001	REPLACED_BY
206469004	1295256001	REPLACED_BY
206470003	1335871007	REPLACED_BY
206471004	1335876002	REPLACED_BY
206472006	1295289001	REPLACED_BY
206473001	387712008	REPLACED_BY
206474007	387712008	REPLACED_BY
206476009	276549000	REPLACED_BY
206477000	387712008	REPLACED_BY
206480004	1295289001	REPLACED_BY
206484008	63275006	SAME_AS
206488006	206481000	REPLACED_BY
206495002	206481000	REPLACED_BY
206497005	276562001	SAME_AS
206505009	206481000	REPLACED_BY
206507001	206481000	REPLACED_BY
206516002	38697006	SAME_AS
206517006	76873001	SAME_AS
206519009	53743006	SAME_AS
206522006	414023003	REPLACED_BY
206526009	65390006	SAME_AS
206536001	42357009	REPLACED_BY
206540005	95350002	SAME_AS
206545000	30571006	SAME_AS
206550006	240302002	SAME_AS
206551005	276509008	SAME_AS
206557009	206537005	REPLACED_BY
206572008	414819007	SAME_AS
206574009	67313008	SAME_AS
206575005	276618000	SAME_AS
206579004	51402000	SAME_AS
206580001	276519002	SAME_AS
206581002	237364002	SAME_AS
206584005	415073005	REPLACED_BY
206587003	205294008	SAME_AS
206590009	9740002	SAME_AS
206592001	415073005	REPLACED_BY
206593006	276510003	SAME_AS
206594000	276514007	SAME_AS
206595004	276513001	SAME_AS
206597007	233815004	SAME_AS
206599005	276517000	SAME_AS
206601007	415073005	REPLACED_BY
206603005	415073005	REPLACED_BY
206623006	56110009	SAME_AS
20664001	194272009	SAME_AS
206703004	415073005	REPLACED_BY
206706007	415073005	REPLACED_BY
20671006	422076005	SAME_AS
206711009	271782001	REPLACED_BY
206712002	271782001	REPLACED_BY
206713007	274659008	REPLACED_BY
206714001	418107008	REPLACED_BY
206715000	371632003	SAME_AS
206716004	89458003	SAME_AS
206718003	7011001	REPLACED_BY
206719006	45150006	REPLACED_BY
206720000	29139005	REPLACED_BY
206721001	39672001	REPLACED_BY
206722008	66609003	REPLACED_BY
206723003	64269007	REPLACED_BY
206725005	309585006	REPLACED_BY
206727002	271594007	REPLACED_BY
206729004	271787007	REPLACED_BY
206730009	234168001	REPLACED_BY
206732001	91175000	REPLACED_BY
206733006	41497008	REPLACED_BY
206735004	91175000	REPLACED_BY
206736003	440443001	REPLACED_BY
206739005	271789005	REPLACED_BY
206740007	404640003	REPLACED_BY
206741006	404641004	REPLACED_BY
206742004	386705008	REPLACED_BY
206746001	44186003	REPLACED_BY
206748000	41975002	REPLACED_BY
206752000	192008004	REPLACED_BY
206754004	230496009	REPLACED_BY
206755003	441877007	REPLACED_BY
206756002	442176004	REPLACED_BY
206758001	7520000	REPLACED_BY
206760004	274640006	SAME_AS
206763002	271751000	REPLACED_BY
206765009	271795006	REPLACED_BY
206766005	367391008	REPLACED_BY
206767001	84229001	REPLACED_BY
206769003	214264003	REPLACED_BY
206771003	84229001	REPLACED_BY
206774006	52613005	REPLACED_BY
206775007	52613005	REPLACED_BY
206776008	52613005	REPLACED_BY
206777004	274674005	REPLACED_BY
206778009	274673004	REPLACED_BY
206780003	40917007	REPLACED_BY
206781004	231439009	REPLACED_BY
206782006	160693001	REPLACED_BY
206784007	51921000	REPLACED_BY
206786009	82991003	REPLACED_BY
206788005	17971005	REPLACED_BY
206789002	88822006	REPLACED_BY
206790006	420038007	REPLACED_BY
206791005	45763006	REPLACED_BY
206792003	274646000	SAME_AS
206793008	79351003	REPLACED_BY
206795001	274663001	REPLACED_BY
206796000	274665008	REPLACED_BY
206797009	274647009	REPLACED_BY
20680006	111653006	REPLACED_BY
206803008	271799000	REPLACED_BY
206804002	82470000	REPLACED_BY
206808004	78691002	REPLACED_BY
206809007	87866006	SAME_AS
206813000	44169009	REPLACED_BY
206815007	271801002	REPLACED_BY
206817004	22325002	REPLACED_BY
206818009	25136009	REPLACED_BY
206819001	9447003	REPLACED_BY
206820007	9447003	REPLACED_BY
206821006	78691002	REPLACED_BY
206822004	77599005	REPLACED_BY
206824003	281016006	REPLACED_BY
206826001	39384006	REPLACED_BY
206827005	88278002	REPLACED_BY
206829008	274662006	REPLACED_BY
206832006	30760008	REPLACED_BY
206833001	70784009	REPLACED_BY
206834007	70784009	REPLACED_BY
206837000	10629009	REPLACED_BY
206838005	75140002	REPLACED_BY
206841001	43029002	REPLACED_BY
206842008	102482005	REPLACED_BY
206843003	279069000	REPLACED_BY
206844009	437882009	REPLACED_BY
206845005	42786005	REPLACED_BY
206848007	80910005	REPLACED_BY
206850004	271805006	REPLACED_BY
206851000	90673000	SAME_AS
206853002	274676007	REPLACED_BY
206854008	14151009	REPLACED_BY
206855009	397974008	REPLACED_BY
206856005	33653009	SAME_AS
206857001	91019004	REPLACED_BY
206858006	15037002	REPLACED_BY
206861007	271807003	REPLACED_BY
206863005	442279002	REPLACED_BY
206869009	95325000	REPLACED_BY
206873007	300863000	REPLACED_BY
206874001	309532004	REPLACED_BY
206875000	442098006	REPLACED_BY
206876004	427746000	REPLACED_BY
206877008	309526009	REPLACED_BY
206878003	309531006	REPLACED_BY
206879006	309527000	REPLACED_BY
206880009	309540005	REPLACED_BY
206881008	309576006	REPLACED_BY
206882001	248521008	REPLACED_BY
206883006	441683007	REPLACED_BY
206884000	442026004	REPLACED_BY
206885004	441998006	REPLACED_BY
206886003	441974004	REPLACED_BY
206888002	267038008	REPLACED_BY
206889005	271808008	REPLACED_BY
206890001	442433009	REPLACED_BY
206891002	267038008	REPLACED_BY
206892009	274724004	REPLACED_BY
206893004	271809000	REPLACED_BY
206899000	3415004	REPLACED_BY
206901009	398979000	REPLACED_BY
206902002	238810007	REPLACED_BY
206903007	271812002	REPLACED_BY
206905000	302228007	REPLACED_BY
206906004	271813007	REPLACED_BY
206908003	274672009	REPLACED_BY
206909006	34319007	REPLACED_BY
206910001	17417006	REPLACED_BY
206911002	238644003	SAME_AS
206916007	79890006	REPLACED_BY
206918008	161833006	REPLACED_BY
206919000	267024001	REPLACED_BY
206920006	274540003	REPLACED_BY
206921005	161838002	REPLACED_BY
206922003	161839005	REPLACED_BY
206924002	274626005	REPLACED_BY
206925001	274625009	REPLACED_BY
206926000	36440009	REPLACED_BY
206927009	54840006	REPLACED_BY
206928004	271817008	REPLACED_BY
206929007	442168001	REPLACED_BY
206930002	237836003	REPLACED_BY
206931003	422065006	REPLACED_BY
206934006	17173007	REPLACED_BY
206935007	17173007	REPLACED_BY
206937004	267023007	REPLACED_BY
206939001	267023007	REPLACED_BY
206940004	27029007	REPLACED_BY
206943002	23019001	REPLACED_BY
206946005	25064002	REPLACED_BY
206947001	95668009	REPLACED_BY
206949003	162397003	REPLACED_BY
206950003	274751001	REPLACED_BY
206951004	274755005	REPLACED_BY
206952006	274751001	REPLACED_BY
206953001	274751001	REPLACED_BY
206958005	441975003	REPLACED_BY
206961006	441767000	REPLACED_BY
206962004	441708007	SAME_AS
206963009	300874009	REPLACED_BY
206965002	441708007	REPLACED_BY
206967005	87486003	REPLACED_BY
206970009	441913003	REPLACED_BY
206971008	44564008	REPLACED_BY
206972001	274657005	REPLACED_BY
206973006	274657005	REPLACED_BY
206974000	50219008	REPLACED_BY
206975004	229645001	REPLACED_BY
206976003	229644002	REPLACED_BY
206979005	8011004	REPLACED_BY
206980008	20301004	REPLACED_BY
206981007	289195008	REPLACED_BY
206985003	9236007	REPLACED_BY
206986002	442322007	REPLACED_BY
206987006	59770006	REPLACED_BY
206988001	2496007	REPLACED_BY
206989009	42341009	REPLACED_BY
206990000	27206009	REPLACED_BY
206991001	68345001	REPLACED_BY
206996006	373909009	REPLACED_BY
206997002	79879001	REPLACED_BY
206998007	77329001	REPLACED_BY
206999004	76067001	REPLACED_BY
207000001	232209000	REPLACED_BY
207004005	80313002	REPLACED_BY
207005006	277766008	REPLACED_BY
207006007	80313002	REPLACED_BY
207008008	59935001	REPLACED_BY
207014001	442175000	REPLACED_BY
207017008	274727006	REPLACED_BY
207019006	372070002	REPLACED_BY
207027002	89138009	REPLACED_BY
207028007	371769008	REPLACED_BY
207029004	371769008	REPLACED_BY
207030009	39419009	REPLACED_BY
207031008	76571007	REPLACED_BY
207033006	30746006	REPLACED_BY
207034000	30746006	REPLACED_BY
207035004	30746006	REPLACED_BY
207037007	274741002	REPLACED_BY
207038002	274744005	REPLACED_BY
207040007	49710005	SAME_AS
207044003	30846001	REPLACED_BY
207045002	64661000	REPLACED_BY
207050008	68978004	REPLACED_BY
207051007	62744007	REPLACED_BY
207052000	271823003	REPLACED_BY
207053005	1023001	REPLACED_BY
207054004	309155007	REPLACED_BY
207055003	271825005	REPLACED_BY
207056002	409623005	REPLACED_BY
207057006	267036007	REPLACED_BY
207058001	56018004	REPLACED_BY
207059009	267036007	REPLACED_BY
207060004	72863001	REPLACED_BY
207061000	248626009	REPLACED_BY
207062007	267036007	SAME_AS
207064008	70407001	REPLACED_BY
207066005	49727002	REPLACED_BY
207067001	90129003	REPLACED_BY
207068006	66857006	REPLACED_BY
207072005	274708000	REPLACED_BY
207073000	271826006	REPLACED_BY
207074006	271827002	REPLACED_BY
207075007	271828007	REPLACED_BY
207078009	29857009	REPLACED_BY
207080003	71884009	REPLACED_BY
207081004	161973001	REPLACED_BY
207083001	2237002	REPLACED_BY
207084007	2237002	REPLACED_BY
207085008	279084009	REPLACED_BY
207086009	23924001	REPLACED_BY
207087000	23924001	REPLACED_BY
207088005	161974007	REPLACED_BY
207089002	281245003	REPLACED_BY
207090006	274668005	REPLACED_BY
207091005	4568003	SAME_AS
207092003	161972006	SAME_AS
207094002	440299000	REPLACED_BY
207095001	274739003	REPLACED_BY
207096000	441124000	REPLACED_BY
207097009	441124000	REPLACED_BY
207100004	274712006	REPLACED_BY
207102007	48409008	REPLACED_BY
207103002	59948002	REPLACED_BY
207105009	65958008	REPLACED_BY
207109003	308925008	REPLACED_BY
207110008	16932000	REPLACED_BY
207111007	422587007	REPLACED_BY
207112000	422400008	REPLACED_BY
207113005	422400008	REPLACED_BY
207115003	8579004	SAME_AS
207116002	16932000	REPLACED_BY
207117006	16331000	REPLACED_BY
207118001	16331000	REPLACED_BY
207119009	162030005	REPLACED_BY
207121004	40739000	REPLACED_BY
207122006	40739000	REPLACED_BY
207124007	271832001	REPLACED_BY
207125008	162076009	REPLACED_BY
207126009	271834000	REPLACED_BY
207127000	45979003	REPLACED_BY
207128005	271835004	REPLACED_BY
207132004	271837007	REPLACED_BY
207133009	80306002	REPLACED_BY
207135002	60612008	REPLACED_BY
207136001	16268000	REPLACED_BY
207137005	18101008	REPLACED_BY
207139008	72042002	REPLACED_BY
207141009	271839005	REPLACED_BY
207143007	271840007	REPLACED_BY
207144001	167623009	REPLACED_BY
207145000	398032003	REPLACED_BY
207147008	88111009	REPLACED_BY
207148003	225595004	REPLACED_BY
207149006	102619001	REPLACED_BY
207152003	309572008	REPLACED_BY
207154002	249274008	REPLACED_BY
207155001	7093002	REPLACED_BY
207157009	17329003	REPLACED_BY
207159007	49650001	REPLACED_BY
207160002	49650001	REPLACED_BY
207161003	16844001	REPLACED_BY
207163000	267064002	REPLACED_BY
207164006	236651001	REPLACED_BY
207165007	236652008	REPLACED_BY
207167004	267064002	REPLACED_BY
207168009	267064002	REPLACED_BY
207169001	267064002	REPLACED_BY
207170000	165232002	REPLACED_BY
207172008	370555000	REPLACED_BY
207173003	87557004	REPLACED_BY
207175005	274734008	REPLACED_BY
207177002	28442001	REPLACED_BY
207181002	83128009	REPLACED_BY
207182009	2472002	REPLACED_BY
207183004	271846001	REPLACED_BY
207184005	271848000	REPLACED_BY
207187003	84471002	REPLACED_BY
207188008	28490008	REPLACED_BY
207189000	75088002	REPLACED_BY
207190009	162128006	SAME_AS
207192001	9957009	REPLACED_BY
207193006	2910007	REPLACED_BY
207194000	9957009	REPLACED_BY
207196003	9957009	REPLACED_BY
207197007	274732007	REPLACED_BY
207200008	15803009	REPLACED_BY
207201007	6744007	REPLACED_BY
207202000	271687003	REPLACED_BY
207205003	21522001	REPLACED_BY
207206002	43478001	REPLACED_BY
207207006	9991008	REPLACED_BY
207209009	35363006	REPLACED_BY
207211000	79922009	REPLACED_BY
207212007	88522004	REPLACED_BY
207213002	271853005	REPLACED_BY
207214008	162053006	REPLACED_BY
207215009	162051008	REPLACED_BY
207216005	162052001	REPLACED_BY
207217001	102570003	REPLACED_BY
207218006	271857006	REPLACED_BY
207219003	75879005	REPLACED_BY
207220009	271858001	REPLACED_BY
207221008	9209005	REPLACED_BY
207222001	274671002	REPLACED_BY
207223006	83132003	SAME_AS
207224000	301717006	SAME_AS
207225004	301715003	SAME_AS
207226003	301716002	SAME_AS
207227007	301754002	SAME_AS
207228002	304542004	SAME_AS
207231001	80515008	REPLACED_BY
207232008	80515008	REPLACED_BY
207234009	16294009	REPLACED_BY
207235005	16294009	REPLACED_BY
207238007	60728008	REPLACED_BY
207240002	271860004	REPLACED_BY
207241003	274754009	REPLACED_BY
207242005	74285003	REPLACED_BY
207243000	74285003	REPLACED_BY
207244006	274759004	REPLACED_BY
207245007	274758007	REPLACED_BY
207247004	274743004	REPLACED_BY
207248009	281398003	REPLACED_BY
207249001	281398003	REPLACED_BY
207251002	72300008	REPLACED_BY
207252009	389026000	REPLACED_BY
207253004	271861000	REPLACED_BY
207255006	9209005	SAME_AS
207257003	275359008	SAME_AS
207258008	35745008	REPLACED_BY
207265000	441973005	REPLACED_BY
207266004	441791009	REPLACED_BY
207267008	165475005	REPLACED_BY
207269006	165479004	REPLACED_BY
207271006	165468009	REPLACED_BY
207272004	274858002	REPLACED_BY
207273009	441685000	REPLACED_BY
207274003	441888001	REPLACED_BY
207275002	274774002	REPLACED_BY
207277005	274770006	REPLACED_BY
207278000	275739007	REPLACED_BY
207279008	441957004	REPLACED_BY
207282003	442412000	REPLACED_BY
207283008	166749003	REPLACED_BY
207285001	442174001	REPLACED_BY
207286000	166745009	REPLACED_BY
207287009	274866006	REPLACED_BY
207288004	441897002	REPLACED_BY
207296009	274840008	REPLACED_BY
207297000	165816005	REPLACED_BY
207298005	441781003	REPLACED_BY
207301009	274778004	REPLACED_BY
207305000	441690002	SAME_AS
207307008	312391003	REPLACED_BY
207310001	29738008	REPLACED_BY
207311002	274769005	REPLACED_BY
207312009	274771005	REPLACED_BY
207313004	8022000	REPLACED_BY
207314005	312975006	SAME_AS
207316007	91098006	REPLACED_BY
207317003	68600005	REPLACED_BY
207318008	48165008	REPLACED_BY
207319000	53397008	REPLACED_BY
207320006	45154002	REPLACED_BY
207321005	36815008	REPLACED_BY
207322003	274783007	REPLACED_BY
207325001	274677003	REPLACED_BY
207326000	310439007	REPLACED_BY
207328004	46784006	REPLACED_BY
207329007	441775006	REPLACED_BY
207330002	442185004	REPLACED_BY
207331003	442772007	REPLACED_BY
207332005	274784001	REPLACED_BY
207335007	167704008	REPLACED_BY
207337004	274854000	REPLACED_BY
207338009	274861001	REPLACED_BY
20734000	735541006	SAME_AS
207341000	274843005	REPLACED_BY
207342007	442775009	REPLACED_BY
207343002	274686008	REPLACED_BY
207344008	274834001	REPLACED_BY
207345009	249625002	REPLACED_BY
207346005	271863002	REPLACED_BY
207347001	66187002	REPLACED_BY
207348006	271864008	REPLACED_BY
207349003	271865009	REPLACED_BY
207351004	167767004	REPLACED_BY
207352006	274735009	REPLACED_BY
207354007	42170009	REPLACED_BY
207355008	271867001	REPLACED_BY
207356009	442768008	REPLACED_BY
207357000	167948009	REPLACED_BY
207358005	167863008	REPLACED_BY
207359002	271868006	REPLACED_BY
207363009	21897009	REPLACED_BY
207366001	309196005	REPLACED_BY
207367005	309196005	REPLACED_BY
207368000	309196005	REPLACED_BY
207369008	274704003	REPLACED_BY
207375004	309196005	REPLACED_BY
207376003	309196005	REPLACED_BY
207377007	309196005	REPLACED_BY
207378002	309196005	REPLACED_BY
207385003	274846002	REPLACED_BY
207386002	274682005	REPLACED_BY
207387006	274685007	REPLACED_BY
207388001	274835000	REPLACED_BY
207391001	1172452001	REPLACED_BY
207394009	274845003	REPLACED_BY
207395005	274681003	REPLACED_BY
207396006	274833007	REPLACED_BY
20740001000004108	540921000124108	REPLACED_BY
207401005	274539000	REPLACED_BY
207402003	274535006	REPLACED_BY
207404002	274710003	REPLACED_BY
207405001	427359005	SAME_AS
207406000	274714007	REPLACED_BY
207409007	169241000	REPLACED_BY
207410002	441920005	REPLACED_BY
207411003	169241000	REPLACED_BY
207412005	19616004	REPLACED_BY
207415007	224405004	REPLACED_BY
207419001	274730004	REPLACED_BY
207420007	274733002	REPLACED_BY
207421006	274736005	REPLACED_BY
207425002	1293040003	REPLACED_BY
207426001	274532009	REPLACED_BY
207429008	168750009	REPLACED_BY
207432006	1343407001	REPLACED_BY
207435008	274520005	REPLACED_BY
207437000	274538008	REPLACED_BY
207438005	274521009	REPLACED_BY
207441001	274519004	REPLACED_BY
207443003	442771000	REPLACED_BY
207444009	274524001	REPLACED_BY
207445005	442770004	REPLACED_BY
207446006	102968003	REPLACED_BY
207450004	274523007	REPLACED_BY
207452007	165019004	REPLACED_BY
207454008	38212005	SAME_AS
207455009	607007	SAME_AS
207459003	102594003	REPLACED_BY
207460008	441707002	REPLACED_BY
207461007	442767003	REPLACED_BY
207462000	442774008	REPLACED_BY
207464004	167180005	REPLACED_BY
207465003	312399001	REPLACED_BY
207470005	442665002	REPLACED_BY
207471009	166603001	REPLACED_BY
207476004	442634006	REPLACED_BY
207477008	166432009	REPLACED_BY
207482001	250538001	REPLACED_BY
207483006	168424006	REPLACED_BY
207487007	442124003	REPLACED_BY
207491002	442773002	REPLACED_BY
207496007	441846005	REPLACED_BY
207504000	396152005	SAME_AS
207511001	441801009	REPLACED_BY
207512008	441811002	REPLACED_BY
207514009	1217346007	REPLACED_BY
207515005	1217345006	REPLACED_BY
207519004	24184005	REPLACED_BY
207528003	271873000	REPLACED_BY
207529006	18726006	REPLACED_BY
207530001	18726006	SAME_AS
207531002	57494004	REPLACED_BY
207533004	274644002	REPLACED_BY
207534005	51178009	REPLACED_BY
207535006	51178009	REPLACED_BY
207536007	51178009	REPLACED_BY
207539000	50514002	REPLACED_BY
207540003	53559009	REPLACED_BY
207542006	89816009	REPLACED_BY
207544007	15355001	REPLACED_BY
207546009	15355001	REPLACED_BY
207550002	66466001	REPLACED_BY
207551003	389087006	REPLACED_BY
207552005	409622000	REPLACED_BY
207553000	410431009	REPLACED_BY
207554006	87317003	REPLACED_BY
207556008	424196004	REPLACED_BY
207558009	238108007	REPLACED_BY
207559001	288517002	REPLACED_BY
207567009	410428008	REPLACED_BY
207568004	80670004	REPLACED_BY
207569007	274650007	REPLACED_BY
207570008	28277004	REPLACED_BY
20757006	219294006	SAME_AS
207571007	274651006	REPLACED_BY
207572000	274653009	REPLACED_BY
207574004	274660003	REPLACED_BY
207575003	274654003	REPLACED_BY
207576002	248054003	SAME_AS
20766005	1287094005	REPLACED_BY
207663001	274535006	REPLACED_BY
207671002	51178009	SAME_AS
207725003	111603000	SAME_AS
207743004	111607004	SAME_AS
207756006	65752003	SAME_AS
207761008	76174009	SAME_AS
207765004	23611004	SAME_AS
207773008	61202000	SAME_AS
207774002	43337002	SAME_AS
207779007	263151001	SAME_AS
207783007	84111004	SAME_AS
207786004	263171005	SAME_AS
207789006	263172003	SAME_AS
207790002	63669006	SAME_AS
207791003	44916009	SAME_AS
207792005	37027003	SAME_AS
207883002	71642004	REPLACED_BY
207982008	125606003	SAME_AS
207987002	125608002	SAME_AS
207988007	125872003	SAME_AS
207989004	125871005	SAME_AS
207990008	7687006	SAME_AS
207991007	64455005	SAME_AS
207992000	36127009	SAME_AS
207997006	1734006	SAME_AS
207998001	1269520004	REPLACED_BY
208002006	1290438001	REPLACED_BY
208008	1141661004	REPLACED_BY
208008005	1290439009	REPLACED_BY
208011006	1269520004	REPLACED_BY
208012004	1269521000	REPLACED_BY
208015002	21978005	SAME_AS
208016001	1269459006	REPLACED_BY
208021003	43405004	SAME_AS
208025007	1269521000	REPLACED_BY
208026008	44434003	SAME_AS
208030006	1279898008	REPLACED_BY
208036000	1279909006	REPLACED_BY
208039007	44434003	SAME_AS
208040009	78211006	SAME_AS
208044000	1279915006	REPLACED_BY
208049005	27937002	SAME_AS
208050005	1279921005	REPLACED_BY
208054001	49747005	SAME_AS
208058003	1279877008	REPLACED_BY
208061002	48956000	SAME_AS
208065006	1279876004	REPLACED_BY
208069000	207974008	REPLACED_BY
208076005	207977001	REPLACED_BY
208082008	766775007	REPLACED_BY
208084009	766775007	REPLACED_BY
208088007	767262002	REPLACED_BY
208090008	767262002	REPLACED_BY
208094004	1734006	SAME_AS
208095003	1734006	SAME_AS
208099009	45356009	SAME_AS
208100001	3291007	SAME_AS
208101002	79546008	SAME_AS
208102009	39335003	SAME_AS
208103004	17633000	SAME_AS
208104005	89636007	SAME_AS
208105006	20121009	SAME_AS
208106007	90863004	SAME_AS
208107003	208136003	SAME_AS
208110005	44932007	SAME_AS
208112002	47402002	SAME_AS
208113007	22000002	SAME_AS
208114001	58154005	SAME_AS
208115000	44039000	SAME_AS
208116004	77546004	SAME_AS
208117008	69029002	SAME_AS
208118003	10568008	SAME_AS
208120000	311408004	SAME_AS
208121001	311409007	SAME_AS
208123003	71456006	SAME_AS
208124009	48752009	SAME_AS
208125005	88835002	SAME_AS
208126006	69102005	SAME_AS
208129004	14457000	SAME_AS
208132001	111636004	SAME_AS
208134000	33737001	SAME_AS
208135004	1261007	SAME_AS
208137007	78516000	SAME_AS
208139005	31984004	REPLACED_BY
208140007	1344625007	REPLACED_BY
208141006	1343489000	REPLACED_BY
208142004	31984004	REPLACED_BY
208143009	1344625007	REPLACED_BY
208165009	1292980004	REPLACED_BY
208171003	71220005	SAME_AS
208172005	1292981000	REPLACED_BY
208179001	36417005	SAME_AS
208180003	59962009	SAME_AS
20818009	87275002	SAME_AS
208190006	76911006	SAME_AS
208191005	86731008	SAME_AS
208214005	125607007	SAME_AS
208216007	311814002	SAME_AS
208217003	311815001	SAME_AS
208243002	413875004	SAME_AS
208268000	21419000	SAME_AS
208278002	208283005	SAME_AS
208279005	4750004	SAME_AS
208288001	127286005	SAME_AS
208289009	50890004	SAME_AS
208290000	263192005	SAME_AS
208291001	66308002	REPLACED_BY
208297002	19259001	SAME_AS
208302004	86357008	SAME_AS
208305002	65775005	SAME_AS
208320008	33192001	SAME_AS
208321007	123618009	SAME_AS
208330004	307713000	SAME_AS
208339003	88116004	SAME_AS
208340001	123619001	SAME_AS
208348008	307712005	SAME_AS
208350000	263203001	SAME_AS
208351001	263195007	SAME_AS
208352008	263204007	SAME_AS
208353003	263198009	SAME_AS
208354009	263207000	SAME_AS
208355005	263199001	SAME_AS
208356006	263208005	SAME_AS
208389006	31975004	SAME_AS
208392005	82065001	REPLACED_BY
208396008	67730008	SAME_AS
208398009	46422008	REPLACED_BY
208411000	1370007	SAME_AS
208413002	76597001	SAME_AS
208415009	72224003	REPLACED_BY
208496009	274160002	SAME_AS
208502003	45678008	REPLACED_BY
208503008	60843004	REPLACED_BY
208505001	18276007	SAME_AS
208511003	311816000	SAME_AS
208512005	311817009	SAME_AS
208515007	311819007	SAME_AS
208516008	18276007	SAME_AS
208521006	52450003	SAME_AS
208524003	52450003	SAME_AS
208525002	1705000	SAME_AS
208533001	52450003	REPLACED_BY
208534007	84320000	SAME_AS
208537000	84320000	SAME_AS
208539002	41191003	SAME_AS
208547002	84320000	REPLACED_BY
208548007	22802006	SAME_AS
208553002	89820008	SAME_AS
208554008	22802006	SAME_AS
208555009	66483005	SAME_AS
208560008	26938002	SAME_AS
208561007	66483005	SAME_AS
208563005	263229001	SAME_AS
208593004	54441004	SAME_AS
208594005	263232003	SAME_AS
208595006	71620000	REPLACED_BY
208609001	111644004	SAME_AS
208618004	9344009	SAME_AS
208628008	28012007	SAME_AS
208640008	20433007	SAME_AS
208641007	16114001	SAME_AS
208642000	75591007	SAME_AS
208643005	308153009	SAME_AS
208644004	307727005	SAME_AS
208648001	413876003	REPLACED_BY
208649009	413876003	REPLACED_BY
208650009	414943006	REPLACED_BY
208654000	414943006	REPLACED_BY
208670003	281531008	SAME_AS
208671004	281535004	SAME_AS
208674007	16114001	REPLACED_BY
20869009	35882009	SAME_AS
208704000	1255243004	REPLACED_BY
208706003	263247007	SAME_AS
208707007	263246003	SAME_AS
208708002	263251009	SAME_AS
208720005	311821002	SAME_AS
208721009	311822009	SAME_AS
208725000	52603002	REPLACED_BY
208726004	50531009	REPLACED_BY
208743001	240197007	SAME_AS
208746009	302964004	SAME_AS
208747000	8135006	SAME_AS
208754006	125614009	SAME_AS
208763008	13975002	SAME_AS
208773005	208774004	SAME_AS
208777006	208778001	SAME_AS
208783009	2651006	SAME_AS
208793002	11920000	SAME_AS
208804008	208803002	SAME_AS
208807001	208806005	SAME_AS
208809003	263023008	SAME_AS
208812000	38556006	SAME_AS
208817006	45634004	SAME_AS
208818001	45634004	SAME_AS
208824007	34873006	SAME_AS
208830007	20026002	SAME_AS
208863000	208881002	SAME_AS
208891008	157265008	SAME_AS
208898002	84920009	SAME_AS
208976007	897721003	SAME_AS
208978008	202248001	SAME_AS
208982005	54394007	SAME_AS
20899000	127307002	REPLACED_BY
208991009	41061006	SAME_AS
209009009	83401009	SAME_AS
209050001	1269527001	REPLACED_BY
209052009	44701004	SAME_AS
20906004	415724006	REPLACED_BY
209068003	1269535003	REPLACED_BY
209076001	1269342002	REPLACED_BY
209078000	1269375005	REPLACED_BY
209079008	1269377002	REPLACED_BY
209080006	1269378007	REPLACED_BY
209084002	1279872002	REPLACED_BY
209089007	54317001	SAME_AS
209091004	1269343007	REPLACED_BY
209093001	1269380001	REPLACED_BY
209094007	1269381002	REPLACED_BY
209095008	1269382009	REPLACED_BY
209100005	1279874001	REPLACED_BY
209106004	49891002	SAME_AS
209111002	44237008	SAME_AS
209116007	89760000	SAME_AS
209147001	1269534004	REPLACED_BY
209164003	1269536002	REPLACED_BY
209171008	1269385006	REPLACED_BY
209173006	1269379004	REPLACED_BY
209174000	1269376006	REPLACED_BY
209175004	1269392001	REPLACED_BY
209176003	1269393006	REPLACED_BY
209180008	1279873007	REPLACED_BY
209187006	1269385006	REPLACED_BY
209188001	1269383004	REPLACED_BY
209189009	1269389000	REPLACED_BY
209190000	1269390009	REPLACED_BY
209191001	1269391008	REPLACED_BY
209195005	1279875000	REPLACED_BY
209230009	232376006	SAME_AS
209244003	209245002	SAME_AS
209251007	209252000	SAME_AS
209254004	209255003	SAME_AS
209257006	209258001	SAME_AS
209260004	209261000	SAME_AS
209410007	123536004	SAME_AS
209411006	27182002	SAME_AS
209419008	724926004	REPLACED_BY
209421003	724934005	REPLACED_BY
209431005	209429001	SAME_AS
209437009	70704007	SAME_AS
209443006	870767005	REPLACED_BY
209449005	870768000	REPLACED_BY
209467003	87778004	REPLACED_BY
209468008	263130004	SAME_AS
209470004	1258969000	REPLACED_BY
209473002	1258968008	REPLACED_BY
209477001	263129009	SAME_AS
209478006	32128001	REPLACED_BY
209479003	1255381006	REPLACED_BY
209482008	1258971000	REPLACED_BY
209485005	1258970004	REPLACED_BY
20949003	69777007	REPLACED_BY
209494004	781455009	REPLACED_BY
209495003	781456005	REPLACED_BY
209496002	781387006	REPLACED_BY
209497006	781449004	REPLACED_BY
209498001	781444009	REPLACED_BY
209499009	781439002	REPLACED_BY
209500000	781446006	REPLACED_BY
209501001	781445005	REPLACED_BY
209502008	781442008	REPLACED_BY
209504009	481000119104	SAME_AS
209505005	90654004	SAME_AS
209518002	81902001	SAME_AS
209523002	781440000	REPLACED_BY
209525009	281599007	SAME_AS
209527001	54888009	REPLACED_BY
209528006	281599007	SAME_AS
209531007	88906006	SAME_AS
209532000	263133002	SAME_AS
209533005	74383007	SAME_AS
209539009	72634002	SAME_AS
209541005	24864009	SAME_AS
209543008	781447002	REPLACED_BY
209544002	781448007	REPLACED_BY
209545001	49388007	REPLACED_BY
209546000	209529003	REPLACED_BY
209551006	871492003	SAME_AS
209562006	39848009	SAME_AS
209564007	274162005	SAME_AS
209568005	90631008	SAME_AS
209573004	281598004	REPLACED_BY
209574005	262965006	SAME_AS
209664002	209662003	SAME_AS
209665001	209663008	SAME_AS
209758002	307731004	SAME_AS
209763003	1052299009	REPLACED_BY
209778005	6849006	SAME_AS
20978002	64102008	REPLACED_BY
209789003	282447006	REPLACED_BY
209791006	23415000	SAME_AS
209795002	73180008	SAME_AS
209796001	46860007	SAME_AS
209797005	48274004	SAME_AS
209799008	209801006	REPLACED_BY
209802004	209801006	REPLACED_BY
209803009	209801006	REPLACED_BY
209804003	54942004	SAME_AS
209807005	735766007	SAME_AS
209824004	871692005	REPLACED_BY
209826002	110030002	REPLACED_BY
209834008	23713006	REPLACED_BY
209835009	23713006	REPLACED_BY
209836005	23713006	REPLACED_BY
209837001	23713006	REPLACED_BY
209838006	23713006	REPLACED_BY
209839003	23713006	REPLACED_BY
209840001	23713006	REPLACED_BY
209841002	23713006	REPLACED_BY
209843004	870563006	REPLACED_BY
209845006	87888006	REPLACED_BY
209851001	870563006	REPLACED_BY
209852008	870563006	REPLACED_BY
209862001	59748008	SAME_AS
209864000	59748008	REPLACED_BY
209871005	870540001	REPLACED_BY
209881009	870565004	REPLACED_BY
209882002	870565004	REPLACED_BY
209888003	870565004	REPLACED_BY
209889006	870565004	REPLACED_BY
209902003	209900006	REPLACED_BY
209938005	5251007	SAME_AS
209976004	65189006	SAME_AS
209985004	82999001	SAME_AS
209986003	262955000	SAME_AS
209990001	315047001	SAME_AS
209991002	157325007	SAME_AS
209992009	315048006	SAME_AS
209993004	315049003	SAME_AS
21000000	1234773008	REPLACED_BY
210034005	230763008	SAME_AS
210036007	311826007	SAME_AS
210037003	262693007	SAME_AS
210040003	311827003	SAME_AS
210041004	311829000	SAME_AS
210042006	82271004	SAME_AS
210043001	274164006	SAME_AS
210044007	127296001	REPLACED_BY
210047000	90070003	SAME_AS
210048005	42458003	SAME_AS
210049002	42434002	SAME_AS
210062003	40521006	SAME_AS
210063008	262782002	REPLACED_BY
210075003	42019003	SAME_AS
210079009	311830005	SAME_AS
210080007	311831009	SAME_AS
210099003	128125000	SAME_AS
210101005	311838003	SAME_AS
210102003	311839006	SAME_AS
210103008	56472003	SAME_AS
210107009	733217006	REPLACED_BY
210109007	74355005	SAME_AS
210133001	10998006	SAME_AS
210138005	125626004	SAME_AS
210139002	125627008	SAME_AS
210140000	125629006	SAME_AS
210141001	125635006	SAME_AS
210142008	262889003	SAME_AS
210174001	85870004	SAME_AS
210175000	20402005	SAME_AS
210176004	25554004	SAME_AS
210191002	111684008	SAME_AS
210192009	3542000	SAME_AS
210193004	80192004	SAME_AS
210206008	9264002	SAME_AS
210223004	24850009	SAME_AS
210224005	77165001	SAME_AS
210225006	22724000	SAME_AS
210226007	125639000	SAME_AS
210227003	125638008	SAME_AS
210228008	125637003	SAME_AS
210231009	311844004	SAME_AS
210266006	284346004	REPLACED_BY
210270003	284346004	REPLACED_BY
210271004	61823004	SAME_AS
210272006	49011004	SAME_AS
210276009	14997005	SAME_AS
210279002	231851003	REPLACED_BY
210280004	76371008	SAME_AS
210284008	231795004	REPLACED_BY
210286005	23293006	SAME_AS
210289003	3018008	SAME_AS
210290007	44199000	SAME_AS
210292004	82576008	SAME_AS
210296001	210294003	SAME_AS
210300000	210294003	REPLACED_BY
2103002	712537009	REPLACED_BY
210302008	210294003	REPLACED_BY
210303003	210297005	REPLACED_BY
210313006	269165008	REPLACED_BY
210314000	210308007	REPLACED_BY
210315004	210309004	REPLACED_BY
210316003	210310009	REPLACED_BY
210322007	38354005	REPLACED_BY
210324008	210323002	REPLACED_BY
210332000	210325009	REPLACED_BY
210333005	210325009	REPLACED_BY
210334004	210327001	REPLACED_BY
210335003	210328006	REPLACED_BY
210336002	210329003	REPLACED_BY
210338001	210325009	REPLACED_BY
210346000	313261004	SAME_AS
210349007	210339009	REPLACED_BY
210351006	210341005	REPLACED_BY
210352004	210342003	REPLACED_BY
210353009	210343008	REPLACED_BY
210354003	210344002	REPLACED_BY
210355002	210345001	REPLACED_BY
210356001	210347009	REPLACED_BY
210370001	210358000	REPLACED_BY
210371002	210358000	REPLACED_BY
210372009	210360003	REPLACED_BY
210373004	210361004	REPLACED_BY
210374005	36202009	REPLACED_BY
210375006	210363001	REPLACED_BY
210376007	210364007	REPLACED_BY
210377003	210365008	REPLACED_BY
210378008	210368005	REPLACED_BY
210379000	210358000	REPLACED_BY
210380002	38354005	REPLACED_BY
210382005	38354005	REPLACED_BY
210388009	269167000	REPLACED_BY
210389001	269167000	REPLACED_BY
210390005	210385007	REPLACED_BY
210391009	210386008	REPLACED_BY
210392002	269167000	REPLACED_BY
210394001	210393007	REPLACED_BY
210396004	210395000	REPLACED_BY
210400004	110014005	SAME_AS
210403002	210398003	REPLACED_BY
210404008	210399006	REPLACED_BY
210406005	125644007	REPLACED_BY
210407001	127314000	REPLACED_BY
210409003	127314000	REPLACED_BY
210416002	269169002	REPLACED_BY
210418001	269169002	REPLACED_BY
210421004	269170001	REPLACED_BY
210423001	269170001	REPLACED_BY
210425008	69293004	SAME_AS
210428005	210426009	REPLACED_BY
210434003	210429002	REPLACED_BY
210435002	210430007	REPLACED_BY
210436001	210431006	REPLACED_BY
210437005	210429002	REPLACED_BY
210443007	210438000	REPLACED_BY
210444001	210438000	REPLACED_BY
210445000	210440005	REPLACED_BY
210446004	210441009	REPLACED_BY
210447008	210438000	REPLACED_BY
210449006	210448003	REPLACED_BY
210455001	210454002	REPLACED_BY
210460002	210459007	REPLACED_BY
210461003	210456000	REPLACED_BY
210462005	210456000	REPLACED_BY
210463000	210457009	REPLACED_BY
210464006	210458004	REPLACED_BY
210465007	210459007	REPLACED_BY
210467004	210459007	REPLACED_BY
210468009	210456000	REPLACED_BY
210471001	105615001	REPLACED_BY
210472008	269172009	SAME_AS
210475005	210469001	REPLACED_BY
210476006	210470000	REPLACED_BY
210477002	269171002	REPLACED_BY
210478007	269172009	REPLACED_BY
210479004	269172009	REPLACED_BY
210480001	210469001	REPLACED_BY
210487003	210483004	REPLACED_BY
210488008	210484005	REPLACED_BY
210503004	125645008	REPLACED_BY
210505006	125646009	REPLACED_BY
210506007	125647000	REPLACED_BY
210507003	125648005	REPLACED_BY
210508008	210500001	REPLACED_BY
21051006	210343008	REPLACED_BY
210530009	210649003	SAME_AS
210539005	125649002	REPLACED_BY
210540007	125650002	REPLACED_BY
210541006	125651003	REPLACED_BY
210552000	210553005	SAME_AS
210565009	125652005	REPLACED_BY
21059008	1263606005	REPLACED_BY
21061000119107	35489007	SAME_AS
210622003	210611002	REPLACED_BY
210631003	262596005	SAME_AS
210636008	95855003	REPLACED_BY
210658005	81405006	REPLACED_BY
210665002	125658009	REPLACED_BY
210666001	125659001	REPLACED_BY
210686002	125662003	REPLACED_BY
210687006	125660006	REPLACED_BY
210688001	125661005	REPLACED_BY
210689009	125662003	REPLACED_BY
210690000	125661005	REPLACED_BY
210714003	125663008	REPLACED_BY
210715002	446139000	SAME_AS
210729001	125664002	REPLACED_BY
210748002	95859009	SAME_AS
210752002	213378007	REPLACED_BY
210754001	95860004	SAME_AS
210767003	445498009	REPLACED_BY
210768008	210761002	SAME_AS
210770004	95860004	REPLACED_BY
210774008	26947005	REPLACED_BY
210778006	262717000	SAME_AS
210785005	60190000	SAME_AS
210793005	60190000	REPLACED_BY
210794004	87438005	SAME_AS
210795003	60190000	REPLACED_BY
210796002	60190000	REPLACED_BY
210806002	88898002	SAME_AS
210874003	76276001	SAME_AS
210895008	210899002	SAME_AS
210907005	7505006	SAME_AS
210914007	57662003	REPLACED_BY
210918005	312660000	SAME_AS
210919002	312661001	SAME_AS
210920008	312662008	SAME_AS
210921007	210967007	SAME_AS
210924004	2366001	SAME_AS
210926002	80692000	SAME_AS
210927006	3640000	SAME_AS
210933002	111727008	SAME_AS
210934008	80350001	SAME_AS
210935009	49880009	SAME_AS
210971005	78523004	SAME_AS
21100003	246599007	SAME_AS
211000119109	427785007	SAME_AS
2110008	131162002	REPLACED_BY
211015001	287106008	REPLACED_BY
211016000	287108009	REPLACED_BY
211017009	287107004	REPLACED_BY
211019007	1363104008	REPLACED_BY
211020001	1363102007	REPLACED_BY
211021002	1363105009	REPLACED_BY
211022009	1363106005	REPLACED_BY
211023004	1363104008	REPLACED_BY
211027003	274180001	REPLACED_BY
211028008	274182009	REPLACED_BY
211029000	274181002	REPLACED_BY
21104007	372930006	REPLACED_BY
211041007	1287626002	REPLACED_BY
211122007	1363133009	REPLACED_BY
211123002	1363156000	REPLACED_BY
211124008	1363158004	REPLACED_BY
211125009	1363160002	REPLACED_BY
211126005	1363129002	REPLACED_BY
211127001	1363096000	REPLACED_BY
211128006	1363107001	REPLACED_BY
211129003	1363093008	REPLACED_BY
211130008	1363090006	REPLACED_BY
211131007	1363098004	REPLACED_BY
211132000	1363135002	REPLACED_BY
211134004	1363137005	REPLACED_BY
211135003	1363139008	REPLACED_BY
211137006	1363162005	REPLACED_BY
211138001	1363134003	REPLACED_BY
211139009	1363157009	REPLACED_BY
211140006	1363159007	REPLACED_BY
211141005	1363161003	REPLACED_BY
211142003	1363130007	REPLACED_BY
211143008	1363097009	REPLACED_BY
211145001	1363092003	REPLACED_BY
211146000	1363091005	REPLACED_BY
211147009	1363099007	REPLACED_BY
211148004	1363136001	REPLACED_BY
211150007	1363138000	REPLACED_BY
211151006	1363140005	REPLACED_BY
211152004	1363162005	REPLACED_BY
21116001	210263003	SAME_AS
211216006	211103003	SAME_AS
211221009	51882009	SAME_AS
211224001	1363152003	REPLACED_BY
211225000	1363131006	REPLACED_BY
211226004	1363150006	REPLACED_BY
211227008	1363154002	REPLACED_BY
211230001	1363153008	REPLACED_BY
211231002	1363132004	REPLACED_BY
211232009	1363151005	REPLACED_BY
211233004	1363155001	REPLACED_BY
211249002	732967004	SAME_AS
211253000	1287533008	REPLACED_BY
211276002	60298004	SAME_AS
211278001	1363147008	REPLACED_BY
211279009	1363141009	REPLACED_BY
211280007	1363147008	REPLACED_BY
211281006	1363143007	REPLACED_BY
211284003	1363147008	REPLACED_BY
211285002	1363148003	REPLACED_BY
211286001	1363142002	REPLACED_BY
211287005	1363148003	REPLACED_BY
211288000	1363144001	REPLACED_BY
211289008	1363148003	REPLACED_BY
211312005	1363149006	REPLACED_BY
211315007	274193006	SAME_AS
211325002	1363146004	REPLACED_BY
211368001	1363094002	REPLACED_BY
211369009	1363086009	REPLACED_BY
211370005	1363088005	REPLACED_BY
211371009	1363082006	REPLACED_BY
211373007	298097007	SAME_AS
211375000	1363085008	REPLACED_BY
211376004	1363095001	REPLACED_BY
211377008	1363087000	REPLACED_BY
211379006	1363089002	REPLACED_BY
211380009	1363084007	REPLACED_BY
211381008	1363081004	REPLACED_BY
211382001	1363085008	REPLACED_BY
21142001	871492003	SAME_AS
211426002	287121002	REPLACED_BY
211427006	1363078009	REPLACED_BY
211428001	281164004	SAME_AS
211432007	1363080003	REPLACED_BY
211433002	1363079001	REPLACED_BY
211436005	274199005	REPLACED_BY
211449000	62635000	SAME_AS
211450000	21549001	SAME_AS
211451001	62635000	REPLACED_BY
211452008	7581004	SAME_AS
211469005	283024006	SAME_AS
211474002	735645009	SAME_AS
211478004	874804000	REPLACED_BY
21148002	191306005	SAME_AS
211482002	42697001	SAME_AS
211484001	80744008	SAME_AS
211487008	308154003	SAME_AS
211491003	284062002	SAME_AS
211493000	313262006	SAME_AS
211498009	283137007	SAME_AS
211499001	36787001	REPLACED_BY
211517003	68142008	REPLACED_BY
211520006	211519000	SAME_AS
211528004	274179004	SAME_AS
211541000	74247001	SAME_AS
211549003	4975008	REPLACED_BY
211615000	125665001	REPLACED_BY
211617008	55899000	SAME_AS
211618003	309749008	SAME_AS
211619006	231866000	SAME_AS
211621001	310645008	SAME_AS
211622008	55899000	REPLACED_BY
211655003	68017002	REPLACED_BY
211667001	284537006	REPLACED_BY
211668006	274204004	REPLACED_BY
21170004	237663000	SAME_AS
211764001	267023007	SAME_AS
211790003	35510002	SAME_AS
211816001	52405000	REPLACED_BY
211833008	53080007	SAME_AS
211899009	735508008	REPLACED_BY
211963000	68628004	SAME_AS
212031006	17543009	SAME_AS
212048003	17543009	REPLACED_BY
212054002	736062005	REPLACED_BY
212056000	736063000	REPLACED_BY
212129000	125666000	REPLACED_BY
212138003	125666000	REPLACED_BY
212146002	304838007	SAME_AS
212154000	26738009	SAME_AS
212155004	405759003	SAME_AS
212157007	405760008	REPLACED_BY
212158002	405755009	REPLACED_BY
212159005	405757001	REPLACED_BY
212160000	405765003	REPLACED_BY
212163003	405761007	REPLACED_BY
212164009	405756005	REPLACED_BY
212165005	405758006	REPLACED_BY
212166006	405764004	REPLACED_BY
212190007	4260009	SAME_AS
212191006	405753002	REPLACED_BY
21220008	85059005	REPLACED_BY
212241001	52542005	SAME_AS
212324000	77706007	SAME_AS
212330000	212331001	SAME_AS
212361009	212363007	SAME_AS
212370007	22564003	SAME_AS
212375002	64169002	SAME_AS
212378000	23697004	SAME_AS
212427008	125598003	REPLACED_BY
212430001	125599006	REPLACED_BY
212448005	282775007	SAME_AS
212449002	125602001	SAME_AS
212499003	66413004	REPLACED_BY
212514007	419639006	REPLACED_BY
212520008	767299002	SAME_AS
212530004	85618003	SAME_AS
212535009	419639006	REPLACED_BY
212537001	419639006	REPLACED_BY
212562001	75478009	REPLACED_BY
212563006	75478009	REPLACED_BY
212589006	290162009	SAME_AS
212590002	241750009	SAME_AS
212592005	7248001	SAME_AS
212593000	7248001	SAME_AS
212604007	290273008	SAME_AS
212610007	241748001	REPLACED_BY
212623000	241753006	SAME_AS
212648002	41602003	REPLACED_BY
212654001	290923004	SAME_AS
212656004	291190004	SAME_AS
212659006	16248006	REPLACED_BY
212661002	241757007	SAME_AS
212676005	72610007	REPLACED_BY
212683003	314422000	SAME_AS
212688007	241762008	SAME_AS
212697006	85209005	SAME_AS
21271005	210773002	REPLACED_BY
212726000	79156004	SAME_AS
212743002	5319009	SAME_AS
212765002	291304007	SAME_AS
212769008	128210009	SAME_AS
21280005	609479006	REPLACED_BY
212806006	82782008	SAME_AS
212810009	212809004	SAME_AS
212811008	212809004	SAME_AS
212814000	212813006	SAME_AS
212815004	212813006	SAME_AS
212816003	212813006	SAME_AS
212823002	274207006	REPLACED_BY
212824008	86473001	REPLACED_BY
212826005	25555003	SAME_AS
212828006	274207006	REPLACED_BY
212830008	274207006	REPLACED_BY
212858000	2443003	SAME_AS
212861004	426936004	SAME_AS
212865008	241774007	SAME_AS
212866009	83227006	SAME_AS
212869002	86505009	SAME_AS
212871002	75258004	REPLACED_BY
212872009	75258004	REPLACED_BY
212874005	52542005	SAME_AS
212880002	78920009	SAME_AS
212883000	217670007	SAME_AS
212884006	55308005	SAME_AS
212890005	55847002	SAME_AS
212894001	1157055000	REPLACED_BY
212899006	66884007	REPLACED_BY
212904005	1336223005	SAME_AS
212946001	87284002	REPLACED_BY
212948000	42883007	SAME_AS
212949008	42883007	SAME_AS
212956002	13567002	SAME_AS
212958001	44532001	REPLACED_BY
212963002	19674006	REPLACED_BY
212964008	87970004	REPLACED_BY
212972005	34095006	REPLACED_BY
212977004	35149008	SAME_AS
212978009	67292001	SAME_AS
212980003	37806009	SAME_AS
212994002	91941002	SAME_AS
212997009	54602006	SAME_AS
212999007	419076005	SAME_AS
213001007	16217003	SAME_AS
213009009	386702006	REPLACED_BY
213010004	74715005	REPLACED_BY
213011000	406137001	REPLACED_BY
213012007	706893006	REPLACED_BY
213013002	706893006	REPLACED_BY
213021008	91935009	SAME_AS
213022001	282093000	SAME_AS
213023006	282095007	SAME_AS
213027007	269287005	REPLACED_BY
213031001	116224001	REPLACED_BY
213035005	271983002	REPLACED_BY
213036006	271984008	REPLACED_BY
213043000	234190001	REPLACED_BY
213045007	473032009	REPLACED_BY
213047004	473034005	REPLACED_BY
213048009	280969001	REPLACED_BY
213049001	278533005	REPLACED_BY
213050001	398158001	REPLACED_BY
21305004	609424003	REPLACED_BY
213054005	271969004	REPLACED_BY
213055006	271970003	REPLACED_BY
213056007	271971004	REPLACED_BY
213057003	271986005	REPLACED_BY
213060005	473035006	REPLACED_BY
213061009	1156073005	SAME_AS
213063007	278534004	REPLACED_BY
213064001	271974007	REPLACED_BY
213065000	271975008	REPLACED_BY
213066004	473035006	SAME_AS
213067008	309785008	SAME_AS
213068003	309784007	SAME_AS
213070007	1354666001	REPLACED_BY
213071006	1354667005	REPLACED_BY
213072004	271976009	REPLACED_BY
213073009	271977000	REPLACED_BY
213074003	271978005	REPLACED_BY
213075002	271979002	REPLACED_BY
213076001	1354667005	REPLACED_BY
213077005	1354667005	REPLACED_BY
213078000	1354667005	REPLACED_BY
2131000124103	449847003	REPLACED_BY
213104001	240266004	REPLACED_BY
213105000	213082003	SAME_AS
213106004	302969009	SAME_AS
213107008	313283000	SAME_AS
213111002	278535003	REPLACED_BY
213112009	271989003	REPLACED_BY
213113004	69260008	REPLACED_BY
213114005	312718007	REPLACED_BY
213115006	312719004	REPLACED_BY
213118008	473023007	REPLACED_BY
213128004	310608002	SAME_AS
213129007	310609005	SAME_AS
213140004	309765009	SAME_AS
213141000	309767001	SAME_AS
213142007	309768006	SAME_AS
213143002	304090004	SAME_AS
213144008	311845003	SAME_AS
213149003	234519006	SAME_AS
213159002	74865007	REPLACED_BY
213190000	213187006	SAME_AS
213199004	10735991000119108	SAME_AS
213203004	1156197003	REPLACED_BY
213205006	116224001	REPLACED_BY
213213007	410429000	REPLACED_BY
213214001	84114007	REPLACED_BY
213218003	61599003	REPLACED_BY
213224009	155597006	REPLACED_BY
213230009	59927004	REPLACED_BY
213231008	31005002	REPLACED_BY
213233006	235797004	SAME_AS
213236003	63597007	SAME_AS
213238002	83128009	REPLACED_BY
213239005	2472002	REPLACED_BY
213243009	30401009	SAME_AS
213244003	30401009	REPLACED_BY
213249008	30401009	REPLACED_BY
213251007	470004	SAME_AS
213263002	314483007	SAME_AS
213264008	314484001	SAME_AS
213274006	22247000	SAME_AS
213275007	781193006	REPLACED_BY
213284007	238383006	SAME_AS
213288005	308155002	SAME_AS
213291005	111752005	SAME_AS
213295001	213292003	REPLACED_BY
213296000	310639000	SAME_AS
213298004	278536002	REPLACED_BY
213303002	35688006	REPLACED_BY
213304008	271376002	REPLACED_BY
213316002	213317006	SAME_AS
213318001	310643001	SAME_AS
213321004	72284000	REPLACED_BY
213322006	72284000	SAME_AS
213324007	72284000	SAME_AS
213326009	72284000	REPLACED_BY
213327000	88924008	SAME_AS
213328005	82545002	REPLACED_BY
213329002	15765005	SAME_AS
213330007	82545002	REPLACED_BY
213332004	35688006	REPLACED_BY
213337005	95402002	SAME_AS
213339008	95388000	SAME_AS
213341009	230782004	SAME_AS
213348003	311847006	SAME_AS
213349006	311848001	SAME_AS
213356000	4208000	SAME_AS
213359007	311857007	SAME_AS
213360002	311859005	SAME_AS
213362005	311862008	SAME_AS
213363000	311864009	SAME_AS
213364006	788192009	REPLACED_BY
213373003	283851005	SAME_AS
213440009	1343489000	REPLACED_BY
213478006	208510002	SAME_AS
213578008	213345000	SAME_AS
2136001	210345001	REPLACED_BY
213713008	87284002	REPLACED_BY
213832007	52542005	SAME_AS
21391000119102	230403005	REPLACED_BY
213937000	242080009	SAME_AS
213945005	242082001	SAME_AS
213952007	242083006	SAME_AS
21404001	1335877006	REPLACED_BY
2141000124108	449848008	REPLACED_BY
214367007	214356006	SAME_AS
214368002	214357002	SAME_AS
214369005	214358007	SAME_AS
214370006	214359004	SAME_AS
214371005	214360009	SAME_AS
21441000	269169002	REPLACED_BY
214600002	266152000	SAME_AS
214660000	268302006	SAME_AS
21468000	192679007	SAME_AS
21497002	387602005	REPLACED_BY
2151000124105	449874002	REPLACED_BY
215282009	367391008	SAME_AS
215611004	215591007	SAME_AS
21563007	210790008	SAME_AS
215874000	215896006	SAME_AS
215907007	215885003	SAME_AS
215952005	269676008	SAME_AS
216031008	242190003	REPLACED_BY
216035004	242190003	REPLACED_BY
21604008	609459003	REPLACED_BY
2161000124107	449875001	REPLACED_BY
216143007	216131006	SAME_AS
216145000	216134003	SAME_AS
216146004	216135002	SAME_AS
216148003	216137005	SAME_AS
216151005	216140005	SAME_AS
216152003	216141009	SAME_AS
216476004	290134002	SAME_AS
216510000	1145152008	REPLACED_BY
216529006	216525000	REPLACED_BY
21653008	194349005	SAME_AS
216552005	291249007	SAME_AS
216571007	290785004	SAME_AS
216642003	216640006	SAME_AS
216643008	216640006	SAME_AS
216646000	216645001	SAME_AS
216647009	216645001	SAME_AS
216661004	1363048000	REPLACED_BY
216669002	216654003	REPLACED_BY
216673004	216672009	SAME_AS
216674005	216672009	SAME_AS
216697008	715143005	REPLACED_BY
216707005	216700007	REPLACED_BY
216774002	75258004	REPLACED_BY
216813008	1306584001	REPLACED_BY
216896001	269691005	REPLACED_BY
216925007	216897005	REPLACED_BY
216951009	216926008	REPLACED_BY
216970004	216952002	REPLACED_BY
217002004	269691005	REPLACED_BY
217003009	269691005	REPLACED_BY
217018005	269691005	REPLACED_BY
217019002	269691005	REPLACED_BY
217020008	116224001	REPLACED_BY
217049000	116224001	REPLACED_BY
217058007	19765000	REPLACED_BY
217063006	13735002	REPLACED_BY
217064000	13735002	REPLACED_BY
217066003	13735002	REPLACED_BY
217067007	116224001	REPLACED_BY
217068002	116224001	REPLACED_BY
217069005	116224001	REPLACED_BY
217071005	116224001	REPLACED_BY
217072003	116224001	REPLACED_BY
217075001	116224001	REPLACED_BY
217077009	116224001	REPLACED_BY
217085000	67223001	SAME_AS
217089006	217090002	SAME_AS
217099001	86591008	SAME_AS
217100009	2617007	SAME_AS
217102001	14047009	REPLACED_BY
217104000	57741007	SAME_AS
217105004	14047009	SAME_AS
217111001	90639005	SAME_AS
217113003	14047009	REPLACED_BY
217114009	68274007	REPLACED_BY
217128003	68274007	REPLACED_BY
217131002	68274007	SAME_AS
217140003	41411008	SAME_AS
217141004	4521008	SAME_AS
217143001	83468000	SAME_AS
217144007	20902002	SAME_AS
217151003	82947003	SAME_AS
217174004	217082002	REPLACED_BY
217175003	217082002	REPLACED_BY
2174009	35611005	SAME_AS
21745005	718929000	REPLACED_BY
21751000	198218005	SAME_AS
217522006	217523001	SAME_AS
217540005	217536001	SAME_AS
217576006	217577002	SAME_AS
217589000	217176002	REPLACED_BY
217601007	217592001	REPLACED_BY
21761007	275339009	SAME_AS
217613002	217602000	REPLACED_BY
217614008	406445001	SAME_AS
217630000	406445001	REPLACED_BY
217672004	46298002	SAME_AS
217674003	7998009	SAME_AS
217720000	242651001	REPLACED_BY
217721001	242651001	REPLACED_BY
217754004	217750008	SAME_AS
21776004	204363002	SAME_AS
217778009	217748000	REPLACED_BY
217790006	217785008	SAME_AS
217803008	1231587009	REPLACED_BY
217804002	1231586000	REPLACED_BY
217805001	1231589007	REPLACED_BY
217806000	1231587009	REPLACED_BY
21781008	290520009	SAME_AS
217811003	217808004	SAME_AS
217831004	217814006	REPLACED_BY
21787007	80941006	SAME_AS
217902002	217848007	REPLACED_BY
217934006	269716005	REPLACED_BY
218068000	218016007	REPLACED_BY
218094009	218081007	REPLACED_BY
218096006	218081007	REPLACED_BY
218098007	218081007	REPLACED_BY
218128001	242777003	REPLACED_BY
218163006	218129009	REPLACED_BY
218189006	218164000	REPLACED_BY
218194006	218191003	REPLACED_BY
218212004	218209002	REPLACED_BY
218216001	419201009	REPLACED_BY
218217005	419201009	REPLACED_BY
218236000	110014005	REPLACED_BY
218240009	242056005	REPLACED_BY
218245004	218246003	SAME_AS
218257008	292920009	SAME_AS
218258003	292954005	SAME_AS
218259006	292954005	SAME_AS
218260001	292963007	SAME_AS
218261002	292964001	SAME_AS
218262009	292967008	SAME_AS
218263004	292968003	SAME_AS
218264005	292973009	SAME_AS
218265006	292969006	SAME_AS
218266007	292970007	SAME_AS
218267003	292971006	SAME_AS
218269000	292974003	SAME_AS
218270004	292978000	SAME_AS
218271000	292972004	SAME_AS
218272007	292980006	SAME_AS
218273002	292977005	SAME_AS
218274008	292979008	SAME_AS
218275009	292981005	SAME_AS
218276005	292982003	SAME_AS
218278006	292800009	SAME_AS
218279003	292809005	SAME_AS
218280000	292808002	SAME_AS
218281001	292821009	SAME_AS
218282008	292822002	SAME_AS
218283003	292810000	SAME_AS
218284009	292811001	SAME_AS
218286006	293057006	SAME_AS
218287002	293057006	SAME_AS
218288007	406434004	SAME_AS
218292000	406447009	SAME_AS
218293005	406448004	SAME_AS
218295003	293047005	SAME_AS
218296002	293056002	SAME_AS
218297006	293054004	SAME_AS
218298001	871574008	REPLACED_BY
218299009	293055003	SAME_AS
218300001	293049008	SAME_AS
218301002	293050008	SAME_AS
218303004	293052000	SAME_AS
218305006	292994007	SAME_AS
218306007	293003004	SAME_AS
218307003	292996009	SAME_AS
218308008	293007003	SAME_AS
218309000	293020000	SAME_AS
218310005	293015000	SAME_AS
218311009	293008008	SAME_AS
218312002	293009000	SAME_AS
218313007	292997000	SAME_AS
218314001	292998005	SAME_AS
218315000	293005006	SAME_AS
218316004	292999002	SAME_AS
218317008	293000001	SAME_AS
218319006	293069003	SAME_AS
218320000	293073000	SAME_AS
218321001	293074006	SAME_AS
218322008	293071003	SAME_AS
218323003	293075007	SAME_AS
218324009	292925004	SAME_AS
218327002	292217005	SAME_AS
218328007	292218000	SAME_AS
218329004	292224006	SAME_AS
218330009	292220002	SAME_AS
218331008	292221003	SAME_AS
218335004	420094007	SAME_AS
218336003	292922001	SAME_AS
218337007	292927007	SAME_AS
218338002	292923006	SAME_AS
218340007	292929005	SAME_AS
218341006	293023003	SAME_AS
218342004	293024009	SAME_AS
218343009	292991004	SAME_AS
218344003	292944006	REPLACED_BY
218345002	292992006	SAME_AS
218346001	292937002	SAME_AS
218347005	292939004	SAME_AS
218352000	293032001	SAME_AS
218353005	293037007	SAME_AS
218354004	293039005	SAME_AS
218355003	293041006	SAME_AS
218357006	293040007	SAME_AS
218359009	293042004	SAME_AS
218363002	870678006	SAME_AS
218364008	870675009	SAME_AS
218365009	870676005	SAME_AS
218368006	292945007	SAME_AS
218373000	292847000	SAME_AS
218374006	292854006	SAME_AS
218375007	292851003	SAME_AS
218376008	292856008	SAME_AS
218377004	292848005	SAME_AS
218378009	292858009	SAME_AS
218384007	293066005	SAME_AS
218385008	293029004	SAME_AS
218387000	292910004	SAME_AS
218388005	292917001	SAME_AS
218389002	292911000	SAME_AS
218390006	292912007	SAME_AS
218391005	292913002	SAME_AS
218392003	292914008	SAME_AS
218393008	292919003	SAME_AS
218397009	292826004	SAME_AS
218398004	292844007	SAME_AS
218399007	292827008	SAME_AS
218400000	292840003	SAME_AS
218401001	292843001	SAME_AS
218402008	292828003	SAME_AS
218405005	293079001	SAME_AS
218407002	293078009	SAME_AS
218409004	293081004	SAME_AS
218410009	293082006	SAME_AS
218413006	292949001	SAME_AS
218414000	418328005	SAME_AS
218415004	292940002	SAME_AS
218417007	292801008	SAME_AS
218418002	292799005	REPLACED_BY
218421000	293162005	SAME_AS
218422007	293142002	SAME_AS
218423002	293166008	SAME_AS
218424008	293159007	SAME_AS
218426005	293169001	SAME_AS
218427001	293170000	SAME_AS
218428006	293146004	SAME_AS
218429003	293174009	SAME_AS
218431007	293234009	SAME_AS
218432000	293236006	SAME_AS
218433005	293237002	SAME_AS
218434004	293238007	SAME_AS
218435003	293238007	SAME_AS
218436002	293222001	SAME_AS
218437006	293223006	SAME_AS
218440006	293255006	SAME_AS
218441005	293244006	SAME_AS
218442003	293256007	SAME_AS
218443008	293257003	SAME_AS
218444002	293248009	SAME_AS
218445001	293208001	SAME_AS
218446000	293209009	SAME_AS
218447009	293212007	SAME_AS
218448004	293217001	SAME_AS
218449007	293214008	SAME_AS
218450007	293210004	SAME_AS
218455002	293177002	SAME_AS
218456001	293192001	SAME_AS
218457005	293193006	SAME_AS
218458000	293194000	SAME_AS
218459008	293196003	SAME_AS
218460003	293197007	SAME_AS
218461004	293198002	SAME_AS
218462006	293199005	SAME_AS
218463001	293200008	SAME_AS
218464007	293201007	SAME_AS
218465008	293203005	SAME_AS
218466009	293135002	SAME_AS
218468005	293234009	SAME_AS
218469002	293274003	SAME_AS
218470001	293282003	SAME_AS
218473004	293288004	SAME_AS
218476007	293268003	SAME_AS
218477003	293269006	SAME_AS
218478008	293270007	SAME_AS
218479000	293271006	SAME_AS
218482005	293301009	SAME_AS
218483000	293302002	SAME_AS
218486008	293265000	SAME_AS
218487004	293266004	SAME_AS
218490005	293136001	SAME_AS
218491009	293138000	SAME_AS
218493007	293140005	SAME_AS
218499006	292587001	SAME_AS
218500002	292592004	SAME_AS
218502005	292133002	SAME_AS
218505007	292199001	SAME_AS
218506008	292212004	SAME_AS
218507004	292203001	SAME_AS
218508009	292204007	SAME_AS
218509001	292208005	SAME_AS
218510006	292213009	SAME_AS
218511005	292207000	SAME_AS
218512003	292209002	SAME_AS
218513008	292201004	SAME_AS
218514002	292200003	SAME_AS
218515001	292233008	SAME_AS
218516000	292234002	SAME_AS
218517009	292230006	SAME_AS
218518004	292229001	SAME_AS
218519007	292231005	SAME_AS
218520001	292235001	SAME_AS
218521002	292251009	SAME_AS
218522009	292252002	SAME_AS
218523004	292237009	SAME_AS
218524005	292238004	SAME_AS
218525006	292239007	SAME_AS
218526007	292223000	SAME_AS
218527003	292240009	SAME_AS
218528008	292241008	SAME_AS
218529000	292257008	SAME_AS
218531009	292256004	SAME_AS
218533007	62014003	REPLACED_BY
218534001	62014003	REPLACED_BY
218536004	292752003	SAME_AS
218539006	293386002	SAME_AS
218543005	62014003	REPLACED_BY
218545003	293365002	SAME_AS
218546002	293361006	SAME_AS
218547006	293362004	SAME_AS
218548001	293363009	SAME_AS
218549009	293364003	SAME_AS
218552001	293359002	SAME_AS
218554000	62014003	REPLACED_BY
218555004	293396006	SAME_AS
218556003	293397002	SAME_AS
218557007	293393003	SAME_AS
218558002	62014003	REPLACED_BY
218559005	293331003	SAME_AS
218560000	293334006	SAME_AS
218561001	293344008	SAME_AS
218562008	293343002	SAME_AS
218563003	293346005	SAME_AS
218569004	293571007	SAME_AS
218570003	293572000	SAME_AS
218573001	292739008	SAME_AS
218575008	293348006	SAME_AS
218576009	293350003	SAME_AS
218578005	293096000	SAME_AS
218579002	293315006	SAME_AS
218585009	62014003	REPLACED_BY
218587001	62014003	REPLACED_BY
218588006	62014003	REPLACED_BY
218590007	292056009	SAME_AS
218591006	292052006	SAME_AS
218592004	292045009	REPLACED_BY
218593009	292059002	SAME_AS
218594003	292054007	SAME_AS
218595002	292055008	SAME_AS
218596001	292049003	SAME_AS
218597005	292057000	SAME_AS
218598000	292051004	SAME_AS
218599008	292067005	SAME_AS
218600006	292061006	SAME_AS
218604002	292042007	SAME_AS
218609007	292086002	SAME_AS
218616008	292075004	SAME_AS
218617004	292076003	SAME_AS
218618009	292078002	SAME_AS
218623009	292699000	SAME_AS
218629008	292046005	SAME_AS
218633001	62014003	REPLACED_BY
218639002	292327002	SAME_AS
218642008	292328007	SAME_AS
218646006	292315000	SAME_AS
218647002	292324009	SAME_AS
218648007	292325005	SAME_AS
218649004	292319006	SAME_AS
218651000	62014003	REPLACED_BY
218652007	292269000	SAME_AS
218653002	292266007	SAME_AS
218654008	292535000	SAME_AS
218655009	292409004	SAME_AS
218656005	292542000	SAME_AS
218657001	292527003	SAME_AS
218658006	62014003	REPLACED_BY
218659003	62014003	REPLACED_BY
218661007	430398007	SAME_AS
218662000	292338002	SAME_AS
218664004	292339005	SAME_AS
218666002	292323003	SAME_AS
218667006	292342004	SAME_AS
218668001	69430001	SAME_AS
218669009	430398007	SAME_AS
218670005	292366005	SAME_AS
218671009	292366005	SAME_AS
218672002	292367001	SAME_AS
218673007	292368006	SAME_AS
218674001	292370002	SAME_AS
218677008	292336003	SAME_AS
218678003	836488001	REPLACED_BY
218680009	1163013005	REPLACED_BY
218686003	292335004	SAME_AS
218687007	292584008	SAME_AS
218688002	292584008	SAME_AS
218689005	292363002	SAME_AS
218695006	62014003	REPLACED_BY
218699000	292695006	SAME_AS
218700004	62014003	REPLACED_BY
218701000	292172003	SAME_AS
218706005	292173008	SAME_AS
218707001	292170006	SAME_AS
218708006	292174002	SAME_AS
218710008	292163006	SAME_AS
218711007	292167007	SAME_AS
218712000	292168002	SAME_AS
218713005	292165004	SAME_AS
218714004	292164000	SAME_AS
218715003	292166003	SAME_AS
218719009	292181009	SAME_AS
218720003	292180005	SAME_AS
218721004	292177009	SAME_AS
218722006	292179007	SAME_AS
218723001	292185000	SAME_AS
218731006	62014003	REPLACED_BY
218732004	292275009	SAME_AS
218733009	292287002	SAME_AS
218734003	292280000	SAME_AS
218735002	292288007	SAME_AS
218736001	292289004	SAME_AS
218737005	292290008	SAME_AS
218738000	292281001	SAME_AS
218739008	292291007	SAME_AS
218740005	292283003	SAME_AS
218741009	292284009	SAME_AS
218742002	292292000	SAME_AS
218743007	292285005	SAME_AS
218744001	292310005	SAME_AS
218745000	292311009	SAME_AS
218746004	292294004	SAME_AS
218747008	292296002	SAME_AS
218748003	292297006	SAME_AS
218749006	292405005	SAME_AS
218750006	292300001	SAME_AS
218751005	292406006	SAME_AS
218754002	292393008	SAME_AS
218755001	292392003	SAME_AS
218756000	292388005	SAME_AS
218757009	292397009	SAME_AS
218758004	292398004	SAME_AS
218759007	292395001	SAME_AS
218760002	292396000	SAME_AS
218763000	292382006	SAME_AS
218765007	292379001	SAME_AS
218769001	292348000	SAME_AS
218770000	292345002	SAME_AS
218771001	292362007	SAME_AS
218772008	292349008	SAME_AS
218773003	292360004	SAME_AS
218774009	292352000	SAME_AS
218775005	292353005	SAME_AS
218776006	871673008	REPLACED_BY
218777002	292355003	SAME_AS
218779004	292361000	SAME_AS
218780001	292356002	SAME_AS
218781002	292357006	SAME_AS
218782009	292329004	SAME_AS
218785006	292593009	SAME_AS
218786007	292364008	SAME_AS
218787003	292334000	SAME_AS
218788008	292376008	SAME_AS
218793006	218791008	SAME_AS
218800009	292411008	SAME_AS
218801008	292415004	SAME_AS
218803006	62014003	REPLACED_BY
218804000	62014003	REPLACED_BY
218805004	292410009	SAME_AS
218806003	292410009	SAME_AS
218807007	292557007	SAME_AS
218809005	292559005	SAME_AS
218810000	292558002	SAME_AS
218812008	292736001	SAME_AS
218815005	292738000	SAME_AS
218819004	62014003	REPLACED_BY
218820005	292465008	SAME_AS
218821009	292472009	SAME_AS
218822002	292474005	SAME_AS
218823007	292476007	SAME_AS
218824001	292475006	SAME_AS
218825000	871573002	SAME_AS
218826004	292469002	SAME_AS
218827008	292466009	SAME_AS
218830001	292534001	SAME_AS
218831002	292539006	SAME_AS
218832009	292532002	SAME_AS
218833004	292536004	SAME_AS
218834005	292541007	SAME_AS
218836007	292479000	SAME_AS
218837003	421530001	SAME_AS
218838008	292488009	SAME_AS
218839000	292519007	SAME_AS
218840003	292507004	SAME_AS
218843001	292447009	SAME_AS
218844007	292448004	SAME_AS
218847000	62014003	REPLACED_BY
218848005	62014003	REPLACED_BY
218849002	293436009	SAME_AS
218850002	292439009	SAME_AS
218851003	293445005	SAME_AS
218852005	292440006	SAME_AS
218853000	293441001	SAME_AS
218855007	1163008006	REPLACED_BY
218856008	293517002	SAME_AS
218857004	293518007	SAME_AS
218858009	293519004	SAME_AS
218859001	1163008006	REPLACED_BY
218861005	293424003	SAME_AS
218863008	293426001	SAME_AS
218864002	293392008	SAME_AS
218865001	293433001	SAME_AS
218866000	293435008	SAME_AS
21887000	283356006	REPLACED_BY
218870008	293511001	SAME_AS
218873005	293542006	SAME_AS
218874004	293548005	SAME_AS
218875003	293552005	SAME_AS
218876002	293554006	SAME_AS
218877006	293539000	SAME_AS
218878001	292455002	SAME_AS
218880007	292454003	SAME_AS
218881006	292463001	SAME_AS
218884003	293558009	SAME_AS
218885002	293561005	SAME_AS
218886001	293536007	SAME_AS
218887005	293537003	SAME_AS
218888000	292701000	SAME_AS
218890004	292419005	SAME_AS
218891000	292421000	SAME_AS
218892007	418370000	SAME_AS
218893002	292435003	SAME_AS
218894008	292428006	SAME_AS
218895009	292430008	SAME_AS
218896005	292437006	SAME_AS
218897001	292441005	SAME_AS
218898006	292442003	SAME_AS
218901007	292515001	SAME_AS
218902000	292512003	SAME_AS
218904004	293497003	SAME_AS
218905003	293498008	SAME_AS
218906002	293499000	SAME_AS
218907006	292449007	SAME_AS
218908001	293501008	SAME_AS
218909009	293507007	SAME_AS
218910004	293504000	SAME_AS
218912007	293567009	SAME_AS
218917001	292485007	SAME_AS
218920009	62014003	REPLACED_BY
218921008	62014003	REPLACED_BY
218923006	292124004	SAME_AS
218926003	292123005	SAME_AS
218930000	292106001	SAME_AS
218931001	292111004	SAME_AS
218934009	292136005	SAME_AS
218935005	292143004	SAME_AS
218936006	292777002	SAME_AS
218937002	292137001	SAME_AS
218939004	292779004	SAME_AS
218940002	292144005	SAME_AS
21894002	191548004	SAME_AS
218944006	292145006	SAME_AS
218947004	292140001	SAME_AS
218948009	292139003	SAME_AS
218955006	292125003	SAME_AS
218956007	292127006	SAME_AS
218958008	292126002	SAME_AS
218963007	62014003	REPLACED_BY
218964001	62014003	REPLACED_BY
218965000	292675000	REPLACED_BY
218966004	293484000	SAME_AS
218967008	293485004	SAME_AS
218974003	292617004	SAME_AS
218976001	293492009	SAME_AS
218977005	293494005	SAME_AS
218978000	293493004	SAME_AS
218981005	293454008	SAME_AS
218982003	293455009	SAME_AS
218983008	293456005	SAME_AS
218984002	293457001	SAME_AS
218985001	293458006	SAME_AS
218986000	293459003	SAME_AS
218987009	293460008	SAME_AS
218988004	293461007	SAME_AS
218991004	293487007	SAME_AS
218992006	293463005	SAME_AS
218993001	293465003	SAME_AS
218994007	293473007	SAME_AS
218995008	293472002	SAME_AS
218996009	293469009	SAME_AS
218997000	293483006	SAME_AS
219001001	292675000	SAME_AS
219002008	292673007	SAME_AS
219003003	292679006	SAME_AS
219004009	292676004	SAME_AS
219005005	292677008	SAME_AS
219008007	62014003	REPLACED_BY
219010009	292709003	SAME_AS
219011008	293530001	SAME_AS
219012001	293285001	SAME_AS
219014000	292700004	SAME_AS
219016003	292498003	SAME_AS
219017007	292150000	SAME_AS
219020004	292686003	SAME_AS
219021000	292688002	SAME_AS
219022007	292690001	SAME_AS
219023002	292690001	SAME_AS
219024008	418949004	SAME_AS
219026005	62014003	REPLACED_BY
219027001	292605001	SAME_AS
219028006	292608004	SAME_AS
219032000	292555004	SAME_AS
219033005	292724007	SAME_AS
219037006	292495000	SAME_AS
219038001	292540008	SAME_AS
219039009	292615007	SAME_AS
219040006	292617004	SAME_AS
219041005	871676000	REPLACED_BY
219042003	292545003	SAME_AS
219043008	62014003	REPLACED_BY
219044002	62014003	REPLACED_BY
219046000	62014003	REPLACED_BY
219048004	292927007	SAME_AS
219055002	292845008	SAME_AS
219058000	62014003	REPLACED_BY
219059008	62014003	REPLACED_BY
219060003	62014003	REPLACED_BY
219061004	62014003	REPLACED_BY
219067000	62014003	REPLACED_BY
219068005	293260005	SAME_AS
219069002	292248002	SAME_AS
219070001	292451006	SAME_AS
219078008	293122006	SAME_AS
219079000	293122006	REPLACED_BY
219086008	293115003	SAME_AS
219089001	219075006	REPLACED_BY
219092002	293120003	SAME_AS
219093007	293118001	SAME_AS
219097008	293117006	SAME_AS
219099006	293114004	SAME_AS
219100003	293119009	SAME_AS
219103001	158058005	SAME_AS
219105008	62014003	REPLACED_BY
219229009	27935005	SAME_AS
219245006	242903006	SAME_AS
219300009	75478009	SAME_AS
219302001	44003006	SAME_AS
219303006	86624000	SAME_AS
219304000	30857006	SAME_AS
219305004	23877007	SAME_AS
219306003	30984008	SAME_AS
219307007	64921004	SAME_AS
219308002	25980005	SAME_AS
219309005	44003006	SAME_AS
21931009	239768006	SAME_AS
219312008	7895008	SAME_AS
219313003	7895008	SAME_AS
219316006	767146004	SAME_AS
219317002	75478009	SAME_AS
21939006	1222888000	REPLACED_BY
219399003	219393002	REPLACED_BY
219426000	274230000	REPLACED_BY
219434006	274230000	REPLACED_BY
219438009	274230000	REPLACED_BY
21976009	416180004	REPLACED_BY
2198002	230381009	REPLACED_BY
21984008	234138005	SAME_AS
220000	699462004	REPLACED_BY
22046002	609483006	REPLACED_BY
22062008	22886006	REPLACED_BY
22071004	69008006	SAME_AS
22111008	164868007	SAME_AS
22126005	2032001	REPLACED_BY
222158003	304838007	SAME_AS
222712005	203357004	SAME_AS
22317004	788010000	REPLACED_BY
223308007	116224001	REPLACED_BY
223326005	116224001	REPLACED_BY
22345005	73013002	REPLACED_BY
22353002	200787006	SAME_AS
22391002	1344638004	REPLACED_BY
224115001	169943008	SAME_AS
22413001	210132006	SAME_AS
224131009	224132002	SAME_AS
224355006	1187600006	SAME_AS
224483009	1303362008	REPLACED_BY
224520008	1345134005	REPLACED_BY
224783005	1184615004	REPLACED_BY
224784004	1186624006	REPLACED_BY
224785003	1186700005	REPLACED_BY
224787006	1187625002	REPLACED_BY
224789009	1186695003	REPLACED_BY
224792008	1186697006	REPLACED_BY
224794009	1179230007	REPLACED_BY
224795005	1186623000	REPLACED_BY
224799004	1186687002	REPLACED_BY
224800000	1186694004	REPLACED_BY
224802008	1186690008	REPLACED_BY
224814000	1186698001	REPLACED_BY
22493000	50363002	SAME_AS
224955003	370388006	REPLACED_BY
224966005	74506000	SAME_AS
224968006	24199005	SAME_AS
225002004	386816005	SAME_AS
225043004	370388006	REPLACED_BY
225051001	225053003	SAME_AS
225056006	67488005	SAME_AS
225352002	80527006	SAME_AS
22544008	187041005	SAME_AS
225461001	26413003	SAME_AS
225523001	74506000	SAME_AS
225546004	70693003	SAME_AS
225573003	247350000	SAME_AS
225588008	248593001	SAME_AS
225600008	1222901007	SAME_AS
225612007	301576009	REPLACED_BY
225616005	74506000	SAME_AS
225651002	20602000	SAME_AS
225722008	267064002	SAME_AS
225786009	77176002	SAME_AS
225916007	781195004	REPLACED_BY
225932005	81763001	SAME_AS
22596006	298077002	REPLACED_BY
226098000	162517003	SAME_AS
226133005	162521005	SAME_AS
226134004	162522003	SAME_AS
226284003	60728008	SAME_AS
22630001000004108	540971000124109	REPLACED_BY
22637007	199025001	SAME_AS
22689002	54048003	SAME_AS
22747004	1259205009	REPLACED_BY
22755006	204456001	SAME_AS
227561004	266609001	SAME_AS
22805008	414923000	SAME_AS
228408008	228410005	SAME_AS
22841000119105	34934005	SAME_AS
228437007	228438002	SAME_AS
228477004	2314005	SAME_AS
228478009	169505001	SAME_AS
22857008	194783001	SAME_AS
22866007	198065008	SAME_AS
22902007	201852006	SAME_AS
229025005	62792007	SAME_AS
22903002	202809009	SAME_AS
22962005	88281007	SAME_AS
229634004	16617009	SAME_AS
229661004	229664007	SAME_AS
229674005	71959007	SAME_AS
229696004	361277007	SAME_AS
229710003	35919005	SAME_AS
229713001	35253001	SAME_AS
229729009	280032002	SAME_AS
229730004	229733002	SAME_AS
229731000	367515004	SAME_AS
229735009	229748008	SAME_AS
2298005	205573006	SAME_AS
229815001	299228008	SAME_AS
229816000	299229000	SAME_AS
22994000	835279003	SAME_AS
2300005	398114001	SAME_AS
230130009	1354666001	SAME_AS
230132001	73862001	SAME_AS
230133006	36605004	REPLACED_BY
230134000	69260008	SAME_AS
230135004	35688006	REPLACED_BY
230136003	30958002	SAME_AS
230137007	213262007	SAME_AS
230141006	71286001	REPLACED_BY
230147005	10491005	SAME_AS
230151007	31568009	SAME_AS
230178009	111872008	SAME_AS
230184007	418455000	SAME_AS
230217003	63627007	SAME_AS
230218008	16300007	SAME_AS
230219000	14405000	SAME_AS
230245009	240305000	SAME_AS
230275004	80098002	SAME_AS
230276003	80098002	SAME_AS
230277007	80098002	SAME_AS
230290000	724992007	SAME_AS
230298007	271700006	REPLACED_BY
230303009	19091006	SAME_AS
230342009	60935008	SAME_AS
230343004	127324008	REPLACED_BY
230360009	1339025008	REPLACED_BY
230361008	1204463009	REPLACED_BY
230367007	702427005	REPLACED_BY
230373008	816984002	SAME_AS
230376000	33494005	SAME_AS
230382002	230394006	REPLACED_BY
230383007	15523002	REPLACED_BY
230386004	230404004	REPLACED_BY
230390002	230381009	REPLACED_BY
230392005	193000002	REPLACED_BY
230401007	241006	REPLACED_BY
230405003	241006	REPLACED_BY
230406002	230381009	REPLACED_BY
230408001	230381009	REPLACED_BY
230411000	38281008	REPLACED_BY
230415009	19598007	REPLACED_BY
230416005	1340127006	REPLACED_BY
230417001	1340127006	REPLACED_BY
230419003	230418006	REPLACED_BY
230420009	230418006	REPLACED_BY
230424000	230423006	SAME_AS
230427007	19598007	REPLACED_BY
230435005	84757009	REPLACED_BY
230436006	87476004	SAME_AS
230440002	230389006	REPLACED_BY
230442005	361268000	SAME_AS
230445007	84757009	REPLACED_BY
230446008	95208000	SAME_AS
230453004	763622006	REPLACED_BY
230454005	763534009	SAME_AS
230459000	442512002	REPLACED_BY
230460005	442512002	REPLACED_BY
230463007	4473006	REPLACED_BY
230485001	192454004	SAME_AS
230501005	44169009	SAME_AS
230510002	58610003	SAME_AS
230512005	312944002	SAME_AS
230514006	1339033009	REPLACED_BY
230515007	48233004	SAME_AS
230516008	69820004	SAME_AS
230532006	20610004	SAME_AS
230543003	422426003	SAME_AS
230544009	53933002	SAME_AS
230547002	54304004	SAME_AS
230548007	1767005	SAME_AS
230550004	95675005	SAME_AS
230573007	126534007	SAME_AS
230578003	230579006	SAME_AS
230582001	129617008	SAME_AS
230632002	193134004	SAME_AS
230681000	77889005	SAME_AS
230688006	56989000	SAME_AS
230726004	45639009	SAME_AS
230733004	699814001	REPLACED_BY
230734005	699814001	REPLACED_BY
230737003	61683000	REPLACED_BY
230742006	82999001	SAME_AS
230767009	70611002	SAME_AS
230770008	50143004	SAME_AS
230775003	192949002	SAME_AS
23098008	724685000	SAME_AS
23101000175105	1287393009	SAME_AS
23121000175104	1287391006	SAME_AS
231441005	2776000	SAME_AS
23145007	262782002	REPLACED_BY
231457005	111479008	SAME_AS
231458000	1230262006	REPLACED_BY
231460003	64386003	SAME_AS
231463001	1231846001	REPLACED_BY
231476007	427327003	REPLACED_BY
231481003	1254812006	REPLACED_BY
231482005	1254812006	REPLACED_BY
231486008	31027006	SAME_AS
231490005	68890003	SAME_AS
231491009	271428004	SAME_AS
231492002	84760002	SAME_AS
231493007	270901009	SAME_AS
231497008	83225003	SAME_AS
231510006	231515001	SAME_AS
231513008	39423001	SAME_AS
231514002	723916001	REPLACED_BY
231518004	722879009	REPLACED_BY
231529000	40673001	SAME_AS
231533007	50299009	SAME_AS
231534001	268672004	SAME_AS
231535000	280032002	SAME_AS
231789000	19416009	SAME_AS
231790009	82576008	SAME_AS
231800009	1287568008	REPLACED_BY
231820005	1339015003	REPLACED_BY
231836007	13499006	SAME_AS
23184002	204941003	SAME_AS
23185001	89454001	SAME_AS
231868004	1339019009	REPLACED_BY
231885002	1339016002	REPLACED_BY
231914008	231916005	SAME_AS
23193001	450843002	REPLACED_BY
231932008	361199007	SAME_AS
231936006	129623003	SAME_AS
231973009	105881000119106	SAME_AS
231976001	424416009	SAME_AS
231982003	1119281000	REPLACED_BY
231993001	443201006	REPLACED_BY
232007006	1255639008	REPLACED_BY
232019003	399871005	REPLACED_BY
232026003	1135000	SAME_AS
232060005	5619004	SAME_AS
232070007	414875008	REPLACED_BY
232079008	833278008	REPLACED_BY
232090003	1285335004	REPLACED_BY
232091004	370504007	SAME_AS
232092006	247220006	SAME_AS
232102002	271710002	SAME_AS
232111002	400946004	SAME_AS
232123008	237044002	SAME_AS
232141000	68158006	SAME_AS
232210005	68235000	SAME_AS
232211009	82297005	SAME_AS
232219006	35045004	SAME_AS
232228007	94146005	SAME_AS
232248000	247263009	SAME_AS
232253005	38394007	SAME_AS
232255003	78868004	SAME_AS
232261000	363668000	REPLACED_BY
232276008	363668000	SAME_AS
232287000	78977005	SAME_AS
232290006	68761002	SAME_AS
232337005	385482004	SAME_AS
232341009	82272006	SAME_AS
232342002	82272006	SAME_AS
232346004	1208807009	REPLACED_BY
232347008	717234006	REPLACED_BY
232348003	1208804002	REPLACED_BY
232374009	47535005	SAME_AS
232380001	72089000	SAME_AS
232385006	18283000	SAME_AS
232392001	88548007	SAME_AS
232414003	129583005	SAME_AS
232431005	70976000	SAME_AS
232456004	51523009	SAME_AS
232462009	81771002	SAME_AS
23250001000004103	39551000087109	SAME_AS
23265007	195083004	SAME_AS
23273003	193602009	SAME_AS
23283004	16695002	SAME_AS
23292001	51406002	REPLACED_BY
23294000	443786003	REPLACED_BY
233186005	287285004	SAME_AS
23328008	39093002	REPLACED_BY
23346002	403194002	SAME_AS
23358002	430744005	SAME_AS
233605008	233604007	REPLACED_BY
233611006	78895009	SAME_AS
233612004	78895009	SAME_AS
233622005	1187256004	REPLACED_BY
233643006	42434002	SAME_AS
233652002	73725006	SAME_AS
233671000	195951007	REPLACED_BY
233681001	708093000	SAME_AS
233684009	195967001	REPLACED_BY
233685005	708094006	SAME_AS
233689004	85761009	SAME_AS
233723008	719218000	SAME_AS
233735007	21247003	SAME_AS
233738009	233727009	SAME_AS
233765002	10676831000119101	REPLACED_BY
233812001	1204459002	REPLACED_BY
233818002	59021001	SAME_AS
233820004	4557003	SAME_AS
233857005	29928006	SAME_AS
233872009	9909003	SAME_AS
233874005	20529002	SAME_AS
233920000	74021003	SAME_AS
233924009	84114007	REPLACED_BY
233925005	367363000	SAME_AS
233932001	429257001	SAME_AS
233963002	1055001	SAME_AS
233992003	710864009	SAME_AS
233998004	732230001	REPLACED_BY
23401002	609475000	REPLACED_BY
234015005	271331002	SAME_AS
234018007	1339032004	REPLACED_BY
234042006	95448006	SAME_AS
234080007	266330004	SAME_AS
234103008	197260007	SAME_AS
234135008	46041001	SAME_AS
234137000	234138005	SAME_AS
234163005	398665005	SAME_AS
234175000	21639008	SAME_AS
234178003	816155005	SAME_AS
234179006	816156006	SAME_AS
234354003	87522002	SAME_AS
234356001	83414005	REPLACED_BY
234357005	53165003	REPLACED_BY
234370001	234376007	SAME_AS
234371002	88854002	SAME_AS
234384006	191187006	SAME_AS
234403002	124335006	SAME_AS
234406005	89597008	SAME_AS
234416002	65880007	REPLACED_BY
234419009	248693006	SAME_AS
234420003	89454001	SAME_AS
234421004	7720002	SAME_AS
234430007	234630002	SAME_AS
234432004	71436005	SAME_AS
234434003	405274002	REPLACED_BY
234439008	65399007	SAME_AS
234443007	41788008	SAME_AS
234446004	1259242002	REPLACED_BY
234447008	128106003	REPLACED_BY
234448003	128107007	REPLACED_BY
234450006	128108002	SAME_AS
234473003	128115005	REPLACED_BY
234480001	51624005	SAME_AS
234484005	712922002	REPLACED_BY
234485006	712922002	REPLACED_BY
234488008	438492008	REPLACED_BY
234489000	417626001	SAME_AS
234490009	128091003	REPLACED_BY
234491008	240305000	SAME_AS
234492001	240305000	SAME_AS
234498002	285361005	SAME_AS
234499005	109994006	SAME_AS
234516004	341009	SAME_AS
234521001	234520000	SAME_AS
234523003	361198004	SAME_AS
234536003	403835002	SAME_AS
234537007	403836001	SAME_AS
234538002	403834003	SAME_AS
234575007	191347008	SAME_AS
234603007	771443008	SAME_AS
234610001	263661007	SAME_AS
234644008	62479008	SAME_AS
234666001	10989008	SAME_AS
234987008	89988002	SAME_AS
234990002	31642005	SAME_AS
235008008	41565005	REPLACED_BY
235009000	1187156006	REPLACED_BY
235023003	402441007	SAME_AS
235024009	361212009	SAME_AS
235074006	21863002	SAME_AS
235078009	404193003	SAME_AS
23508005	18606002	REPLACED_BY
23509002	1231848000	REPLACED_BY
235103002	734013007	REPLACED_BY
235105009	47944004	REPLACED_BY
235108006	87866006	SAME_AS
235113005	89988002	SAME_AS
235114004	714751007	SAME_AS
235141009	28041003	SAME_AS
235142002	109550008	SAME_AS
23550005	202933002	SAME_AS
235624008	66889002	SAME_AS
235647009	95529005	SAME_AS
235649007	95530000	SAME_AS
235657005	1204466001	REPLACED_BY
235665008	60002000	SAME_AS
235687004	196652006	SAME_AS
235691009	128286008	SAME_AS
235695000	236107006	SAME_AS
235703009	51868009	SAME_AS
235711004	54822007	SAME_AS
235789006	15165002	SAME_AS
235808009	95539004	SAME_AS
235850009	763397001	SAME_AS
235868007	57412004	REPLACED_BY
235870003	10295004	REPLACED_BY
235879002	93469006	SAME_AS
235892004	76301009	SAME_AS
235904007	14783006	SAME_AS
235922005	235924006	SAME_AS
235951009	1263995002	REPLACED_BY
235998001	80640009	SAME_AS
236027005	54176009	SAME_AS
236029008	197980002	SAME_AS
236034007	289260002	SAME_AS
236035008	196885001	SAME_AS
236038005	196884002	SAME_AS
23605002	208815003	SAME_AS
236051000	48763007	SAME_AS
236056005	447821002	SAME_AS
236057001	48763007	SAME_AS
236060008	119292006	REPLACED_BY
236065003	24789006	SAME_AS
236067006	17709002	SAME_AS
236068001	405729008	SAME_AS
236072002	83134002	SAME_AS
236073007	49237006	SAME_AS
236076004	19213003	SAME_AS
236082001	422400008	SAME_AS
23628001	232247005	SAME_AS
23632007	210294003	REPLACED_BY
236371004	44513007	SAME_AS
236421001	236418003	REPLACED_BY
236422008	712922002	REPLACED_BY
236425005	709044004	SAME_AS
236429004	236428007	REPLACED_BY
236440007	82525005	SAME_AS
236462007	1776003	REPLACED_BY
236465009	707742001	SAME_AS
236476008	303852004	SAME_AS
236497009	46785007	SAME_AS
236506009	50581000	SAME_AS
236534002	818952002	REPLACED_BY
236536000	16652001	SAME_AS
236537009	19765000	SAME_AS
23654009	210484005	REPLACED_BY
236553007	33461007	SAME_AS
236598001	51794008	SAME_AS
236621007	236703003	SAME_AS
236626002	33655002	REPLACED_BY
236627006	33655002	REPLACED_BY
236657002	252030006	SAME_AS
236658007	87557004	SAME_AS
236662001	370555000	SAME_AS
236674002	36729000	SAME_AS
236680005	13806003	SAME_AS
236694006	53212003	SAME_AS
236696008	14981000	SAME_AS
236704009	720406004	SAME_AS
236714000	128606002	REPLACED_BY
236715004	95567008	SAME_AS
236732000	404192008	SAME_AS
236741005	70318002	SAME_AS
236751006	860915001	REPLACED_BY
236752004	860921002	REPLACED_BY
236753009	860922009	REPLACED_BY
236754003	8034008	SAME_AS
236760003	236731007	SAME_AS
236762006	404192008	SAME_AS
236765008	197983000	SAME_AS
236778008	126900000	SAME_AS
236797008	53599007	SAME_AS
236798003	4107000	SAME_AS
236802002	85716005	SAME_AS
236804001	38804009	SAME_AS
236808003	5286009	SAME_AS
236843002	95041000119101	REPLACED_BY
236957004	118614007	SAME_AS
237053009	24251002	SAME_AS
237054003	79883001	SAME_AS
237068005	12337004	SAME_AS
237080002	169487009	SAME_AS
237081003	37610005	SAME_AS
237099006	63765009	SAME_AS
237100003	63765009	SAME_AS
237115002	784314006	SAME_AS
23712001	267024001	SAME_AS
237126008	237125007	SAME_AS
237129001	266601003	SAME_AS
237131005	64996003	SAME_AS
237135001	266599000	SAME_AS
237136000	65754002	REPLACED_BY
237144000	414187003	REPLACED_BY
237146003	1269101009	REPLACED_BY
237147007	609418009	REPLACED_BY
237148002	609419001	REPLACED_BY
237150005	415683005	REPLACED_BY
237151009	725051009	REPLACED_BY
237154001	609416008	REPLACED_BY
23716003	75934005	REPLACED_BY
237162009	237156004	SAME_AS
237178006	237171000	REPLACED_BY
237180000	237179003	REPLACED_BY
237185005	237179003	REPLACED_BY
237204003	237210003	REPLACED_BY
237205002	237208000	REPLACED_BY
237216009	237217000	REPLACED_BY
237224004	237225003	REPLACED_BY
237226002	274121004	SAME_AS
237228001	1254991002	REPLACED_BY
237232007	16756008	SAME_AS
237255005	67465009	SAME_AS
237258007	816148008	REPLACED_BY
237262001	275359008	SAME_AS
237263006	371380006	SAME_AS
237269005	198925006	SAME_AS
237284001	173300003	REPLACED_BY
237289006	53024001	SAME_AS
237290002	53898005	SAME_AS
237291003	268585006	SAME_AS
237299001	13404009	SAME_AS
237314009	237315005	SAME_AS
237316006	26158002	SAME_AS
237318007	62129004	SAME_AS
237326004	1365935003	REPLACED_BY
237335006	396544001	SAME_AS
237336007	1363324002	REPLACED_BY
237341004	200284000	SAME_AS
237344007	237343001	SAME_AS
237359001	59283008	REPLACED_BY
23737006	38907003	REPLACED_BY
237436008	27431007	SAME_AS
237452006	53430007	SAME_AS
237456009	87840008	SAME_AS
237467005	302829009	SAME_AS
237493003	707747007	SAME_AS
237496006	61037007	SAME_AS
237497002	60968001	SAME_AS
2375004	266123003	REPLACED_BY
237502000	73869005	SAME_AS
237514008	360348000	SAME_AS
237522001	54823002	SAME_AS
237525004	54823002	SAME_AS
237530000	38727009	SAME_AS
237531001	38727009	SAME_AS
237532008	38727009	SAME_AS
237533003	428041004	SAME_AS
237534009	21983002	SAME_AS
237535005	21983002	REPLACED_BY
237536006	21983002	SAME_AS
237537002	21983002	SAME_AS
237540002	89024000	SAME_AS
237553004	547009	SAME_AS
237563007	75065003	SAME_AS
237564001	75065003	SAME_AS
237568003	3716002	SAME_AS
237576001	39998009	SAME_AS
237596009	126864006	SAME_AS
237607001	284449005	SAME_AS
237615003	254066006	SAME_AS
237616002	816067005	REPLACED_BY
237629002	11687002	SAME_AS
237648003	788491008	REPLACED_BY
237657009	711152006	SAME_AS
23768005	360491009	SAME_AS
237686007	71003000	SAME_AS
237743003	703232003	SAME_AS
237757001	24867002	SAME_AS
237758006	185113005	SAME_AS
237759003	238476000	SAME_AS
237789005	373717006	SAME_AS
237791002	12017008	SAME_AS
237802009	12313004	REPLACED_BY
237803004	29206004	SAME_AS
237805006	371015003	SAME_AS
23781003	860914002	SAME_AS
237821001	1234907000	REPLACED_BY
237823003	353295004	SAME_AS
237828007	11244009	SAME_AS
23786008	81626002	REPLACED_BY
237864008	23132008	SAME_AS
237865009	23132008	SAME_AS
237878009	59399004	SAME_AS
237881004	6595006	SAME_AS
237882006	63275006	SAME_AS
237887000	254122007	SAME_AS
237892003	67049004	SAME_AS
237893008	72831007	SAME_AS
237901003	82236004	SAME_AS
237912003	7573000	SAME_AS
237915001	360378009	SAME_AS
237922009	1359952006	REPLACED_BY
237924005	360943000	SAME_AS
237930005	360416003	SAME_AS
23793007	17369002	REPLACED_BY
237932002	45812003	SAME_AS
237953006	124258007	SAME_AS
237956003	360369003	SAME_AS
237962008	20052008	SAME_AS
237967002	274864009	SAME_AS
237968007	274864009	SAME_AS
237969004	722343009	SAME_AS
237970003	722343009	SAME_AS
237971004	29291001	SAME_AS
237976009	60414003	SAME_AS
237991006	67434000	SAME_AS
238008009	29692004	SAME_AS
238016000	77365006	SAME_AS
238029000	68390005	SAME_AS
238039006	267435002	SAME_AS
238046002	70199000	SAME_AS
238052001	29094004	SAME_AS
238055004	7425008	SAME_AS
238075008	123963007	SAME_AS
238086005	275598004	SAME_AS
238110009	763626009	REPLACED_BY
23811002	407471007	REPLACED_BY
238125009	79389008	SAME_AS
238129003	76169001	SAME_AS
238151006	91302008	SAME_AS
238152004	1204467005	REPLACED_BY
238216006	237513002	SAME_AS
238369009	237656000	SAME_AS
238371009	734930006	REPLACED_BY
238384000	6284004	SAME_AS
238400007	722893002	SAME_AS
238416009	11817007	SAME_AS
238420008	402128003	SAME_AS
238433002	402133004	REPLACED_BY
238434008	428172002	REPLACED_BY
238437001	715874005	SAME_AS
238439003	402138008	SAME_AS
238441002	240765004	SAME_AS
238443004	402138008	SAME_AS
238454009	238451001	REPLACED_BY
238464000	201040000	SAME_AS
238465004	201040000	SAME_AS
238468002	201040000	SAME_AS
238475001	23957004	SAME_AS
238478004	21143006	SAME_AS
238479007	21143006	SAME_AS
238501009	840347005	REPLACED_BY
238502002	840348000	REPLACED_BY
238508003	385511004	SAME_AS
238515006	403194002	SAME_AS
238517003	43982006	SAME_AS
238523008	111209006	SAME_AS
238524002	111209006	SAME_AS
238535007	781645001	REPLACED_BY
238538009	43116000	SAME_AS
238560007	784292007	SAME_AS
23856009	42059000	SAME_AS
238563009	402572008	SAME_AS
238579005	425630003	SAME_AS
238582000	91487003	SAME_AS
238585003	24079001	REPLACED_BY
238588001	402410006	SAME_AS
238592008	23854007	SAME_AS
238596006	201025002	SAME_AS
238610005	27520001	SAME_AS
238614001	238615000	SAME_AS
238623003	254666005	SAME_AS
238624009	254666005	SAME_AS
238630009	80432009	SAME_AS
238685008	7632005	SAME_AS
238696000	10347006	SAME_AS
238707006	402624000	SAME_AS
238708001	403538005	SAME_AS
238718006	13733009	SAME_AS
238720009	275320004	SAME_AS
238726003	87872006	SAME_AS
238727007	68225006	SAME_AS
238738007	67712001	SAME_AS
238740002	247564004	SAME_AS
238747004	6331000	SAME_AS
238755006	65382006	SAME_AS
238759000	45294007	SAME_AS
238762002	238775002	SAME_AS
238766004	767127000	REPLACED_BY
238767008	767127000	SAME_AS
238768003	402648009	REPLACED_BY
238777005	37151006	SAME_AS
238779008	247479008	SAME_AS
238784002	361210001	SAME_AS
238789007	2622007	SAME_AS
238809002	207036003	SAME_AS
238817005	200951007	SAME_AS
238825007	58588007	SAME_AS
238826008	59252009	SAME_AS
238845004	402679008	REPLACED_BY
238847007	111200005	SAME_AS
238848002	398114001	SAME_AS
238849005	55711009	SAME_AS
238852002	74853008	SAME_AS
238856004	29271008	SAME_AS
238868008	399904002	SAME_AS
238869000	238870004	SAME_AS
238876005	49428008	SAME_AS
238880000	726674004	REPLACED_BY
238906005	234138005	SAME_AS
238912000	398316009	SAME_AS
238916002	308006	SAME_AS
238920003	6815003	SAME_AS
238948003	1222586005	REPLACED_BY
238950006	38692000	SAME_AS
238976006	24109003	REPLACED_BY
238987003	239000007	SAME_AS
238994000	402748000	SAME_AS
238996003	702617007	SAME_AS
239004003	7425008	SAME_AS
239008000	7731005	SAME_AS
239016009	254091006	SAME_AS
239017000	41069008	SAME_AS
239018005	700062000	REPLACED_BY
239029009	52868006	SAME_AS
239034008	254093009	SAME_AS
239045006	722296002	REPLACED_BY
239047003	719800009	REPLACED_BY
239058007	312514006	SAME_AS
23906003	192764007	SAME_AS
239068002	24559001	SAME_AS
239074002	39427000	REPLACED_BY
239077009	722209002	SAME_AS
239105004	403846004	SAME_AS
23911001	75971007	SAME_AS
239125000	2965006	SAME_AS
239129006	46690002	SAME_AS
239132009	733491005	REPLACED_BY
239143001	400096001	REPLACED_BY
239148005	204272007	SAME_AS
239150002	782194002	SAME_AS
239151003	1303909005	REPLACED_BY
239156008	22247000	SAME_AS
239158009	310639000	SAME_AS
239167009	781184005	REPLACED_BY
239168004	781184005	REPLACED_BY
239169007	781184005	REPLACED_BY
239180007	1344638004	REPLACED_BY
239181006	213192008	SAME_AS
23926004	371380006	SAME_AS
239709000	60492000	SAME_AS
239710005	26077002	SAME_AS
239717008	68449006	SAME_AS
239722008	239721001	SAME_AS
239752000	80406003	SAME_AS
239753005	5137004	SAME_AS
239757006	202192009	SAME_AS
239758001	202190001	SAME_AS
239760004	202182001	SAME_AS
239765009	202159003	SAME_AS
239766005	202158006	SAME_AS
239769003	81512004	SAME_AS
239770002	202310009	SAME_AS
239771003	202307002	SAME_AS
239772005	50442003	SAME_AS
239773000	263118005	SAME_AS
239774006	202413005	SAME_AS
239784007	201736002	SAME_AS
239785008	1344659006	SAME_AS
239786009	39992005	SAME_AS
239788005	239807009	SAME_AS
239794002	10713006	SAME_AS
239796000	410502007	REPLACED_BY
239797009	410798004	REPLACED_BY
239798004	410798004	REPLACED_BY
239801005	410502007	REPLACED_BY
239804002	239802003	SAME_AS
239823009	201723002	SAME_AS
239824003	359554008	SAME_AS
239831004	50921008	SAME_AS
239856005	239873007	REPLACED_BY
239857001	239872002	REPLACED_BY
239860008	239867006	REPLACED_BY
239861007	239866002	REPLACED_BY
239881008	59606006	REPLACED_BY
239882001	239872002	SAME_AS
239893004	239894005	SAME_AS
239896007	239897003	SAME_AS
239928004	1144805008	REPLACED_BY
239929007	1144805008	REPLACED_BY
239930002	1144805008	REPLACED_BY
239934006	195353004	SAME_AS
239942007	1149219001	SAME_AS
239957000	27741009	SAME_AS
239974000	442048005	REPLACED_BY
240011009	202919002	SAME_AS
240012002	202918005	SAME_AS
240016004	203076007	SAME_AS
240032001	13370002	SAME_AS
240035004	67801009	SAME_AS
240066005	719860006	REPLACED_BY
240072005	1010712009	SAME_AS
240093008	82732003	SAME_AS
240097009	39925003	SAME_AS
240121004	82725007	SAME_AS
240135002	203522001	SAME_AS
240144001	203170004	SAME_AS
240145000	80507005	SAME_AS
240146004	287052003	SAME_AS
240151005	1204420006	REPLACED_BY
240153008	83707009	SAME_AS
240161003	1515008	SAME_AS
240169001	111255008	SAME_AS
240170000	203485003	SAME_AS
240173003	44697002	SAME_AS
240174009	34643004	SAME_AS
240183004	203408003	SAME_AS
240187003	205480005	SAME_AS
240188008	75049004	SAME_AS
240189000	17818006	SAME_AS
240190009	105986008	SAME_AS
240191008	53974002	SAME_AS
240192001	36601008	SAME_AS
240193006	65976001	SAME_AS
240196003	397758007	SAME_AS
240203005	270887007	SAME_AS
240217001	410730009	SAME_AS
240219003	303081002	SAME_AS
240227007	38641008	SAME_AS
240228002	298356007	SAME_AS
240233003	209767002	SAME_AS
24024009	210835005	SAME_AS
240242005	52012001	SAME_AS
240243000	46101007	SAME_AS
240245007	231250005	SAME_AS
240247004	86900005	SAME_AS
240248009	249807007	SAME_AS
240250001	229844004	REPLACED_BY
240251002	275354003	REPLACED_BY
240259000	363045008	SAME_AS
240308003	206422009	SAME_AS
240340004	24789006	SAME_AS
240342007	241154007	SAME_AS
240345009	75258004	REPLACED_BY
240346005	241774007	REPLACED_BY
240411003	240410002	SAME_AS
24042004	8762007	REPLACED_BY
240466002	359814004	SAME_AS
240514009	105632002	REPLACED_BY
240518007	407476002	SAME_AS
240544007	254656002	REPLACED_BY
240572000	15628003	REPLACED_BY
240607002	28867007	SAME_AS
240612001	230598008	SAME_AS
240614000	186772009	SAME_AS
240617007	240616003	SAME_AS
240620004	271425001	SAME_AS
240621000	271425001	SAME_AS
240622007	271425001	SAME_AS
240623002	266123003	SAME_AS
240625009	58008004	SAME_AS
240633005	48611009	SAME_AS
240634004	128942007	REPLACED_BY
240646000	77327004	SAME_AS
240651006	39625001	SAME_AS
240672009	48982009	SAME_AS
240675006	399050001	SAME_AS
240680002	43442006	SAME_AS
240684006	73594001	SAME_AS
240698003	367373003	SAME_AS
240702004	782761005	REPLACED_BY
240703009	111899005	SAME_AS
240725003	187091009	SAME_AS
240749000	47306003	SAME_AS
240762001	403125005	SAME_AS
240764000	47158003	SAME_AS
240807004	30369007	SAME_AS
240808009	30369007	SAME_AS
24081004	19773009	REPLACED_BY
24082006	289333007	SAME_AS
240825006	91586009	SAME_AS
240830005	187160001	SAME_AS
240837008	240836004	SAME_AS
24084007	197983000	SAME_AS
240850009	420811004	SAME_AS
240853006	19362000	SAME_AS
240876009	33042004	SAME_AS
24091005	186461000	REPLACED_BY
240913009	420706008	SAME_AS
241000119108	15635291000119101	SAME_AS
241287000	1290325005	SAME_AS
24141009	71028008	SAME_AS
24151000119106	1654001	SAME_AS
241556001	236037000	SAME_AS
241759005	9826008	SAME_AS
241760000	9982009	SAME_AS
241772006	64815002	SAME_AS
241773001	83227006	SAME_AS
24179004	431674004	SAME_AS
241794003	43384002	REPLACED_BY
241811004	61288004	SAME_AS
241844005	312089004	REPLACED_BY
241849000	1363049008	REPLACED_BY
2419001	210342003	REPLACED_BY
241918009	31906004	REPLACED_BY
241926001	241865004	REPLACED_BY
241940000	39579001	REPLACED_BY
241942008	39579001	REPLACED_BY
241946006	91941002	SAME_AS
241970005	83966006	SAME_AS
241981008	49252004	SAME_AS
241991002	212954004	SAME_AS
242008004	243040008	SAME_AS
242016008	1428003	SAME_AS
242035008	720824009	SAME_AS
242039002	1345178001	SAME_AS
242057001	292799005	SAME_AS
242058006	293059009	SAME_AS
242059003	293104008	SAME_AS
242062000	292044008	SAME_AS
242063005	292040004	SAME_AS
242064004	419901001	SAME_AS
242065003	62014003	REPLACED_BY
242066002	62014003	REPLACED_BY
242068001	292162001	SAME_AS
242069009	218705009	SAME_AS
242089005	214031005	SAME_AS
242118006	214188005	SAME_AS
242252003	72431002	SAME_AS
242416004	17886000	SAME_AS
242418003	56307009	SAME_AS
242535001	218201004	SAME_AS
242572007	217636006	SAME_AS
242578006	241805002	SAME_AS
242579003	241806001	SAME_AS
242580000	241807005	SAME_AS
242581001	241808000	SAME_AS
242582008	241809008	SAME_AS
242583003	241810003	SAME_AS
242584009	61288004	SAME_AS
242589004	241816009	REPLACED_BY
242591007	241817000	SAME_AS
2426001	206202008	SAME_AS
242669005	1231592006	REPLACED_BY
242670006	1231580006	REPLACED_BY
242671005	1231590003	REPLACED_BY
242673008	1231583008	REPLACED_BY
242674002	1231584002	REPLACED_BY
242675001	1231582003	REPLACED_BY
242676000	1231588004	REPLACED_BY
242677009	1231585001	REPLACED_BY
242678004	1231591004	REPLACED_BY
2427005	718938003	SAME_AS
242736002	240859005	SAME_AS
242794001	122866006	SAME_AS
242836008	363293009	REPLACED_BY
242854007	52684005	SAME_AS
242943001	405703008	SAME_AS
242945008	405692001	SAME_AS
242947000	405698002	SAME_AS
242949002	405701005	SAME_AS
24295008	197764002	SAME_AS
242975003	7895008	SAME_AS
242996005	415105001	SAME_AS
243058002	52909001	SAME_AS
243119005	1252713007	REPLACED_BY
24346005	439127006	REPLACED_BY
24366001	313254003	SAME_AS
243684007	70190001	SAME_AS
243785001	169506000	SAME_AS
24380008	212174007	SAME_AS
24409007	202112005	SAME_AS
244236002	253689007	SAME_AS
24448007	186435004	SAME_AS
24461007	298075005	REPLACED_BY
244655006	95293000	REPLACED_BY
24491002	29307005	SAME_AS
24554006	402644006	SAME_AS
24558009	15733007	REPLACED_BY
24565001	767356009	REPLACED_BY
24571000119106	298071001	REPLACED_BY
24578001	897299008	REPLACED_BY
2460008	111236008	REPLACED_BY
246074004	191306005	SAME_AS
246181000119100	1222888000	SAME_AS
246523003	72670004	SAME_AS
246527002	1290882004	REPLACED_BY
246528007	82401000	REPLACED_BY
246534000	34601006	SAME_AS
246537007	1285078002	REPLACED_BY
246540007	407675009	SAME_AS
246542004	407675009	SAME_AS
246543009	79631006	REPLACED_BY
246546001	79631006	REPLACED_BY
246548000	79631006	REPLACED_BY
246549008	79631006	REPLACED_BY
246550008	79631006	REPLACED_BY
246551007	79631006	REPLACED_BY
246552000	79631006	REPLACED_BY
246553005	1217008005	REPLACED_BY
246564008	32422007	SAME_AS
246731005	111530003	SAME_AS
246734002	74025007	SAME_AS
246735001	27590007	SAME_AS
246736000	63988001	SAME_AS
246737009	14619009	SAME_AS
246738004	62176008	SAME_AS
246739007	46343005	SAME_AS
246740009	20636006	SAME_AS
246741008	421452007	SAME_AS
246742001	8016009	SAME_AS
246746003	2967003	SAME_AS
246763004	9074007	SAME_AS
246784009	45339001	SAME_AS
246801007	95202004	SAME_AS
246821008	33168009	SAME_AS
246825004	30410001	SAME_AS
246827007	60750009	SAME_AS
246832008	236683007	SAME_AS
246864001	1179806004	REPLACED_BY
246865000	416920000	SAME_AS
24687004	186893003	SAME_AS
246884002	1285472009	REPLACED_BY
246885001	408765004	SAME_AS
246935009	193764001	SAME_AS
246940001	373426005	REPLACED_BY
246969005	373425009	REPLACED_BY
246976000	204164000	SAME_AS
246994006	418106004	SAME_AS
2470005	127294003	SAME_AS
247007000	83558008	SAME_AS
247015002	232122003	SAME_AS
247028009	75895005	SAME_AS
247037009	37761009	SAME_AS
24704003	789676005	REPLACED_BY
247048002	85366002	SAME_AS
247058003	53889007	SAME_AS
247060001	315353005	SAME_AS
24706001	269170001	REPLACED_BY
247065006	264443002	SAME_AS
247069000	65720003	SAME_AS
247129004	93470007	SAME_AS
247160004	75971007	SAME_AS
247170002	302890002	SAME_AS
247173000	1255640005	REPLACED_BY
247203007	60505005	SAME_AS
247205000	60505005	SAME_AS
247237004	57436000	SAME_AS
247240004	69056000	SAME_AS
247242007	35045004	SAME_AS
247254007	247252006	SAME_AS
247269008	71177003	SAME_AS
247307005	700454004	SAME_AS
247326002	74776002	SAME_AS
247327006	14151009	SAME_AS
247343004	162143008	SAME_AS
247344005	63901009	SAME_AS
247345006	11114002	SAME_AS
247346007	102616008	SAME_AS
247351001	102614006	SAME_AS
247359004	37389005	SAME_AS
247360009	35363006	SAME_AS
247367007	202809009	SAME_AS
247372003	52702003	SAME_AS
247378004	21018002	SAME_AS
247380005	193114000	SAME_AS
247383007	36729000	SAME_AS
247417001	71315007	SAME_AS
247436006	373923006	SAME_AS
247451002	62742006	SAME_AS
247460005	247459000	SAME_AS
247469006	91487003	SAME_AS
247473009	7632005	SAME_AS
247512005	45342007	SAME_AS
247521006	110987009	SAME_AS
247528000	60332004	SAME_AS
247542008	34887006	SAME_AS
247556005	21926007	SAME_AS
247576004	1855002	SAME_AS
247577008	247575000	SAME_AS
247606008	48167000	SAME_AS
24761000119107	372937009	SAME_AS
247629000	247640008	SAME_AS
247645003	50543005	SAME_AS
247649009	79015004	SAME_AS
247674007	64514005	SAME_AS
247681000	216004	SAME_AS
247682007	8330006	SAME_AS
247690007	238974009	SAME_AS
247702001	28368009	SAME_AS
247715005	25289003	SAME_AS
24774002	204723001	SAME_AS
247741004	85550003	SAME_AS
247754006	20602000	SAME_AS
247777006	247775003	SAME_AS
247778001	81548002	SAME_AS
247798006	307077003	SAME_AS
247814004	89225005	SAME_AS
247821004	102912007	SAME_AS
247863000	279926005	SAME_AS
247886007	67698009	SAME_AS
247901001	43994002	SAME_AS
247907002	28277004	SAME_AS
247919005	24033006	SAME_AS
247938001	247924008	SAME_AS
248001001	765437001	REPLACED_BY
248010009	63148005	SAME_AS
248061004	248062006	SAME_AS
248063001	130968006	SAME_AS
248104007	51239001	SAME_AS
248108005	472989003	SAME_AS
248146003	248145004	REPLACED_BY
248147007	248145004	REPLACED_BY
248163004	46017004	SAME_AS
248207005	10051000	SAME_AS
248224004	40917007	SAME_AS
248226002	307050007	SAME_AS
248235009	247632002	SAME_AS
248257002	162204000	SAME_AS
248265004	276074009	SAME_AS
248266003	39104002	SAME_AS
248275001	214264003	SAME_AS
248329006	71781005	SAME_AS
248375003	72239002	SAME_AS
248376002	109418001	SAME_AS
248414005	247439004	SAME_AS
248419000	373925004	SAME_AS
248424002	373939004	SAME_AS
248426000	103001002	SAME_AS
248427009	103001002	SAME_AS
248451004	237348005	SAME_AS
248453001	213026003	SAME_AS
248457000	38880002	REPLACED_BY
248475004	65870008	SAME_AS
248479005	65124004	SAME_AS
248481007	9404003	SAME_AS
248489009	300879004	SAME_AS
248502000	373428006	SAME_AS
248504004	373429003	SAME_AS
248505003	373430008	SAME_AS
248542005	160303001	SAME_AS
248567008	6442005	SAME_AS
248568003	21558008	SAME_AS
248570007	191956005	SAME_AS
24861000119103	26889001	REPLACED_BY
248628005	42807005	SAME_AS
248639008	248635002	SAME_AS
248640005	64661000	SAME_AS
248643007	64661000	SAME_AS
248645000	52099006	SAME_AS
248647008	361134000	SAME_AS
248650006	361137007	SAME_AS
248673003	59935001	SAME_AS
248705001	248710002	SAME_AS
248706000	248707009	SAME_AS
248711003	267043001	REPLACED_BY
248712005	267042006	REPLACED_BY
248740000	247479008	SAME_AS
248809000	372285001	SAME_AS
248852000	237333004	SAME_AS
248907004	248906008	SAME_AS
248932002	65370002	SAME_AS
248933007	302926001	SAME_AS
248943005	31401003	SAME_AS
248945003	198319004	SAME_AS
248964009	84292000	SAME_AS
24897005	1187358001	REPLACED_BY
248975008	156036003	SAME_AS
248981000	237130006	SAME_AS
248988006	169565003	SAME_AS
24901004	111266001	REPLACED_BY
249035007	270500004	SAME_AS
249054007	267258002	SAME_AS
249055008	199616008	SAME_AS
249092008	79255005	SAME_AS
24911006	1335859001	REPLACED_BY
249130004	289296003	SAME_AS
249135009	168092006	SAME_AS
249143004	249144005	SAME_AS
249168002	268479002	SAME_AS
249185000	77278008	SAME_AS
249188003	70603007	SAME_AS
249190002	237309005	SAME_AS
24920001000004101	540981000124107	REPLACED_BY
249216001	206244002	SAME_AS
249242001	17585008	SAME_AS
249290008	162116003	SAME_AS
249304005	197907002	SAME_AS
249324009	277220002	SAME_AS
249334000	249327002	SAME_AS
249365009	30677002	SAME_AS
249368006	249366005	SAME_AS
249382006	50805004	SAME_AS
249391005	681361000119107	SAME_AS
249422007	232425007	SAME_AS
249425009	249427001	SAME_AS
249443008	232446003	SAME_AS
249445001	71086005	SAME_AS
249468005	79890006	SAME_AS
249471002	79890006	SAME_AS
249485007	288945004	SAME_AS
249498003	8765009	SAME_AS
249499006	300361008	SAME_AS
249501003	34923007	SAME_AS
249514002	57626004	SAME_AS
249536004	62629000	SAME_AS
249538003	41931001	REPLACED_BY
249584008	9918001	SAME_AS
249605001	241975000	SAME_AS
249614006	267058009	REPLACED_BY
249623009	267059001	REPLACED_BY
249624003	405729008	SAME_AS
249626001	267056008	REPLACED_BY
249627005	267055007	REPLACED_BY
249660008	282077009	SAME_AS
249667006	11731003	SAME_AS
249712000	249711007	SAME_AS
249729002	311897005	REPLACED_BY
249747008	45806008	SAME_AS
249780001	77595004	SAME_AS
249802001	36755004	SAME_AS
249805004	299466008	REPLACED_BY
249825000	263062004	SAME_AS
249827008	88092000	SAME_AS
249852005	192965001	SAME_AS
249901007	1222902000	SAME_AS
249919003	16046003	SAME_AS
249944006	1354670009	REPLACED_BY
249969006	32838008	SAME_AS
249970007	32838008	SAME_AS
250017001	27253007	SAME_AS
250022001	40192003	SAME_AS
250025004	27253007	SAME_AS
250026003	27253007	SAME_AS
250030000	25136009	SAME_AS
250031001	78691002	SAME_AS
250046008	71802006	SAME_AS
250058008	7006003	SAME_AS
250068003	15802004	SAME_AS
250075002	186611004	SAME_AS
250083008	102549009	SAME_AS
250093001	784268004	REPLACED_BY
250241006	165475005	REPLACED_BY
250279001	712922002	REPLACED_BY
250299007	386789004	SAME_AS
25030001	78920009	SAME_AS
250317006	1156624002	REPLACED_BY
250349006	95839005	REPLACED_BY
250376006	89109006	REPLACED_BY
250381002	406009006	REPLACED_BY
250382009	406005000	REPLACED_BY
250383004	406008003	REPLACED_BY
250384005	406002002	SAME_AS
250385006	406006004	REPLACED_BY
250386007	406007008	REPLACED_BY
250387003	406004001	REPLACED_BY
250388008	406002002	REPLACED_BY
250443006	5277004	SAME_AS
250444000	102843001	SAME_AS
250446003	167338002	SAME_AS
250447007	102840003	SAME_AS
2505004	404667009	SAME_AS
25072000	197274000	SAME_AS
250913000	297160003	SAME_AS
250915007	204368006	SAME_AS
250925002	373941003	SAME_AS
250981008	253606002	SAME_AS
250998008	83898004	SAME_AS
251009000	111287006	SAME_AS
251025005	408546009	SAME_AS
251037007	233996000	SAME_AS
251041006	36110001	SAME_AS
251060004	50920009	SAME_AS
25110002	1286878009	REPLACED_BY
251115003	74390002	SAME_AS
251122006	6374002	SAME_AS
251151005	698247007	SAME_AS
251153008	17366009	SAME_AS
251154002	44103008	SAME_AS
251166008	233896004	SAME_AS
251178007	251179004	SAME_AS
25122004	88092000	REPLACED_BY
25129008	172069000	SAME_AS
251330002	733968004	SAME_AS
251332005	80753001	SAME_AS
251414006	767084007	REPLACED_BY
251415007	767083001	REPLACED_BY
251416008	767085008	REPLACED_BY
251419001	767088005	REPLACED_BY
251420007	767087000	REPLACED_BY
251421006	767089002	REPLACED_BY
251426001	365839002	SAME_AS
251504000	251503006	REPLACED_BY
251524001	2724004	SAME_AS
251530001	17450006	SAME_AS
25157001	359814004	SAME_AS
251725003	419422001	REPLACED_BY
251790002	49768006	SAME_AS
251994004	197811007	SAME_AS
252004007	197866008	SAME_AS
25220001	399072004	SAME_AS
252699008	19693008	SAME_AS
252990005	92564006	SAME_AS
252991009	92564006	SAME_AS
252992002	276875006	SAME_AS
252993007	92791005	SAME_AS
253002004	1287196009	REPLACED_BY
253003009	1287573002	REPLACED_BY
25301001	310800007	SAME_AS
253017000	865951006	REPLACED_BY
253030004	1340074000	REPLACED_BY
253043004	238860001	SAME_AS
253059004	92027006	SAME_AS
253060009	40488004	SAME_AS
253076000	767047005	REPLACED_BY
253099001	50751005	SAME_AS
253100009	55999004	REPLACED_BY
253102001	53776005	SAME_AS
253110000	171131006	SAME_AS
25312001	210347009	REPLACED_BY
253123007	253166000	SAME_AS
253141004	204042007	SAME_AS
253191000	723973002	SAME_AS
253205005	95508001	SAME_AS
253210009	19416009	SAME_AS
253222007	128353007	SAME_AS
253229003	8041000119108	SAME_AS
253237006	60505005	SAME_AS
253257005	361265002	SAME_AS
253258000	362998000	SAME_AS
253430005	253429000	SAME_AS
253456003	253455004	SAME_AS
253459005	111287006	SAME_AS
253468007	204357006	SAME_AS
253485009	253484008	SAME_AS
253488006	48724000	SAME_AS
253517006	2829000	SAME_AS
253557009	447698003	REPLACED_BY
253558004	447670001	REPLACED_BY
253560002	447671002	REPLACED_BY
253561003	447672009	REPLACED_BY
253572008	253529002	SAME_AS
253580001	871618005	SAME_AS
253593006	204342004	SAME_AS
253601007	871654009	SAME_AS
253605003	51442005	SAME_AS
253613002	45237002	SAME_AS
253616005	17024001	SAME_AS
253617001	60106004	SAME_AS
253619003	17024001	SAME_AS
253626003	86252004	SAME_AS
253639004	111289009	SAME_AS
253659000	66403007	SAME_AS
253686000	83330001	SAME_AS
253713007	782698000	REPLACED_BY
253738002	232442001	SAME_AS
253739005	232443006	SAME_AS
253761000	204676004	SAME_AS
253762007	204670005	SAME_AS
253765009	360491009	SAME_AS
253775007	37373007	SAME_AS
253776008	262263007	SAME_AS
253777004	80880002	SAME_AS
253790006	261407007	SAME_AS
253798004	28682004	SAME_AS
253805001	4711003	SAME_AS
253819001	204821009	SAME_AS
253824003	360426005	SAME_AS
253831004	89318001	SAME_AS
253841001	268223002	SAME_AS
253845005	268228006	SAME_AS
253847002	55631001	SAME_AS
253848007	5286009	SAME_AS
253853002	249263004	SAME_AS
253857001	75164001	SAME_AS
253860008	59758007	REPLACED_BY
253870005	13530005	SAME_AS
253889005	36775008	SAME_AS
253895006	236615008	SAME_AS
253908003	253900005	SAME_AS
253911002	1264194006	REPLACED_BY
253930002	92843003	SAME_AS
253935007	253936008	SAME_AS
253938009	61293001	SAME_AS
253950003	52781008	SAME_AS
253956009	95465002	SAME_AS
253962004	253959002	SAME_AS
253969008	205149007	SAME_AS
253970009	403855001	SAME_AS
253973006	270505009	SAME_AS
253974000	84598000	SAME_AS
253983005	66948001	SAME_AS
253986002	87979003	SAME_AS
253991001	128334002	REPLACED_BY
253999004	253997002	SAME_AS
254036004	1187358001	REPLACED_BY
254037008	20944008	SAME_AS
25404008	609463005	REPLACED_BY
254056003	725166005	REPLACED_BY
254057007	725165009	REPLACED_BY
254070003	41572006	SAME_AS
254071004	59990008	SAME_AS
254072006	75238000	SAME_AS
254073001	15892005	SAME_AS
254074007	7259005	SAME_AS
254075008	238044004	SAME_AS
254076009	54898003	SAME_AS
254077000	111304003	SAME_AS
254086005	89454001	SAME_AS
254087001	254088006	REPLACED_BY
25410001000004103	541011000124109	REPLACED_BY
254103003	1208348002	REPLACED_BY
254105005	78314001	SAME_AS
254106006	78314001	SAME_AS
254107002	78314001	SAME_AS
254108007	78314001	SAME_AS
254109004	78314001	SAME_AS
254118002	82236004	SAME_AS
254126005	254125009	SAME_AS
254128006	723551003	REPLACED_BY
254136002	9723006	SAME_AS
254137006	38215007	SAME_AS
254138001	38215007	REPLACED_BY
254139009	38215007	REPLACED_BY
254142003	22567005	REPLACED_BY
254143008	268274005	SAME_AS
254160003	72523005	SAME_AS
254165008	267372009	SAME_AS
254166009	254167000	SAME_AS
254172009	239059004	REPLACED_BY
254173004	239059004	REPLACED_BY
254174005	1255143006	REPLACED_BY
254178008	90496008	SAME_AS
254182005	723308003	REPLACED_BY
254184006	70041004	SAME_AS
254202001	218358001	SAME_AS
254203006	398943008	SAME_AS
254204000	234141001	SAME_AS
254210000	254778000	SAME_AS
254212008	254817005	SAME_AS
254228003	65033000	SAME_AS
254232009	254230001	SAME_AS
254235006	35964007	SAME_AS
254240003	1332358007	REPLACED_BY
25425008	22886006	SAME_AS
254257004	43876007	REPLACED_BY
254258009	8569001	REPLACED_BY
254263008	41040004	REPLACED_BY
254265001	51500006	REPLACED_BY
254267009	21111006	REPLACED_BY
25427000	213355001	SAME_AS
25428005	209463004	SAME_AS
254391002	126774004	SAME_AS
254396007	126775003	SAME_AS
254400007	126776002	SAME_AS
254407005	126782004	SAME_AS
254411004	126781006	SAME_AS
254415008	126784003	SAME_AS
254420008	126786001	SAME_AS
254422000	187683004	SAME_AS
254433002	92176002	SAME_AS
254461008	188795008	SAME_AS
254487008	126682007	SAME_AS
254488003	127228008	SAME_AS
254491003	126684008	SAME_AS
254493000	187701005	SAME_AS
254494006	127226007	SAME_AS
254495007	92487001	SAME_AS
254496008	254458007	SAME_AS
254497004	254458007	SAME_AS
254499001	126816002	SAME_AS
254500005	92304007	SAME_AS
254523008	187843009	SAME_AS
254524002	188880000	SAME_AS
254534006	126818001	SAME_AS
254536008	92563000	SAME_AS
254537004	92054009	SAME_AS
254538009	126819009	SAME_AS
254541000	92436004	SAME_AS
254542007	126820003	SAME_AS
254545009	91958007	SAME_AS
254546005	126821004	SAME_AS
254548006	126822006	SAME_AS
254550003	126823001	SAME_AS
254552006	126825008	SAME_AS
254554007	126826009	SAME_AS
254556009	126827000	SAME_AS
254558005	126830007	SAME_AS
254560007	126831006	SAME_AS
254562004	126828005	SAME_AS
254565002	92183009	SAME_AS
254566001	126829002	SAME_AS
254568000	92604004	SAME_AS
254569008	92125000	SAME_AS
254575004	126834003	SAME_AS
254576003	126835002	SAME_AS
254577007	126836001	SAME_AS
254578002	92212001	SAME_AS
254579005	126841009	SAME_AS
254580008	126843007	SAME_AS
254581007	126845000	SAME_AS
254585003	126850006	SAME_AS
254602009	372139008	SAME_AS
254603004	372101000	SAME_AS
254605006	126860002	SAME_AS
254606007	126861003	SAME_AS
254607003	126862005	SAME_AS
254608008	126863000	SAME_AS
254613007	717919005	REPLACED_BY
254616004	94071006	SAME_AS
254617008	126872008	SAME_AS
254633006	254632001	REPLACED_BY
254636003	239297008	SAME_AS
254657006	254656002	SAME_AS
254672005	419893006	SAME_AS
254675007	254219004	SAME_AS
254682006	65038009	SAME_AS
254704004	69408002	SAME_AS
254706002	307598005	REPLACED_BY
254721008	254709009	SAME_AS
254741003	110986000	SAME_AS
254742005	399903008	SAME_AS
254743000	110986000	SAME_AS
254746008	254744006	SAME_AS
254753004	254750001	SAME_AS
254755006	254754005	SAME_AS
254759000	254761009	SAME_AS
254777005	254776001	SAME_AS
254779008	396275006	SAME_AS
254781005	56975005	SAME_AS
254789007	6331000	SAME_AS
254795008	1340054007	REPLACED_BY
254815002	1260467009	REPLACED_BY
254823000	93473009	SAME_AS
254826008	109382005	SAME_AS
254828009	254829001	SAME_AS
254832003	238902007	SAME_AS
254835001	126605007	SAME_AS
254861002	254863004	SAME_AS
254884009	1179096007	REPLACED_BY
254885005	372024009	SAME_AS
254889004	92564006	REPLACED_BY
2549002	16356006	REPLACED_BY
254903002	126898002	SAME_AS
254905009	126899005	SAME_AS
254926009	126881002	SAME_AS
254929002	449800007	SAME_AS
254930007	126886007	SAME_AS
254931006	188239000	SAME_AS
254933009	126892001	SAME_AS
254937005	254936001	SAME_AS
254946004	254947008	SAME_AS
254967004	92072003	SAME_AS
25497007	240366001	SAME_AS
254980001	1293166002	REPLACED_BY
254981002	91962001	SAME_AS
255009006	255004001	REPLACED_BY
255038009	1290115008	REPLACED_BY
255040004	1290117000	REPLACED_BY
255041000	255039001	SAME_AS
255042007	1290116009	REPLACED_BY
255049003	93143009	SAME_AS
255054007	55342001	REPLACED_BY
255060007	128050000	SAME_AS
255063009	95001001	SAME_AS
255083005	363490009	SAME_AS
255092008	405945003	REPLACED_BY
255094009	94000008	SAME_AS
255095005	94081005	SAME_AS
255097002	254800003	SAME_AS
255100007	118618005	SAME_AS
255101006	118611004	SAME_AS
255102004	1157162007	REPLACED_BY
255113001	188286001	SAME_AS
255120008	94264008	SAME_AS
255122000	94681006	SAME_AS
255132007	92794002	SAME_AS
255133002	92798004	SAME_AS
255134008	92795001	SAME_AS
255135009	92614008	SAME_AS
255141002	92761000	SAME_AS
255146007	92525008	SAME_AS
255152008	92478005	SAME_AS
255160009	92303001	SAME_AS
255161008	91976000	SAME_AS
255162001	92445003	SAME_AS
255164000	92123007	SAME_AS
255165004	92421002	SAME_AS
255170006	78809005	SAME_AS
255176000	128463003	SAME_AS
255179007	92410006	SAME_AS
255182002	253020008	SAME_AS
25519006	609478003	REPLACED_BY
255197004	92048008	SAME_AS
255198009	92030004	SAME_AS
255202006	20376005	REPLACED_BY
255335004	68158006	SAME_AS
255409004	77386006	REPLACED_BY
25586009	54394007	SAME_AS
2563008	40468003	REPLACED_BY
25674000	895454001	REPLACED_BY
25677007	193548006	SAME_AS
25685003	78960005	SAME_AS
2569007	421240002	REPLACED_BY
25691001	609487007	REPLACED_BY
25707000	253124001	SAME_AS
257543006	27935005	SAME_AS
257551009	40733004	SAME_AS
257555000	55566008	SAME_AS
257767000	284554003	SAME_AS
258001	403170002	SAME_AS
25807006	860916000	REPLACED_BY
258714003	43486001	SAME_AS
25907005	422275004	SAME_AS
25916009	235680002	SAME_AS
25944005	39093002	REPLACED_BY
25955005	210207004	SAME_AS
25957002	186956008	REPLACED_BY
25959004	9991008	REPLACED_BY
259608005	22649008	SAME_AS
259684009	260181005	SAME_AS
26002007	201847001	SAME_AS
26010008	609474001	REPLACED_BY
260588007	186788009	SAME_AS
26085006	212599001	SAME_AS
261478001	73147001	SAME_AS
261480007	65626001	SAME_AS
26156003	211250002	SAME_AS
26168007	46775006	SAME_AS
26208004	200794009	SAME_AS
26219001	208164008	SAME_AS
262529006	45613006	SAME_AS
262536007	399963005	SAME_AS
262537003	399963005	SAME_AS
26257001	111864006	SAME_AS
262584003	84677008	SAME_AS
26261000119109	716723000	SAME_AS
262640006	262635003	SAME_AS
262641005	262636002	SAME_AS
262642003	262637006	SAME_AS
262643008	110256004	SAME_AS
262644002	110255000	SAME_AS
262645001	110257008	SAME_AS
262646000	262638001	SAME_AS
262647009	262639009	SAME_AS
262667000	110261002	SAME_AS
262671002	283356006	REPLACED_BY
262672009	210385007	REPLACED_BY
262679000	210386008	REPLACED_BY
262684006	49011004	SAME_AS
262685007	27817002	SAME_AS
262690005	78914008	SAME_AS
262722000	230616000	SAME_AS
262757002	48233004	SAME_AS
262763006	1092791000119103	SAME_AS
262806008	56385004	SAME_AS
262807004	19936001	SAME_AS
262813008	282432002	SAME_AS
262825006	210150004	SAME_AS
262847006	270909006	SAME_AS
26291002	1295257005	REPLACED_BY
262948002	30400005	SAME_AS
262950005	262949005	SAME_AS
262953007	450418003	SAME_AS
262956004	57182000	SAME_AS
262962009	871692005	REPLACED_BY
262978006	415749005	REPLACED_BY
262980000	209779002	SAME_AS
262991007	17883008	REPLACED_BY
262992000	481000119104	SAME_AS
262993005	17883008	SAME_AS
262994004	281599007	SAME_AS
262997006	12519004	SAME_AS
262998001	24864009	SAME_AS
26301007	269165008	REPLACED_BY
263016007	125611001	SAME_AS
263032005	263031003	SAME_AS
263079005	263080008	SAME_AS
263119002	239775007	SAME_AS
263131000	54888009	SAME_AS
263132007	44465007	SAME_AS
263140001	239731008	SAME_AS
263141002	209633004	SAME_AS
26320009	772781000	SAME_AS
263212004	18171007	SAME_AS
263213009	274160002	SAME_AS
263218000	1292974007	REPLACED_BY
263254001	21351003	SAME_AS
263270004	1162521000	REPLACED_BY
26348009	895491007	REPLACED_BY
26361009	386211005	SAME_AS
26363007	879798000	REPLACED_BY
263765007	372070002	SAME_AS
263780001	18165001	SAME_AS
26384002	1252699002	REPLACED_BY
263841004	265622002	SAME_AS
264077003	299737009	SAME_AS
26422002	210360003	REPLACED_BY
264247003	299738004	SAME_AS
26425000	204036008	SAME_AS
264303006	237829004	REPLACED_BY
264304000	19387007	REPLACED_BY
264526003	385522000	SAME_AS
264530000	32895009	SAME_AS
264544006	385525003	SAME_AS
264547004	363346000	SAME_AS
264559000	255148008	SAME_AS
264565000	232003005	REPLACED_BY
264576001	193198003	SAME_AS
26467009	193553001	SAME_AS
264827002	419786001	REPLACED_BY
264870002	418731009	REPLACED_BY
264930005	193198003	SAME_AS
26553003	42052009	SAME_AS
266082008	86615009	SAME_AS
266083003	43240000	SAME_AS
266084009	17653001	SAME_AS
266087002	84353005	SAME_AS
266088007	25626000	SAME_AS
266099009	4740000	REPLACED_BY
2661004	193600001	SAME_AS
266103004	416442006	SAME_AS
266107003	36989005	REPLACED_BY
266109000	27020006	SAME_AS
266118003	186774005	SAME_AS
266119006	186774005	SAME_AS
266121001	61462000	REPLACED_BY
266122008	77327004	SAME_AS
266131008	83883001	SAME_AS
266132001	67391006	SAME_AS
266134000	51928006	SAME_AS
266153005	186289000	SAME_AS
266159009	78048006	REPLACED_BY
266165009	81598001	SAME_AS
266182006	87628006	REPLACED_BY
266187000	87628006	REPLACED_BY
266189002	398102009	SAME_AS
266195001	66071002	SAME_AS
266199007	721266009	REPLACED_BY
266209006	266127002	SAME_AS
266210001	315826004	SAME_AS
266211002	76272004	REPLACED_BY
266233000	79955004	SAME_AS
266242007	398754006	SAME_AS
266245009	4973001	SAME_AS
266248006	84114007	REPLACED_BY
266255008	20059004	SAME_AS
266258005	55382008	SAME_AS
266269008	111293003	REPLACED_BY
266270009	128060009	REPLACED_BY
266271008	17406005	SAME_AS
266280008	12023003	SAME_AS
266291001	413838009	REPLACED_BY
266303009	233916004	REPLACED_BY
266309008	56265001	REPLACED_BY
266313001	274100004	REPLACED_BY
266320008	400047006	REPLACED_BY
266331000	128060009	REPLACED_BY
26634002	254745007	REPLACED_BY
266351001	233604007	REPLACED_BY
266352008	396285007	REPLACED_BY
266359004	63088003	SAME_AS
266360009	708095007	SAME_AS
266362001	708096008	SAME_AS
266364000	281239006	SAME_AS
266372003	50043002	REPLACED_BY
266373008	50043002	REPLACED_BY
266382002	201060008	REPLACED_BY
266398009	281239006	SAME_AS
266415009	422775003	SAME_AS
266424000	53827007	SAME_AS
266427007	18116006	SAME_AS
266436006	397825006	REPLACED_BY
266447004	64766004	SAME_AS
266450001	72965009	SAME_AS
266452009	33687004	SAME_AS
266458008	80193009	SAME_AS
266459000	33995003	SAME_AS
266460005	150541000119104	REPLACED_BY
266466004	85919009	REPLACED_BY
266481005	27868004	SAME_AS
266506000	267414004	REPLACED_BY
266507009	18526009	REPLACED_BY
266512005	52515009	REPLACED_BY
266521006	312607004	REPLACED_BY
266526001	150541000119104	REPLACED_BY
266534007	782666006	REPLACED_BY
266538005	41309000	REPLACED_BY
266542008	39621005	REPLACED_BY
266544009	105997008	REPLACED_BY
266554008	236423003	REPLACED_BY
266555009	37779008	SAME_AS
266563005	84619001	SAME_AS
266566002	12068006	SAME_AS
266582001	237037006	REPLACED_BY
266583006	788010000	REPLACED_BY
266584000	198130006	REPLACED_BY
266588002	129103003	SAME_AS
266590001	11597004	SAME_AS
266602005	237125007	SAME_AS
266606008	386804004	REPLACED_BY
266610006	6738008	REPLACED_BY
266644004	266579006	REPLACED_BY
266658002	447072005	SAME_AS
26666007	267280004	REPLACED_BY
266661001	63339007	REPLACED_BY
266759001	413311005	SAME_AS
2669002	373423002	REPLACED_BY
266933005	226077000	SAME_AS
266950007	105485001	SAME_AS
266967000	1254722009	REPLACED_BY
266968005	763598005	REPLACED_BY
266976007	28332004	REPLACED_BY
267001008	275551007	REPLACED_BY
267019004	267003006	SAME_AS
267027008	38880002	SAME_AS
267031002	224960004	SAME_AS
267033004	367391008	SAME_AS
267034005	28743005	REPLACED_BY
267035006	66857006	SAME_AS
267047000	53827007	SAME_AS
267049002	102622004	SAME_AS
267052005	249504006	SAME_AS
267054006	302690004	SAME_AS
267057004	167602003	SAME_AS
267061005	267060006	REPLACED_BY
267063008	300471006	SAME_AS
267066000	53298000	SAME_AS
267070008	308921004	SAME_AS
267071007	47295007	SAME_AS
267074004	1402001	SAME_AS
267075003	386816005	SAME_AS
267080007	386783003	SAME_AS
267085002	1290882004	REPLACED_BY
267086001	1290882004	REPLACED_BY
267089008	22066006	SAME_AS
267094008	420103007	SAME_AS
267159003	271811009	SAME_AS
267175000	44077006	SAME_AS
267193004	707207004	REPLACED_BY
267198008	415105001	SAME_AS
267206008	1254981008	REPLACED_BY
267213008	267212003	REPLACED_BY
267220001	267219007	REPLACED_BY
267238003	237170004	SAME_AS
267239006	237170004	REPLACED_BY
267252001	9721000119107	SAME_AS
267255004	609429008	REPLACED_BY
267261001	86203003	SAME_AS
267267002	7870007	SAME_AS
267274007	111453004	SAME_AS
267277000	200130005	SAME_AS
267286005	198609003	REPLACED_BY
267287001	362973001	REPLACED_BY
267288006	362973001	REPLACED_BY
267290007	35046003	REPLACED_BY
267295002	57797005	SAME_AS
267298000	363681007	REPLACED_BY
267304009	198609003	REPLACED_BY
267307002	48194001	REPLACED_BY
267309004	90325002	REPLACED_BY
267311008	198609003	REPLACED_BY
267319005	198609003	REPLACED_BY
267324008	198609003	REPLACED_BY
267328006	80002007	REPLACED_BY
267339009	362972006	REPLACED_BY
267346000	397952002	REPLACED_BY
267360003	178280004	REPLACED_BY
267393007	45369008	REPLACED_BY
267394001	86842008	SAME_AS
267407001	237836003	REPLACED_BY
267409003	70241007	SAME_AS
267418001	360378009	SAME_AS
26743002	609449004	REPLACED_BY
267437005	10741005	SAME_AS
267440005	109983007	SAME_AS
267442002	71638002	SAME_AS
267459007	103075007	SAME_AS
267474009	74627003	REPLACED_BY
267475005	362969004	REPLACED_BY
267489000	362969004	REPLACED_BY
267490009	362969004	REPLACED_BY
267523003	28975000	SAME_AS
267526006	55907008	SAME_AS
267531008	271737000	REPLACED_BY
267535004	373420004	REPLACED_BY
267541006	89655007	SAME_AS
267543009	1197483002	REPLACED_BY
267544003	47986005	SAME_AS
267561000	271737000	REPLACED_BY
267584007	431034009	REPLACED_BY
267586009	85102008	REPLACED_BY
267589002	79633009	SAME_AS
267593008	84757009	REPLACED_BY
267596000	40287006	SAME_AS
267597009	230480006	SAME_AS
267598004	73013002	REPLACED_BY
267599007	367475009	SAME_AS
267633000	6395007	SAME_AS
267635007	17157001	SAME_AS
267638009	55031000	SAME_AS
267643002	72115001	SAME_AS
267645009	66081003	SAME_AS
267651004	95766002	REPLACED_BY
267666001	54272002	SAME_AS
267667005	3135009	REPLACED_BY
267668000	78868004	SAME_AS
267669008	65363002	REPLACED_BY
267670009	386034005	SAME_AS
267678002	15188001	REPLACED_BY
267700003	23853001	REPLACED_BY
267715002	29555009	REPLACED_BY
267729001	105597003	REPLACED_BY
267737009	238951005	SAME_AS
267757008	232254004	REPLACED_BY
267759006	38394007	SAME_AS
267773002	416675009	REPLACED_BY
267785005	47639008	REPLACED_BY
267791007	363168001	REPLACED_BY
267795003	78755001	SAME_AS
267798001	35151000087100	REPLACED_BY
267799009	111196000	REPLACED_BY
267800008	34250006	SAME_AS
267813002	44279002	SAME_AS
267814008	69741000	SAME_AS
267821008	19843006	SAME_AS
267822001	275322007	REPLACED_BY
267825004	80659006	REPLACED_BY
267841003	24079001	REPLACED_BY
267849001	19877001	REPLACED_BY
267852009	34630004	REPLACED_BY
267854005	53891004	SAME_AS
267856007	703938007	REPLACED_BY
267859000	95320005	REPLACED_BY
267863007	13600006	SAME_AS
267871006	95320005	REPLACED_BY
267875002	83901003	SAME_AS
267885001	111215006	SAME_AS
267893001	396275006	REPLACED_BY
267903009	699462004	REPLACED_BY
267904003	399269003	REPLACED_BY
267927006	50952009	SAME_AS
267943004	4819006	SAME_AS
267972003	48210000	SAME_AS
267973008	8847002	REPLACED_BY
267976000	44983007	SAME_AS
267985000	12820001	REPLACED_BY
267988003	65323003	SAME_AS
267990002	111239001	SAME_AS
267994006	39547005	REPLACED_BY
267995007	21409006	SAME_AS
268000007	84017003	REPLACED_BY
268004003	67425005	SAME_AS
268007005	44551007	SAME_AS
268009008	268006001	REPLACED_BY
268013001	80068009	SAME_AS
268027006	70736000	REPLACED_BY
268031000	55413008	SAME_AS
268039003	17230005	REPLACED_BY
268053003	417373000	REPLACED_BY
268055005	1344898003	REPLACED_BY
268060009	111224002	REPLACED_BY
268067007	84445001	REPLACED_BY
268069005	84445001	REPLACED_BY
268072003	371082009	SAME_AS
268078004	81680005	REPLACED_BY
268081009	33308003	REPLACED_BY
268085000	33308003	REPLACED_BY
268105004	27911000	SAME_AS
268112008	90834002	REPLACED_BY
268121009	6058003	REPLACED_BY
268141004	928000	REPLACED_BY
268153000	25397008	SAME_AS
268154006	9740002	SAME_AS
268156008	204081007	SAME_AS
268164002	420049001	SAME_AS
268186001	16972009	SAME_AS
268193002	87119009	SAME_AS
268206006	57265009	SAME_AS
268207002	69817007	SAME_AS
268214000	72925005	SAME_AS
268222007	896999006	SAME_AS
26823002	248208000	SAME_AS
268235003	20018005	SAME_AS
268255002	48301005	SAME_AS
268263001	205299003	SAME_AS
268273004	86268005	SAME_AS
268275006	278713008	SAME_AS
268281003	73573004	REPLACED_BY
268289001	88103004	SAME_AS
268294001	1010276004	REPLACED_BY
268306009	95464003	REPLACED_BY
268309002	128124001	REPLACED_BY
268319008	9904008	REPLACED_BY
268324006	275262008	REPLACED_BY
268325007	128347007	REPLACED_BY
268353007	276654001	REPLACED_BY
268358003	276654001	REPLACED_BY
26836002	197811007	SAME_AS
268449009	1290959000	REPLACED_BY
268461001	169505001	SAME_AS
26847009	191531007	SAME_AS
268507001	1296883003	REPLACED_BY
26851006	271558008	SAME_AS
268543007	1148678002	REPLACED_BY
268574009	102878001	REPLACED_BY
268594000	15927341000119106	REPLACED_BY
268613002	56267009	SAME_AS
268615009	1231846001	REPLACED_BY
268620009	36923009	SAME_AS
268623006	191525009	REPLACED_BY
268625004	191525009	REPLACED_BY
268631001	78667006	SAME_AS
268643000	38247002	SAME_AS
268644006	1254812006	REPLACED_BY
268649001	1348211007	REPLACED_BY
268659000	129606007	SAME_AS
268665000	60411006	SAME_AS
26872009	130959009	REPLACED_BY
268727002	1306692000	REPLACED_BY
268787000	5294002	SAME_AS
268796000	1293117004	REPLACED_BY
268798004	1263728000	REPLACED_BY
268800006	1259922002	REPLACED_BY
268831004	276640009	REPLACED_BY
268834007	1287820006	REPLACED_BY
268835008	17849001	REPLACED_BY
268836009	42052009	SAME_AS
268851000	70612009	REPLACED_BY
268857001	415073005	REPLACED_BY
268859003	1264047001	REPLACED_BY
268865003	1208622001	REPLACED_BY
268870005	206201001	SAME_AS
268871009	240314005	REPLACED_BY
268908003	38276004	REPLACED_BY
268981007	268058007	SAME_AS
269056003	34649000	SAME_AS
269059005	71642004	REPLACED_BY
269078005	1734006	SAME_AS
269085009	80411001	SAME_AS
269092004	52450003	REPLACED_BY
269093009	263231005	SAME_AS
269094003	84320000	REPLACED_BY
269099008	413876003	REPLACED_BY
269104009	302964004	SAME_AS
269110009	57467003	SAME_AS
269130008	33358005	SAME_AS
269136002	17883008	SAME_AS
269139009	24864009	SAME_AS
269149007	127296001	REPLACED_BY
269168005	269167000	REPLACED_BY
269173004	269171002	REPLACED_BY
269184006	85564003	SAME_AS
269194001	399951000	SAME_AS
269195000	275443007	SAME_AS
269198003	1363101000	REPLACED_BY
269199006	1363100004	REPLACED_BY
269214009	874804000	REPLACED_BY
269216006	367423000	REPLACED_BY
269221009	91603007	REPLACED_BY
269223007	365965002	SAME_AS
269226004	74247001	SAME_AS
269227008	4975008	REPLACED_BY
269230001	33334006	REPLACED_BY
269231002	211616004	REPLACED_BY
269254006	129136002	SAME_AS
269277006	52072009	SAME_AS
269283009	419511003	REPLACED_BY
269286001	289431000119109	REPLACED_BY
269290004	1354666001	REPLACED_BY
269291000	271972006	REPLACED_BY
269292007	473035006	REPLACED_BY
269293002	1354667005	REPLACED_BY
269297001	275358000	SAME_AS
269298006	40172005	SAME_AS
269299003	84114007	REPLACED_BY
269301005	42399005	REPLACED_BY
269323009	125605004	REPLACED_BY
269337000	398878007	REPLACED_BY
269356005	210429002	SAME_AS
269397003	10132008	SAME_AS
269398008	57182000	REPLACED_BY
269399000	17769000	REPLACED_BY
269403009	57182000	REPLACED_BY
269410003	7895008	REPLACED_BY
269418005	75478009	REPLACED_BY
269420008	75478009	REPLACED_BY
269425003	212954004	SAME_AS
269434008	419511003	REPLACED_BY
269436005	473023007	REPLACED_BY
269437001	271983002	REPLACED_BY
269438006	36605004	REPLACED_BY
269439003	473031002	REPLACED_BY
269440001	473037003	REPLACED_BY
269441002	271986005	REPLACED_BY
269442009	473037003	REPLACED_BY
269443004	473035006	REPLACED_BY
269449000	278536002	REPLACED_BY
269450000	35688006	SAME_AS
269453003	35688006	REPLACED_BY
269454009	235719002	REPLACED_BY
269478004	109992005	REPLACED_BY
269479007	92162003	SAME_AS
269488003	92468007	SAME_AS
269493000	94989005	SAME_AS
269494006	94754000	SAME_AS
269520006	271323007	REPLACED_BY
269525001	363402007	REPLACED_BY
269532005	363349007	REPLACED_BY
269542007	363406005	REPLACED_BY
269552006	286887005	REPLACED_BY
269556009	363418001	REPLACED_BY
269560007	363429002	REPLACED_BY
269576003	443679004	REPLACED_BY
269587006	372130007	REPLACED_BY
269595005	254837009	REPLACED_BY
269599004	363354003	REPLACED_BY
269611009	372087000	REPLACED_BY
269613007	371973000	REPLACED_BY
269618003	94392001	REPLACED_BY
269622008	128462008	REPLACED_BY
269627002	118600007	REPLACED_BY
269629004	109989006	SAME_AS
269632001	93143009	REPLACED_BY
269645002	92085000	REPLACED_BY
26968006	208251004	SAME_AS
269717001	269716005	REPLACED_BY
269736006	75478009	SAME_AS
269777005	217176002	REPLACED_BY
269787009	217748000	REPLACED_BY
269789007	274222001	REPLACED_BY
269793001	217814006	REPLACED_BY
269802006	293070002	SAME_AS
269908006	300361008	SAME_AS
26998004	271737000	REPLACED_BY
270117002	128115005	SAME_AS
27015006	609458006	REPLACED_BY
270428008	23268009	REPLACED_BY
270455004	1304142002	REPLACED_BY
270458002	224239002	REPLACED_BY
270459005	308340000	REPLACED_BY
270474007	271811009	SAME_AS
270476009	70070008	REPLACED_BY
270478005	193462001	SAME_AS
270485009	367460001	SAME_AS
270489003	18377001	SAME_AS
270495002	73391008	SAME_AS
270504008	56317004	SAME_AS
270509003	17024001	SAME_AS
270522006	36752001	SAME_AS
270524007	271973001	REPLACED_BY
270539008	129598007	SAME_AS
270553008	473025000	REPLACED_BY
270876004	224239002	REPLACED_BY
270885004	7632005	SAME_AS
270886003	80406003	SAME_AS
270902002	275474009	REPLACED_BY
270904001	192119003	SAME_AS
271016003	361213004	SAME_AS
271017007	18735004	SAME_AS
271084006	298356007	SAME_AS
271098003	298356007	SAME_AS
271101004	38593000	REPLACED_BY
271102006	79280005	REPLACED_BY
271103001	271860004	REPLACED_BY
271164005	271166007	SAME_AS
271210003	771191003	SAME_AS
271353000	300366003	SAME_AS
271365001	63532004	SAME_AS
271371007	6594005	SAME_AS
271388000	763598005	REPLACED_BY
271389008	275104002	SAME_AS
271394008	275881005	SAME_AS
271400005	27034006	SAME_AS
271403007	268585006	SAME_AS
271424002	11389007	SAME_AS
271427009	6020002	SAME_AS
271433000	42162004	SAME_AS
271434006	62250003	SAME_AS
271441000	204299009	SAME_AS
271450003	43614003	SAME_AS
27145006	210457009	REPLACED_BY
271466001	93763008	SAME_AS
271471008	128462008	REPLACED_BY
271485003	313102001	SAME_AS
271492008	46395002	SAME_AS
271496006	205161004	SAME_AS
271502000	58554001	SAME_AS
271504004	58554001	REPLACED_BY
271528002	109355002	SAME_AS
271583008	43724002	SAME_AS
271586000	300848003	SAME_AS
271589007	248493003	SAME_AS
271592006	40917007	SAME_AS
271597000	20602000	SAME_AS
271601000	32951002	SAME_AS
271610008	12138000	SAME_AS
271646004	45007003	SAME_AS
271647008	24184005	SAME_AS
271670000	80060002	SAME_AS
27169005	609453002	REPLACED_BY
271707009	69161000119103	REPLACED_BY
271722004	55640002	SAME_AS
271744009	71177003	SAME_AS
271769009	69192004	SAME_AS
271772002	813001	SAME_AS
271785004	271594007	SAME_AS
271790001	404641004	SAME_AS
271791002	386705008	SAME_AS
271798008	52702003	SAME_AS
271800001	112105008	SAME_AS
271806007	33653009	SAME_AS
271816004	79890006	SAME_AS
271821001	30746006	SAME_AS
271829004	59948002	SAME_AS
271830009	308925008	SAME_AS
271831008	16331000	SAME_AS
271849008	9957009	SAME_AS
271852000	51197009	SAME_AS
271854004	162051008	SAME_AS
271855003	162052001	SAME_AS
271856002	102570003	SAME_AS
271862007	249625002	SAME_AS
271866005	42170009	SAME_AS
271871003	251080003	SAME_AS
271874006	18726006	SAME_AS
271875007	18726006	SAME_AS
271876008	57494004	SAME_AS
271904006	713651007	SAME_AS
271938003	125667009	SAME_AS
271940008	89164003	SAME_AS
271948001	359557001	SAME_AS
271950009	6471006	SAME_AS
271958002	37991008	SAME_AS
271964009	125655007	SAME_AS
271965005	125656008	SAME_AS
271980004	30693006	SAME_AS
271987001	473035006	SAME_AS
272010006	162428001	SAME_AS
272015001	162432007	SAME_AS
272033007	15188001	REPLACED_BY
272042000	35363006	SAME_AS
272043005	422587007	SAME_AS
272046002	167602003	REPLACED_BY
272059005	267023007	REPLACED_BY
272060000	84229001	SAME_AS
272061001	40917007	SAME_AS
272062008	267032009	SAME_AS
27211006	201726005	SAME_AS
272202251000119109	16000431000119109	SAME_AS
272411004	5913000	REPLACED_BY
27292000	54084005	SAME_AS
27304005	124177001	SAME_AS
27330009	726032008	REPLACED_BY
274086009	429033009	SAME_AS
274090006	61860000	SAME_AS
274091005	21647008	SAME_AS
274092003	40287006	SAME_AS
274095001	58718002	SAME_AS
274096000	83291003	SAME_AS
274103002	233604007	REPLACED_BY
274104008	95891005	REPLACED_BY
274105009	281239006	SAME_AS
274111007	57243009	REPLACED_BY
274113005	89164003	REPLACED_BY
274114004	161816004	SAME_AS
274115003	21801002	SAME_AS
274133009	34630004	SAME_AS
274136001	55146009	SAME_AS
274145000	76069003	REPLACED_BY
274148003	77599005	SAME_AS
274150006	197083003	SAME_AS
274161003	281598004	SAME_AS
274163000	209548004	SAME_AS
274170000	210456000	SAME_AS
274189000	211036004	SAME_AS
274208001	37131007	SAME_AS
274210004	287519002	SAME_AS
274211000	419076005	REPLACED_BY
274212007	385486001	SAME_AS
274218006	291701002	SAME_AS
27423002	210358000	REPLACED_BY
274233003	193462001	REPLACED_BY
274234009	386661006	REPLACED_BY
274235005	409702008	REPLACED_BY
274236006	13791008	REPLACED_BY
274238007	45352006	REPLACED_BY
274239004	26079004	REPLACED_BY
274240002	281016006	REPLACED_BY
274241003	20262006	REPLACED_BY
274242005	442413005	REPLACED_BY
274243000	4373005	REPLACED_BY
274244006	297958004	REPLACED_BY
274245007	18165001	REPLACED_BY
274247004	433476000	REPLACED_BY
274248009	6285003	REPLACED_BY
274249001	88610006	REPLACED_BY
274250001	123824001	REPLACED_BY
274252009	78144005	REPLACED_BY
274253004	4568003	REPLACED_BY
274254005	302690004	REPLACED_BY
274255006	8009008	REPLACED_BY
274256007	9991008	REPLACED_BY
274257003	442766007	REPLACED_BY
274258008	66187002	REPLACED_BY
274262002	442702006	REPLACED_BY
274263007	441781003	REPLACED_BY
274264001	131136006	REPLACED_BY
274267008	1263644001	REPLACED_BY
274268003	46670006	SAME_AS
274270007	87317003	SAME_AS
27434004	202843000	SAME_AS
27435003	205052001	SAME_AS
274408004	169506000	REPLACED_BY
274515005	183073003	SAME_AS
274518007	39104002	SAME_AS
274611008	80670004	SAME_AS
274612001	60612008	SAME_AS
274616003	61764000	SAME_AS
274627001	85974009	SAME_AS
274638001	13791008	SAME_AS
274641005	50514002	SAME_AS
274661004	89458003	SAME_AS
274666009	95668009	SAME_AS
27467000	16440002	REPLACED_BY
274711004	19616004	SAME_AS
274713001	165019004	SAME_AS
274715008	607007	SAME_AS
274726002	274724004	SAME_AS
274731000	250538001	SAME_AS
274737001	19471005	SAME_AS
274742009	281398003	SAME_AS
274752008	74285003	SAME_AS
274753003	74285003	SAME_AS
274756006	87860000	SAME_AS
274757002	274758007	SAME_AS
274768002	36815008	SAME_AS
274772003	53397008	SAME_AS
274773008	91098006	SAME_AS
274775001	1217346007	REPLACED_BY
274816000	80474004	SAME_AS
274839006	165019004	SAME_AS
274862008	1172452001	REPLACED_BY
274881000	167180005	SAME_AS
274882007	166603001	SAME_AS
274884008	312399001	SAME_AS
274890007	1217345006	REPLACED_BY
274896001	26079004	SAME_AS
274912004	1254980009	REPLACED_BY
274931005	292930000	SAME_AS
274952002	31027006	REPLACED_BY
275101005	763598005	REPLACED_BY
275103008	275104002	SAME_AS
275112005	297243001	SAME_AS
275115007	266890009	SAME_AS
275116008	297239000	SAME_AS
275126001	297241004	SAME_AS
275135008	160364005	SAME_AS
275143003	281022002	SAME_AS
275261001	128347007	SAME_AS
275265005	254701007	SAME_AS
275267002	92600008	SAME_AS
275268007	92550006	SAME_AS
275270003	94963005	SAME_AS
275272006	127295002	SAME_AS
275279002	50299009	SAME_AS
275295002	53827007	REPLACED_BY
275297005	249519007	REPLACED_BY
275298000	308698004	SAME_AS
275308007	52297004	SAME_AS
275310009	64531003	SAME_AS
275317007	18876004	SAME_AS
275319005	762898005	REPLACED_BY
275323002	64347002	SAME_AS
275328006	49822004	SAME_AS
275330008	239720000	SAME_AS
275352004	122480009	SAME_AS
275369002	56688005	SAME_AS
275370001	14168008	SAME_AS
275372009	56118002	SAME_AS
275373004	59721007	SAME_AS
275374005	58392004	SAME_AS
275375006	192008	SAME_AS
275377003	27648007	SAME_AS
275378008	63751007	SAME_AS
275379000	58227000	SAME_AS
275381003	79555006	SAME_AS
275383000	46966000	SAME_AS
275384006	37955001	SAME_AS
275394001	275395000	SAME_AS
275398003	92794002	SAME_AS
275399006	1359859003	SAME_AS
275401000	204711007	SAME_AS
27541007	199745000	SAME_AS
275413005	1156073005	SAME_AS
275414004	278534004	REPLACED_BY
275417006	93034002	SAME_AS
275419009	94143002	SAME_AS
275423001	49416000	SAME_AS
275428005	33058001	SAME_AS
275432004	267289003	SAME_AS
275435002	7079009	SAME_AS
275439008	32665003	SAME_AS
275442002	275443007	SAME_AS
275447008	28926001	SAME_AS
275455001	17048005	SAME_AS
275459007	1344624006	REPLACED_BY
275460002	269172009	REPLACED_BY
275463000	87698003	SAME_AS
275469001	58193001	SAME_AS
27547006	130958001	SAME_AS
275479004	53316003	SAME_AS
275483004	36971009	SAME_AS
275484005	88348008	SAME_AS
275485006	78737005	SAME_AS
275493006	63000007	SAME_AS
275494000	55130001	SAME_AS
275502009	60031001	SAME_AS
275511009	65340007	REPLACED_BY
275515000	71932004	SAME_AS
275520000	63491006	SAME_AS
275523003	30575002	SAME_AS
275527002	275526006	SAME_AS
275537007	161449003	SAME_AS
275539005	23853001	SAME_AS
275541006	275542004	SAME_AS
275556002	1264518004	SAME_AS
275557006	1264519007	SAME_AS
275558001	275560004	SAME_AS
275566005	267010000	SAME_AS
275567001	713651007	SAME_AS
275631003	1304142002	REPLACED_BY
275706009	276492007	SAME_AS
275743006	167640000	SAME_AS
275758003	128091003	SAME_AS
275780000	24942001	SAME_AS
275781001	35912001	SAME_AS
275783003	405729008	SAME_AS
275784009	271865009	SAME_AS
275813002	268463003	SAME_AS
275862002	429740004	SAME_AS
275901006	275123009	SAME_AS
275906001	275552000	SAME_AS
275918005	11530004	SAME_AS
275930004	275129008	SAME_AS
275941002	275122004	SAME_AS
276039008	414041006	SAME_AS
276040005	224484003	SAME_AS
276041009	1186934000	REPLACED_BY
276054002	160708008	SAME_AS
276183002	166922008	REPLACED_BY
276196001	263250005	SAME_AS
276198000	80466000	SAME_AS
276199008	83172007	SAME_AS
276200006	72083004	SAME_AS
276201005	186435004	SAME_AS
276203008	187192000	SAME_AS
276204002	21061004	SAME_AS
276224003	783413008	SAME_AS
276228000	18504008	SAME_AS
276229008	1204464003	REPLACED_BY
276233001	86765009	SAME_AS
276234007	61152003	SAME_AS
276235008	40700009	SAME_AS
276246006	6140007	SAME_AS
276248007	20930002	SAME_AS
276260008	31216003	SAME_AS
276264004	58275005	SAME_AS
276267006	127040003	SAME_AS
276269009	783416000	SAME_AS
276270005	783420001	SAME_AS
276271009	783419007	SAME_AS
276273007	783418004	SAME_AS
276274001	783421002	SAME_AS
276275000	737159004	SAME_AS
276276004	783417009	SAME_AS
276279006	233988005	SAME_AS
276298008	29753000	REPLACED_BY
276327007	95346009	SAME_AS
276328002	247479008	SAME_AS
276370007	289432001	REPLACED_BY
276376001	55554002	SAME_AS
276377005	87860000	SAME_AS
276378000	237557003	SAME_AS
276379008	73013002	SAME_AS
276404000	21779006	SAME_AS
276449002	64596006	SAME_AS
276453000	1172607006	REPLACED_BY
276459001	269959007	SAME_AS
276460006	269961003	SAME_AS
276473005	102458000	REPLACED_BY
276482004	69488000	SAME_AS
276483009	302690004	SAME_AS
276493002	9228003	SAME_AS
276495009	276496005	SAME_AS
276504003	128060009	SAME_AS
276515008	253685001	SAME_AS
276530004	7550008	SAME_AS
276574002	240305000	SAME_AS
276597004	38281008	REPLACED_BY
276600003	359621002	SAME_AS
276602006	130955003	SAME_AS
276605008	267258002	SAME_AS
276677001	402797009	SAME_AS
276683003	240591000	SAME_AS
276694004	233619008	SAME_AS
276724002	38281008	REPLACED_BY
276735007	1351951002	REPLACED_BY
276741000	1204460007	REPLACED_BY
276806006	126768004	SAME_AS
276808007	1290064003	REPLACED_BY
276816003	1290070009	REPLACED_BY
276818002	1290067005	REPLACED_BY
276819005	1290069008	REPLACED_BY
27687007	201015007	SAME_AS
276972005	8098009	SAME_AS
277130004	313307000	REPLACED_BY
277169005	3135009	SAME_AS
277174002	16207008	SAME_AS
277197004	282036005	SAME_AS
27720003	402737007	SAME_AS
277205008	92218002	SAME_AS
277311009	783423004	SAME_AS
277313007	783422009	SAME_AS
277314001	783415001	SAME_AS
277359009	79899007	SAME_AS
277365009	303087003	SAME_AS
277427001	373928002	SAME_AS
277473004	92814006	SAME_AS
277479000	277480002	SAME_AS
27749006	402917003	REPLACED_BY
277538003	191659001	SAME_AS
277595002	1260217004	REPLACED_BY
277596001	445448008	REPLACED_BY
277600006	91861009	SAME_AS
277601005	413441006	REPLACED_BY
277608004	118605002	SAME_AS
277638005	1204462004	REPLACED_BY
277639002	1204468000	REPLACED_BY
277641001	109972003	SAME_AS
277648007	414166008	REPLACED_BY
277651000	109977009	SAME_AS
277653002	109977009	SAME_AS
277781002	363492001	SAME_AS
277786007	402624000	SAME_AS
277799005	402695008	SAME_AS
277811001	722675000	REPLACED_BY
277840003	191728008	SAME_AS
277914008	86587003	SAME_AS
277916005	234138005	SAME_AS
278018006	22166009	SAME_AS
278025004	715267006	REPLACED_BY
278038007	722893002	SAME_AS
278041003	19362000	SAME_AS
278070007	237101004	SAME_AS
278079008	789258006	REPLACED_BY
278080006	789259003	REPLACED_BY
278081005	789257001	REPLACED_BY
278098005	67817003	REPLACED_BY
278105000	14800001	SAME_AS
27816006	276296007	SAME_AS
278276008	29738008	SAME_AS
278309003	49496001	SAME_AS
278454001	205496008	SAME_AS
278466007	95785004	SAME_AS
278470004	278469000	SAME_AS
278479003	788672001	REPLACED_BY
278510009	230381009	REPLACED_BY
278513006	304737009	SAME_AS
278518002	73725006	SAME_AS
278519005	399050001	SAME_AS
278522007	34000006	SAME_AS
278524008	710572000	SAME_AS
278526005	46420000	SAME_AS
278622002	1303478009	REPLACED_BY
278623007	1303479001	REPLACED_BY
278624001	1303480003	REPLACED_BY
278625000	1303474006	REPLACED_BY
278626004	1303475007	REPLACED_BY
278643001	1303477004	REPLACED_BY
278644007	1303476008	REPLACED_BY
278645008	1303481004	REPLACED_BY
278662003	234948008	SAME_AS
278700002	22764001	SAME_AS
278711005	43814000	SAME_AS
278716000	58833000	SAME_AS
278850000	61018003	SAME_AS
278927005	206292002	SAME_AS
278953002	264571006	SAME_AS
279018000	2237002	SAME_AS
279060001	725058003	REPLACED_BY
279075009	22253000	SAME_AS
279078006	55406008	SAME_AS
279087002	62647006	SAME_AS
27943000	190749000	SAME_AS
279713003	82236004	SAME_AS
27978000	57044006	SAME_AS
279918002	69911009	SAME_AS
27993001	49036005	REPLACED_BY
279953009	230410004	REPLACED_BY
279990005	238772004	REPLACED_BY
2801003	203631006	SAME_AS
28011000119104	80623000	SAME_AS
280356005	254492005	SAME_AS
28055006	1340127006	REPLACED_BY
28056007	271970003	REPLACED_BY
28059000	207771005	SAME_AS
28084002	205022009	SAME_AS
280961003	238999005	SAME_AS
280991008	56165008	SAME_AS
280996003	35253001	SAME_AS
281021009	1254721002	REPLACED_BY
28103007	1163215007	REPLACED_BY
281034005	274945004	SAME_AS
28105000	195923003	SAME_AS
281058009	34436003	SAME_AS
281077006	182918009	SAME_AS
281102003	300361008	REPLACED_BY
281103008	302690004	REPLACED_BY
281104002	43116000	SAME_AS
281141001	28116007	SAME_AS
281170005	253528005	SAME_AS
281371002	2304001	SAME_AS
281389001	235749000	SAME_AS
28140001000004102	541001000124106	REPLACED_BY
2814002	267199000	SAME_AS
281500001	45636002	SAME_AS
281505006	263029007	SAME_AS
281548000	209753006	SAME_AS
281670009	82271004	SAME_AS
281678002	16121001	SAME_AS
28168000	700250006	SAME_AS
281686002	48782003	SAME_AS
281775009	723177002	REPLACED_BY
282006	65547006	SAME_AS
282008000	111910009	SAME_AS
282092005	419076005	REPLACED_BY
282098009	193570009	SAME_AS
28216004	208042001	SAME_AS
282347007	860920001	REPLACED_BY
282430005	262810006	SAME_AS
28253005	206245001	SAME_AS
282604004	127296001	SAME_AS
282727002	56472003	SAME_AS
282745002	417746004	SAME_AS
282750008	62564004	SAME_AS
282753005	2999009	SAME_AS
282765009	282767001	SAME_AS
282784007	90584004	SAME_AS
282791005	1339021004	REPLACED_BY
28280003	718939006	REPLACED_BY
282806000	1339020003	REPLACED_BY
282807009	71286001	SAME_AS
28292003	124680001	SAME_AS
283023000	125587004	SAME_AS
283056004	1287531005	REPLACED_BY
2831009	43935004	SAME_AS
28327000	212596008	SAME_AS
28352003	361137007	SAME_AS
283866008	186591007	SAME_AS
283946000	14992004	SAME_AS
283966009	51772000	SAME_AS
283977003	39716001	SAME_AS
284007006	111722002	SAME_AS
284091004	271782001	SAME_AS
284185003	69646003	SAME_AS
284187006	39065001	SAME_AS
284193003	80433004	SAME_AS
284209000	6821004	SAME_AS
284233006	400027003	SAME_AS
284234000	385510003	SAME_AS
284235004	314534006	SAME_AS
284236003	385527006	SAME_AS
284237007	385526002	SAME_AS
284238002	385531000	SAME_AS
284239005	385528001	SAME_AS
284240007	385513001	SAME_AS
284241006	4989003	SAME_AS
284242004	385515008	SAME_AS
284243009	385512006	SAME_AS
28431005	156329007	SAME_AS
2844004	315826004	SAME_AS
284524008	18085000	SAME_AS
284528006	196575007	SAME_AS
284621009	9182005	SAME_AS
284680007	283839008	SAME_AS
284710006	59901004	SAME_AS
28476005	192644005	SAME_AS
284770003	788159003	REPLACED_BY
284831000119107	450301003	SAME_AS
28493005	1300163008	REPLACED_BY
28505005	128091003	REPLACED_BY
285117005	1186693005	REPLACED_BY
285122005	1184616003	REPLACED_BY
285123000	1184617007	REPLACED_BY
285124006	1184619005	REPLACED_BY
285125007	1184618002	REPLACED_BY
285134002	1186696002	REPLACED_BY
285135001	1186691007	REPLACED_BY
285143006	80670004	SAME_AS
28531007	197483008	SAME_AS
285321009	767754009	REPLACED_BY
285342006	95891005	SAME_AS
285350002	302289002	SAME_AS
285352005	85848002	SAME_AS
285369007	284449005	SAME_AS
285396005	40835002	SAME_AS
28545001	210811000	SAME_AS
28547009	125651003	REPLACED_BY
28556001	414016004	REPLACED_BY
28560003	816082000	SAME_AS
285763005	359631009	SAME_AS
285766002	359640008	SAME_AS
285768001	359648001	SAME_AS
285791000119102	735771000	SAME_AS
285801000119101	37760005	SAME_AS
285839005	838355002	REPLACED_BY
2859005	190794006	SAME_AS
285991000119100	15713081000119108	SAME_AS
28602001	734434007	REPLACED_BY
28607007	353821005	SAME_AS
28627008	1193556001	REPLACED_BY
286329004	44564008	SAME_AS
286357006	286327002	SAME_AS
286359009	44564008	SAME_AS
286360004	286330009	SAME_AS
286372005	286378009	SAME_AS
286375007	286369003	SAME_AS
286377004	286371003	SAME_AS
28640001000004103	541041000124108	REPLACED_BY
286544004	80583007	SAME_AS
286562008	33334006	SAME_AS
286639002	18963009	SAME_AS
286658006	288739003	SAME_AS
286659003	288742009	SAME_AS
286771000119106	1288028003	REPLACED_BY
286781000119109	1288035006	REPLACED_BY
286791000119107	1288029006	REPLACED_BY
286822002	36389000	SAME_AS
286871007	87628006	REPLACED_BY
286874004	302810003	REPLACED_BY
286875003	4740000	REPLACED_BY
286876002	88594005	REPLACED_BY
286877006	14189004	REPLACED_BY
286878001	128241005	REPLACED_BY
286879009	36989005	REPLACED_BY
286886001	20848007	REPLACED_BY
286888000	286887005	REPLACED_BY
28689008	428255004	SAME_AS
286901007	286899003	REPLACED_BY
286911000	111566002	REPLACED_BY
286916005	127345001	SAME_AS
286929005	66612000	REPLACED_BY
286937002	29426003	SAME_AS
286938007	302226006	REPLACED_BY
286939004	302226006	REPLACED_BY
286940002	29555009	REPLACED_BY
286941003	95717004	REPLACED_BY
286946008	118940003	REPLACED_BY
286948009	787001	SAME_AS
286949001	83898004	REPLACED_BY
286950001	12023003	SAME_AS
286951002	70272006	SAME_AS
286952009	83291003	SAME_AS
286953004	83291003	SAME_AS
286956007	20059004	REPLACED_BY
286957003	65312002	SAME_AS
286958008	274101000	REPLACED_BY
286961009	90458007	REPLACED_BY
286962002	23913003	REPLACED_BY
286968003	73147001	REPLACED_BY
286969006	65626001	REPLACED_BY
286973009	52515009	REPLACED_BY
286976001	44635007	REPLACED_BY
286978000	119292006	REPLACED_BY
286984002	312195001	REPLACED_BY
286988004	63339007	REPLACED_BY
286989007	25658005	REPLACED_BY
286991004	198401009	REPLACED_BY
286997000	173300003	REPLACED_BY
286999002	70637004	SAME_AS
287003002	291000119100	SAME_AS
287005009	267874003	REPLACED_BY
287009003	69896004	REPLACED_BY
287010008	69896004	REPLACED_BY
287011007	22193007	SAME_AS
287012000	82300000	SAME_AS
287013005	396275006	REPLACED_BY
287014004	53417006	SAME_AS
287024007	111243002	SAME_AS
287049006	90834002	REPLACED_BY
287051005	203167003	SAME_AS
287058004	1344626008	REPLACED_BY
287059007	1344629001	REPLACED_BY
287060002	1344627004	REPLACED_BY
287061003	1344628009	REPLACED_BY
287081002	253273004	REPLACED_BY
287084005	128347007	REPLACED_BY
287088008	77493009	REPLACED_BY
287089000	208393000	REPLACED_BY
287092001	1342431003	REPLACED_BY
287095004	263013004	REPLACED_BY
287098002	24864009	SAME_AS
287099005	398878007	REPLACED_BY
287102005	125625000	REPLACED_BY
287104006	274168009	REPLACED_BY
287111005	211036004	REPLACED_BY
287114002	274190009	REPLACED_BY
287117009	283034002	REPLACED_BY
287120001	274197007	REPLACED_BY
287122009	274199005	REPLACED_BY
287128008	399963005	REPLACED_BY
287129000	417237009	REPLACED_BY
287130005	429305003	REPLACED_BY
287136004	274204004	REPLACED_BY
287142000	262581006	REPLACED_BY
287143005	6500006	SAME_AS
287144004	62242007	SAME_AS
287145003	53080007	SAME_AS
287146002	26729007	SAME_AS
287147006	6055000	REPLACED_BY
287149009	52899007	SAME_AS
287156003	73590005	REPLACED_BY
287158002	48125009	REPLACED_BY
287159005	127278005	REPLACED_BY
287163003	473023007	REPLACED_BY
287167002	75258004	REPLACED_BY
287170003	33036003	SAME_AS
287172006	274224000	REPLACED_BY
287174007	274225004	REPLACED_BY
287178005	292040004	REPLACED_BY
287179002	292314001	SAME_AS
287187001	82313006	REPLACED_BY
287196001	44301001	REPLACED_BY
287287007	195137008	SAME_AS
287390003	287385001	REPLACED_BY
287688007	19471005	REPLACED_BY
287689004	128462008	REPLACED_BY
287902009	150159003	SAME_AS
287917008	708982000	REPLACED_BY
287984007	201796004	SAME_AS
288041000119101	1255066009	REPLACED_BY
288197007	1340127006	REPLACED_BY
288200008	237037006	REPLACED_BY
288201007	398254007	REPLACED_BY
288204004	156170000	SAME_AS
288205003	1344894001	REPLACED_BY
288206002	609429008	REPLACED_BY
288207006	12729009	SAME_AS
288208001	866229004	SAME_AS
288211000	19240003	REPLACED_BY
288212007	84445001	REPLACED_BY
288219003	240001002	SAME_AS
288243000	274144001	REPLACED_BY
288246008	88562000	SAME_AS
288249001	281667005	SAME_AS
288257003	281667005	REPLACED_BY
288259000	45384004	REPLACED_BY
288263007	273983009	REPLACED_BY
288267008	362972006	REPLACED_BY
288268003	276608005	REPLACED_BY
288269006	196885001	SAME_AS
288271006	273982004	REPLACED_BY
288278000	128086004	REPLACED_BY
288279008	1335859001	REPLACED_BY
288281000119100	280984005	REPLACED_BY
288284002	125668004	REPLACED_BY
288288004	70250009	SAME_AS
288289007	55473001	SAME_AS
288291004	57182000	REPLACED_BY
288302002	293080003	SAME_AS
288305000	62014003	REPLACED_BY
288306004	62014003	REPLACED_BY
288307008	293453002	SAME_AS
288308003	62014003	REPLACED_BY
288310001	293104008	REPLACED_BY
288318008	371622005	REPLACED_BY
288501008	385529009	SAME_AS
288502001	385530004	SAME_AS
288503006	385516009	SAME_AS
288504000	385514007	SAME_AS
288505004	234014009	SAME_AS
288723005	62914000	REPLACED_BY
28883007	897300000	REPLACED_BY
288851000119106	1365761005	REPLACED_BY
288861000119108	1365762003	REPLACED_BY
2889003	200804009	SAME_AS
289167008	77806000	SAME_AS
289179008	8619003	SAME_AS
289255001	45757002	SAME_AS
289263000	1236951007	REPLACED_BY
289264006	1236952000	REPLACED_BY
289331009	42052009	SAME_AS
289341007	251673004	SAME_AS
289348001	79114003	SAME_AS
289459009	299659002	REPLACED_BY
289478009	289477004	SAME_AS
289479001	63144007	SAME_AS
289494002	162145001	SAME_AS
289504007	80212005	SAME_AS
289507000	415530009	SAME_AS
289518000	73062002	SAME_AS
289527004	31066003	SAME_AS
289587002	248906008	SAME_AS
289671005	289295004	SAME_AS
28968001	202723000	SAME_AS
289698009	866215000	REPLACED_BY
289745001	1251634006	REPLACED_BY
289769002	278058008	SAME_AS
289771002	19337000	SAME_AS
28979006	68449006	REPLACED_BY
289798003	289799006	SAME_AS
289800005	289799006	SAME_AS
289802002	20036005	SAME_AS
289803007	20036005	SAME_AS
289804001	20036005	SAME_AS
28984000	89244003	REPLACED_BY
289844008	279028009	SAME_AS
289867005	283968005	SAME_AS
289885003	14302001	SAME_AS
289888001	386692008	SAME_AS
289893003	289890000	SAME_AS
289963008	300149008	SAME_AS
29000003	276500007	SAME_AS
29001004	128241005	SAME_AS
290028006	782964007	SAME_AS
290062006	89164003	SAME_AS
290075006	300885006	SAME_AS
290100003	237463009	SAME_AS
290102006	290103001	SAME_AS
290107000	54302000	SAME_AS
290114003	290111006	SAME_AS
290136000	70273001	SAME_AS
290140009	1148747007	SAME_AS
290144000	216472002	SAME_AS
290146003	7248001	SAME_AS
290149005	7248001	SAME_AS
290150005	216494005	SAME_AS
290152002	12898000	SAME_AS
290156004	290153007	SAME_AS
290161002	290158003	SAME_AS
290165006	290162009	SAME_AS
290169000	290166007	SAME_AS
290170004	216464004	SAME_AS
290172007	60199004	SAME_AS
290177001	290174008	SAME_AS
290178006	216466002	SAME_AS
290180000	68099003	SAME_AS
290181001	216463005	SAME_AS
290183003	13187008	SAME_AS
290186006	241750009	SAME_AS
290191007	290188007	SAME_AS
290192000	216468001	SAME_AS
290194004	47836003	SAME_AS
290200007	290197006	SAME_AS
290204003	290201006	SAME_AS
290205002	216467006	SAME_AS
290207005	18052008	SAME_AS
290211004	290208000	SAME_AS
290215008	290212006	SAME_AS
290219002	290216009	SAME_AS
290229009	290226002	SAME_AS
290233002	290230004	SAME_AS
290237001	290234008	SAME_AS
290241002	290238006	SAME_AS
290245006	290242009	SAME_AS
290250000	290247003	SAME_AS
290254009	290251001	SAME_AS
290258007	290255005	SAME_AS
290259004	216487007	SAME_AS
290261008	212602006	SAME_AS
290262001	216485004	SAME_AS
290264000	52382004	SAME_AS
290266003	216488002	SAME_AS
290268002	290265004	SAME_AS
290272003	290269005	SAME_AS
290276000	290273008	SAME_AS
290280005	290277009	SAME_AS
290281009	216486003	SAME_AS
290283007	212603001	SAME_AS
290287008	290284001	SAME_AS
290291003	290288003	SAME_AS
290292005	216481008	SAME_AS
290294006	89715001	SAME_AS
290299001	290295007	SAME_AS
290303006	290300009	SAME_AS
290307007	290304000	SAME_AS
290311001	290308002	SAME_AS
290315005	290312008	SAME_AS
290320005	290317002	SAME_AS
290322002	290326004	SAME_AS
290323007	426299001	SAME_AS
290324001	290325000	SAME_AS
290327008	295322000	REPLACED_BY
290328003	290325000	SAME_AS
290332009	290329006	SAME_AS
290344007	212518005	SAME_AS
290348005	290345008	SAME_AS
290352005	290349002	SAME_AS
290356008	290353000	SAME_AS
290360006	290357004	SAME_AS
290364002	290361005	SAME_AS
290368004	290365001	SAME_AS
290373005	290370008	SAME_AS
290377006	290374004	SAME_AS
290381006	290378001	SAME_AS
290385002	290382004	SAME_AS
290389008	290386001	SAME_AS
290392007	32722006	SAME_AS
290399003	290395009	SAME_AS
290402002	14002008	SAME_AS
290405000	76636002	SAME_AS
290410001	290407008	SAME_AS
290415006	290412009	SAME_AS
290419000	290416007	SAME_AS
290423008	290420006	SAME_AS
290427009	290424002	SAME_AS
290431003	77277003	SAME_AS
290435007	290432005	SAME_AS
290440004	290436008	SAME_AS
290444008	290441000	SAME_AS
290447001	2819007	SAME_AS
290456009	290453001	SAME_AS
290460007	290457000	SAME_AS
290464003	290461006	SAME_AS
290467005	81648008	SAME_AS
290470009	71277006	SAME_AS
290471008	290462004	SAME_AS
290472001	290463009	SAME_AS
290473006	290461006	SAME_AS
290477007	290474000	SAME_AS
29048002	210114006	SAME_AS
290485003	28213007	SAME_AS
290490000	290487006	SAME_AS
290493003	10650000	SAME_AS
290497002	290494009	SAME_AS
290501007	1144824006	SAME_AS
290504004	18108002	SAME_AS
290509009	290506002	SAME_AS
290510004	216576002	SAME_AS
290512007	30138004	SAME_AS
290515009	34917002	SAME_AS
290519003	290516005	SAME_AS
290523006	290520009	SAME_AS
290527007	290524000	SAME_AS
290531001	290528002	SAME_AS
290535005	290532008	SAME_AS
290539004	290536006	SAME_AS
290540002	216584003	SAME_AS
290542005	12815001	SAME_AS
290543000	216583009	SAME_AS
290545007	9982009	SAME_AS
290549001	290546008	SAME_AS
290553004	290550001	SAME_AS
290554005	216585002	SAME_AS
290556007	21836003	SAME_AS
290560005	290557003	SAME_AS
290561000119105	230438007	SAME_AS
290567008	216586001	SAME_AS
290569006	88165009	SAME_AS
290572004	7895008	SAME_AS
290583008	290580006	SAME_AS
290586000	19920003	SAME_AS
290590003	290587009	SAME_AS
290593001	29602005	SAME_AS
290597000	84811001	SAME_AS
290601000	73340005	SAME_AS
290605009	290602007	SAME_AS
290609003	290606005	SAME_AS
290613005	290610008	SAME_AS
290617006	290614004	SAME_AS
29062009	446698005	SAME_AS
290621004	290618001	SAME_AS
290626009	290623001	SAME_AS
290630007	290627000	SAME_AS
290635002	290632004	SAME_AS
290639008	28563001	SAME_AS
290642002	47191007	SAME_AS
290645000	20117002	SAME_AS
290650006	290646004	SAME_AS
290655001	290651005	SAME_AS
290659007	290656000	SAME_AS
290663000	290660002	SAME_AS
290667004	290664006	SAME_AS
290671000119100	442512002	REPLACED_BY
290671001	290668009	SAME_AS
290674009	26543004	SAME_AS
290679004	290676006	SAME_AS
290681000119102	442512002	REPLACED_BY
290683004	290680001	SAME_AS
290686007	8325007	SAME_AS
290690009	290687003	SAME_AS
290695004	290692001	SAME_AS
290698002	28348003	SAME_AS
290701005	32393008	SAME_AS
290706000	290702003	SAME_AS
290710002	290707009	SAME_AS
290714006	290711003	SAME_AS
290718009	290715007	SAME_AS
290722004	290719001	SAME_AS
290726001	290723009	SAME_AS
290730003	290727005	SAME_AS
290734007	290731004	SAME_AS
290738005	290735008	SAME_AS
290742008	290739002	SAME_AS
290746006	290743003	SAME_AS
290751000	290748007	SAME_AS
290755009	290752007	SAME_AS
290759003	290756005	SAME_AS
290764004	290761007	SAME_AS
290768001	290765003	SAME_AS
29077001	274718005	SAME_AS
290772002	290769009	SAME_AS
290777008	290774001	SAME_AS
290781008	16260007	SAME_AS
290787007	86321003	SAME_AS
290788002	216569007	SAME_AS
290790001	32046005	SAME_AS
290794005	290791002	SAME_AS
290798008	290795006	SAME_AS
290801002	2121004	SAME_AS
290805006	290802009	SAME_AS
290807003	216546009	SAME_AS
290809000	78695006	SAME_AS
290813007	290810005	SAME_AS
290817008	290814001	SAME_AS
290821001	290818003	SAME_AS
290825005	290822008	SAME_AS
290829004	290826006	SAME_AS
290833006	290830009	SAME_AS
290834000	216547000	SAME_AS
290836003	65425009	SAME_AS
290840007	290837007	SAME_AS
290844003	290841006	SAME_AS
290848000	290845002	SAME_AS
290852000	290849008	SAME_AS
290856002	290853005	SAME_AS
290863002	290860004	SAME_AS
290867001	290864008	SAME_AS
290871003	290868006	SAME_AS
290875007	290872005	SAME_AS
290879001	290876008	SAME_AS
290883001	290880003	SAME_AS
290887000	290884007	SAME_AS
290892003	290889002	SAME_AS
290896000	290893008	SAME_AS
290900002	290897009	SAME_AS
290904006	290901003	SAME_AS
290909001	290905007	SAME_AS
290913008	290910006	SAME_AS
290918004	290915001	SAME_AS
290922009	290919007	SAME_AS
290926007	290923004	SAME_AS
290930005	290927003	SAME_AS
290934001	290931009	SAME_AS
290938003	290935000	SAME_AS
290942000	290939006	SAME_AS
290946002	290943005	SAME_AS
290949009	1144836000	SAME_AS
290954000	290951008	SAME_AS
290955004	216502001	SAME_AS
290957007	64921004	SAME_AS
290960000	47923004	SAME_AS
29096002	269172009	REPLACED_BY
290963003	241753006	SAME_AS
290967002	290964009	SAME_AS
290970003	74882009	SAME_AS
290971004	216573005	SAME_AS
290973001	62276003	SAME_AS
290976009	25599007	SAME_AS
290979002	74984006	SAME_AS
290983002	290980004	SAME_AS
290988006	290985009	SAME_AS
290992004	290989003	SAME_AS
290997005	290994003	SAME_AS
291001006	290998000	SAME_AS
291002004	216507007	SAME_AS
291004003	34764007	SAME_AS
291005002	216498008	SAME_AS
291007005	86624000	SAME_AS
291009008	216500009	SAME_AS
291011004	23877007	SAME_AS
291014007	44003006	SAME_AS
291018005	291015008	SAME_AS
291019002	216503006	SAME_AS
291021007	25980005	SAME_AS
291022000	216499000	SAME_AS
291024004	30857006	SAME_AS
291025003	216501008	SAME_AS
291027006	30984008	SAME_AS
291031000	291028001	SAME_AS
291032007	216533004	SAME_AS
291034008	36784008	SAME_AS
291038006	291035009	SAME_AS
291042009	291039003	SAME_AS
291043004	216536007	SAME_AS
291045006	6024006	SAME_AS
291049000	291046007	SAME_AS
291053003	291050000	SAME_AS
291057002	291054009	SAME_AS
291058007	216531002	SAME_AS
291060009	84483000	SAME_AS
291064000	291061008	SAME_AS
291068002	1145077007	SAME_AS
291072003	291069005	SAME_AS
291073008	216535006	SAME_AS
291075001	10486009	SAME_AS
291079007	291076000	SAME_AS
291083007	291080005	SAME_AS
291087008	291084001	SAME_AS
291088003	216532009	SAME_AS
291090002	61406000	SAME_AS
291091003	216534005	SAME_AS
291093000	70330008	SAME_AS
291096008	241757007	SAME_AS
291097004	216541004	SAME_AS
291099001	28504009	SAME_AS
291101008	216506003	SAME_AS
291103006	57628003	SAME_AS
291107007	291104000	SAME_AS
291112008	1144832003	SAME_AS
291116006	291113003	SAME_AS
291120005	291117002	SAME_AS
291125000	291122002	SAME_AS
291129006	291126004	SAME_AS
291133004	291130001	SAME_AS
291137003	291134005	SAME_AS
291141004	291138008	SAME_AS
291145008	291142006	SAME_AS
291146009	216528003	SAME_AS
291148005	73108003	SAME_AS
291149002	216526004	SAME_AS
291151003	88993007	SAME_AS
291155007	291152005	SAME_AS
291160006	291157004	SAME_AS
291164002	291161005	SAME_AS
291168004	291165001	SAME_AS
291172000	291169007	SAME_AS
291173005	216521009	SAME_AS
291175003	91267002	SAME_AS
291179009	291176002	SAME_AS
291180007	216520005	SAME_AS
291182004	87396006	SAME_AS
291186001	291183009	SAME_AS
291187005	216523007	SAME_AS
291189008	87363009	SAME_AS
291193002	291190004	SAME_AS
291197001	291194008	SAME_AS
291198006	216522002	SAME_AS
291200000	111765001	SAME_AS
291204009	291201001	SAME_AS
291209004	291206006	SAME_AS
291214000	291211008	SAME_AS
291218002	291215004	SAME_AS
291222007	291219005	SAME_AS
291226005	291223002	SAME_AS
291230008	291227001	SAME_AS
291234004	291231007	SAME_AS
291239009	291236002	SAME_AS
291243008	715268001	REPLACED_BY
291244002	715269009	REPLACED_BY
291245001	715267006	SAME_AS
291248004	23527004	SAME_AS
291251006	75478009	SAME_AS
291252004	216556008	SAME_AS
291254003	81270000	SAME_AS
291255002	216554006	SAME_AS
291257005	82768008	SAME_AS
291260003	838523003	SAME_AS
291264007	241761001	SAME_AS
291265008	216560006	SAME_AS
291267000	57005003	SAME_AS
291271002	291268005	SAME_AS
291274005	52703008	SAME_AS
291277003	20881008	SAME_AS
291280002	1144828009	SAME_AS
291281003	216604009	SAME_AS
291283000	77650001	SAME_AS
291286008	66884007	SAME_AS
291289001	212715006	SAME_AS
291290005	216591000	SAME_AS
291292002	14154001	SAME_AS
291293007	216589008	SAME_AS
291295000	46604003	SAME_AS
291296004	216590004	SAME_AS
291298003	15649002	SAME_AS
291302006	13632006	SAME_AS
291307000	291304007	SAME_AS
291310007	1837006	SAME_AS
291315002	57310008	SAME_AS
291316001	216600000	SAME_AS
291318000	54561008	SAME_AS
291319008	216601001	SAME_AS
291321003	715058004	SAME_AS
291322005	216596005	SAME_AS
291324006	42373003	SAME_AS
291325007	216594008	SAME_AS
291327004	13054007	SAME_AS
291328009	216595009	SAME_AS
291330006	55410006	SAME_AS
291333008	56916002	SAME_AS
291337009	68441009	SAME_AS
291341008	41390006	SAME_AS
291344000	85302003	SAME_AS
291347007	68709002	SAME_AS
291350005	81991000	SAME_AS
291353007	212763009	SAME_AS
291356004	84393008	SAME_AS
291362009	91014009	SAME_AS
291365006	64808005	SAME_AS
291384009	31752000	SAME_AS
291387002	24354007	SAME_AS
291390008	4526003	SAME_AS
291391007	216484000	SAME_AS
291393005	74119006	SAME_AS
291394004	216483006	SAME_AS
291396002	111762003	SAME_AS
291400002	23142005	SAME_AS
291404006	13503000	SAME_AS
291407004	44838007	SAME_AS
291411005	5189009	SAME_AS
291414002	1144820002	SAME_AS
291425006	66491001	SAME_AS
291428008	4688008	SAME_AS
291431009	7665002	SAME_AS
291434001	72182007	SAME_AS
291437008	20179009	SAME_AS
291440008	46673008	SAME_AS
291443005	10916006	SAME_AS
291446002	45110008	SAME_AS
291449009	1647007	SAME_AS
291451008	415530009	SAME_AS
291453006	74524003	SAME_AS
291457007	291454000	SAME_AS
291460000	77857001	SAME_AS
291463003	54594006	SAME_AS
291466006	1145158007	SAME_AS
291469004	53702006	SAME_AS
291472006	40844001	SAME_AS
291476009	1323006	SAME_AS
291479002	80300008	SAME_AS
291483002	291480004	SAME_AS
291487001	291484008	SAME_AS
291491006	291488006	SAME_AS
291494003	212503009	SAME_AS
291498000	291495002	SAME_AS
291502007	291499008	SAME_AS
291505009	74902008	SAME_AS
291508006	38149009	SAME_AS
291517006	291514004	SAME_AS
291521004	291518001	SAME_AS
291525008	291522006	SAME_AS
291528005	1531000	SAME_AS
291532004	291529002	SAME_AS
291539008	14130006	SAME_AS
291542002	28224009	SAME_AS
291545000	76941008	SAME_AS
291548003	54531000	SAME_AS
291552003	291549006	SAME_AS
291556000	291553008	SAME_AS
291561003	291558004	SAME_AS
291564006	43893007	SAME_AS
291567004	66780009	SAME_AS
291571001	291568009	SAME_AS
291575005	291572008	SAME_AS
291579004	291576006	SAME_AS
291584005	291581002	SAME_AS
291588008	291585006	SAME_AS
291592001	291589000	SAME_AS
291597007	291594000	SAME_AS
291601007	291598002	SAME_AS
291605003	291602000	SAME_AS
291609009	291606002	SAME_AS
291614008	291610004	SAME_AS
291618006	291615009	SAME_AS
291622001	291619003	SAME_AS
291626003	291623006	SAME_AS
291630000	291627007	SAME_AS
291635005	291632008	SAME_AS
291638007	80092001	SAME_AS
291641003	28800007	SAME_AS
291644006	35224002	SAME_AS
291647004	46759008	SAME_AS
291650001	53796002	SAME_AS
291653004	91433009	SAME_AS
291656007	52671001	SAME_AS
291659000	212505002	SAME_AS
291663007	42894006	SAME_AS
291668003	1148750005	SAME_AS
291672004	291669006	SAME_AS
291675002	51862005	SAME_AS
291678000	212509008	SAME_AS
291681005	67933004	SAME_AS
291684002	14607001	SAME_AS
291687009	55082002	SAME_AS
291694007	16332007	SAME_AS
291697000	212533002	SAME_AS
291704005	37131007	SAME_AS
291784007	15382009	SAME_AS
291788005	291785008	SAME_AS
291798004	111755007	SAME_AS
291801005	34085004	SAME_AS
291804002	18337009	SAME_AS
291808004	50529000	SAME_AS
291811003	8995005	SAME_AS
291814006	48445006	SAME_AS
291818009	241746002	SAME_AS
291821006	241747006	SAME_AS
291824003	6900000	SAME_AS
291828000	79982007	SAME_AS
291834007	89535003	SAME_AS
291837000	1148753007	SAME_AS
291841001	15026003	SAME_AS
291845005	58025002	SAME_AS
291848007	1977004	SAME_AS
291851000	72120001	SAME_AS
291854008	30897009	SAME_AS
291857001	699068005	SAME_AS
291860008	1144778000	SAME_AS
291863005	26768000	SAME_AS
291867006	42524008	SAME_AS
291870005	91074004	SAME_AS
291873007	276008	SAME_AS
291880009	291877008	SAME_AS
291883006	88674007	SAME_AS
291889005	48310002	SAME_AS
291892009	7184000	SAME_AS
291895006	57305009	SAME_AS
291898008	1144839007	SAME_AS
291901009	76346005	SAME_AS
291904001	35776002	SAME_AS
291907008	68822001	SAME_AS
291910001	26679003	SAME_AS
291914005	53300000	SAME_AS
291921005	212551001	SAME_AS
291924002	47237001	SAME_AS
291927009	10553007	SAME_AS
291930002	78731006	SAME_AS
291934006	45088005	SAME_AS
291937004	1145546002	SAME_AS
291940004	212750003	SAME_AS
291943002	57695009	SAME_AS
291947001	291944008	SAME_AS
291950003	59826007	SAME_AS
291953001	75496000	SAME_AS
291957000	291954007	SAME_AS
291962004	291959002	SAME_AS
291965002	42395004	SAME_AS
291972001	28389000	SAME_AS
291983005	63628002	SAME_AS
291987006	79953006	SAME_AS
291990000	212706004	SAME_AS
291994009	10385009	SAME_AS
291998007	291995005	SAME_AS
292001000119101	1332500006	SAME_AS
292003007	38968006	SAME_AS
292006004	32518004	SAME_AS
292010001	292007008	SAME_AS
292013004	34958009	SAME_AS
292021005	85209005	SAME_AS
292022003	111758009	SAME_AS
292025001	53001008	SAME_AS
292028004	77718003	SAME_AS
292031003	28711005	SAME_AS
292034006	82674000	SAME_AS
292037004	34729003	SAME_AS
292039001	292040004	SAME_AS
292043002	269722001	SAME_AS
292074000	218615007	SAME_AS
292077007	218613000	SAME_AS
292079005	218619001	SAME_AS
292081007	218630003	SAME_AS
292083005	218620007	SAME_AS
292087006	218621006	SAME_AS
292100007	62014003	REPLACED_BY
292116009	218951002	SAME_AS
292119002	292118005	SAME_AS
29212009	1234783007	REPLACED_BY
292156006	1163009003	REPLACED_BY
292171005	1156013003	REPLACED_BY
292183007	218724007	SAME_AS
29221000119106	1367899009	SAME_AS
292258003	62014003	REPLACED_BY
292271000	111570005	SAME_AS
292341006	292338002	REPLACED_BY
292354004	871673008	REPLACED_BY
292418002	62014003	REPLACED_BY
292467000	871573002	REPLACED_BY
292481003	871577001	REPLACED_BY
292526007	871576005	REPLACED_BY
292529000	871525007	REPLACED_BY
292548001	62014003	REPLACED_BY
292550009	62014003	REPLACED_BY
292552001	871570004	REPLACED_BY
29256009	210344002	REPLACED_BY
292568007	218498003	REPLACED_BY
292575008	218498003	REPLACED_BY
292582007	871575009	REPLACED_BY
292601005	871676000	REPLACED_BY
292607009	292053001	REPLACED_BY
292613000	219031007	SAME_AS
292620007	62014003	REPLACED_BY
292621006	62014003	REPLACED_BY
292639002	836488001	REPLACED_BY
292646006	871567003	REPLACED_BY
292650004	62014003	REPLACED_BY
292655009	62014003	REPLACED_BY
292663005	62014003	REPLACED_BY
292670005	62014003	REPLACED_BY
292680009	219019005	SAME_AS
292698008	218622004	SAME_AS
292701000119103	1004092000	SAME_AS
292711000119100	1004090008	SAME_AS
292757009	419406002	REPLACED_BY
292758004	871678004	REPLACED_BY
292797007	292794000	SAME_AS
292807007	292800009	SAME_AS
292836007	871681009	REPLACED_BY
292863008	292799005	REPLACED_BY
292874004	764443008	REPLACED_BY
292887005	1363350003	REPLACED_BY
292926003	292927007	SAME_AS
292935005	292944006	REPLACED_BY
293048000	871574008	REPLACED_BY
293072005	293070002	REPLACED_BY
293077004	293078009	REPLACED_BY
29309008	246890003	SAME_AS
293100004	1222891000	REPLACED_BY
293106005	219085007	SAME_AS
293111007	420113004	REPLACED_BY
293113005	420113004	REPLACED_BY
293121004	219084006	SAME_AS
293123001	293122006	REPLACED_BY
293124007	293122006	REPLACED_BY
293128005	219088009	REPLACED_BY
293180001	870691007	REPLACED_BY
293181002	870691007	REPLACED_BY
293182009	870691007	REPLACED_BY
293186007	840300001	REPLACED_BY
293187003	293177002	REPLACED_BY
293188008	293177002	REPLACED_BY
293189000	293177002	REPLACED_BY
293272004	293268003	SAME_AS
293273009	293274003	SAME_AS
293290003	293288004	SAME_AS
293291004	293293001	SAME_AS
293296009	871675001	REPLACED_BY
293297000	871674002	REPLACED_BY
293298005	871629009	REPLACED_BY
293304001	62014003	REPLACED_BY
29331000	406444002	SAME_AS
293340004	1187103009	REPLACED_BY
293416008	62014003	REPLACED_BY
293486003	419055000	SAME_AS
293510000	218868004	SAME_AS
293516006	1163008006	REPLACED_BY
293526004	293528003	SAME_AS
293534005	871679007	REPLACED_BY
293556008	871572007	REPLACED_BY
293564002	292443008	SAME_AS
293582004	416098002	REPLACED_BY
293634004	416098002	REPLACED_BY
293661004	293660003	SAME_AS
293664007	416098002	REPLACED_BY
293670001	416098002	REPLACED_BY
293684006	416098002	REPLACED_BY
293688009	416098002	REPLACED_BY
293689001	294074001	REPLACED_BY
293713001	767116002	REPLACED_BY
293739003	416098002	REPLACED_BY
293759004	416098002	REPLACED_BY
293801003	416098002	REPLACED_BY
29381009	57356000	REPLACED_BY
293821000119107	787044009	SAME_AS
293857007	416098002	REPLACED_BY
293883002	293880004	REPLACED_BY
293885009	767642003	REPLACED_BY
293910007	773484003	REPLACED_BY
293931005	293934002	REPLACED_BY
293932003	293934002	REPLACED_BY
293944000	293948002	REPLACED_BY
293945004	293946003	REPLACED_BY
293953007	416098002	REPLACED_BY
294006000	416098002	REPLACED_BY
294008004	773399002	REPLACED_BY
294022004	773518005	REPLACED_BY
294051000	294050004	REPLACED_BY
294052007	294050004	REPLACED_BY
294053002	294050004	REPLACED_BY
294070005	773500007	REPLACED_BY
294075000	294074001	REPLACED_BY
294085004	294084000	REPLACED_BY
294086003	294084000	REPLACED_BY
294092009	416098002	REPLACED_BY
294102000	416098002	REPLACED_BY
294110004	294109009	REPLACED_BY
294141003	767203005	REPLACED_BY
294143000	767203005	REPLACED_BY
294149001	293595009	REPLACED_BY
294151002	773486001	REPLACED_BY
294159000	294160005	REPLACED_BY
294162002	294677009	REPLACED_BY
294165000	767473007	REPLACED_BY
294174003	294173009	REPLACED_BY
294175002	294173009	REPLACED_BY
294176001	294173009	REPLACED_BY
294181005	609328004	REPLACED_BY
294184002	416098002	REPLACED_BY
294186000	703076003	REPLACED_BY
294192006	416098002	REPLACED_BY
294193001	416098002	REPLACED_BY
294194007	416098002	REPLACED_BY
294197000	416098002	REPLACED_BY
294201000	767474001	REPLACED_BY
294202007	416098002	REPLACED_BY
294221004	416098002	REPLACED_BY
29423006	271594007	SAME_AS
294262005	416098002	REPLACED_BY
294263000	416098002	REPLACED_BY
294267004	609532009	REPLACED_BY
294282009	416098002	REPLACED_BY
294286007	294285006	REPLACED_BY
294287003	294285006	REPLACED_BY
294288008	294285006	REPLACED_BY
294289000	294285006	REPLACED_BY
294297007	773482004	REPLACED_BY
294305007	419076005	REPLACED_BY
294307004	773424001	REPLACED_BY
294315001	416098002	REPLACED_BY
294336004	294335000	REPLACED_BY
294338003	294335000	SAME_AS
294340008	416098002	REPLACED_BY
294347006	416098002	REPLACED_BY
29435005	204245004	SAME_AS
294367002	416098002	REPLACED_BY
294387001	416098002	REPLACED_BY
294397005	416098002	REPLACED_BY
294414001	764442003	REPLACED_BY
294422008	767099007	REPLACED_BY
294427002	416098002	REPLACED_BY
294428007	773505002	REPLACED_BY
294429004	773487005	REPLACED_BY
294450008	416098002	REPLACED_BY
294461000	416098002	REPLACED_BY
294473000	294482006	SAME_AS
294495001	294499007	REPLACED_BY
294498004	294499007	REPLACED_BY
294560001	416098002	REPLACED_BY
294580000	294573002	REPLACED_BY
294595003	416098002	REPLACED_BY
294597006	416098002	REPLACED_BY
294605002	416098002	REPLACED_BY
294606001	416098002	REPLACED_BY
294608000	416098002	REPLACED_BY
294613001	294614007	REPLACED_BY
294616009	416098002	REPLACED_BY
294624004	416098002	REPLACED_BY
294636005	1222889008	REPLACED_BY
294649000	294647003	REPLACED_BY
294660009	294659004	REPLACED_BY
294661008	294659004	REPLACED_BY
294665004	860695004	REPLACED_BY
294670006	416098002	REPLACED_BY
294680005	294679007	REPLACED_BY
294681009	294679007	REPLACED_BY
294703003	294702008	REPLACED_BY
294704009	294702008	REPLACED_BY
294708007	294707002	REPLACED_BY
294709004	294707002	REPLACED_BY
294710009	294707002	REPLACED_BY
294719005	294717007	REPLACED_BY
29472004	1359894005	REPLACED_BY
294724008	294714000	REPLACED_BY
294725009	294714000	REPLACED_BY
294726005	294714000	REPLACED_BY
294753009	294745001	REPLACED_BY
294759008	773496005	REPLACED_BY
294777003	294776007	REPLACED_BY
294778008	294776007	REPLACED_BY
294779000	294776007	REPLACED_BY
294780002	294776007	REPLACED_BY
294783000	294782005	REPLACED_BY
294784006	294782005	REPLACED_BY
294785007	294782005	REPLACED_BY
294806004	294810001	SAME_AS
294808003	294810001	REPLACED_BY
294812009	294811002	SAME_AS
294822003	294823008	SAME_AS
294827009	294825001	SAME_AS
294834006	773499003	REPLACED_BY
294835007	773491000	REPLACED_BY
294836008	773481006	REPLACED_BY
294837004	773499003	REPLACED_BY
294846005	416098002	REPLACED_BY
294848006	609535006	REPLACED_BY
294849003	609533004	REPLACED_BY
294850003	609536007	REPLACED_BY
294853001	609328004	REPLACED_BY
294869008	416098002	REPLACED_BY
294877007	773427008	REPLACED_BY
294878002	416098002	REPLACED_BY
294879005	416098002	REPLACED_BY
294884004	416098002	REPLACED_BY
294904000	416098002	REPLACED_BY
294906003	416098002	REPLACED_BY
294909005	416098002	REPLACED_BY
294917002	416098002	REPLACED_BY
294932009	767475000	REPLACED_BY
294938008	767479006	REPLACED_BY
294939000	767478003	REPLACED_BY
294946009	781677003	REPLACED_BY
294947000	781677003	REPLACED_BY
294948005	781677003	REPLACED_BY
294952005	294951003	REPLACED_BY
294955007	773453000	REPLACED_BY
294960006	416098002	REPLACED_BY
294976002	416098002	REPLACED_BY
294985002	416098002	REPLACED_BY
294987005	416098002	REPLACED_BY
294989008	416098002	REPLACED_BY
294990004	416098002	REPLACED_BY
294999003	416098002	REPLACED_BY
295020002	416098002	REPLACED_BY
295022005	419930008	SAME_AS
295036000	609537003	REPLACED_BY
295037009	609538008	REPLACED_BY
295038004	609542006	REPLACED_BY
295039007	609544007	REPLACED_BY
295040009	609545008	REPLACED_BY
295041008	609539000	REPLACED_BY
295042001	609546009	REPLACED_BY
295043006	609540003	REPLACED_BY
295044000	609541004	REPLACED_BY
295045004	609543001	REPLACED_BY
295050005	609534005	SAME_AS
295061000119107	203595008	SAME_AS
295064005	295066007	REPLACED_BY
295067003	773490004	REPLACED_BY
295069000	416098002	REPLACED_BY
295070004	416098002	REPLACED_BY
295071000119101	1258987002	SAME_AS
295072007	773483009	REPLACED_BY
295080000	295079003	REPLACED_BY
295082008	295079003	REPLACED_BY
295083003	295079003	REPLACED_BY
295084009	295079003	REPLACED_BY
295085005	773428003	REPLACED_BY
295086006	773428003	REPLACED_BY
295087002	773428003	REPLACED_BY
295088007	773428003	REPLACED_BY
295089004	773428003	REPLACED_BY
295090008	773428003	REPLACED_BY
295093005	773420005	REPLACED_BY
295097006	294937003	REPLACED_BY
295101002	293985005	SAME_AS
295121000119101	295111000119108	SAME_AS
295126006	295124009	SAME_AS
295137007	295135004	SAME_AS
295139005	295123003	SAME_AS
295143009	295140007	SAME_AS
295147005	295144003	SAME_AS
295152000	295149008	SAME_AS
295156002	295153005	SAME_AS
295160004	295157006	SAME_AS
295164008	295161000	SAME_AS
295169003	295166005	SAME_AS
295173000	295170002	SAME_AS
295176008	295174006	SAME_AS
295179001	295177004	SAME_AS
295183001	295180003	SAME_AS
295187000	295184007	SAME_AS
295192003	295189002	SAME_AS
295196000	295193008	SAME_AS
295200005	295197009	SAME_AS
295204001	295201009	SAME_AS
295208003	295205000	SAME_AS
295212009	295209006	SAME_AS
295213004	242253008	SAME_AS
295221005	295218008	SAME_AS
295225001	295222003	SAME_AS
295229007	295226000	SAME_AS
295233000	295230002	SAME_AS
295237004	295234006	SAME_AS
295241000	295238009	SAME_AS
295245009	295242007	SAME_AS
295249003	295246005	SAME_AS
295253001	295250003	SAME_AS
295257000	295254007	SAME_AS
295261006	295258005	SAME_AS
295266001	295262004	SAME_AS
295270009	295267005	SAME_AS
295274000	295271008	SAME_AS
295278002	295275004	SAME_AS
295282000	295279005	SAME_AS
295286002	295283005	SAME_AS
295290000	295287006	SAME_AS
295294009	295291001	SAME_AS
295298007	295295005	SAME_AS
295302004	295299004	SAME_AS
295306001	295303009	SAME_AS
295310003	295307005	SAME_AS
295312006	295217003	SAME_AS
295318005	295314007	SAME_AS
295320008	295324004	SAME_AS
295321007	295325003	SAME_AS
295323005	295324004	SAME_AS
295326002	295322000	REPLACED_BY
295327006	295324004	SAME_AS
295331000	295328001	SAME_AS
295337001	295334008	SAME_AS
295341002	295338006	SAME_AS
295345006	295342009	SAME_AS
295349000	295346007	SAME_AS
295354009	295351001	SAME_AS
295359004	295355005	SAME_AS
295363006	295360009	SAME_AS
295368002	295364000	SAME_AS
295370006	295350000	SAME_AS
295375001	295372003	SAME_AS
295379007	295376000	SAME_AS
295383007	295380005	SAME_AS
295387008	295384001	SAME_AS
295391003	295388003	SAME_AS
295396008	295393000	SAME_AS
295404004	295401007	SAME_AS
295408001	295405003	SAME_AS
295413002	295410004	SAME_AS
295418006	295415009	SAME_AS
295422001	295419003	SAME_AS
295426003	295423006	SAME_AS
295430000	295427007	SAME_AS
295435005	295432008	SAME_AS
295439004	295436006	SAME_AS
295443000	295440002	SAME_AS
295447004	295444006	SAME_AS
295451002	295448009	SAME_AS
295455006	295452009	SAME_AS
295459000	295456007	SAME_AS
295463007	295460005	SAME_AS
295468003	295464001	SAME_AS
295472004	295469006	SAME_AS
295477005	295474003	SAME_AS
295481005	295478000	SAME_AS
295483008	295469006	SAME_AS
295484002	295470007	SAME_AS
295485001	295471006	SAME_AS
295486000	295469006	SAME_AS
295490003	295487009	SAME_AS
295494007	1148536003	SAME_AS
295500006	295497000	SAME_AS
295506000	295503008	SAME_AS
295511003	295507009	SAME_AS
295515007	295512005	SAME_AS
295519001	1145050003	SAME_AS
295523009	295520007	SAME_AS
295528000	295525002	SAME_AS
295536009	295533001	SAME_AS
295540000	295537000	SAME_AS
295544009	295541001	SAME_AS
295548007	295545005	SAME_AS
295553002	295550004	SAME_AS
295557001	295554008	SAME_AS
295561007	295558006	SAME_AS
295565003	295562000	SAME_AS
295574001	295571009	SAME_AS
295578003	295575000	SAME_AS
295582001	295579006	SAME_AS
295586003	295583006	SAME_AS
295596007	295593004	SAME_AS
295602005	295599000	SAME_AS
295606008	295603000	SAME_AS
295610006	295607004	SAME_AS
295614002	295611005	SAME_AS
295619007	295616000	SAME_AS
295623004	295620001	SAME_AS
295627003	295624005	SAME_AS
295631009	295628008	SAME_AS
295635000	295632002	SAME_AS
295639006	295636004	SAME_AS
295643005	295640008	SAME_AS
295648001	295645003	SAME_AS
295652001	295649009	SAME_AS
295657007	295654000	SAME_AS
295662008	295659005	SAME_AS
295666006	295663003	SAME_AS
295671004	295667002	SAME_AS
295675008	295672006	SAME_AS
295679002	295676009	SAME_AS
295683002	295680004	SAME_AS
295687001	295684008	SAME_AS
295691006	295688006	SAME_AS
295695002	295692004	SAME_AS
295700009	295697005	SAME_AS
295704000	295701008	SAME_AS
295708002	295705004	SAME_AS
295712008	295709005	SAME_AS
295716006	295713003	SAME_AS
295721009	295717002	SAME_AS
295726004	295722002	SAME_AS
295730001	295727008	SAME_AS
295734005	295731002	SAME_AS
295738008	295735006	SAME_AS
295742006	295739000	SAME_AS
295746009	295743001	SAME_AS
295750002	295747000	SAME_AS
295754006	295751003	SAME_AS
295758009	295755007	SAME_AS
295763008	295759001	SAME_AS
295767009	295764002	SAME_AS
295771007	295768004	SAME_AS
295777006	295773005	SAME_AS
29578003	418068003	REPLACED_BY
295781006	295778001	SAME_AS
295785002	295782004	SAME_AS
295790004	295787005	SAME_AS
295794008	295791000	SAME_AS
295798006	295795009	SAME_AS
295803002	295800004	SAME_AS
295807001	295804008	SAME_AS
295812000	295809003	SAME_AS
295817006	295814004	SAME_AS
295821004	295818001	SAME_AS
295825008	295822006	SAME_AS
295829002	295826009	SAME_AS
29583006	609468001	REPLACED_BY
295838000	295835002	SAME_AS
295842002	295839008	SAME_AS
295846004	295843007	SAME_AS
295851005	295847008	SAME_AS
295855001	295852003	SAME_AS
295859007	295856000	SAME_AS
295863000	295860002	SAME_AS
295867004	295864006	SAME_AS
295871001	295868009	SAME_AS
295875005	295872008	SAME_AS
295880001	295877002	SAME_AS
295884005	295881002	SAME_AS
295888008	295885006	SAME_AS
295893006	295890009	SAME_AS
295897007	295894000	SAME_AS
295901001	295898002	SAME_AS
295905005	295902008	SAME_AS
295909004	295906006	SAME_AS
295913006	295910009	SAME_AS
295917007	295914000	SAME_AS
295922007	295919005	SAME_AS
295926005	295923002	SAME_AS
295930008	295927001	SAME_AS
295934004	295931007	SAME_AS
295938001	295935003	SAME_AS
295942003	295939009	SAME_AS
295947009	295944002	SAME_AS
295951006	295948004	SAME_AS
295955002	295952004	SAME_AS
295959008	295956001	SAME_AS
295964007	295961004	SAME_AS
295968005	295965008	SAME_AS
295972009	295969002	SAME_AS
295976007	295973004	SAME_AS
295978008	1162803009	REPLACED_BY
295979000	1162805002	REPLACED_BY
295980002	1162806001	REPLACED_BY
295981003	1162803009	REPLACED_BY
295986008	295983000	SAME_AS
295990005	295987004	SAME_AS
295994001	295991009	SAME_AS
295998003	295995000	SAME_AS
296002000	295999006	SAME_AS
296005003	296003005	SAME_AS
296009009	296006002	SAME_AS
29601003	609486003	REPLACED_BY
296013002	296010004	SAME_AS
296019003	296016005	SAME_AS
296023006	296020009	SAME_AS
296027007	296024000	SAME_AS
296031001	296028002	SAME_AS
296035005	296032008	SAME_AS
296040002	296037002	SAME_AS
296044006	296041003	SAME_AS
296048009	296045007	SAME_AS
296052009	296049001	SAME_AS
296057003	296054005	SAME_AS
296061009	296058008	SAME_AS
296065000	296062002	SAME_AS
296069006	296066004	SAME_AS
296073009	296070007	SAME_AS
296077005	296074003	SAME_AS
296082003	296079008	SAME_AS
296086000	296083008	SAME_AS
296089007	296087009	SAME_AS
296093001	296090003	SAME_AS
296097000	1145058005	SAME_AS
29610001000004107	541031000124103	REPLACED_BY
296101009	296098005	SAME_AS
296105000	296102002	SAME_AS
296109006	296106004	SAME_AS
296113004	296110001	SAME_AS
296117003	296114005	SAME_AS
296120006	296118008	SAME_AS
296124002	296121005	SAME_AS
296127009	296125001	SAME_AS
296129007	296053004	SAME_AS
296134006	296131003	SAME_AS
296139001	296136008	SAME_AS
296143002	296140004	SAME_AS
296147001	1145067005	SAME_AS
296151004	296148006	SAME_AS
296155008	296152006	SAME_AS
296160007	296157000	SAME_AS
296164003	296161006	SAME_AS
296168000	296165002	SAME_AS
296172001	296169008	SAME_AS
296176003	296173006	SAME_AS
296182000	296178002	SAME_AS
296186002	296183005	SAME_AS
296190000	296187006	SAME_AS
296194009	296191001	SAME_AS
296199004	296196006	SAME_AS
296203004	296200001	SAME_AS
296204005	1155996000	REPLACED_BY
296208008	296205006	SAME_AS
296212002	296209000	SAME_AS
296216004	296213007	SAME_AS
296220000	296217008	SAME_AS
296224009	296221001	SAME_AS
296228007	296225005	SAME_AS
296232001	296229004	SAME_AS
296236003	296233006	SAME_AS
296240007	296237007	SAME_AS
296244003	296241006	SAME_AS
296248000	296245002	SAME_AS
296252000	296249008	SAME_AS
296254004	427590008	REPLACED_BY
296255003	427131001	REPLACED_BY
296256002	426450003	REPLACED_BY
296257006	427590008	SAME_AS
296261000	296258001	SAME_AS
296265009	296262007	SAME_AS
296266005	427590008	REPLACED_BY
296267001	427131001	REPLACED_BY
296268006	426450003	REPLACED_BY
296269003	427590008	SAME_AS
296273000	296270002	SAME_AS
296277004	296274006	SAME_AS
296282006	296278009	SAME_AS
296289002	296286009	SAME_AS
296294002	1148671008	SAME_AS
296296000	715300008	REPLACED_BY
296297009	715301007	REPLACED_BY
296298004	715302000	REPLACED_BY
296299007	715300008	SAME_AS
296304008	296301000	SAME_AS
296312000	296309003	SAME_AS
296316002	296313005	SAME_AS
296320003	838519006	SAME_AS
296324007	296321004	SAME_AS
296328005	296325008	SAME_AS
296333009	296329002	SAME_AS
296339008	296336001	SAME_AS
296343007	296340005	SAME_AS
296345000	296335002	SAME_AS
296350006	296347008	SAME_AS
296354002	296351005	SAME_AS
296358004	296355001	SAME_AS
296363000	296360002	SAME_AS
296367004	296364006	SAME_AS
296371001	296368009	SAME_AS
296378007	296374009	SAME_AS
296384005	296380001	SAME_AS
296387003	296385006	SAME_AS
296392001	296389000	SAME_AS
296397007	296394000	SAME_AS
296401004	296398002	SAME_AS
296406009	296403001	SAME_AS
296411006	296408005	SAME_AS
296416001	296413009	SAME_AS
296420002	296417005	SAME_AS
296424006	296421003	SAME_AS
296428009	296425007	SAME_AS
296432003	296429001	SAME_AS
296436000	296433008	SAME_AS
296441008	296438004	SAME_AS
296445004	296442001	SAME_AS
296449005	296446003	SAME_AS
296455000	296452002	SAME_AS
296460001	296457008	SAME_AS
296465006	296462009	SAME_AS
296469000	296466007	SAME_AS
296473002	296470004	SAME_AS
296477001	296474008	SAME_AS
296483003	296480000	SAME_AS
296488007	296485005	SAME_AS
296494004	296491007	SAME_AS
296498001	296495003	SAME_AS
296502008	296499009	SAME_AS
296507002	296504009	SAME_AS
296512001	296509004	SAME_AS
296519005	296516003	SAME_AS
296534004	296531007	SAME_AS
296538001	296535003	SAME_AS
296542003	296539009	SAME_AS
296546000	296543008	SAME_AS
296551006	296548004	SAME_AS
296556001	296553009	SAME_AS
296560003	296557005	SAME_AS
296564007	296561004	SAME_AS
296568005	296565008	SAME_AS
296572009	296569002	SAME_AS
296576007	296573004	SAME_AS
296581003	296578008	SAME_AS
296585007	296582005	SAME_AS
296588009	1155997009	REPLACED_BY
296592002	296589001	SAME_AS
296596004	296593007	SAME_AS
296600009	296597008	SAME_AS
296604000	296601008	SAME_AS
296608002	296605004	SAME_AS
296609005	1155999007	REPLACED_BY
296613003	296610000	SAME_AS
296617002	296614009	SAME_AS
296621009	296618007	SAME_AS
296622002	296642006	REPLACED_BY
296623007	296642006	REPLACED_BY
296624001	296644007	REPLACED_BY
296625000	296642006	REPLACED_BY
296629006	296626004	SAME_AS
296633004	296630001	SAME_AS
296637003	296634005	SAME_AS
296641004	296638008	SAME_AS
296645008	296642006	SAME_AS
296654006	296651003	SAME_AS
296659001	296656008	SAME_AS
296663008	296660006	SAME_AS
296667009	296664002	SAME_AS
296673005	296670008	SAME_AS
296677006	296674004	SAME_AS
296681006	296678001	SAME_AS
296685002	296682004	SAME_AS
296690004	296686001	SAME_AS
296694008	296691000	SAME_AS
296699003	296696005	SAME_AS
296703000	296700002	SAME_AS
296707004	296704006	SAME_AS
296712003	296709001	SAME_AS
296716000	296713008	SAME_AS
296720001	296717009	SAME_AS
296724005	296721002	SAME_AS
296728008	296725006	SAME_AS
296732002	296729000	SAME_AS
296737008	296733007	SAME_AS
296740008	297713002	SAME_AS
296742000	296738003	SAME_AS
296746002	296743005	SAME_AS
296751008	296748001	SAME_AS
296752001	1156000009	REPLACED_BY
296753006	1156001008	REPLACED_BY
296757007	296754000	SAME_AS
296761001	296758002	SAME_AS
296765005	296762008	SAME_AS
296769004	296766006	SAME_AS
296773001	296770003	SAME_AS
296783002	296780004	SAME_AS
296787001	296784008	SAME_AS
296794003	296790007	SAME_AS
296798000	296795002	SAME_AS
296802004	296799008	SAME_AS
296806001	296803009	SAME_AS
296807005	37131007	REPLACED_BY
296808000	291701002	REPLACED_BY
296809008	291703004	REPLACED_BY
296810003	37131007	SAME_AS
296828001	296826002	SAME_AS
296829009	296826002	SAME_AS
296835009	296832007	SAME_AS
296839003	296836005	SAME_AS
296844005	296841002	SAME_AS
296848008	296845006	SAME_AS
296852008	296849000	SAME_AS
296858007	296855005	SAME_AS
296862001	296859004	SAME_AS
296866003	296863006	SAME_AS
296871005	296868002	SAME_AS
296876000	296873008	SAME_AS
296881009	296878004	SAME_AS
296886004	296883007	SAME_AS
296890002	296887008	SAME_AS
296895007	296891003	SAME_AS
296899001	296896008	SAME_AS
296904002	296901005	SAME_AS
296908004	296905001	SAME_AS
296913000	296910002	SAME_AS
296917004	1148539005	SAME_AS
296929008	296926001	SAME_AS
296933001	296930003	SAME_AS
296935008	1144368001	REPLACED_BY
296936009	47546008	SAME_AS
296942008	296939002	SAME_AS
296947002	296944009	SAME_AS
296952007	296949004	SAME_AS
296969009	296966002	SAME_AS
296973007	296970005	SAME_AS
296979006	296976004	SAME_AS
296985004	296982001	SAME_AS
296989005	296986003	SAME_AS
296994005	296990001	SAME_AS
296999000	296996007	SAME_AS
297004006	297001003	SAME_AS
297011005	297008009	SAME_AS
297015001	297012003	SAME_AS
297020001	297017009	SAME_AS
297024005	297021002	SAME_AS
297028008	297025006	SAME_AS
297032002	297029000	SAME_AS
297036004	297033007	SAME_AS
297041007	297038003	SAME_AS
297046002	297043005	SAME_AS
297052001	297049009	SAME_AS
297056003	297053006	SAME_AS
297059005	297047006	SAME_AS
297064009	297062008	SAME_AS
297068007	297065005	SAME_AS
297073001	297070003	SAME_AS
297078005	297075008	SAME_AS
297082007	297079002	SAME_AS
297086005	297083002	SAME_AS
297098000	297095002	SAME_AS
297102008	297099008	SAME_AS
297107002	409623005	SAME_AS
297108007	105615001	REPLACED_BY
297144002	762917000	REPLACED_BY
297202001	297200009	SAME_AS
297221000119104	15637431000119106	SAME_AS
297228003	64910008	SAME_AS
297229006	274718005	SAME_AS
297231000119101	15637391000119101	SAME_AS
297257004	1295529002	REPLACED_BY
297259001	295397004	SAME_AS
2973002	269159008	SAME_AS
297951005	23267004	SAME_AS
297967004	297968009	SAME_AS
297969001	297970000	SAME_AS
297972008	278999000	SAME_AS
298068009	874840003	SAME_AS
29807001	127305005	REPLACED_BY
298122009	230633007	SAME_AS
298131009	285601000	SAME_AS
298132002	81884004	SAME_AS
298146002	271771009	SAME_AS
29815003	269083002	SAME_AS
298151008	16711001	SAME_AS
298246006	67374007	SAME_AS
298250004	110288007	SAME_AS
298271009	205532005	SAME_AS
298313002	387603000	SAME_AS
298327007	267078001	SAME_AS
298374003	298377005	SAME_AS
298395008	298396009	SAME_AS
298496005	298497001	SAME_AS
29859007	1269145009	REPLACED_BY
298592005	298590002	SAME_AS
29868009	95834000	SAME_AS
29874009	196791007	SAME_AS
298752006	102556003	SAME_AS
298760007	405735008	SAME_AS
29879004	208795009	SAME_AS
29916003	39423001	SAME_AS
299235000	74820003	SAME_AS
299379000	250116007	SAME_AS
299425008	1285259006	REPLACED_BY
299426009	1285260001	REPLACED_BY
299427000	1285255000	REPLACED_BY
299430007	1285261002	REPLACED_BY
299431006	1285262009	REPLACED_BY
299432004	1285256004	REPLACED_BY
299436001	1285271000	REPLACED_BY
299437005	1285270004	REPLACED_BY
299438000	1285276005	REPLACED_BY
299441009	1285268008	REPLACED_BY
299442002	1285267003	REPLACED_BY
299443007	1285275009	REPLACED_BY
29950007	609486003	REPLACED_BY
299508008	445153009	SAME_AS
29963001	1284865006	REPLACED_BY
299702006	44564008	SAME_AS
299707000	109245003	SAME_AS
29995000	609465003	REPLACED_BY
299955005	18618006	SAME_AS
299968002	387712008	SAME_AS
300200005	60862001	SAME_AS
300221005	401009005	SAME_AS
300239001	4522001	SAME_AS
300242007	74788000	SAME_AS
300252006	22490002	SAME_AS
300253001	22490002	SAME_AS
300273006	324618004	SAME_AS
300282000	300283005	SAME_AS
300285003	15238002	SAME_AS
30031007	127306006	REPLACED_BY
300311000119106	774122004	SAME_AS
300318005	366251003	SAME_AS
300321000119104	774121006	SAME_AS
300363006	300364000	SAME_AS
300388003	62315008	SAME_AS
300389006	301317008	SAME_AS
30039009	124220008	SAME_AS
300393000	365674003	SAME_AS
300410004	249545003	SAME_AS
30041005	1111451000000106	REPLACED_BY
300421008	72300008	SAME_AS
300423006	27144005	SAME_AS
300468003	9957009	SAME_AS
300491004	63901009	SAME_AS
3005000	210883008	SAME_AS
300543003	315220002	SAME_AS
300554008	34571000	SAME_AS
300847008	300848003	SAME_AS
300871001	65124004	SAME_AS
300873003	45177002	SAME_AS
300891000119108	12238911000119108	SAME_AS
300901000119107	12238951000119109	SAME_AS
300911008	717234006	REPLACED_BY
300930008	34563004	SAME_AS
300951006	76886005	SAME_AS
300960003	192029008	SAME_AS
301013004	369011000119102	SAME_AS
301015006	699214007	REPLACED_BY
301016007	699211004	REPLACED_BY
301017003	699212006	REPLACED_BY
301018008	699217000	REPLACED_BY
301019000	699213001	REPLACED_BY
301020006	95345008	SAME_AS
301023008	300984006	SAME_AS
301031003	85057007	SAME_AS
301124004	7036007	SAME_AS
301129009	88610006	SAME_AS
301134008	271656000	SAME_AS
301144005	30846001	SAME_AS
301161000119100	788483004	SAME_AS
301171000119106	788480001	SAME_AS
301181000119109	788470000	REPLACED_BY
301191000119107	788468009	REPLACED_BY
301192005	249366005	SAME_AS
301211006	249467000	SAME_AS
301221000119101	788484005	SAME_AS
301231000119103	788476006	REPLACED_BY
301234002	72863001	SAME_AS
301235001	49727002	SAME_AS
301241000119107	788485006	SAME_AS
301248002	76067001	SAME_AS
301249005	65958008	SAME_AS
301251000119109	788481002	SAME_AS
301261000119106	788469001	REPLACED_BY
301262009	1149359000	SAME_AS
301271000119100	788473003	REPLACED_BY
301274008	31572008	SAME_AS
301275009	9763007	SAME_AS
301276005	21906008	SAME_AS
301291000119104	788474009	REPLACED_BY
3013004	269165008	REPLACED_BY
301301000119103	788486007	SAME_AS
301311000119100	788475005	REPLACED_BY
301321001	48251003	SAME_AS
301353005	41652007	SAME_AS
301361000	1290337007	REPLACED_BY
301385008	247348008	SAME_AS
301422007	298751004	SAME_AS
301444002	64144002	SAME_AS
30155000	23073007	SAME_AS
301708006	48348007	SAME_AS
301810000	40733004	REPLACED_BY
301811001	87628006	REPLACED_BY
301813003	301864002	SAME_AS
301814009	1293198008	SAME_AS
30187002	48723006	SAME_AS
301906002	300849006	SAME_AS
301908001	246679005	SAME_AS
301915009	246843000	SAME_AS
301958008	43408002	SAME_AS
302010004	422441003	SAME_AS
302025004	1222904004	SAME_AS
302076001	289164001	SAME_AS
302126000	87248009	REPLACED_BY
302219006	301354004	SAME_AS
302241006	274667000	REPLACED_BY
302254004	200151008	SAME_AS
302507002	724685000	SAME_AS
302758002	84229001	SAME_AS
302822000	713189001	REPLACED_BY
302823005	1187521002	REPLACED_BY
302844005	276799004	SAME_AS
302895007	1003530008	REPLACED_BY
302901005	72789009	SAME_AS
302925002	398022005	SAME_AS
302944009	204383001	SAME_AS
302945005	204470001	SAME_AS
302951000	24291004	REPLACED_BY
302962000	206201001	SAME_AS
302963005	77362009	SAME_AS
302970005	213155008	SAME_AS
302981000119100	781242005	SAME_AS
302983006	293383005	SAME_AS
302984000	293531002	SAME_AS
30299001	204061006	SAME_AS
302991000119102	781241003	SAME_AS
303001000119101	712504007	SAME_AS
303017006	1217301006	SAME_AS
30318007	204521002	SAME_AS
30319004	67195008	SAME_AS
30354006	237279007	SAME_AS
30360006	11389007	SAME_AS
303799004	373931001	SAME_AS
304086001	66948001	SAME_AS
30409006	1259922002	REPLACED_BY
304215001	876883006	REPLACED_BY
304286005	781185006	REPLACED_BY
304457009	87970004	SAME_AS
304521001	267102003	SAME_AS
304527002	281239006	SAME_AS
304595001	128189008	SAME_AS
304606004	15167005	SAME_AS
304711000119102	1075171000119102	SAME_AS
30479005	609456005	REPLACED_BY
304835005	72758005	SAME_AS
304836006	212145003	SAME_AS
304839004	72556006	SAME_AS
304840002	1852004	SAME_AS
304841003	53933002	SAME_AS
304842005	9441002	SAME_AS
304843000	49384009	SAME_AS
304844006	640003	SAME_AS
304845007	78458000	SAME_AS
304869006	304870007	SAME_AS
304874003	304871006	SAME_AS
304875002	304867008	SAME_AS
304899002	372089002	SAME_AS
305031000119109	1201776003	SAME_AS
305047005	306058006	SAME_AS
305091000119108	767002009	SAME_AS
305101000119103	767003004	SAME_AS
30513002	210243005	SAME_AS
305201000119107	1010215007	SAME_AS
305211000119105	1010217004	SAME_AS
30523006	247153005	SAME_AS
305470005	305450004	SAME_AS
305545008	305530001	SAME_AS
30577005	267532001	SAME_AS
305803000	305805007	SAME_AS
305804006	305805007	SAME_AS
30642002	718936004	SAME_AS
306537009	308374001	SAME_AS
30671001	206192007	SAME_AS
306870009	443488001	REPLACED_BY
306871008	72860003	REPLACED_BY
306911000119107	1293278005	SAME_AS
306991000119103	1293277000	SAME_AS
307044002	197872008	SAME_AS
307129001	124621004	SAME_AS
307217000	19995004	SAME_AS
307222000	128056006	SAME_AS
307230004	781192001	SAME_AS
307231000	781191008	SAME_AS
307291000119106	734025005	REPLACED_BY
307357004	267592003	REPLACED_BY
307358009	193000002	REPLACED_BY
307360006	192781003	REPLACED_BY
307361005	223176004	SAME_AS
30738005	26158002	REPLACED_BY
307388000	63305008	SAME_AS
307413004	162200009	SAME_AS
307414005	34436003	REPLACED_BY
307503005	63305008	SAME_AS
307504004	278853003	REPLACED_BY
307525004	13746004	REPLACED_BY
307526003	386808001	REPLACED_BY
307527007	74732009	REPLACED_BY
307530000	74400008	REPLACED_BY
307532008	236433006	SAME_AS
307537002	35489007	REPLACED_BY
307538007	63135006	SAME_AS
307539004	86345004	SAME_AS
307540002	45853006	SAME_AS
307595008	254626006	REPLACED_BY
307650006	722067005	REPLACED_BY
307652003	109994006	SAME_AS
307674009	1344976008	REPLACED_BY
307715007	274101000	REPLACED_BY
307718009	271547004	SAME_AS
307722004	301717006	REPLACED_BY
307724003	301715003	REPLACED_BY
307725002	83132003	REPLACED_BY
307732006	190905008	REPLACED_BY
307736009	307733001	REPLACED_BY
307738005	307733001	REPLACED_BY
307739002	59363009	REPLACED_BY
307743003	59363009	REPLACED_BY
307744009	307737000	REPLACED_BY
307745005	307737000	REPLACED_BY
307747002	59363009	REPLACED_BY
307748007	307737000	REPLACED_BY
307751000	59363009	REPLACED_BY
307753002	307733001	REPLACED_BY
307760008	371632003	REPLACED_BY
307761007	89458003	REPLACED_BY
307763005	300999006	REPLACED_BY
307774001	398676009	SAME_AS
307980004	68172002	SAME_AS
30809000	209117003	SAME_AS
308120004	1343694009	REPLACED_BY
308121000119104	203665007	REPLACED_BY
308122007	415112005	REPLACED_BY
308124008	415530009	REPLACED_BY
308128006	73020009	REPLACED_BY
308141005	724486009	REPLACED_BY
308146000	84138006	REPLACED_BY
308147009	76069003	REPLACED_BY
308149007	267036007	REPLACED_BY
308150007	4568003	REPLACED_BY
308151006	8579004	REPLACED_BY
308174005	46621007	SAME_AS
308488003	243878006	SAME_AS
308551004	48194001	SAME_AS
3086002	187072009	REPLACED_BY
308636003	300361008	SAME_AS
308726003	69278003	REPLACED_BY
308728002	767357000	REPLACED_BY
308748009	160314003	SAME_AS
308759000	709562004	REPLACED_BY
308887002	1208402005	REPLACED_BY
308893005	130091000119103	SAME_AS
308905009	72163003	SAME_AS
308907001	36261000	SAME_AS
30896000	399050001	SAME_AS
309156008	66466001	SAME_AS
309158009	442096005	REPLACED_BY
309194008	34641000087106	REPLACED_BY
309258000	788499005	REPLACED_BY
309259008	402234004	SAME_AS
30942000	240765004	SAME_AS
309472006	54602006	REPLACED_BY
309473001	247470007	REPLACED_BY
309474007	31090002	REPLACED_BY
309492004	196168001	REPLACED_BY
309533009	87860000	SAME_AS
309551005	38276004	SAME_AS
309552003	75483001	REPLACED_BY
309553008	442635007	REPLACED_BY
309554002	168448002	REPLACED_BY
309555001	166318006	REPLACED_BY
309586007	274535006	REPLACED_BY
309595004	4855003	SAME_AS
309597007	280137006	SAME_AS
30961001	162248005	SAME_AS
30972006	210325009	REPLACED_BY
309726006	396152005	REPLACED_BY
309732001	77692006	REPLACED_BY
309741006	94638008	SAME_AS
309745002	203438009	SAME_AS
309746001	49710005	REPLACED_BY
309747005	442618008	REPLACED_BY
309748000	248054003	REPLACED_BY
309764008	363173007	SAME_AS
309769003	19362000	REPLACED_BY
309770002	109912006	SAME_AS
309771003	125598003	REPLACED_BY
309772005	125599006	REPLACED_BY
309782006	307534009	SAME_AS
309808004	363348004	REPLACED_BY
309810002	410429000	REPLACED_BY
309811003	84089009	REPLACED_BY
309839002	1296883003	REPLACED_BY
309846006	266756008	REPLACED_BY
30997005	269183000	REPLACED_BY
31000119100	234347009	SAME_AS
31007005	266589005	SAME_AS
310310008	165679005	SAME_AS
310311007	165680008	SAME_AS
310312000	165681007	SAME_AS
31037001	1654001	SAME_AS
310373003	1363601001	SAME_AS
310527001	1268668007	REPLACED_BY
310528006	1268666006	REPLACED_BY
310529003	1268667002	REPLACED_BY
310573004	310567000	SAME_AS
310574005	310568005	SAME_AS
310589001	417672002	SAME_AS
310592002	90968009	REPLACED_BY
310594001	90968009	REPLACED_BY
310640003	1297313005	REPLACED_BY
310668004	448421008	SAME_AS
310671007	61974008	SAME_AS
310838006	370377000	REPLACED_BY
310881009	182981008	REPLACED_BY
31122002	430751001	SAME_AS
311221000119103	15972821000119108	SAME_AS
31123007	240519004	SAME_AS
311403008	460616007	SAME_AS
31142006	186266008	SAME_AS
311448007	31984004	REPLACED_BY
311449004	1344625007	REPLACED_BY
311450004	1343489000	REPLACED_BY
311451000	31984004	REPLACED_BY
311452007	1344625007	REPLACED_BY
31166000	815008	REPLACED_BY
311778004	1343695005	REPLACED_BY
311790002	129574000	SAME_AS
311794006	129574000	REPLACED_BY
311795007	129574000	REPLACED_BY
311797004	129574000	REPLACED_BY
311799001	197895004	SAME_AS
311810006	162128006	REPLACED_BY
311811005	301716002	REPLACED_BY
311812003	301754002	REPLACED_BY
311813008	304542004	REPLACED_BY
311820001	18276007	SAME_AS
311823004	52603002	REPLACED_BY
311824005	50531009	REPLACED_BY
31184003	200895000	SAME_AS
311852001	4208000	SAME_AS
311892004	240198002	REPLACED_BY
312079003	312081001	SAME_AS
312120000	128984004	SAME_AS
312127002	95882006	SAME_AS
312130009	34014006	REPLACED_BY
312146001	3218000	REPLACED_BY
312147005	128120005	SAME_AS
312152000	31194008	SAME_AS
312156002	129129003	SAME_AS
312194002	10573002	SAME_AS
31227001	1300163008	REPLACED_BY
312342009	233604007	SAME_AS
312358007	721730009	REPLACED_BY
312360009	238644003	REPLACED_BY
312388003	109675004	SAME_AS
312393000	1172949003	REPLACED_BY
312396008	1172948006	REPLACED_BY
312403005	195889001	SAME_AS
312424000	17741008	SAME_AS
31250007	246849001	SAME_AS
312587007	42861008	SAME_AS
312653006	1538006	REPLACED_BY
312656003	42686001	REPLACED_BY
312658002	106009009	REPLACED_BY
312659005	106009009	REPLACED_BY
31269002	723974008	REPLACED_BY
312785002	34840004	SAME_AS
312787005	1269385006	REPLACED_BY
312838000	1268463007	REPLACED_BY
312840005	274156000	SAME_AS
312841009	274157009	SAME_AS
312842002	274158004	SAME_AS
312860002	763726001	REPLACED_BY
312865007	763896000	REPLACED_BY
312897007	312901001	SAME_AS
312919005	276436007	SAME_AS
312938001	1229998009	REPLACED_BY
312964007	77157004	SAME_AS
31297008	723916001	SAME_AS
312977003	17594002	REPLACED_BY
312978008	193709009	SAME_AS
312980002	28670008	REPLACED_BY
31298003	19034001	SAME_AS
312981003	30093007	REPLACED_BY
312985007	44991000119100	REPLACED_BY
312986008	301822002	REPLACED_BY
312988009	12867002	REPLACED_BY
312989001	4006006	REPLACED_BY
312990005	13866000	REPLACED_BY
312992002	241748001	REPLACED_BY
31314003	192770001	SAME_AS
313173005	764526007	REPLACED_BY
313181006	46230007	SAME_AS
313224008	83482000	SAME_AS
313239009	300297002	REPLACED_BY
313240006	246571003	REPLACED_BY
313241005	112109002	REPLACED_BY
313242003	266257000	SAME_AS
313243008	240534005	SAME_AS
313244002	274535006	REPLACED_BY
313246000	111489007	REPLACED_BY
313279000	17276009	SAME_AS
313282005	46311005	SAME_AS
313290005	91175000	SAME_AS
313300003	92250007	SAME_AS
313305008	35486000	SAME_AS
313323000	266096002	REPLACED_BY
31337009	237747002	SAME_AS
313372007	876882001	REPLACED_BY
313433007	186177005	SAME_AS
313435000	46635009	REPLACED_BY
313436004	44054006	REPLACED_BY
313438003	161972006	REPLACED_BY
31387002	707440005	REPLACED_BY
314001003	716717005	SAME_AS
314025006	72983001	SAME_AS
314027003	39021009	SAME_AS
314062008	168072004	SAME_AS
314063003	365789002	SAME_AS
314066006	44979007	SAME_AS
314103003	315019000	SAME_AS
314106006	168074003	SAME_AS
314107002	168073009	SAME_AS
314109004	224960004	SAME_AS
31411005	390834004	SAME_AS
314131007	271558008	SAME_AS
314232009	763380007	REPLACED_BY
314366002	763323007	REPLACED_BY
314401006	316358009	REPLACED_BY
314466003	314467007	SAME_AS
31447006	194101008	SAME_AS
314471005	1268934004	REPLACED_BY
314496008	443182008	SAME_AS
314506004	85848002	SAME_AS
314507008	30410001	SAME_AS
314517003	75971007	SAME_AS
314528004	189155007	SAME_AS
314611000119106	67289000	SAME_AS
314621000119104	24617007	SAME_AS
314717001	9009001	SAME_AS
314770007	372058001	REPLACED_BY
314771006	421437000	SAME_AS
314782003	231812008	SAME_AS
314785001	232086000	SAME_AS
314787009	410471004	SAME_AS
3148008	386804004	REPLACED_BY
314884009	87778004	SAME_AS
314894004	71771000119100	SAME_AS
314901000	765782003	REPLACED_BY
314904008	781000119106	SAME_AS
314947008	1290066001	REPLACED_BY
314949006	1269314004	SAME_AS
314985006	102598000	SAME_AS
315011002	441690002	REPLACED_BY
315013004	736595007	REPLACED_BY
31502007	398264003	SAME_AS
315034006	109276009	SAME_AS
315035007	109282007	SAME_AS
315242001	197927001	SAME_AS
315299009	80394007	REPLACED_BY
315607009	715144004	REPLACED_BY
315642008	95891005	REPLACED_BY
31566008	193072006	SAME_AS
315864002	160379003	SAME_AS
31610001000004101	1098871000119109	SAME_AS
31668003	299466008	SAME_AS
316841006	315826004	SAME_AS
316901000119106	774133001	SAME_AS
3170001000004104	15627891000119105	SAME_AS
3170006	423488006	SAME_AS
3171005	194118007	SAME_AS
31741006	66857006	SAME_AS
31762007	210431006	REPLACED_BY
317701000119105	1078279007	REPLACED_BY
31796000	298093006	REPLACED_BY
31798004	719096006	REPLACED_BY
31829008	300956001	SAME_AS
31838005	44572005	SAME_AS
31845005	271955004	SAME_AS
31869009	298067004	REPLACED_BY
318761000119105	34643004	SAME_AS
31886003	40100001	SAME_AS
318967007	110149000	SAME_AS
31912009	191306005	SAME_AS
3192005	204370002	SAME_AS
31941000	77881008	REPLACED_BY
31964003	128293007	REPLACED_BY
31981007	1162440009	REPLACED_BY
319841000119107	398726004	SAME_AS
319951007	110149000	SAME_AS
3208005	210308007	REPLACED_BY
32100001000004100	540941000124101	REPLACED_BY
32106001	23713006	REPLACED_BY
321181000119104	307138004	SAME_AS
32124004	210277000	SAME_AS
32160009	240084007	SAME_AS
321681000119108	1332552007	SAME_AS
321751000119105	1332553002	SAME_AS
321900004	210087005	SAME_AS
32200003	874838008	REPLACED_BY
32221003	86487001	SAME_AS
32251000119106	267369002	SAME_AS
32260001	111213004	REPLACED_BY
3226008	291000119100	REPLACED_BY
32273002	2897005	REPLACED_BY
32300001	718485003	SAME_AS
3230006	609456005	REPLACED_BY
323091004	41497008	SAME_AS
32326006	211053006	SAME_AS
32348000	125653000	REPLACED_BY
3235001	387603000	REPLACED_BY
323850000	247348008	SAME_AS
3240001000004103	98041000119107	SAME_AS
32415004	127304009	REPLACED_BY
324170002	188732008	SAME_AS
3246003	33995003	REPLACED_BY
324798006	325753009	SAME_AS
32491009	203392007	SAME_AS
32550009	210294003	REPLACED_BY
32631004	91175000	SAME_AS
32698008	240302002	SAME_AS
327485009	326542006	SAME_AS
32811001	128115005	SAME_AS
328488009	1235004000	REPLACED_BY
328561000119107	1366433008	SAME_AS
328571000119101	1366439007	SAME_AS
32868004	235853006	SAME_AS
32889008	240682005	SAME_AS
32917001	238025006	SAME_AS
32923006	788010000	REPLACED_BY
32935005	373426005	SAME_AS
329477007	445902007	REPLACED_BY
329489009	1235004000	REPLACED_BY
32949001	240149006	SAME_AS
329521000119106	1153544008	SAME_AS
329531000119109	1153545009	SAME_AS
329581000119105	1153546005	SAME_AS
329676006	229664007	SAME_AS
32976001	125661005	REPLACED_BY
330007004	196859000	SAME_AS
330081000119108	783629005	SAME_AS
330091000119106	783716004	SAME_AS
33010005	205294008	SAME_AS
33011009	191973007	SAME_AS
33021001	298086007	REPLACED_BY
33024009	21639008	SAME_AS
33046001	609491002	REPLACED_BY
330656002	229664007	SAME_AS
33076008	67341007	SAME_AS
330853007	217665000	SAME_AS
33087000	31825002	SAME_AS
33088005	111474003	REPLACED_BY
330982009	414923000	SAME_AS
33197007	40287006	SAME_AS
3320001000004105	801151000124101	REPLACED_BY
33229005	61142002	REPLACED_BY
33233003	111694003	REPLACED_BY
33245007	240681003	SAME_AS
332649001	289195008	SAME_AS
33281005	208014003	SAME_AS
33282003	63305008	SAME_AS
33318008	208283005	SAME_AS
33332005	127295002	REPLACED_BY
33339001	156370009	REPLACED_BY
33366001	203389008	SAME_AS
33411000119104	699209008	SAME_AS
33413000	29717002	SAME_AS
33423009	210431006	REPLACED_BY
3348000	83172007	REPLACED_BY
33508002	70241007	REPLACED_BY
33511001	210459007	REPLACED_BY
33537003	268826001	SAME_AS
33557004	371082009	REPLACED_BY
335591000119108	1360057005	SAME_AS
33561005	609455009	REPLACED_BY
335846001	386034005	REPLACED_BY
336031000119105	1303338003	REPLACED_BY
33628006	897301001	REPLACED_BY
33647009	392288006	REPLACED_BY
336581000119102	1356746000	SAME_AS
336611000119109	1297001007	REPLACED_BY
33693007	192527004	REPLACED_BY
33726002	827036000	REPLACED_BY
33771000119101	74732009	REPLACED_BY
33799001	231795004	REPLACED_BY
339502006	337471007	SAME_AS
33953007	196607008	SAME_AS
33967003	860914002	SAME_AS
33971000119104	62703006	REPLACED_BY
3401001	36420002	SAME_AS
34050004	195881003	SAME_AS
3408007	186476008	SAME_AS
34101000119105	418763003	REPLACED_BY
341201000119100	1360056001	SAME_AS
34150001	1254988002	REPLACED_BY
341641000119100	1303339006	REPLACED_BY
34169006	204102004	SAME_AS
34171006	275598004	SAME_AS
342191000119105	1356747009	SAME_AS
342221000119104	1297002000	REPLACED_BY
34226009	30654002	SAME_AS
34242002	199154009	SAME_AS
34314002	204524005	SAME_AS
34320001	447012002	SAME_AS
34365005	195258006	SAME_AS
34432001	736517000	REPLACED_BY
344481000119109	349121000119101	SAME_AS
34502006	206226005	SAME_AS
34509002	210469001	REPLACED_BY
345604006	367527001	REPLACED_BY
34565006	1197600008	REPLACED_BY
34588007	275262008	SAME_AS
34614007	17369002	REPLACED_BY
34638006	312514006	SAME_AS
346410121000119101	16002111000119106	SAME_AS
34644005	194802003	SAME_AS
346451000119107	1360058000	SAME_AS
346572009	367527001	SAME_AS
34671005	1295265008	REPLACED_BY
34681009	1179634008	REPLACED_BY
34686004	397758007	SAME_AS
346861000119107	1303340008	REPLACED_BY
3470001	407523005	SAME_AS
34701001	609479006	REPLACED_BY
347351000119104	1356748004	SAME_AS
347381000119106	1297004004	REPLACED_BY
347556009	131157003	SAME_AS
34777003	125660006	REPLACED_BY
34812009	111447004	REPLACED_BY
34835007	63501000	SAME_AS
34836008	55308005	REPLACED_BY
3485007	29753000	REPLACED_BY
348558007	131157003	SAME_AS
349553005	131157003	SAME_AS
34960006	723675006	REPLACED_BY
34962003	210470000	REPLACED_BY
3500002	210308007	REPLACED_BY
3503000	57715001	REPLACED_BY
35037009	236302005	REPLACED_BY
3505007	47135001	REPLACED_BY
3508009	385482004	SAME_AS
351171000119101	254627002	REPLACED_BY
351191000119100	1287573002	REPLACED_BY
351251000119103	94148006	SAME_AS
35166005	125657004	REPLACED_BY
35205000	274097009	SAME_AS
35211002	270510008	SAME_AS
35243002	64779008	REPLACED_BY
352818000	84757009	REPLACED_BY
35302004	197802007	SAME_AS
35303009	198942000	REPLACED_BY
353091000119100	446711009	SAME_AS
353101000119105	446710005	SAME_AS
35329009	196302008	SAME_AS
353421000119109	1306541002	REPLACED_BY
353431000119107	1306292009	REPLACED_BY
353441000119103	1306508000	REPLACED_BY
35349000	270491006	SAME_AS
353501000119104	1306542009	REPLACED_BY
353511000119101	1306291002	REPLACED_BY
353521000119108	1306507005	REPLACED_BY
3541000119107	1010238005	SAME_AS
354491000119109	1306292009	REPLACED_BY
354591000119108	1306291002	REPLACED_BY
354701000119107	890528009	SAME_AS
354741000119109	890529001	SAME_AS
35502003	111270009	REPLACED_BY
3551000119109	1010236009	SAME_AS
35533001	90688005	REPLACED_BY
35591002	734009000	REPLACED_BY
35602005	249263004	SAME_AS
35610006	2776000	SAME_AS
356711002	247679002	SAME_AS
35698000	212709006	SAME_AS
35731002	202725007	SAME_AS
35773005	874917001	REPLACED_BY
35842002	41766008	SAME_AS
35843007	399357009	SAME_AS
35844001	426936004	SAME_AS
358699003	247679002	SAME_AS
35898002	415105001	SAME_AS
35899005	263244000	REPLACED_BY
35921000	28749009	SAME_AS
3595002	75258004	REPLACED_BY
359542008	65358001	SAME_AS
359560008	359557001	SAME_AS
359610006	781682005	SAME_AS
359614002	12463005	REPLACED_BY
359620001	359617009	SAME_AS
359626007	359631009	SAME_AS
359633007	833278008	REPLACED_BY
359636004	359640008	SAME_AS
359638003	359642000	SAME_AS
359645003	359648001	REPLACED_BY
359662008	415822001	REPLACED_BY
359664009	24526004	SAME_AS
359666006	186150001	SAME_AS
359669004	12193006	SAME_AS
359674007	8148005	SAME_AS
359676009	47895001	SAME_AS
359680004	359685009	SAME_AS
359682007	186591007	SAME_AS
359689003	359692004	SAME_AS
359690007	35743001	SAME_AS
35970001	268245001	SAME_AS
359709005	359700009	SAME_AS
359710000	709119005	SAME_AS
359714009	359711001	SAME_AS
359721009	359717002	SAME_AS
359729006	359725000	SAME_AS
359735006	359732009	SAME_AS
359737003	359733004	SAME_AS
359754006	399183005	SAME_AS
359767009	126872008	SAME_AS
359770008	126872008	SAME_AS
359773005	235002009	SAME_AS
359777006	359780007	SAME_AS
3598000	1281813008	REPLACED_BY
359801000	52515009	SAME_AS
359811007	359814004	SAME_AS
359834003	367475009	SAME_AS
359840005	399233006	SAME_AS
359939009	199223000	SAME_AS
359964007	11687002	SAME_AS
360069008	125666000	REPLACED_BY
36009009	24595009	REPLACED_BY
360332001	302835009	SAME_AS
360335004	302835009	SAME_AS
360337007	360339005	SAME_AS
360366005	38599001	SAME_AS
360367001	360369003	SAME_AS
360402008	78129009	SAME_AS
360417007	360419005	SAME_AS
360420004	420811004	REPLACED_BY
360421000	420811004	SAME_AS
360423002	420811004	REPLACED_BY
360427001	370518000	SAME_AS
360433005	63305008	SAME_AS
360435003	360444002	SAME_AS
360436002	24291004	SAME_AS
360456001	204921008	SAME_AS
360462006	92263001	SAME_AS
360465008	45227007	REPLACED_BY
360470001	89549007	SAME_AS
360504006	367489004	SAME_AS
360507004	278715001	SAME_AS
36052009	212347004	SAME_AS
360561001	415105001	SAME_AS
360575008	360586005	SAME_AS
360579002	360586005	SAME_AS
360589003	360619001	SAME_AS
360597005	360619001	SAME_AS
360745000	360757009	SAME_AS
360763000	361091007	SAME_AS
360800009	360812008	SAME_AS
360804000	360812008	SAME_AS
360822002	361092000	SAME_AS
360843001	78373000	SAME_AS
360866000	360878001	SAME_AS
360910004	360902000	SAME_AS
360921008	360959000	REPLACED_BY
360953004	360943000	SAME_AS
360969006	360994007	SAME_AS
360979008	360959000	SAME_AS
360987009	360959000	SAME_AS
361001004	360959000	SAME_AS
361010007	360994007	SAME_AS
361026008	361017005	SAME_AS
361036000	361017005	SAME_AS
36104001	212757000	SAME_AS
361086006	361087002	SAME_AS
361088007	361089004	SAME_AS
361096002	396544001	SAME_AS
361114001	361112002	SAME_AS
361121001	361122008	SAME_AS
361123003	193000002	REPLACED_BY
361128007	34230007	SAME_AS
361138002	361137007	SAME_AS
361139005	197085005	SAME_AS
361143009	197083003	SAME_AS
361144003	197083003	SAME_AS
361145002	197083003	SAME_AS
361197009	361198004	SAME_AS
361204001	124594007	SAME_AS
361205000	18504008	SAME_AS
361206004	18504008	SAME_AS
361214005	361213004	SAME_AS
361266001	643001	SAME_AS
361276003	74227009	SAME_AS
36131003	212523005	SAME_AS
361676009	428794004	REPLACED_BY
36201002	3441005	REPLACED_BY
36211009	213378007	REPLACED_BY
36215000	236693000	SAME_AS
36229004	298071001	REPLACED_BY
36234000	386681007	SAME_AS
362727005	432119003	REPLACED_BY
36273000	26947005	REPLACED_BY
36280003	876820007	REPLACED_BY
362986005	427439005	REPLACED_BY
363017002	116224001	REPLACED_BY
363018007	116224001	REPLACED_BY
363044007	105969002	REPLACED_BY
36307001	211306000	SAME_AS
363101005	1254795002	REPLACED_BY
363129008	80002007	SAME_AS
363139002	363185004	SAME_AS
363167006	125585007	SAME_AS
363172002	274144001	SAME_AS
363174001	43275000	SAME_AS
363178003	3723001	SAME_AS
363205007	86095007	SAME_AS
363230005	126488004	SAME_AS
363292004	271982007	SAME_AS
363314000	418475009	REPLACED_BY
363347009	371982006	SAME_AS
363356001	93727008	SAME_AS
363357005	363346000	REPLACED_BY
36336001	1263629002	REPLACED_BY
363361004	93870000	SAME_AS
363362006	269469005	SAME_AS
363371002	93725000	SAME_AS
363397008	709031009	SAME_AS
3634007	609451000	REPLACED_BY
363442002	371972005	SAME_AS
363472008	93746009	SAME_AS
363479004	371964008	SAME_AS
363480001	371965009	SAME_AS
363511009	372130007	SAME_AS
363512002	372011009	SAME_AS
363513007	1263476003	SAME_AS
363519006	372063002	SAME_AS
36357009	192119003	SAME_AS
36363000	26613009	SAME_AS
36366008	1263724003	REPLACED_BY
363692008	29753000	SAME_AS
363693003	14760008	SAME_AS
363734002	88797001	REPLACED_BY
363786006	130987000	SAME_AS
36379004	186172004	SAME_AS
36399005	10217006	SAME_AS
364006	195114002	SAME_AS
364583007	51347003	SAME_AS
36473002	609512008	REPLACED_BY
364738009	302080006	SAME_AS
364899006	1222899003	SAME_AS
364952000	366469005	SAME_AS
365041002	365039003	SAME_AS
365051001	365163008	SAME_AS
365157004	4320005	SAME_AS
365405007	302088004	SAME_AS
36558000	1293117004	REPLACED_BY
365616005	365618006	SAME_AS
365644006	115758001	SAME_AS
365673009	10579003	SAME_AS
365685001	167975002	SAME_AS
365754004	75478009	REPLACED_BY
365788005	365789002	REPLACED_BY
365846006	365845005	SAME_AS
365880009	271349002	SAME_AS
365881008	271350002	SAME_AS
365986002	228402009	SAME_AS
365991001	228430009	SAME_AS
366017009	281005004	SAME_AS
36603006	5127009	REPLACED_BY
366035000	193570009	REPLACED_BY
366059005	118614007	SAME_AS
36608002	1162478006	REPLACED_BY
366129003	301820005	SAME_AS
366160003	4320005	SAME_AS
366326001	289239008	SAME_AS
366330003	1236949008	REPLACED_BY
36657004	209442001	SAME_AS
366582000	35494007	SAME_AS
366616004	1285252002	REPLACED_BY
366617008	1285253007	REPLACED_BY
366618003	1285277001	REPLACED_BY
366619006	1285272007	REPLACED_BY
366620000	1285269000	REPLACED_BY
366650008	364829003	REPLACED_BY
366756007	134439009	SAME_AS
366763007	135844000	SAME_AS
366764001	135866007	SAME_AS
366786000	708373002	SAME_AS
366787009	370226009	SAME_AS
366788004	370225008	SAME_AS
366789007	370205009	SAME_AS
366790003	370208006	SAME_AS
366791004	370202007	SAME_AS
366792006	370203002	SAME_AS
366793001	370204008	SAME_AS
366794007	370207001	SAME_AS
366795008	370206005	SAME_AS
366804007	135796009	SAME_AS
366805008	135797000	SAME_AS
366806009	135799002	SAME_AS
366811006	135823000	SAME_AS
366812004	135822005	SAME_AS
366813009	134386009	SAME_AS
366814003	134397009	SAME_AS
366817005	135825007	SAME_AS
366818000	135826008	SAME_AS
366822005	224484003	SAME_AS
366824006	135880000	SAME_AS
366825007	135828009	SAME_AS
366826008	135827004	SAME_AS
366827004	135846003	SAME_AS
366828009	720349002	SAME_AS
366829001	134401001	SAME_AS
366831005	239960007	SAME_AS
366832003	134439009	SAME_AS
366837009	134374006	SAME_AS
366841008	135844000	SAME_AS
366842001	135866007	SAME_AS
366864005	708373002	SAME_AS
366865006	370226009	SAME_AS
366866007	370225008	SAME_AS
366867003	370205009	SAME_AS
366868008	370208006	SAME_AS
366869000	370202007	SAME_AS
366870004	370203002	SAME_AS
366871000	370204008	SAME_AS
366872007	370207001	SAME_AS
366873002	370206005	SAME_AS
366884009	135796009	SAME_AS
366885005	135797000	SAME_AS
366886006	135799002	SAME_AS
366891007	135823000	SAME_AS
366892000	135822005	SAME_AS
366893005	134386009	SAME_AS
366894004	134397009	SAME_AS
366897006	135825007	SAME_AS
366898001	135826008	SAME_AS
366902007	224484003	SAME_AS
366904008	135880000	SAME_AS
366905009	135828009	SAME_AS
366906005	135827004	SAME_AS
366907001	135846003	SAME_AS
366908006	134421000	SAME_AS
366909003	237599002	SAME_AS
366910008	134401001	SAME_AS
366913005	443165006	REPLACED_BY
366914004	134424008	SAME_AS
366916002	134406006	SAME_AS
366917006	300937006	SAME_AS
366918001	47695004	SAME_AS
366944001	135879003	SAME_AS
366945000	1208807009	REPLACED_BY
366946004	135882008	SAME_AS
366947008	60119000	SAME_AS
366948003	135860001	SAME_AS
366949006	278528006	SAME_AS
366953008	135818000	SAME_AS
366954002	135819008	SAME_AS
366956000	135883003	SAME_AS
366957009	426936004	SAME_AS
366958004	102588006	SAME_AS
366959007	302188001	SAME_AS
366960002	84480002	SAME_AS
366961003	249512003	SAME_AS
366962005	135792006	SAME_AS
366963000	230736007	SAME_AS
366964006	135873002	SAME_AS
366965007	36031001	SAME_AS
366966008	40917007	SAME_AS
366967004	4969004	SAME_AS
366968009	247753000	SAME_AS
366969001	247796005	SAME_AS
366981002	22253000	SAME_AS
366982009	102556003	SAME_AS
366985006	247459000	SAME_AS
366987003	307408003	SAME_AS
366988008	135838004	SAME_AS
367039004	373899003	SAME_AS
367060005	182895007	SAME_AS
367063007	135794007	SAME_AS
367064001	135795008	SAME_AS
367065000	135798005	SAME_AS
367066004	135800003	SAME_AS
367067008	135801004	SAME_AS
367068003	135803001	SAME_AS
367074003	135809002	SAME_AS
367075002	135811006	SAME_AS
367076001	134385008	SAME_AS
367077005	134396000	SAME_AS
367078000	134398004	SAME_AS
367079008	135812004	SAME_AS
367080006	135814003	SAME_AS
367089007	135821003	SAME_AS
367090003	135837009	SAME_AS
367091004	11840006	SAME_AS
367092006	240530001	SAME_AS
367093001	79740000	SAME_AS
367094007	31097004	SAME_AS
367095008	254956000	SAME_AS
367096009	135884009	SAME_AS
367097000	30085007	SAME_AS
367099002	253011004	SAME_AS
367100005	253010003	SAME_AS
367101009	111379007	SAME_AS
367102002	238124008	SAME_AS
367103007	35919005	SAME_AS
367104001	247853008	SAME_AS
367105000	90207007	SAME_AS
367106004	45261009	SAME_AS
367107008	11092001	SAME_AS
367108003	39823006	SAME_AS
367109006	195302000	SAME_AS
367110001	281239006	SAME_AS
367111002	135874008	SAME_AS
367112009	274718005	SAME_AS
367113004	198033005	SAME_AS
367114005	135869000	SAME_AS
367115006	860914002	REPLACED_BY
367116007	135876005	SAME_AS
367117003	135849005	SAME_AS
367119000	82117004	SAME_AS
367120006	200727009	SAME_AS
367121005	62742006	SAME_AS
367122003	135843006	SAME_AS
367123008	135841008	SAME_AS
367124002	254671003	SAME_AS
367125001	201067006	SAME_AS
367126000	200724002	SAME_AS
367127009	48532005	SAME_AS
367128004	309464009	SAME_AS
367129007	135851009	SAME_AS
367130002	105611005	SAME_AS
367131003	211332006	SAME_AS
367133000	135850005	SAME_AS
367136008	125594001	SAME_AS
367138009	262551003	SAME_AS
367139001	283344005	SAME_AS
367140004	217719006	SAME_AS
367141000	134406006	SAME_AS
367142007	300937006	SAME_AS
367143002	47695004	SAME_AS
367161000119106	37429009	SAME_AS
367169008	135879003	SAME_AS
367170009	1208807009	REPLACED_BY
367171008	135882008	SAME_AS
367172001	60119000	SAME_AS
367173006	135860001	SAME_AS
367174000	278528006	SAME_AS
367178002	135818000	SAME_AS
367179005	135819008	SAME_AS
367181007	135883003	SAME_AS
367182000	426936004	SAME_AS
367183005	102588006	SAME_AS
367184004	302188001	SAME_AS
367185003	71820002	SAME_AS
367186002	135792006	SAME_AS
367187006	230736007	SAME_AS
367188001	135873002	SAME_AS
367189009	36031001	SAME_AS
367190000	40917007	SAME_AS
367191001	4969004	SAME_AS
367192008	247753000	SAME_AS
367193003	247796005	SAME_AS
367204005	366979004	SAME_AS
367206007	22253000	SAME_AS
367207003	102556003	SAME_AS
367210005	247459000	SAME_AS
367212002	307408003	SAME_AS
367213007	135838004	SAME_AS
367217008	134375007	SAME_AS
367218003	134376008	SAME_AS
367238002	69996000	REPLACED_BY
367268006	373899003	SAME_AS
367290006	135794007	SAME_AS
367291005	135795008	SAME_AS
367292003	135798005	SAME_AS
367293008	135800003	SAME_AS
367294002	135801004	SAME_AS
367295001	135803001	SAME_AS
367301000	135809002	SAME_AS
367302007	135811006	SAME_AS
367303002	134385008	SAME_AS
367304008	134396000	SAME_AS
367305009	134398004	SAME_AS
367306005	135812004	SAME_AS
367307001	135814003	SAME_AS
367316002	135821003	SAME_AS
367317006	135837009	SAME_AS
367318001	398102009	SAME_AS
367319009	370509002	SAME_AS
367320003	365874001	SAME_AS
367333009	370997001	SAME_AS
367334003	111209006	SAME_AS
367335002	367393006	SAME_AS
367341009	46670006	SAME_AS
367342002	160377001	SAME_AS
367355001	50927007	SAME_AS
367357009	217665000	SAME_AS
367360002	370504007	SAME_AS
367367004	353295004	SAME_AS
367372008	95896000	SAME_AS
367374009	190681003	SAME_AS
367376006	363732003	REPLACED_BY
367389000	75857000	SAME_AS
367392001	248274002	SAME_AS
367395004	359557001	SAME_AS
367398002	8702009	SAME_AS
367404007	399183005	SAME_AS
367407000	367391008	SAME_AS
367410007	303852004	SAME_AS
367415002	263192005	SAME_AS
367418000	267430007	SAME_AS
367420002	294705005	SAME_AS
367422005	237663000	SAME_AS
367427004	363746003	REPLACED_BY
367433008	266599000	SAME_AS
367435001	361115000	SAME_AS
367437009	191306005	SAME_AS
367442001	399233006	SAME_AS
367449005	353295004	SAME_AS
367456004	304838007	SAME_AS
367461002	196286005	SAME_AS
367478006	359536009	SAME_AS
367484009	238525001	SAME_AS
367487002	17226007	REPLACED_BY
367488007	190710003	SAME_AS
367490008	320934008	SAME_AS
367493005	50177009	SAME_AS
367497006	207036003	SAME_AS
367501001	212835003	SAME_AS
367503003	234947003	SAME_AS
367504009	189312004	SAME_AS
367508007	238828009	SAME_AS
367511000119101	722760002	SAME_AS
367511008	234347009	REPLACED_BY
367522007	414492009	SAME_AS
367523002	266429005	SAME_AS
367525009	196885001	SAME_AS
367530008	278713008	SAME_AS
367536002	314467007	SAME_AS
367538001	312591002	REPLACED_BY
367539009	410730009	SAME_AS
367544002	240706001	SAME_AS
367671000119108	719551008	SAME_AS
367721002	204878001	SAME_AS
36773001	298382003	SAME_AS
367731000119102	249263004	SAME_AS
36786005	237926007	SAME_AS
367951000119106	1366549007	SAME_AS
36796001	237333004	SAME_AS
367961000119108	1366550007	SAME_AS
367971000119102	1366548004	SAME_AS
368341000119109	1345272009	REPLACED_BY
36836005	17382005	SAME_AS
36838006	212169004	SAME_AS
368847001	37480005	SAME_AS
368981000119103	1366547009	SAME_AS
36941000119103	36186002	SAME_AS
36943003	765169002	REPLACED_BY
3695006	129668006	REPLACED_BY
36958006	359609001	SAME_AS
369622007	369639009	SAME_AS
369653009	373354004	SAME_AS
36967006	212737004	SAME_AS
369745006	369743004	SAME_AS
36979006	733858005	SAME_AS
370061007	370060008	SAME_AS
370073007	313139000	SAME_AS
370074001	313140003	SAME_AS
370075000	313141004	SAME_AS
370076004	313142006	SAME_AS
370077008	313138008	SAME_AS
370112007	55182004	SAME_AS
37014002	207757002	SAME_AS
370249006	309735004	SAME_AS
37028008	240552005	SAME_AS
3703002	196942009	SAME_AS
370387001	442702006	REPLACED_BY
37050009	90794007	REPLACED_BY
37057007	26112003	SAME_AS
370948005	247055000	SAME_AS
371131009	131074001	SAME_AS
371138003	183948000	REPLACED_BY
3712000	62585004	SAME_AS
37121000	1237272007	REPLACED_BY
371329005	722866000	REPLACED_BY
371330000	197321007	SAME_AS
37141005	267340006	SAME_AS
371422002	1297194009	REPLACED_BY
371434005	1297128004	REPLACED_BY
371435006	1297194009	REPLACED_BY
37155002	788946007	REPLACED_BY
37160003	68202005	SAME_AS
37171002	29375001	SAME_AS
37175006	86318000	SAME_AS
37180002	413839001	REPLACED_BY
371818002	1303944007	REPLACED_BY
371819005	1303943001	REPLACED_BY
371820004	1303532003	REPLACED_BY
371821000	441509002	SAME_AS
371825009	1303784006	REPLACED_BY
372064008	254837009	REPLACED_BY
372090006	7058009	SAME_AS
372091005	3723001	SAME_AS
372095001	254837009	REPLACED_BY
372096000	254838004	REPLACED_BY
37218007	403624005	SAME_AS
372304001	372306004	SAME_AS
372307008	369732007	SAME_AS
37250002	67761004	SAME_AS
372934002	715146002	SAME_AS
37294008	17059001	REPLACED_BY
372945004	715146002	REPLACED_BY
372957008	372958003	REPLACED_BY
372961002	372955000	REPLACED_BY
372965006	372963004	REPLACED_BY
372967003	372935001	SAME_AS
372987002	4860004	SAME_AS
372994004	63764008	REPLACED_BY
372999009	65553006	SAME_AS
373061006	1303862004	REPLACED_BY
373084004	88415009	SAME_AS
373087006	111812000	SAME_AS
373108000	371822007	SAME_AS
373139003	50570003	SAME_AS
373144005	194842008	SAME_AS
373145006	194843003	SAME_AS
373146007	233817007	SAME_AS
373577000	88743001	SAME_AS
373579002	240417004	SAME_AS
37358006	275446004	SAME_AS
373595002	373592004	SAME_AS
373603008	373601005	SAME_AS
373612005	735130003	SAME_AS
373616008	359730001	SAME_AS
373622004	1172553008	REPLACED_BY
373627005	254626006	REPLACED_BY
373653002	363392002	SAME_AS
373660008	373650004	SAME_AS
373715003	373439009	SAME_AS
373718001	31351009	SAME_AS
373827008	55182004	SAME_AS
373828003	370109009	SAME_AS
373901007	609450004	REPLACED_BY
373902000	609450004	REPLACED_BY
373906002	186694006	SAME_AS
373914008	1204036002	REPLACED_BY
373915009	198832001	REPLACED_BY
373916005	1204036002	REPLACED_BY
373919003	1204036002	REPLACED_BY
373921008	1204036002	REPLACED_BY
373938007	93588002	SAME_AS
373940002	93599000	SAME_AS
37399000	125657004	REPLACED_BY
37431000	186397005	SAME_AS
37432007	202724006	SAME_AS
37440001	270505009	SAME_AS
37472003	816081007	SAME_AS
37533000	210310009	REPLACED_BY
37582000	207767007	SAME_AS
37611009	609425002	REPLACED_BY
37637007	284205006	SAME_AS
37642004	18378006	SAME_AS
37666005	61772003	SAME_AS
37689002	205834002	SAME_AS
3774009	46775006	SAME_AS
37757003	444071008	REPLACED_BY
3777002	111222003	REPLACED_BY
37787009	609459003	REPLACED_BY
37851000119107	704450003	SAME_AS
37860001	27431007	REPLACED_BY
37891007	253869009	SAME_AS
37896002	82500001	REPLACED_BY
37907001	211486004	SAME_AS
37913005	111653006	REPLACED_BY
37942002	373932008	SAME_AS
3803006	52368004	SAME_AS
3804000	210398003	REPLACED_BY
38055001	210294003	REPLACED_BY
38103000	61582004	SAME_AS
38177000	190745006	SAME_AS
38214006	90458007	REPLACED_BY
38237000	48694002	SAME_AS
38278003	405758006	SAME_AS
38346008	79962008	SAME_AS
38357003	210385007	REPLACED_BY
38360005	238612002	SAME_AS
38405004	1193662003	REPLACED_BY
384609009	408658000	REPLACED_BY
38467009	238842001	SAME_AS
38511004	1263729008	REPLACED_BY
385473005	16402000	SAME_AS
38609002	266257000	SAME_AS
386115007	87380008	SAME_AS
386782008	416383008	SAME_AS
386803005	386804004	SAME_AS
38682008	64146000	SAME_AS
3873005	863897005	REPLACED_BY
38731003	309742004	SAME_AS
38741000	609427005	REPLACED_BY
38763009	35919005	REPLACED_BY
38784004	609447002	REPLACED_BY
387893006	387891008	SAME_AS
38835003	713649008	REPLACED_BY
38842003	204319006	SAME_AS
38853009	89933001	REPLACED_BY
388602007	388604008	SAME_AS
38872009	193950006	SAME_AS
38875006	186544000	SAME_AS
388871003	1259734004	SAME_AS
38894001	26374003	SAME_AS
388981000	5601008	REPLACED_BY
38905006	609458006	REPLACED_BY
38906007	210361004	REPLACED_BY
389146007	389145006	SAME_AS
389164000	783789002	REPLACED_BY
38921001	14189004	REPLACED_BY
389278006	275109007	SAME_AS
389279003	160344000	SAME_AS
389280000	390794009	SAME_AS
389281001	390915000	SAME_AS
389282008	391096007	SAME_AS
389283003	391097003	SAME_AS
389284009	391098008	SAME_AS
389285005	300933005	SAME_AS
389286006	81703003	SAME_AS
389291007	160652009	SAME_AS
389294004	390985008	SAME_AS
389299009	228388006	SAME_AS
389305006	391102000	SAME_AS
389306007	390933006	SAME_AS
389307003	391092009	SAME_AS
389308008	391093004	SAME_AS
389309000	391094005	SAME_AS
389310005	391095006	SAME_AS
389311009	390839009	SAME_AS
389312002	390867000	SAME_AS
389313007	129839007	SAME_AS
389314001	391040000	SAME_AS
389315000	129707006	SAME_AS
389317008	391083006	SAME_AS
389318003	198436008	SAME_AS
389319006	390835003	SAME_AS
389320000	278860009	SAME_AS
389322008	161933007	SAME_AS
389323003	161932002	SAME_AS
389324009	390870001	SAME_AS
389325005	390871002	SAME_AS
389326006	391120009	SAME_AS
389327002	391123006	SAME_AS
389328007	391124000	SAME_AS
389329004	391125004	SAME_AS
389330009	391126003	SAME_AS
389331008	301717006	SAME_AS
389332001	224974006	SAME_AS
389333006	390843008	SAME_AS
389334000	247762003	SAME_AS
389335004	307077003	SAME_AS
389336003	390967001	SAME_AS
389342004	10601006	SAME_AS
389344003	47933007	SAME_AS
389346001	390848004	SAME_AS
389349008	67162002	SAME_AS
389350008	61294007	SAME_AS
389354004	391100008	SAME_AS
389356002	248573009	SAME_AS
389358001	42807005	SAME_AS
389359009	697930002	SAME_AS
389365009	250018006	SAME_AS
389367001	390932001	SAME_AS
389368006	390789009	SAME_AS
389382006	370391006	REPLACED_BY
389383001	81302005	SAME_AS
389388005	391118006	SAME_AS
389391005	391119003	SAME_AS
389394002	391121008	SAME_AS
389397009	391122001	SAME_AS
389401001	391132008	SAME_AS
389402008	391167008	SAME_AS
38942004	1263723009	REPLACED_BY
389434004	390880002	SAME_AS
389644009	365718003	SAME_AS
389755001	391493008	SAME_AS
389783004	391514003	SAME_AS
389796003	390927002	SAME_AS
389802001	391081008	SAME_AS
389803006	391082001	SAME_AS
389808002	391060008	SAME_AS
389809005	391061007	SAME_AS
389814009	391065003	SAME_AS
389815005	391066002	SAME_AS
389820005	391070005	SAME_AS
389821009	391071009	SAME_AS
389826004	391075000	SAME_AS
389827008	391076004	SAME_AS
38983001	876811003	REPLACED_BY
389831002	390959009	SAME_AS
389835006	391158008	SAME_AS
389840003	314194001	SAME_AS
389842006	444512003	SAME_AS
389845008	390989002	SAME_AS
389846009	390990006	SAME_AS
389847000	390991005	SAME_AS
389848005	390992003	SAME_AS
389849002	390859008	SAME_AS
389850002	390860003	SAME_AS
389852005	390869002	SAME_AS
389855007	390886008	SAME_AS
389856008	390887004	SAME_AS
389860006	390921001	SAME_AS
389861005	390941006	SAME_AS
389862003	390940007	SAME_AS
389863008	391106002	SAME_AS
389864002	391107006	SAME_AS
389870008	391020007	SAME_AS
389871007	391021006	SAME_AS
389872000	391022004	SAME_AS
389881006	391032006	SAME_AS
389886001	390999007	SAME_AS
389887005	391000006	SAME_AS
389891000	390801001	SAME_AS
389892007	390930009	SAME_AS
389894008	736427008	REPLACED_BY
389911000	390863001	SAME_AS
389917001	391103005	SAME_AS
389918006	390942004	SAME_AS
389920009	391127007	SAME_AS
389921008	391128002	SAME_AS
389922001	391130000	SAME_AS
389937002	390884006	SAME_AS
389944006	390795005	SAME_AS
389945007	390796006	SAME_AS
389946008	390910005	SAME_AS
389947004	390914001	SAME_AS
38995001	406619001	SAME_AS
389952009	391193001	SAME_AS
389953004	391037000	SAME_AS
389954005	390842003	SAME_AS
389955006	305721007	SAME_AS
389956007	390856001	SAME_AS
38996000	23913003	REPLACED_BY
389963007	12275351000119103	REPLACED_BY
389969006	763322002	REPLACED_BY
389977005	784543002	REPLACED_BY
389978000	391014006	SAME_AS
389979008	391015007	SAME_AS
389980006	391016008	SAME_AS
389981005	186431008	SAME_AS
389982003	126949007	SAME_AS
389983008	55004003	SAME_AS
389984002	390951007	SAME_AS
389986000	238136002	SAME_AS
389987009	231536004	SAME_AS
389988004	271947006	SAME_AS
389989007	192073007	SAME_AS
389990003	229715008	SAME_AS
389991004	1855002	SAME_AS
389992006	44268007	SAME_AS
389993001	95800001	SAME_AS
389994007	82542004	SAME_AS
389996009	90828009	SAME_AS
389997000	35728003	SAME_AS
389998005	233873004	SAME_AS
389999002	45227007	SAME_AS
390000004	90099008	SAME_AS
390001000	195353004	SAME_AS
390002007	197321007	SAME_AS
390003002	236743008	SAME_AS
390004008	60967006	SAME_AS
390005009	10347006	SAME_AS
390006005	234141001	SAME_AS
390007001	613003	SAME_AS
390008006	12676007	SAME_AS
390009003	54556006	SAME_AS
390010008	390986009	SAME_AS
390012000	370509002	SAME_AS
390014004	125604000	SAME_AS
390015003	282772005	SAME_AS
390016002	390952000	SAME_AS
390017006	275109007	SAME_AS
390018001	390794009	SAME_AS
390019009	390915000	SAME_AS
390020003	391096007	SAME_AS
390021004	391097003	SAME_AS
390022006	391098008	SAME_AS
390023001	300933005	SAME_AS
390024007	81703003	SAME_AS
390030007	390985008	SAME_AS
390034003	228388006	SAME_AS
390040005	391102000	SAME_AS
390041009	390933006	SAME_AS
390042002	391092009	SAME_AS
390043007	391093004	SAME_AS
390044001	391094005	SAME_AS
390045000	391095006	SAME_AS
390046004	390839009	SAME_AS
390047008	390867000	SAME_AS
390048003	129839007	SAME_AS
390049006	391040000	SAME_AS
390050006	129707006	SAME_AS
390052003	391083006	SAME_AS
390053008	198436008	SAME_AS
390054002	390835003	SAME_AS
390055001	278860009	SAME_AS
390057009	390870001	SAME_AS
390058004	390871002	SAME_AS
390059007	391120009	SAME_AS
390060002	391123006	SAME_AS
390061003	391124000	SAME_AS
390062005	391125004	SAME_AS
390063000	391126003	SAME_AS
390064006	301717006	SAME_AS
390065007	224974006	SAME_AS
390066008	390843008	SAME_AS
390067004	247762003	SAME_AS
390068009	307077003	SAME_AS
390069001	390967001	SAME_AS
390075005	10601006	SAME_AS
390077002	47933007	SAME_AS
390079004	390848004	SAME_AS
390082009	67162002	SAME_AS
390083004	61294007	SAME_AS
390087003	391100008	SAME_AS
390088008	248573009	SAME_AS
390089000	42807005	SAME_AS
390090009	697930002	SAME_AS
390096003	250018006	SAME_AS
390098002	390932001	SAME_AS
390099005	390789009	SAME_AS
390113008	370391006	REPLACED_BY
390114002	81302005	SAME_AS
390119007	391118006	SAME_AS
390122009	391119003	SAME_AS
390125006	391121008	SAME_AS
390128008	391122001	SAME_AS
390132002	391132008	SAME_AS
390133007	391167008	SAME_AS
390148001	390943009	SAME_AS
390166006	390880002	SAME_AS
39034005	234974002	SAME_AS
390376001	365718003	SAME_AS
39042006	218728005	SAME_AS
390487005	391493008	SAME_AS
390515008	391514003	SAME_AS
390528001	390927002	SAME_AS
390534008	391081008	SAME_AS
390535009	391082001	SAME_AS
390540001	391060008	SAME_AS
390541002	391061007	SAME_AS
390546007	391065003	SAME_AS
390547003	391066002	SAME_AS
390552008	391070005	SAME_AS
390553003	391071009	SAME_AS
390558007	391075000	SAME_AS
390559004	391076004	SAME_AS
390563006	390959009	SAME_AS
390567007	391158008	SAME_AS
390572003	314194001	SAME_AS
390574002	444512003	SAME_AS
390577009	390989002	SAME_AS
390578004	390990006	SAME_AS
390579007	390991005	SAME_AS
390580005	390992003	SAME_AS
390581009	390859008	SAME_AS
390582002	390860003	SAME_AS
390584001	390869002	SAME_AS
390587008	390886008	SAME_AS
390588003	390887004	SAME_AS
390592005	390921001	SAME_AS
390593000	390941006	SAME_AS
390594006	390940007	SAME_AS
390595007	391106002	SAME_AS
390596008	391107006	SAME_AS
390602006	391020007	SAME_AS
390603001	391021006	SAME_AS
390604007	391022004	SAME_AS
390613009	391032006	SAME_AS
390618000	390999007	SAME_AS
390619008	391000006	SAME_AS
390623000	390801001	SAME_AS
390624006	390930009	SAME_AS
390626008	736427008	REPLACED_BY
390645004	390863001	SAME_AS
390651009	391103005	SAME_AS
390652002	390942004	SAME_AS
390654001	391127007	SAME_AS
390655000	391128002	SAME_AS
390656004	391130000	SAME_AS
390671000	390884006	SAME_AS
390678006	390795005	SAME_AS
390679003	390796006	SAME_AS
390680000	390910005	SAME_AS
390681001	390914001	SAME_AS
390685005	390950008	SAME_AS
390686006	391193001	SAME_AS
390687002	391037000	SAME_AS
390688007	390842003	SAME_AS
390689004	305721007	SAME_AS
390690008	390856001	SAME_AS
390697006	12275351000119103	REPLACED_BY
390703007	763322002	REPLACED_BY
390711002	784543002	REPLACED_BY
390712009	391014006	SAME_AS
390713004	391015007	SAME_AS
390714005	391016008	SAME_AS
390715006	609561005	SAME_AS
390716007	237604008	SAME_AS
390717003	310495003	SAME_AS
390718008	390834004	SAME_AS
390719000	312907002	SAME_AS
390720006	312905005	SAME_AS
390721005	391179008	SAME_AS
390722003	60573004	SAME_AS
390723008	390936003	SAME_AS
390724002	390836002	SAME_AS
390725001	390833005	SAME_AS
390726000	83015004	SAME_AS
390727009	13094009	SAME_AS
390728004	391181005	SAME_AS
390729007	276505002	SAME_AS
390730002	80394007	SAME_AS
390731003	390951007	SAME_AS
390732005	391180006	SAME_AS
390737004	384949003	SAME_AS
390745009	82542004	SAME_AS
390746005	83015004	SAME_AS
390747001	60967006	SAME_AS
390774000	365789002	REPLACED_BY
390845001	12275351000119103	REPLACED_BY
39087005	409966000	REPLACED_BY
390898003	77690003	SAME_AS
390899006	16838000	SAME_AS
39092007	65514002	REPLACED_BY
390937007	390951007	REPLACED_BY
390939005	81302005	SAME_AS
39098006	5158005	SAME_AS
391005001	763322002	REPLACED_BY
391013000	784543002	REPLACED_BY
391039002	129839007	SAME_AS
391145007	736427008	REPLACED_BY
391155006	129707006	SAME_AS
391178000	312905005	REPLACED_BY
391214004	697930002	SAME_AS
391294000	365718003	SAME_AS
39186003	194029009	SAME_AS
392167006	207753003	SAME_AS
39239006	609463005	REPLACED_BY
39246002	1204037006	REPLACED_BY
39264009	48880000	SAME_AS
392681007	395089003	SAME_AS
392682000	297243001	SAME_AS
392683005	394877006	SAME_AS
392684004	395125009	SAME_AS
392685003	394990003	SAME_AS
392686002	394872000	SAME_AS
392687006	394871007	SAME_AS
392688001	394873005	SAME_AS
392689009	308438006	SAME_AS
392691001	373804000	SAME_AS
392692008	373805004	SAME_AS
392693003	373806003	SAME_AS
392694009	373807007	SAME_AS
392695005	394923006	SAME_AS
392697002	161077003	SAME_AS
392698007	161078008	SAME_AS
392699004	161079000	SAME_AS
392707000	394705009	SAME_AS
392709002	394688002	SAME_AS
392710007	394689005	SAME_AS
392711006	394690001	SAME_AS
392712004	394989007	SAME_AS
392714003	394699000	SAME_AS
392715002	76498008	SAME_AS
392716001	299037003	SAME_AS
392717005	297142003	SAME_AS
392719008	394643003	SAME_AS
392720002	271864008	SAME_AS
392721003	394924000	SAME_AS
392724006	395080004	SAME_AS
392725007	395219004	SAME_AS
392726008	394685004	SAME_AS
392727004	394686003	SAME_AS
392729001	225486005	SAME_AS
392745004	394896005	SAME_AS
392746003	395098000	SAME_AS
392747007	395099008	SAME_AS
392748002	395105005	SAME_AS
392751009	44548000	SAME_AS
392753007	284605004	SAME_AS
392754001	248042003	SAME_AS
392755000	90275003	SAME_AS
392759006	225582009	SAME_AS
392760001	246623008	SAME_AS
392765006	248569006	SAME_AS
392766007	6442005	SAME_AS
392767003	8453006	SAME_AS
392768008	276859008	SAME_AS
392769000	55222007	SAME_AS
392770004	248236005	SAME_AS
392771000	394679006	SAME_AS
392772007	394680009	SAME_AS
392773002	394667006	SAME_AS
392774008	394668001	SAME_AS
392779003	282299006	SAME_AS
392780000	394697003	SAME_AS
392781001	1237370002	REPLACED_BY
392790008	289321002	SAME_AS
392791007	289322009	SAME_AS
392803005	394892007	SAME_AS
392806002	395112001	SAME_AS
39282007	876805001	REPLACED_BY
392939003	394965000	SAME_AS
392941002	394712000	SAME_AS
392942009	394713005	SAME_AS
392943004	394714004	SAME_AS
393002008	30440004	SAME_AS
393003003	76422004	SAME_AS
393004009	56944001	SAME_AS
393005005	66445009	SAME_AS
393036002	395022009	SAME_AS
393044002	394693004	SAME_AS
393045001	394694005	SAME_AS
393046000	394695006	SAME_AS
393047009	394696007	SAME_AS
393048004	395083002	SAME_AS
393049007	395084008	SAME_AS
393050007	395085009	SAME_AS
393080002	394995008	SAME_AS
393081003	395217002	SAME_AS
393105008	394907006	SAME_AS
393106009	394909009	SAME_AS
393107000	395073001	SAME_AS
393113009	394996009	SAME_AS
393114003	394997000	SAME_AS
393115002	394998005	SAME_AS
393116001	395004006	SAME_AS
393118000	395006008	SAME_AS
393119008	395007004	SAME_AS
393120002	395008009	SAME_AS
393121003	395009001	SAME_AS
393123000	1303577001	REPLACED_BY
393134002	395159008	SAME_AS
393137009	395081000	SAME_AS
393159006	394987009	SAME_AS
393160001	395174005	SAME_AS
393161002	395175006	SAME_AS
393162009	395176007	SAME_AS
393167003	394890004	SAME_AS
393177001	305665008	SAME_AS
393178006	305778004	SAME_AS
393179003	305777009	SAME_AS
39330008	298088008	REPLACED_BY
393434006	394828003	SAME_AS
39347009	427359005	SAME_AS
39355002	771115008	SAME_AS
393555006	228126003	SAME_AS
393558008	444071008	REPLACED_BY
393561009	72934000	SAME_AS
393562002	255109008	SAME_AS
393565000	109995007	SAME_AS
393567008	1340052006	REPLACED_BY
393568003	11687002	SAME_AS
393569006	237722004	SAME_AS
393571006	128596003	SAME_AS
393572004	234347009	SAME_AS
393574003	231501003	SAME_AS
393575002	401236004	SAME_AS
393576001	46808003	SAME_AS
393577005	407675009	SAME_AS
393579008	32914008	SAME_AS
393580006	193756007	SAME_AS
393581005	193839007	SAME_AS
393583008	53772007	SAME_AS
393584002	76583009	SAME_AS
393586000	230335009	SAME_AS
393587009	394659003	SAME_AS
393588004	394710008	SAME_AS
393589007	31996006	SAME_AS
393590003	717234006	REPLACED_BY
393591004	75694006	SAME_AS
393592006	197941005	SAME_AS
393593001	197938001	SAME_AS
393594007	197940006	SAME_AS
393595008	236782005	SAME_AS
393596009	30800001	SAME_AS
393599002	51212009	SAME_AS
393600004	395220005	SAME_AS
393601000	95344007	SAME_AS
393602007	394991004	SAME_AS
393603002	76069003	REPLACED_BY
393604008	11568002	SAME_AS
393606005	64109004	SAME_AS
393607001	89444000	SAME_AS
393608006	125872003	SAME_AS
393609003	417109008	SAME_AS
393610008	395183000	SAME_AS
393611007	213299007	SAME_AS
393612000	262921003	SAME_AS
393613005	90460009	SAME_AS
393614004	125598003	SAME_AS
393615003	125603006	SAME_AS
393617006	127279002	SAME_AS
393618001	395016000	SAME_AS
393619009	293432006	SAME_AS
393620003	293500009	SAME_AS
393621004	292451006	SAME_AS
393622006	395215005	SAME_AS
393623001	22631008	SAME_AS
393639008	395089003	SAME_AS
393640005	297243001	SAME_AS
393641009	394877006	SAME_AS
393642002	395125009	SAME_AS
393643007	394990003	SAME_AS
393644001	394872000	SAME_AS
393645000	394871007	SAME_AS
393646004	394873005	SAME_AS
393647008	308438006	SAME_AS
393649006	373804000	SAME_AS
393650006	373805004	SAME_AS
393651005	373806003	SAME_AS
393652003	373807007	SAME_AS
393653008	394923006	SAME_AS
393662005	394705009	SAME_AS
393664006	394688002	SAME_AS
393665007	394689005	SAME_AS
393666008	394690001	SAME_AS
393667004	394989007	SAME_AS
393669001	394699000	SAME_AS
393670000	76498008	SAME_AS
393671001	299037003	SAME_AS
393672008	297142003	SAME_AS
393674009	394643003	SAME_AS
393675005	271864008	SAME_AS
393676006	394924000	SAME_AS
393679004	395080004	SAME_AS
393680001	395219004	SAME_AS
393681002	394685004	SAME_AS
393682009	394686003	SAME_AS
393684005	225486005	SAME_AS
393700006	394896005	SAME_AS
393701005	395098000	SAME_AS
393702003	395099008	SAME_AS
393703008	395105005	SAME_AS
393706000	44548000	SAME_AS
393708004	284605004	SAME_AS
393709007	248042003	SAME_AS
393710002	90275003	SAME_AS
393713000	225582009	SAME_AS
393714006	246623008	SAME_AS
393723009	55222007	SAME_AS
393724003	248236005	SAME_AS
393725002	394679006	SAME_AS
393726001	394680009	SAME_AS
393727005	394667006	SAME_AS
393728000	394668001	SAME_AS
393733001	282299006	SAME_AS
393734007	394697003	SAME_AS
393735008	1237370002	REPLACED_BY
393744009	289321002	SAME_AS
393745005	289322009	SAME_AS
393757001	394892007	SAME_AS
393760008	395112001	SAME_AS
39381003	65846009	SAME_AS
39386008	267971005	SAME_AS
393895001	394965000	SAME_AS
393897009	394712000	SAME_AS
393898004	394713005	SAME_AS
393899007	394714004	SAME_AS
393958002	30440004	SAME_AS
393959005	76422004	SAME_AS
393960000	56944001	SAME_AS
393961001	66445009	SAME_AS
393992004	395022009	SAME_AS
394000005	394693004	SAME_AS
394001009	394694005	SAME_AS
394002002	394695006	SAME_AS
394003007	394696007	SAME_AS
394004001	395083002	SAME_AS
394005000	395084008	SAME_AS
394006004	395085009	SAME_AS
394031003	394995008	SAME_AS
394032005	395217002	SAME_AS
394056009	394907006	SAME_AS
394057000	394909009	SAME_AS
394058005	395073001	SAME_AS
394064003	394996009	SAME_AS
394065002	394997000	SAME_AS
394066001	394998005	SAME_AS
394067005	395004006	SAME_AS
394069008	395006008	SAME_AS
394070009	395007004	SAME_AS
394071008	395008009	SAME_AS
394072001	395009001	SAME_AS
394074000	1303577001	REPLACED_BY
394085003	395159008	SAME_AS
394088001	395081000	SAME_AS
394110003	394987009	SAME_AS
394111004	395174005	SAME_AS
394112006	395175006	SAME_AS
394113001	395176007	SAME_AS
394118005	394890004	SAME_AS
394127006	305665008	SAME_AS
394128001	305778004	SAME_AS
394129009	305777009	SAME_AS
39436001	111234006	REPLACED_BY
394384007	394828003	SAME_AS
394505007	228126003	SAME_AS
394508009	444071008	REPLACED_BY
394511005	395204000	SAME_AS
394513008	128596003	SAME_AS
394514002	95637005	SAME_AS
394515001	359837005	SAME_AS
394516000	313157004	SAME_AS
394517009	64009001	SAME_AS
394518004	717234006	REPLACED_BY
394519007	235941008	SAME_AS
394520001	1263995002	REPLACED_BY
394521002	394999002	SAME_AS
394522009	229811005	SAME_AS
394523004	395220005	SAME_AS
394524005	253159001	SAME_AS
394525006	61959006	SAME_AS
394526007	394910004	SAME_AS
394527003	23150001	SAME_AS
394528008	20815007	SAME_AS
394529000	47535005	SAME_AS
394530005	9414007	SAME_AS
394531009	395001003	SAME_AS
394532002	395002005	SAME_AS
39457009	609421006	REPLACED_BY
394616008	22631008	SAME_AS
394640000	72274001	SAME_AS
394644009	76498008	SAME_AS
39468009	72092001	SAME_AS
394864002	444071008	REPLACED_BY
394876002	407675009	SAME_AS
39489000	60476005	SAME_AS
394922001	22631008	SAME_AS
394945007	30440004	SAME_AS
394946008	76422004	SAME_AS
394947004	56944001	SAME_AS
394948009	66445009	SAME_AS
394962002	32798002	SAME_AS
395000002	9414007	REPLACED_BY
395023004	1303577001	REPLACED_BY
395090007	717234006	REPLACED_BY
395205004	359837005	SAME_AS
395212008	293432006	SAME_AS
395214009	293500009	SAME_AS
395559002	395666005	SAME_AS
395561006	395682006	SAME_AS
395563009	395689002	SAME_AS
395566001	395663002	SAME_AS
395567005	395664008	SAME_AS
395568000	26329005	REPLACED_BY
395570009	286756000	SAME_AS
395577007	395675007	SAME_AS
395583005	395703005	SAME_AS
395589009	395671003	SAME_AS
395590000	395672005	SAME_AS
395591001	395686009	SAME_AS
395592008	395687000	SAME_AS
395594009	395673000	SAME_AS
395595005	395674006	SAME_AS
395601002	305738006	SAME_AS
395602009	230461009	SAME_AS
395603004	395688005	SAME_AS
395604005	39629007	SAME_AS
395605006	395666005	SAME_AS
395607003	395682006	SAME_AS
395609000	395689002	SAME_AS
395612002	395663002	SAME_AS
395613007	395664008	SAME_AS
395614001	26329005	REPLACED_BY
395616004	286756000	SAME_AS
395617008	274521009	SAME_AS
395624009	395675007	SAME_AS
395630009	395703005	SAME_AS
395634000	395671003	SAME_AS
395635004	395672005	SAME_AS
395636003	395686009	SAME_AS
395637007	395687000	SAME_AS
395639005	395673000	SAME_AS
395640007	395674006	SAME_AS
395646001	305738006	SAME_AS
395647005	395692003	SAME_AS
395648000	76050008	SAME_AS
395649008	9651007	SAME_AS
395650008	395704004	SAME_AS
395651007	395693008	SAME_AS
395652000	9527009	SAME_AS
395653005	430099007	SAME_AS
395654004	91934008	SAME_AS
395657006	9527009	SAME_AS
395658001	26329005	REPLACED_BY
395668006	430099007	REPLACED_BY
39573000	876819001	REPLACED_BY
396198006	1208457007	REPLACED_BY
396223002	129103003	REPLACED_BY
396228006	254666005	SAME_AS
396229003	402425006	SAME_AS
39626000	718927003	REPLACED_BY
396284006	396285007	SAME_AS
396349005	399992009	SAME_AS
396350005	399992009	SAME_AS
39662004	419395007	SAME_AS
39670009	200784004	SAME_AS
396712002	41446000	SAME_AS
39673006	269171002	REPLACED_BY
397170000	402709000	SAME_AS
397190009	154283005	SAME_AS
39728009	50801008	SAME_AS
3973009	414821002	REPLACED_BY
397321005	710944000	REPLACED_BY
39737009	563001	REPLACED_BY
39745004	241006	REPLACED_BY
397553000	276177000	SAME_AS
397563008	1763009	SAME_AS
39758003	212758005	SAME_AS
39760001	123526007	REPLACED_BY
397642003	415851002	REPLACED_BY
397661004	414849009	REPLACED_BY
397683000	423590009	SAME_AS
397707005	415294003	REPLACED_BY
397709008	419099009	SAME_AS
39771000	45339001	SAME_AS
397746007	275280004	SAME_AS
397780005	718448006	REPLACED_BY
397803000	860914002	REPLACED_BY
397811005	64531003	SAME_AS
397843005	1204461006	REPLACED_BY
397865005	405687003	SAME_AS
397883002	398229007	SAME_AS
397899008	1259865002	REPLACED_BY
397906009	398229007	SAME_AS
397928009	398102009	SAME_AS
397944000	722503000	REPLACED_BY
39795003	1332476001	REPLACED_BY
397993005	314558005	SAME_AS
398024006	1264562008	REPLACED_BY
398094004	700229002	SAME_AS
398111009	718449003	REPLACED_BY
398128007	718447001	REPLACED_BY
398132001	396232000	REPLACED_BY
398163002	398229007	SAME_AS
398175007	860914002	REPLACED_BY
398177004	397825006	SAME_AS
398199007	397758007	SAME_AS
398200005	405367009	SAME_AS
398222003	398067003	REPLACED_BY
398237004	781126009	REPLACED_BY
398247001	41590007	SAME_AS
398256009	398102009	SAME_AS
398266001	405368004	SAME_AS
398273006	398264003	SAME_AS
398279005	1263661003	REPLACED_BY
398283005	281865000	SAME_AS
398294009	124258007	SAME_AS
398322000	314429009	REPLACED_BY
3986000	211794007	SAME_AS
398652001	398665005	SAME_AS
39874003	360429003	SAME_AS
398795009	268290005	SAME_AS
39881005	405761007	SAME_AS
398819009	714664001	REPLACED_BY
398884005	230480006	SAME_AS
39894007	56925008	REPLACED_BY
399034009	263151001	SAME_AS
39906001	109632005	SAME_AS
399102002	399183005	SAME_AS
399126000	78208005	SAME_AS
399189009	399291005	SAME_AS
399240007	263151001	SAME_AS
399250008	763284001	REPLACED_BY
399328005	399233006	SAME_AS
399338000	399031001	SAME_AS
399343007	302835009	SAME_AS
399364006	399076001	SAME_AS
39957002	194351009	SAME_AS
399579000	372287009	SAME_AS
399625000	29555009	SAME_AS
399885000	396227001	SAME_AS
399892005	400091006	SAME_AS
399912005	1163215007	REPLACED_BY
399979006	400190005	SAME_AS
399994005	725049005	SAME_AS
400055004	725049005	SAME_AS
400129003	725049005	REPLACED_BY
400167000	823022009	REPLACED_BY
400192002	1163215007	REPLACED_BY
4002008	271973001	REPLACED_BY
4004009	51655004	REPLACED_BY
40061002	713625005	SAME_AS
40076141000119107	16000351000119109	SAME_AS
40089004	201855008	SAME_AS
400971001	609561005	SAME_AS
401010000	1304010005	REPLACED_BY
401045008	253153000	SAME_AS
40107003	312588002	SAME_AS
401110002	421305000	SAME_AS
401249009	315021005	SAME_AS
40125005	178280004	REPLACED_BY
40129004	209548004	SAME_AS
401311008	92537005	SAME_AS
40132001	52542005	SAME_AS
40138002	38279006	SAME_AS
40153005	193508003	SAME_AS
40183001	405274002	SAME_AS
40191005	235908005	SAME_AS
40193008	204470001	SAME_AS
402121009	240530001	SAME_AS
402130001	29147005	SAME_AS
402162003	238458007	SAME_AS
402180007	238451001	REPLACED_BY
402184003	238543002	SAME_AS
402210009	201237005	SAME_AS
402225009	402222007	SAME_AS
402261004	426284001	SAME_AS
402274005	238581007	SAME_AS
402328009	238615000	SAME_AS
402341008	238625005	SAME_AS
402344000	402343006	REPLACED_BY
402372007	80941006	SAME_AS
402443005	403846004	SAME_AS
402452001	23132008	SAME_AS
402462008	716704007	SAME_AS
402477000	254756007	SAME_AS
402483002	1172966001	REPLACED_BY
402591008	416098002	REPLACED_BY
402650001	400042000	SAME_AS
402651002	402847002	SAME_AS
402678000	403674007	REPLACED_BY
402715000	895491007	SAME_AS
402749008	403675008	SAME_AS
402751007	1234854000	REPLACED_BY
402764008	95326004	SAME_AS
402771003	72523005	SAME_AS
402781004	61003004	SAME_AS
402788005	10741005	SAME_AS
402799007	7392002	SAME_AS
402800006	403846004	SAME_AS
402838005	16652001	SAME_AS
402858006	1052354004	SAME_AS
402916007	165816005	REPLACED_BY
402918008	43489008	REPLACED_BY
402919000	43489008	REPLACED_BY
402962004	1287188004	REPLACED_BY
402963009	1287189007	REPLACED_BY
402964003	1287471003	REPLACED_BY
402971008	860870002	REPLACED_BY
402988001	402129006	SAME_AS
402991001	23014006	SAME_AS
403003001	403006009	REPLACED_BY
403009002	403015002	REPLACED_BY
403011006	403014003	SAME_AS
403020002	2513003	SAME_AS
403026008	403028009	REPLACED_BY
403030006	403038004	REPLACED_BY
403033008	403036000	SAME_AS
403046003	75868000	SAME_AS
403067003	403084009	REPLACED_BY
403069000	403070004	REPLACED_BY
403073002	371042002	REPLACED_BY
403076005	403080000	SAME_AS
403088007	415723000	SAME_AS
403097006	715892002	REPLACED_BY
403099009	417611003	REPLACED_BY
403150008	217666004	SAME_AS
403162007	238534006	SAME_AS
403163002	238451001	REPLACED_BY
403165009	283112002	SAME_AS
403171003	1367885005	REPLACED_BY
403179001	840343009	REPLACED_BY
403183001	840343009	REPLACED_BY
403184007	840343009	REPLACED_BY
403185008	840342004	REPLACED_BY
403209006	201015007	SAME_AS
403263009	410042009	SAME_AS
403295005	402628002	SAME_AS
403300007	1293051003	REPLACED_BY
403326002	87038002	SAME_AS
403333002	109441000119102	REPLACED_BY
403353003	77816008	SAME_AS
403381009	238807000	SAME_AS
403423006	284449005	SAME_AS
403429005	55989009	SAME_AS
403481005	198231000	SAME_AS
403491004	238926009	SAME_AS
403509007	239944008	SAME_AS
403537000	765195000	SAME_AS
403555009	707254000	SAME_AS
403611005	277804000	SAME_AS
403617009	238992001	SAME_AS
403658002	1231849008	REPLACED_BY
403676009	781187003	REPLACED_BY
403677000	781188008	REPLACED_BY
403688006	201311005	SAME_AS
403736007	95565000	REPLACED_BY
403758009	111310003	REPLACED_BY
403773005	763833006	REPLACED_BY
403778001	398958000	SAME_AS
403797001	402774006	SAME_AS
403822006	1208340009	REPLACED_BY
403920004	1285321001	REPLACED_BY
403948004	254898001	SAME_AS
403960003	254776001	SAME_AS
403969002	1340052006	REPLACED_BY
403972009	1340050003	REPLACED_BY
403973004	1340049003	REPLACED_BY
403997008	427186000	SAME_AS
404022001	189948006	SAME_AS
40405003	609461007	REPLACED_BY
404070007	404069006	REPLACED_BY
404145009	402881008	REPLACED_BY
404147001	303055001	REPLACED_BY
404148006	109969005	REPLACED_BY
404149003	307623001	REPLACED_BY
404150003	443487006	REPLACED_BY
404228007	398446008	SAME_AS
404242004	240507007	SAME_AS
404558000	414256007	REPLACED_BY
404632009	392481002	SAME_AS
404657004	255026000	SAME_AS
404662003	254976006	SAME_AS
404671007	314437001	SAME_AS
404688000	207787008	SAME_AS
404947002	406577000	SAME_AS
40500006	609470005	REPLACED_BY
40509007	210130003	SAME_AS
40516008	43306002	REPLACED_BY
405235009	86203003	SAME_AS
405254009	190856003	SAME_AS
405271005	131141003	SAME_AS
405280005	405625008	SAME_AS
405490000	405367009	SAME_AS
405499004	1303907007	REPLACED_BY
405500008	213026003	SAME_AS
405583008	431706008	SAME_AS
405697007	405691008	SAME_AS
405721006	61536007	SAME_AS
405736009	415105001	SAME_AS
405770005	22053006	SAME_AS
405867001	115822004	SAME_AS
406125003	674191000119109	SAME_AS
40622009	111394006	REPLACED_BY
406462006	195101003	SAME_AS
406584008	3738000	REPLACED_BY
406585009	57412004	REPLACED_BY
406591006	4241002	SAME_AS
406624003	450861006	SAME_AS
40674007	70902004	SAME_AS
40694003	21779006	SAME_AS
406963007	406577000	SAME_AS
407500007	721787000	SAME_AS
407566003	1303416004	REPLACED_BY
407567007	1303422008	REPLACED_BY
407568002	1303421001	REPLACED_BY
407569005	1303420000	REPLACED_BY
407570006	1303419006	REPLACED_BY
407573811000119100	16023911000119108	SAME_AS
407578004	609550002	REPLACED_BY
407585000	370994008	REPLACED_BY
407604007	54823002	SAME_AS
407618000	91175000	REPLACED_BY
407619008	91175000	REPLACED_BY
407620002	91175000	REPLACED_BY
407653007	763076007	REPLACED_BY
407676005	67602004	SAME_AS
40779009	11689004	SAME_AS
40785002	426772002	SAME_AS
40788000	78768009	SAME_AS
40795009	212171004	SAME_AS
40816002	79631006	REPLACED_BY
408287009	420486006	SAME_AS
408364003	1303424009	REPLACED_BY
408367005	1303576005	REPLACED_BY
408378002	1303947000	REPLACED_BY
408387006	189878003	SAME_AS
408388001	248342006	REPLACED_BY
408404002	1149454006	REPLACED_BY
408415007	769244003	SAME_AS
408416008	769245002	SAME_AS
408417004	421779007	SAME_AS
40846004	79962008	SAME_AS
408538008	1344624006	REPLACED_BY
408542006	75682002	SAME_AS
408543001	127012008	SAME_AS
408544007	5368009	SAME_AS
408545008	2751001	SAME_AS
408569007	1296859006	REPLACED_BY
408641005	15246001	REPLACED_BY
408661004	124257002	SAME_AS
408662006	734986006	REPLACED_BY
408679000	425464007	SAME_AS
408780005	365662002	REPLACED_BY
408786004	1222878001	REPLACED_BY
408790002	1222878001	REPLACED_BY
408801003	763024008	REPLACED_BY
408826007	763030008	REPLACED_BY
408830005	763031007	REPLACED_BY
40883004	38354005	REPLACED_BY
408834001	763029003	REPLACED_BY
408856003	35919005	REPLACED_BY
409044009	1279828000	REPLACED_BY
409047002	276445008	SAME_AS
409048007	1269476005	SAME_AS
409049004	1269476005	REPLACED_BY
409050004	1269562006	REPLACED_BY
40913006	201834006	SAME_AS
4092002	718940008	REPLACED_BY
409596002	11833005	SAME_AS
409638006	294466005	REPLACED_BY
409639003	294592000	REPLACED_BY
409640001	294468006	REPLACED_BY
409837004	1231431003	REPLACED_BY
409865002	399050001	SAME_AS
410018005	47988006	SAME_AS
410019002	31935007	SAME_AS
41002002	194741006	SAME_AS
410044005	202307002	SAME_AS
410060009	52330001	SAME_AS
410067007	109444001	SAME_AS
4103001	407675009	SAME_AS
410483002	788718000	REPLACED_BY
410567004	766834007	SAME_AS
410725005	276177000	SAME_AS
410748000	722411008	REPLACED_BY
410793008	410502007	SAME_AS
410795001	410502007	REPLACED_BY
41083005	1234776000	REPLACED_BY
41087006	269172009	REPLACED_BY
41119002	1236975007	SAME_AS
41125003	125646009	REPLACED_BY
41204007	87828008	SAME_AS
41213009	35547002	SAME_AS
41221003	75478009	REPLACED_BY
412741003	162145001	SAME_AS
412751002	275102003	SAME_AS
412771006	15990001	SAME_AS
412795008	43935004	SAME_AS
412796009	44771000	SAME_AS
412798005	123982003	SAME_AS
412799002	123983008	SAME_AS
412803001	357705009	SAME_AS
41286006	718938003	SAME_AS
413098008	253006001	SAME_AS
413101007	84757009	REPLACED_BY
413118006	371113008	SAME_AS
413134009	398240004	SAME_AS
413135005	370541008	SAME_AS
413136006	370542001	SAME_AS
413140002	1297194009	REPLACED_BY
413150001	876881008	REPLACED_BY
413183008	408540003	REPLACED_BY
413184002	2751001	REPLACED_BY
413187009	16813005	REPLACED_BY
413215003	235700007	SAME_AS
413223001	126486000	SAME_AS
413266008	1351823007	REPLACED_BY
413310006	895451009	SAME_AS
413312003	895451009	SAME_AS
413338003	156072005	REPLACED_BY
41335004	210864001	SAME_AS
413442004	413441006	REPLACED_BY
413531005	267530009	SAME_AS
413666003	98851000119102	SAME_AS
413710009	186772009	SAME_AS
41377004	874828003	REPLACED_BY
413907007	1141000119101	SAME_AS
413941004	1162450005	SAME_AS
41398004	365678000	REPLACED_BY
414188008	217090002	SAME_AS
414189000	217094006	SAME_AS
414235005	1162828001	REPLACED_BY
414249001	90127001	SAME_AS
41428006	897302008	REPLACED_BY
41432000	773117009	REPLACED_BY
414381007	231855007	SAME_AS
414554006	186774005	SAME_AS
414602008	410476009	SAME_AS
414657005	763780009	REPLACED_BY
414658000	186774005	SAME_AS
414929001	254817005	SAME_AS
415084003	765378003	REPLACED_BY
415173007	415172002	SAME_AS
4152002	191298004	SAME_AS
41521002	191554003	SAME_AS
415216000	50234002	SAME_AS
415257007	415253006	SAME_AS
415285009	1260268001	REPLACED_BY
415286005	1260217004	REPLACED_BY
41541007	191009009	SAME_AS
415600005	428260000	REPLACED_BY
415713009	203981000	SAME_AS
415717005	416558007	REPLACED_BY
415718000	416558007	REPLACED_BY
415736000	45701006	SAME_AS
416097007	720019005	REPLACED_BY
416103000	165468009	SAME_AS
416135000	763782001	REPLACED_BY
416163003	39423001	SAME_AS
416218009	441872001	REPLACED_BY
416241001	302893000	SAME_AS
416258006	229622007	REPLACED_BY
416289005	718937008	REPLACED_BY
416300008	42513006	SAME_AS
416390003	718922009	REPLACED_BY
416563006	416874005	REPLACED_BY
416601004	57607007	SAME_AS
416604007	37224001	SAME_AS
416633008	29504002	REPLACED_BY
416681001	718921002	REPLACED_BY
416816003	398878007	REPLACED_BY
4170004	55711009	REPLACED_BY
41703002	124178006	REPLACED_BY
417130004	718929000	REPLACED_BY
417131000	402445003	SAME_AS
417144005	1303418003	REPLACED_BY
417162001	314022009	SAME_AS
417167007	124950009	SAME_AS
417172003	1303417008	REPLACED_BY
417200003	416153006	SAME_AS
417220002	47135001	SAME_AS
417244000	93478000	SAME_AS
417281001	1303415000	REPLACED_BY
417444002	1208762007	REPLACED_BY
417455002	718938003	REPLACED_BY
417490005	833277003	REPLACED_BY
417494001	1231430002	REPLACED_BY
417516000	39579001	REPLACED_BY
417549009	416153006	REPLACED_BY
417661007	718932002	REPLACED_BY
4178006	1281815001	REPLACED_BY
418038007	420134006	REPLACED_BY
41806003	609468001	REPLACED_BY
418108003	44003006	SAME_AS
418113004	66466001	REPLACED_BY
418168000	473011001	SAME_AS
418300004	36483003	SAME_AS
418434002	416098002	REPLACED_BY
418519005	1363478003	REPLACED_BY
41859001	204821009	SAME_AS
418617002	249732004	SAME_AS
418634005	419076005	REPLACED_BY
418648005	271594007	SAME_AS
418685002	767146004	SAME_AS
418807005	720027001	REPLACED_BY
418817000	21328003	SAME_AS
418878004	609409007	REPLACED_BY
418946006	419900000	SAME_AS
41897001	67195008	SAME_AS
419063004	1208811003	REPLACED_BY
419087002	783160006	SAME_AS
4191007	109418001	SAME_AS
419166005	251155001	SAME_AS
419180003	609548005	REPLACED_BY
419199007	609328004	REPLACED_BY
419258005	161891005	SAME_AS
419271008	1208808004	REPLACED_BY
419421008	609409007	REPLACED_BY
419482003	1187605001	SAME_AS
41964001	890120009	REPLACED_BY
419685009	308923001	SAME_AS
419686005	720824009	SAME_AS
419769007	386789004	SAME_AS
419945001	417746004	SAME_AS
420011000	53885001	SAME_AS
42004004	196035006	SAME_AS
42006002	406444002	SAME_AS
420212002	419395007	SAME_AS
420289002	194118007	SAME_AS
420324007	1163220007	REPLACED_BY
420414003	422014003	REPLACED_BY
420491007	11687002	REPLACED_BY
42055006	1235004000	REPLACED_BY
420597008	1163224003	REPLACED_BY
4206001	202109007	SAME_AS
420738003	11687002	REPLACED_BY
42079008	195142000	SAME_AS
420881009	781474001	REPLACED_BY
420989005	11687002	REPLACED_BY
421000001	231838008	SAME_AS
421076008	1163217004	REPLACED_BY
42108003	204984002	SAME_AS
421095001	781474001	SAME_AS
421223006	11687002	REPLACED_BY
42129007	302919001	SAME_AS
421389009	11687002	REPLACED_BY
421443003	11687002	REPLACED_BY
42158005	90316008	SAME_AS
421594008	1163226001	REPLACED_BY
421601001	247012004	SAME_AS
42175004	193466003	SAME_AS
421927004	1163222004	REPLACED_BY
42200001	22920003	REPLACED_BY
42206007	212172006	SAME_AS
422155003	11687002	REPLACED_BY
422221005	186461000	SAME_AS
422228004	420868002	REPLACED_BY
42226006	1263636001	REPLACED_BY
42234000	197994001	SAME_AS
422513000	84757009	REPLACED_BY
422527005	1340127006	REPLACED_BY
422659005	424416009	SAME_AS
422681000	738535003	REPLACED_BY
422713003	247588002	SAME_AS
422785002	766822004	REPLACED_BY
42287000	161833006	SAME_AS
42308006	373424008	REPLACED_BY
423086004	230456007	REPLACED_BY
42310008	219296008	SAME_AS
423198006	250072004	SAME_AS
423306009	387778001	SAME_AS
423348002	418529003	SAME_AS
42344001	1231846001	REPLACED_BY
42359007	72965009	SAME_AS
423610004	302847003	REPLACED_BY
423629005	738532000	REPLACED_BY
42366008	127314000	REPLACED_BY
423698005	247592009	SAME_AS
42381002	304838007	SAME_AS
423902002	387778001	SAME_AS
424177003	423389004	SAME_AS
424271007	46263000	REPLACED_BY
4243004	266126006	SAME_AS
424370005	424416009	SAME_AS
42440009	33941008	REPLACED_BY
4244005	240302002	SAME_AS
424451001	738545001	REPLACED_BY
424452008	738545001	REPLACED_BY
424460009	235865005	SAME_AS
424500005	738786005	REPLACED_BY
424765000	1234836004	REPLACED_BY
424988008	271737000	REPLACED_BY
42510009	234949000	SAME_AS
425155005	262560006	SAME_AS
425223000	193894004	SAME_AS
425318003	1290065002	REPLACED_BY
425378009	164728001	SAME_AS
425379001	738532000	REPLACED_BY
4254009	196301001	SAME_AS
42542003	414875008	REPLACED_BY
425528008	56925008	REPLACED_BY
425533007	1348233009	REPLACED_BY
425664004	773537001	SAME_AS
42571002	1365934004	REPLACED_BY
425749006	427056005	REPLACED_BY
425873005	86473001	SAME_AS
425880007	164885009	SAME_AS
425974003	427590008	SAME_AS
426012001	83291003	SAME_AS
426058000	1234836004	REPLACED_BY
426082005	203470009	SAME_AS
42613003	397014001	REPLACED_BY
426257002	3972004	SAME_AS
426283007	1252712002	REPLACED_BY
42662003	32911000	SAME_AS
426705001	427089005	SAME_AS
426913008	164905008	SAME_AS
427099000	56717001	SAME_AS
427203002	396989009	SAME_AS
427205009	1230072003	REPLACED_BY
427345003	1252711009	REPLACED_BY
42744004	36202009	REPLACED_BY
427519008	460617003	SAME_AS
42755004	43293004	SAME_AS
42778005	278715001	SAME_AS
4278004	876808004	REPLACED_BY
42801006	35547002	SAME_AS
428130003	735666001	SAME_AS
42836005	204074000	SAME_AS
428461003	128194008	SAME_AS
428513007	370471003	SAME_AS
428514001	207974008	REPLACED_BY
428701004	1290071008	REPLACED_BY
428725007	428857003	SAME_AS
428748002	429740004	REPLACED_BY
428772007	271989003	REPLACED_BY
428780000	781192001	REPLACED_BY
428886000	699216009	REPLACED_BY
429056000	427341007	SAME_AS
429081000124107	67231000119106	SAME_AS
429082009	703396000	SAME_AS
42912005	196731005	SAME_AS
429221000124104	713081000	REPLACED_BY
429261000124105	737160009	SAME_AS
429275000	47135001	REPLACED_BY
429294005	733249006	SAME_AS
429299000	1255012001	REPLACED_BY
429311000124103	1303851004	SAME_AS
429399002	266969002	SAME_AS
429424001	161469008	SAME_AS
429489008	1293198008	REPLACED_BY
429553003	16300007	SAME_AS
429586004	75116005	SAME_AS
4296008	407374003	REPLACED_BY
42964004	195878008	SAME_AS
429692000	1230071005	REPLACED_BY
42994005	128608001	SAME_AS
430006	268019002	SAME_AS
43016002	773140008	REPLACED_BY
430427005	293295008	SAME_AS
43043007	109647001	SAME_AS
430642003	72047008	SAME_AS
430671000124105	724152009	SAME_AS
430681000124108	721344000	SAME_AS
43069001	204049003	SAME_AS
430691000124106	721345004	SAME_AS
430701000124106	721346003	SAME_AS
430711000124109	1010663004	SAME_AS
43079004	41918006	SAME_AS
4308002	788465007	REPLACED_BY
430821000124108	38281008	REPLACED_BY
430871000124109	87476004	REPLACED_BY
430883002	772006002	REPLACED_BY
430890007	818966007	SAME_AS
430949005	1186639007	REPLACED_BY
430958003	473069007	SAME_AS
431028002	236561002	REPLACED_BY
431030000	704330001	SAME_AS
431040002	1281817009	REPLACED_BY
431101000124102	192990004	REPLACED_BY
431141000124100	230422001	REPLACED_BY
431161000124101	50866000	REPLACED_BY
431241000124109	460615006	SAME_AS
431251000124106	460617003	SAME_AS
431261000124108	460616007	SAME_AS
431391000124106	1284863004	SAME_AS
431466007	431706008	SAME_AS
431471000124102	230413002	REPLACED_BY
431511000124107	719521002	SAME_AS
431581000124100	767094002	SAME_AS
431583000	283050005	SAME_AS
431651000124109	112401000119106	SAME_AS
431661000124106	30801000119107	SAME_AS
431671000124104	60911000119109	SAME_AS
431681000124101	36601000119109	SAME_AS
431691000124103	139941000119104	SAME_AS
431701000124103	473118009	SAME_AS
431761000124102	135321000119107	SAME_AS
431781000124107	268228006	SAME_AS
431902003	1340051004	REPLACED_BY
431914006	407670004	SAME_AS
431971000124106	230388003	REPLACED_BY
431991000124107	79631006	REPLACED_BY
432001000124109	784345005	REPLACED_BY
432021000124104	784345005	REPLACED_BY
432031000124101	1217008005	REPLACED_BY
432083006	405557003	SAME_AS
432151000124107	1208991001	REPLACED_BY
432161000124109	230437002	REPLACED_BY
432211000124100	180301000119102	SAME_AS
432221000124108	115561000119102	SAME_AS
432231000124106	704450003	SAME_AS
432241000124101	1173024006	SAME_AS
432263000	1363025005	REPLACED_BY
43227005	191978003	SAME_AS
432281000124107	192993002	REPLACED_BY
432291000124105	193000002	REPLACED_BY
432401000124102	406149000	SAME_AS
432471000124108	75023009	REPLACED_BY
432491000124109	192991000	REPLACED_BY
432511000124103	192981006	REPLACED_BY
43253002	59455009	REPLACED_BY
432541000124104	241006	REPLACED_BY
432561000124100	1173024006	REPLACED_BY
43263005	876855009	REPLACED_BY
43267006	207776000	SAME_AS
433088006	235871004	SAME_AS
433160003	254758008	SAME_AS
43321008	52994003	SAME_AS
43322001	274659008	SAME_AS
433494006	293295008	REPLACED_BY
43368003	876817004	REPLACED_BY
433681000124102	433083002	REPLACED_BY
433741000124102	697975004	SAME_AS
43379008	270498000	REPLACED_BY
433901000124101	34181000119102	SAME_AS
433921000124106	433821000124102	SAME_AS
43395008	204351007	SAME_AS
43398005	711524008	SAME_AS
434002	254176007	SAME_AS
434031000124107	708248004	SAME_AS
434101000124100	432354000	REPLACED_BY
434211000124108	13973009	REPLACED_BY
434231000124102	1217136003	REPLACED_BY
434296004	293295008	REPLACED_BY
434321000124107	1259630004	SAME_AS
434341000124100	69321000119105	SAME_AS
434381000124106	49871000119105	SAME_AS
434401000124106	698426005	SAME_AS
434421000124101	104931000119100	SAME_AS
434431000124103	111411000119103	SAME_AS
434461000124107	69311000119103	SAME_AS
43448005	269202001	SAME_AS
434491000124104	36803009	REPLACED_BY
434511000124105	442512002	REPLACED_BY
43453000	203478002	SAME_AS
434531000124104	23374007	REPLACED_BY
434551000124106	44145005	REPLACED_BY
43469007	197432008	SAME_AS
43479009	197391003	SAME_AS
43481006	78868004	SAME_AS
434911000124100	142951000119106	SAME_AS
434921000124108	772839003	SAME_AS
434931000124106	142931000119100	SAME_AS
434971000124109	7761000119106	SAME_AS
434981000124107	65171000119107	SAME_AS
435011000124100	87471000119106	SAME_AS
435061000124102	40271000119102	SAME_AS
435091000124105	103931000119102	SAME_AS
435171000124105	297156001	SAME_AS
43521007	1217638003	REPLACED_BY
43523005	300924008	SAME_AS
435321000124106	230438007	REPLACED_BY
435361000124100	6204001	REPLACED_BY
435371000124107	703176000	SAME_AS
435381000124105	703020006	SAME_AS
43555005	95855003	REPLACED_BY
43570006	271503005	SAME_AS
435881000124104	418429061000132101	SAME_AS
43593000	209126000	SAME_AS
435951000124103	699035003	SAME_AS
436051000124109	230456007	REPLACED_BY
436521000124107	1269473002	REPLACED_BY
436571000124108	552021000124105	REPLACED_BY
436581000124106	471300007	SAME_AS
436611000124103	82401000	REPLACED_BY
43665006	34038005	SAME_AS
43680000	186738001	SAME_AS
43682008	215414001	SAME_AS
43738009	1776003	REPLACED_BY
43765002	208274000	SAME_AS
43801001	278521000	SAME_AS
43817007	23511006	REPLACED_BY
438421000124109	230421008	REPLACED_BY
43873004	271984008	REPLACED_BY
43895000	720019005	REPLACED_BY
439002002	1217410004	REPLACED_BY
43901002	720015004	REPLACED_BY
439107005	707254000	SAME_AS
439125003	1217409009	REPLACED_BY
439126002	1196942001	SAME_AS
43915000	209522007	SAME_AS
439201004	738288005	REPLACED_BY
439405005	609549002	REPLACED_BY
439978000	738785009	REPLACED_BY
44000009	263231005	SAME_AS
44002001	408639009	SAME_AS
44008002	397827003	SAME_AS
440191000124101	726565008	SAME_AS
440211000124100	230414008	REPLACED_BY
440214006	765206003	SAME_AS
440347004	781186007	REPLACED_BY
44037003	267103008	SAME_AS
440532007	60878004	SAME_AS
440575001	247854002	SAME_AS
440691000124107	707844006	SAME_AS
44073005	210155009	SAME_AS
44101005	609457001	REPLACED_BY
441079006	26843008	SAME_AS
44108004	1300163008	REPLACED_BY
44111003	194785008	SAME_AS
44123009	24526004	SAME_AS
44140000	125660006	REPLACED_BY
4415006	202175000	SAME_AS
441588007	442925003	SAME_AS
441596002	690611000119105	REPLACED_BY
441628001	74627003	REPLACED_BY
441681009	1254812006	REPLACED_BY
441684001	1293040003	REPLACED_BY
441809006	1231151009	SAME_AS
441861000124108	890473000	SAME_AS
441890000	1217346007	REPLACED_BY
441918007	38212005	SAME_AS
441952005	75478009	SAME_AS
441999003	1217345006	REPLACED_BY
442012008	237877004	REPLACED_BY
44210006	200877003	SAME_AS
442161000124105	698021005	REPLACED_BY
442184000	1263644001	REPLACED_BY
442201000124104	710084007	REPLACED_BY
442211000124101	710087000	REPLACED_BY
442221000124109	710086009	REPLACED_BY
442231000124107	710085008	REPLACED_BY
44228008	370109009	SAME_AS
44245003	240004005	SAME_AS
44247006	771299009	REPLACED_BY
44259005	199746004	REPLACED_BY
4426000	1300163008	REPLACED_BY
442669008	441685000	REPLACED_BY
44289003	876854008	REPLACED_BY
44292004	193225000	SAME_AS
44294003	241826002	SAME_AS
443284001	253276007	SAME_AS
443341004	276654001	SAME_AS
443410001	91175000	REPLACED_BY
443492008	1288045008	REPLACED_BY
443626009	45503006	SAME_AS
44385007	44758003	SAME_AS
443999008	1296884009	REPLACED_BY
444237009	1296883003	REPLACED_BY
44427000	60332004	SAME_AS
444333006	1254721002	REPLACED_BY
444394002	1351664004	REPLACED_BY
444406006	400038003	SAME_AS
44462005	274144001	SAME_AS
444728005	128209004	SAME_AS
444811000124108	443165006	SAME_AS
44483004	238521005	SAME_AS
444904004	203476003	SAME_AS
44497007	38731000087104	REPLACED_BY
445011000124101	709666005	SAME_AS
445095002	1231822008	REPLACED_BY
4451004	609482001	REPLACED_BY
445101001	91302008	SAME_AS
445136002	102610002	SAME_AS
445157005	444849002	SAME_AS
44519006	30915001	SAME_AS
44521001	210454002	REPLACED_BY
445216006	205135003	SAME_AS
445238008	1288045008	REPLACED_BY
445271000124104	1155680000	REPLACED_BY
445271007	704174008	REPLACED_BY
445321006	38859008	SAME_AS
445336009	890122001	REPLACED_BY
445342008	2560006	SAME_AS
445411000124109	700360000	SAME_AS
445421000124101	700361001	SAME_AS
445422000	267954009	SAME_AS
445479007	16044751000119106	REPLACED_BY
445501000124107	430693007	SAME_AS
445596006	1306751004	REPLACED_BY
445722001	298076006	SAME_AS
445723006	298079004	SAME_AS
445741003	1763009	SAME_AS
445882008	81884004	SAME_AS
445932004	402396002	REPLACED_BY
446120005	208558006	SAME_AS
44615006	788954009	REPLACED_BY
446214000	129135003	SAME_AS
446521000124108	10834061000119100	SAME_AS
446622001	298094000	SAME_AS
446631001	298101003	SAME_AS
446641003	609572000	SAME_AS
446643000	1156495004	SAME_AS
44669008	298070000	REPLACED_BY
446780003	298102005	SAME_AS
446787000	298083004	SAME_AS
446788005	298096003	SAME_AS
44684004	262637006	SAME_AS
44685003	186270000	SAME_AS
446954007	298077002	SAME_AS
446955008	298078007	SAME_AS
446956009	298074009	SAME_AS
446998007	298092001	SAME_AS
446999004	298098002	SAME_AS
447101000	236089005	SAME_AS
447222001	235003004	SAME_AS
447230000	254673000	SAME_AS
44759006	816163006	SAME_AS
447782002	254838004	REPLACED_BY
447784001	1306368003	REPLACED_BY
447803000	127200002	SAME_AS
44782008	417044008	SAME_AS
44786006	449125001	SAME_AS
447951000124108	1290276005	REPLACED_BY
448104005	253641003	SAME_AS
448114001	253717008	SAME_AS
448136003	255177009	SAME_AS
448141000124108	112631000146107	SAME_AS
448251000124102	1539003	SAME_AS
448255008	1264008003	REPLACED_BY
448257000	278050001	REPLACED_BY
448261000124100	310391000119104	SAME_AS
44828002	442551007	SAME_AS
448388003	1306372004	REPLACED_BY
448408001	1306373009	REPLACED_BY
448435005	1306370007	REPLACED_BY
448436006	1306369006	REPLACED_BY
448449001	278050001	REPLACED_BY
448451002	1306371006	REPLACED_BY
448673001	702369008	SAME_AS
44875002	230380005	SAME_AS
448801000124102	762491008	SAME_AS
448876006	253568009	SAME_AS
44889007	43387009	SAME_AS
448922007	94365007	SAME_AS
448952004	408643008	REPLACED_BY
44898005	823033007	REPLACED_BY
448991000124101	735237008	SAME_AS
449108003	92818009	REPLACED_BY
449151000124103	773318006	SAME_AS
449203004	1259196009	REPLACED_BY
44923005	193497004	SAME_AS
449271000124101	133621000119103	SAME_AS
449386007	277589003	SAME_AS
449511008	51442005	REPLACED_BY
449512001	204342004	REPLACED_BY
449568005	448413002	REPLACED_BY
449575006	123643003	SAME_AS
44962001	210309004	REPLACED_BY
449691000	70902004	SAME_AS
4497002	271449003	SAME_AS
449701000124103	784545009	SAME_AS
449779002	1217320008	REPLACED_BY
449786005	734893009	SAME_AS
449787001	734892004	SAME_AS
449792004	734891006	SAME_AS
449818005	767263007	SAME_AS
44982002	418675003	REPLACED_BY
449829009	33258008	SAME_AS
449838006	399294002	REPLACED_BY
449898009	298098002	REPLACED_BY
449914006	298092001	REPLACED_BY
450041000124109	720024008	SAME_AS
450071000124101	416508000	SAME_AS
450091000124100	722411008	SAME_AS
450101000124106	718936004	SAME_AS
45015000	200284000	REPLACED_BY
450151000124105	718941007	SAME_AS
45017008	26947005	REPLACED_BY
450191000124104	720027001	SAME_AS
450201000124101	580891000124108	REPLACED_BY
450211000124103	580931000124104	REPLACED_BY
450241000124104	1157297002	SAME_AS
450321000124104	551901000124109	REPLACED_BY
450375008	262955000	SAME_AS
450481000124109	1001341000124104	REPLACED_BY
450621000124108	1296715009	SAME_AS
450724008	282759009	SAME_AS
450887006	773537001	REPLACED_BY
450947000	1260268001	REPLACED_BY
450981000124104	774134007	SAME_AS
45099007	212728004	SAME_AS
451291000124104	801201000124105	REPLACED_BY
45157009	700250006	REPLACED_BY
4517001	197271008	SAME_AS
45179004	263042007	SAME_AS
45184005	210157001	SAME_AS
45198002	266579006	SAME_AS
45221000119105	372137005	REPLACED_BY
452241000124100	1259237005	REPLACED_BY
45335007	111766000	REPLACED_BY
45381007	193327005	SAME_AS
45405001	50531009	REPLACED_BY
45422004	87888006	REPLACED_BY
45452007	879800007	REPLACED_BY
454811000124106	16090531000119106	SAME_AS
45491002	399992009	SAME_AS
455011000124104	1153543002	SAME_AS
455031000124105	1153607003	SAME_AS
455041000124100	1153608008	SAME_AS
45525000	1162488007	REPLACED_BY
455471000124103	1365946000	SAME_AS
45644002	187065008	REPLACED_BY
456691000124107	134591000119102	REPLACED_BY
45703009	41982003	REPLACED_BY
457171000124104	15702521000119106	SAME_AS
457551000124104	230690007	SAME_AS
457581000124107	1295232000	SAME_AS
4576001	609452007	REPLACED_BY
45762001	204081007	SAME_AS
457661000124101	131000112104	SAME_AS
457761000124105	1264260001	SAME_AS
45778004	210816005	SAME_AS
45813008	203355007	SAME_AS
45822009	874834005	REPLACED_BY
4586000	1354667005	REPLACED_BY
458601000124101	10821131000119109	SAME_AS
459011000124101	308171000119103	SAME_AS
45917005	82545002	REPLACED_BY
45935001	275481002	SAME_AS
45945004	271989003	REPLACED_BY
459601000124108	1367866007	SAME_AS
459701000124101	233845001	SAME_AS
459911000124100	239791005	SAME_AS
46003008	29321007	SAME_AS
46011003	234138005	SAME_AS
460391000124105	460411000124105	SAME_AS
4604008	208048002	SAME_AS
46052007	420121005	REPLACED_BY
460521000124103	621181000124107	REPLACED_BY
46129005	193589009	SAME_AS
461301000124109	845891000000103	SAME_AS
461351000124108	783541009	SAME_AS
46151002	125646009	REPLACED_BY
461582000	461557000	SAME_AS
46176001	363173007	SAME_AS
461861000124101	1287813004	SAME_AS
4619009	246545002	SAME_AS
46207001	187196002	SAME_AS
46219009	191962000	SAME_AS
46307004	1197596003	REPLACED_BY
46332002	397012002	REPLACED_BY
46433006	197808006	SAME_AS
46459009	1351911000	REPLACED_BY
4653008	186971007	SAME_AS
46583221000119102	16026991000119107	SAME_AS
46664000	212658003	SAME_AS
46766009	210327001	REPLACED_BY
46842007	235977001	SAME_AS
46871008	51070004	SAME_AS
46910000	421020000	SAME_AS
46935006	271547004	SAME_AS
46958009	234090004	SAME_AS
47004009	286378009	REPLACED_BY
47126008	210339009	REPLACED_BY
471351000124102	1217476001	SAME_AS
4715007	190615004	SAME_AS
472011000124109	611551000124102	REPLACED_BY
47230004	193497004	SAME_AS
4725002	164913009	SAME_AS
47267007	1263604008	REPLACED_BY
472803004	874782009	REPLACED_BY
47281009	187040006	SAME_AS
472819006	762348004	SAME_AS
473024001	473036007	REPLACED_BY
473039000	473038008	REPLACED_BY
473041004	1354666001	REPLACED_BY
473042006	473025000	REPLACED_BY
473043001	1354667005	REPLACED_BY
473044007	473032009	REPLACED_BY
473045008	473046009	REPLACED_BY
473114006	161414005	SAME_AS
47337003	766834007	SAME_AS
473440005	736152001	REPLACED_BY
473441009	736152001	REPLACED_BY
47386001	196040003	SAME_AS
47417003	816162001	SAME_AS
47430002	66078008	SAME_AS
47437004	110359009	REPLACED_BY
47504004	125647000	REPLACED_BY
47597000	373409004	SAME_AS
47604008	182159002	SAME_AS
47607001	5137004	REPLACED_BY
47749004	720013006	SAME_AS
47797003	197963001	SAME_AS
47838002	782309008	REPLACED_BY
47839005	155597006	REPLACED_BY
47874006	123536004	SAME_AS
47891005	833278008	REPLACED_BY
48046002	51239001	REPLACED_BY
48196004	111897007	REPLACED_BY
48213003	186287003	SAME_AS
48220005	80406003	REPLACED_BY
48227008	78387000	REPLACED_BY
48287005	429260008	REPLACED_BY
48374001	197354009	SAME_AS
48422000	125643001	REPLACED_BY
48443004	78691002	SAME_AS
48480005	193881001	SAME_AS
4852000	23568008	SAME_AS
48599004	275343008	SAME_AS
48625005	271501007	SAME_AS
486372901000119108	16216781000119107	SAME_AS
48746008	720016003	SAME_AS
48838004	609426001	REPLACED_BY
4885008	73161006	SAME_AS
4899007	190710003	REPLACED_BY
48991008	217090002	SAME_AS
49065004	6015002	REPLACED_BY
4910006	1230061008	REPLACED_BY
49153000	212809004	SAME_AS
49183009	4740000	REPLACED_BY
49227001	238091006	SAME_AS
49228006	242056005	REPLACED_BY
49351009	445308004	SAME_AS
49518001	373905003	SAME_AS
49540005	1348211007	REPLACED_BY
49546004	191154007	SAME_AS
49632008	57797005	REPLACED_BY
49644006	407675009	SAME_AS
49648009	73590005	REPLACED_BY
49657003	193880000	SAME_AS
49693001	186269001	SAME_AS
49715000	863978006	REPLACED_BY
49718003	26079004	REPLACED_BY
49776008	19598007	REPLACED_BY
49824003	1268535008	SAME_AS
49863005	89242004	SAME_AS
49887007	290325000	SAME_AS
49888002	249307003	SAME_AS
49910001	307132003	SAME_AS
49939001	3218000	REPLACED_BY
49965002	449908004	REPLACED_BY
500000	276877003	SAME_AS
50046005	212277008	SAME_AS
50061006	371632003	SAME_AS
50089009	196880006	SAME_AS
50104003	240314005	SAME_AS
5015009	160932005	SAME_AS
50226008	73590005	REPLACED_BY
50248002	95855003	REPLACED_BY
5027007	271700006	SAME_AS
502836591000119106	16024111000119109	SAME_AS
50286006	200284000	SAME_AS
50342004	105706003	SAME_AS
50401001	22721008	SAME_AS
50407002	208768004	SAME_AS
50508009	11817007	SAME_AS
50509001	35984006	SAME_AS
50548001	398100001	SAME_AS
50589003	62371005	SAME_AS
50644009	9491003	SAME_AS
50648007	278484009	SAME_AS
50650004	24079001	REPLACED_BY
50657001	302964004	SAME_AS
5066004	111379007	REPLACED_BY
50683006	11386000	REPLACED_BY
50702007	271793004	SAME_AS
50746004	202744000	SAME_AS
507581000000100	443430002	SAME_AS
50804000	233604007	REPLACED_BY
50878001	61180001	SAME_AS
50888000	1290438001	REPLACED_BY
50893002	77881008	REPLACED_BY
50968003	1193666000	REPLACED_BY
5097000	1657008	SAME_AS
50999002	37102008	REPLACED_BY
51003001	194350005	SAME_AS
5101009	192781003	SAME_AS
51049005	201837004	SAME_AS
51055000	236463002	SAME_AS
51065006	26089000	SAME_AS
51080000	368851000119102	REPLACED_BY
51096002	609480009	REPLACED_BY
51124009	197988009	SAME_AS
5124002	53333005	SAME_AS
51259002	274144001	REPLACED_BY
51271000112100	1286880003	REPLACED_BY
51284004	210456000	REPLACED_BY
51327006	1197061008	REPLACED_BY
51331000	312718007	REPLACED_BY
51344005	86473001	REPLACED_BY
51370006	410813000	SAME_AS
51388003	162397003	SAME_AS
51411000	125644007	REPLACED_BY
5145009	111691006	REPLACED_BY
51464001	25792000	SAME_AS
5150003	209812006	SAME_AS
51639006	125662003	REPLACED_BY
51680004	874831002	REPLACED_BY
51707007	609484000	REPLACED_BY
51732009	200788001	SAME_AS
51736007	282447006	REPLACED_BY
51781006	210456000	REPLACED_BY
5180001000004102	540871000124103	REPLACED_BY
51813005	186698009	SAME_AS
51830007	57797005	REPLACED_BY
51904009	269171002	REPLACED_BY
51938001	609221008	SAME_AS
51940006	10325006	REPLACED_BY
51953009	609501008	REPLACED_BY
51971002	290474000	SAME_AS
5203004	57373003	SAME_AS
52049007	196298000	SAME_AS
5205006	200823002	SAME_AS
52084006	209439007	SAME_AS
520841000124109	1304039005	SAME_AS
52113009	193598007	SAME_AS
52116001	195405004	SAME_AS
52158003	210456000	REPLACED_BY
52170004	876796000	REPLACED_BY
52171000	1010636000	REPLACED_BY
52191007	202379000	SAME_AS
52273008	131150001	REPLACED_BY
52289006	1279898008	REPLACED_BY
52295007	164870003	SAME_AS
52342006	609455009	REPLACED_BY
5235004	105997008	SAME_AS
52417003	89675003	SAME_AS
52545007	876807009	REPLACED_BY
52557003	204557007	SAME_AS
52564001	254231002	SAME_AS
52572004	1234907000	REPLACED_BY
52598005	426120002	SAME_AS
52651000119105	1286875007	REPLACED_BY
52670000	204342004	SAME_AS
52692001	26336006	SAME_AS
52794005	129565002	SAME_AS
52801002	210426009	REPLACED_BY
52811009	200789009	SAME_AS
52832001	12313004	REPLACED_BY
52840007	212674008	SAME_AS
52877004	298083004	REPLACED_BY
52888005	127305005	REPLACED_BY
52949009	206242003	SAME_AS
5301000124104	698077007	SAME_AS
53021009	402684002	REPLACED_BY
53061005	416558007	REPLACED_BY
53069007	426487006	REPLACED_BY
53073005	366463006	SAME_AS
53089008	210365008	REPLACED_BY
53098006	609483006	REPLACED_BY
531000119101	428165003	SAME_AS
5311007	194373002	SAME_AS
53247006	609498008	REPLACED_BY
53267002	127295002	REPLACED_BY
53290007	42052009	SAME_AS
53322007	890119003	REPLACED_BY
53395000	337471007	SAME_AS
53428005	367649002	SAME_AS
53432004	76098004	SAME_AS
53488008	698247007	SAME_AS
5351005	782666006	REPLACED_BY
53516004	1263635002	REPLACED_BY
53521000119106	246545002	REPLACED_BY
53542004	240591000	SAME_AS
53582006	111551000	REPLACED_BY
5360002	722866000	REPLACED_BY
53634006	1263683004	REPLACED_BY
53667005	193555008	SAME_AS
53675004	212145003	SAME_AS
53927006	433097005	REPLACED_BY
53936005	1234779007	REPLACED_BY
53986004	124322002	REPLACED_BY
54035002	208766000	SAME_AS
54044001	609471009	REPLACED_BY
540911000124100	1204257002	SAME_AS
54135000	707254000	SAME_AS
54155004	609490001	REPLACED_BY
54198000	7743006	SAME_AS
5423000	609419001	REPLACED_BY
54231004	39093002	REPLACED_BY
54275000	198188007	SAME_AS
54289005	419323005	REPLACED_BY
5431000124100	1269238002	SAME_AS
54364001	1197587003	REPLACED_BY
54397000	36209000	REPLACED_BY
5441000124105	705129007	SAME_AS
54461005	125664002	REPLACED_BY
54463008	210361004	REPLACED_BY
54505002	212916004	SAME_AS
5451009	57993004	REPLACED_BY
54529009	609506003	REPLACED_BY
54570006	77506005	REPLACED_BY
54593000	64518008	REPLACED_BY
54617005	202881005	SAME_AS
54634002	210341005	REPLACED_BY
54653007	210438000	REPLACED_BY
54726000	102878001	REPLACED_BY
54839009	398102009	SAME_AS
54848004	281599007	SAME_AS
54877003	212748006	SAME_AS
54881000087101	161615003	REPLACED_BY
5491000124101	192772009	SAME_AS
5496002	208225001	SAME_AS
551000119107	299418001	REPLACED_BY
55108002	876797009	REPLACED_BY
551471000124107	1367867003	SAME_AS
55163008	718485003	SAME_AS
55176002	239872002	SAME_AS
55225009	391181005	REPLACED_BY
55238001	68023007	SAME_AS
55267000	82598004	SAME_AS
5529003	298063000	REPLACED_BY
55329001	111550004	REPLACED_BY
55426007	210393007	REPLACED_BY
55434001	70660007	SAME_AS
5546000	1259917002	REPLACED_BY
55552003	217665000	SAME_AS
55589000	609480009	REPLACED_BY
55600008	212178005	SAME_AS
55702009	78914008	REPLACED_BY
55730009	1263723009	REPLACED_BY
5577003	609467006	REPLACED_BY
55776008	431034009	REPLACED_BY
558000	72442006	REPLACED_BY
55824003	190764000	SAME_AS
55933000	609475000	REPLACED_BY
55941000	400127001	SAME_AS
55955008	65001009	SAME_AS
55983005	212177000	SAME_AS
55991001	367649002	SAME_AS
56029000	1300163008	REPLACED_BY
56054000	208829002	SAME_AS
56083002	49416000	REPLACED_BY
56096001	399091004	SAME_AS
56102008	391181005	REPLACED_BY
56113006	59204004	SAME_AS
56166009	206241005	SAME_AS
56176007	307077003	SAME_AS
56177003	230631009	SAME_AS
56202001	1279848007	REPLACED_BY
56228003	198336007	SAME_AS
56239000	269169002	REPLACED_BY
56263008	736606009	SAME_AS
5631000124102	711171008	SAME_AS
56311003	212142000	SAME_AS
56324003	191148006	SAME_AS
56343003	283976007	SAME_AS
56344009	1172380000	REPLACED_BY
56372002	210343008	REPLACED_BY
56404003	32644009	SAME_AS
5641000124107	699783006	SAME_AS
5642006	111760006	REPLACED_BY
56491003	95570007	SAME_AS
56528004	1344659006	SAME_AS
56546005	111235007	REPLACED_BY
56560007	355736000	REPLACED_BY
56630009	208020002	SAME_AS
56654004	41305006	SAME_AS
56669003	200786002	SAME_AS
56672005	75116005	REPLACED_BY
56780006	238775002	SAME_AS
5681000124101	709987003	SAME_AS
56827004	609450004	REPLACED_BY
5691000124103	709994000	SAME_AS
56911007	278535003	REPLACED_BY
56921004	1335874004	REPLACED_BY
56986007	271634003	SAME_AS
5701000124103	709991008	SAME_AS
57057003	210076002	SAME_AS
57096009	206234004	SAME_AS
5711000124100	709986007	SAME_AS
57124002	266368002	SAME_AS
57137004	267936005	SAME_AS
5715001	210483004	REPLACED_BY
57186002	69008006	SAME_AS
5719007	42894006	REPLACED_BY
57197002	1300163008	REPLACED_BY
5721000124108	709993006	SAME_AS
57223003	58729003	SAME_AS
57254004	230426003	SAME_AS
5731000124106	709989000	SAME_AS
57334003	186846005	SAME_AS
57360002	405759003	SAME_AS
5741000124101	709988008	SAME_AS
57455000	235641005	SAME_AS
57477001	284550007	REPLACED_BY
5751000124104	709995004	SAME_AS
57546000	708090002	REPLACED_BY
57549007	208929003	SAME_AS
57568005	50219008	REPLACED_BY
57576007	274122006	REPLACED_BY
5761000124102	709992001	SAME_AS
57611001	169487009	SAME_AS
57625000	204535000	SAME_AS
57643001	266433003	REPLACED_BY
57667009	29914000	SAME_AS
57692007	198059008	SAME_AS
5770001000004100	64521000119100	SAME_AS
57718004	267280004	SAME_AS
57724005	51742006	REPLACED_BY
57734001	609449004	REPLACED_BY
57739006	127304009	REPLACED_BY
57740008	164861001	SAME_AS
57750009	125643001	REPLACED_BY
57762008	212691007	SAME_AS
57828001	212905006	SAME_AS
5784008	208253001	SAME_AS
57841002	193073001	SAME_AS
57866003	212761006	SAME_AS
57879007	446993003	SAME_AS
57895007	204457005	SAME_AS
5792004	609454008	REPLACED_BY
57935008	1259196009	REPLACED_BY
57937000	192859002	SAME_AS
58022004	788013003	REPLACED_BY
58066002	116277006	REPLACED_BY
58071009	785867009	REPLACED_BY
58125004	6603000	SAME_AS
58143000	83839005	SAME_AS
58156007	201829007	SAME_AS
58179008	210438000	REPLACED_BY
58278007	21409006	REPLACED_BY
5831000124103	709999005	SAME_AS
58356003	83536006	SAME_AS
58374007	186276006	SAME_AS
58399008	125649002	REPLACED_BY
58407003	268040001	SAME_AS
5841000124108	711100005	REPLACED_BY
58411009	36202009	REPLACED_BY
58484007	715061003	REPLACED_BY
58507000	193071004	SAME_AS
5853003	281599007	SAME_AS
58625003	80503009	SAME_AS
5867007	18735004	SAME_AS
58672003	122811000119101	REPLACED_BY
58688003	210839004	SAME_AS
58701001	253959002	SAME_AS
58712001	5321004	REPLACED_BY
58772009	209566009	SAME_AS
58812009	202108004	SAME_AS
58855008	58349009	REPLACED_BY
58864003	191169008	SAME_AS
58870009	1144986007	REPLACED_BY
58950002	266152000	SAME_AS
58965001	212619008	SAME_AS
5906000	111196000	REPLACED_BY
59076008	75478009	REPLACED_BY
59078009	721105004	REPLACED_BY
59080003	192741005	SAME_AS
59101000	263237009	SAME_AS
59192001	1335930000	REPLACED_BY
59201007	735766007	SAME_AS
59212007	876804002	REPLACED_BY
59220009	208826009	SAME_AS
59227007	49442000	SAME_AS
59269006	198217000	SAME_AS
59294007	197132001	SAME_AS
59296009	116224001	REPLACED_BY
59320006	194104000	SAME_AS
59327009	708096008	REPLACED_BY
59341000	210458004	REPLACED_BY
59379005	205564003	SAME_AS
59382000	29307005	SAME_AS
59404002	217655006	SAME_AS
5945005	609491002	REPLACED_BY
59457001	246544003	REPLACED_BY
59479006	722760002	SAME_AS
59483006	1343588005	REPLACED_BY
59565001	447404002	REPLACED_BY
59651000119104	1290075004	REPLACED_BY
59692002	203489009	SAME_AS
59722000	209127009	SAME_AS
59742009	186774005	SAME_AS
59751000119108	433807000	SAME_AS
59780005	271387005	SAME_AS
59795007	156222001	REPLACED_BY
59824005	1230262006	REPLACED_BY
5985004	876821006	REPLACED_BY
59859005	609498008	REPLACED_BY
59871004	236078003	SAME_AS
59940009	37471005	REPLACED_BY
59970004	416205001	REPLACED_BY
59997006	194788005	SAME_AS
60004004	95858001	REPLACED_BY
60012007	874842006	REPLACED_BY
60038007	1365934004	REPLACED_BY
60049001	209003005	SAME_AS
60062002	41591006	SAME_AS
60076001	210323002	REPLACED_BY
60078000	234451005	SAME_AS
60127009	197389006	REPLACED_BY
60148006	111649009	REPLACED_BY
6016001	87628006	REPLACED_BY
60180008	263233008	SAME_AS
602001	789400009	REPLACED_BY
60255003	9311003	SAME_AS
60257006	391181005	REPLACED_BY
60261000	23685000	SAME_AS
6031000124100	401207004	REPLACED_BY
60439007	166778002	SAME_AS
6045004	874837003	REPLACED_BY
60481001	75478009	SAME_AS
60535003	255196008	SAME_AS
60557005	208499002	SAME_AS
60716000	210328006	REPLACED_BY
60782007	201637001	SAME_AS
60790007	367641000119101	SAME_AS
6081000124104	452681000124108	SAME_AS
60822000	450428007	REPLACED_BY
60839003	111263009	REPLACED_BY
60871000119106	698457005	SAME_AS
6090008	33089002	SAME_AS
60932006	279043006	SAME_AS
609336008	417746004	SAME_AS
609337004	262550002	REPLACED_BY
609342007	49897003	SAME_AS
609344008	860603002	REPLACED_BY
609346005	398262004	REPLACED_BY
609374000	1157025007	REPLACED_BY
60938005	268163008	SAME_AS
609397002	609396006	REPLACED_BY
609422004	1359894005	REPLACED_BY
609438005	1293117004	REPLACED_BY
609439002	414819007	SAME_AS
609446006	1204036002	REPLACED_BY
609485004	1204037006	REPLACED_BY
609488002	1204037006	REPLACED_BY
60949004	1263632004	REPLACED_BY
609492009	57797005	REPLACED_BY
609547000	609409007	REPLACED_BY
60959003	125655007	REPLACED_BY
60987007	193325002	SAME_AS
61000001	128271002	REPLACED_BY
6100001000004104	541021000124101	REPLACED_BY
61033006	786496006	REPLACED_BY
61084007	95320005	REPLACED_BY
61100004	79962008	SAME_AS
61111007	737560000	REPLACED_BY
61140005	41168002	REPLACED_BY
611561000124100	418150003	SAME_AS
61165007	1296898001	REPLACED_BY
61185006	37475001	SAME_AS
61196003	127314000	REPLACED_BY
6129004	30811009	SAME_AS
61292006	204062004	SAME_AS
6134000	609512008	REPLACED_BY
61343002	75252003	SAME_AS
61386002	1269459006	REPLACED_BY
61413000	70737009	SAME_AS
61484000	246544003	REPLACED_BY
61514009	301939004	SAME_AS
61526004	125650002	REPLACED_BY
61626005	419099009	SAME_AS
61628006	414819007	SAME_AS
61657005	63871009	SAME_AS
61681003	210245003	SAME_AS
61703009	198066009	SAME_AS
61752008	609453002	REPLACED_BY
61767007	1149492007	REPLACED_BY
61771000119106	83225003	SAME_AS
61783007	359617009	SAME_AS
61810006	609462000	REPLACED_BY
61842000	699676006	REPLACED_BY
61880004	715051005	REPLACED_BY
61972007	63650001	SAME_AS
61985005	733729003	SAME_AS
62048002	1197062001	REPLACED_BY
620941000124107	150781000119103	SAME_AS
620961000124106	135331000146104	SAME_AS
62104005	210341005	REPLACED_BY
62126006	210116008	SAME_AS
62151000119109	1172966001	SAME_AS
62195001	46578006	SAME_AS
62227009	61099007	REPLACED_BY
62238009	208798006	SAME_AS
62239001	838276009	REPLACED_BY
62329009	278696005	SAME_AS
62331000	1300163008	REPLACED_BY
6243002	17543009	REPLACED_BY
62448009	44376007	SAME_AS
62450001	78868004	SAME_AS
62516008	880057004	REPLACED_BY
62519001	212644000	SAME_AS
6254007	276506001	SAME_AS
62567006	203635002	SAME_AS
62574001	165423001	SAME_AS
62623004	86772005	SAME_AS
62730001	447072005	SAME_AS
62767009	82203000	SAME_AS
6281007	128277003	REPLACED_BY
62888008	609500009	REPLACED_BY
62908007	298096003	REPLACED_BY
62924008	207794006	SAME_AS
62945001	208796005	SAME_AS
62960003	386817001	REPLACED_BY
62995000	1162460001	REPLACED_BY
63020008	267204006	SAME_AS
63041002	42094007	REPLACED_BY
63052008	209560003	SAME_AS
63070006	204470001	SAME_AS
63079007	208892001	SAME_AS
63117002	263128001	SAME_AS
63191000	1855002	REPLACED_BY
63219005	429040005	SAME_AS
63230211000119103	16000511000119103	SAME_AS
63283000	275437005	REPLACED_BY
63354001	204558002	SAME_AS
63365006	238902007	SAME_AS
63378006	203284001	SAME_AS
634005	2606006	SAME_AS
6342009	405757001	SAME_AS
63422009	1222546002	SAME_AS
63439006	609496007	REPLACED_BY
6347003	396544001	SAME_AS
63489003	71028008	SAME_AS
63495002	472981000	REPLACED_BY
63515003	386692008	SAME_AS
63517006	425940002	SAME_AS
63610004	208816002	SAME_AS
63659000	196439008	SAME_AS
63661009	205258009	SAME_AS
6368002	46802002	REPLACED_BY
6370001000004104	1204257002	SAME_AS
63746001	238902007	SAME_AS
63805001	83728000	SAME_AS
63819001	1279915006	REPLACED_BY
63843003	210106000	SAME_AS
63941000	367489004	SAME_AS
63957000	781127000	REPLACED_BY
63967005	111387008	REPLACED_BY
6400008	238951005	SAME_AS
64006008	242995009	REPLACED_BY
64008009	70902004	SAME_AS
64051008	208981003	SAME_AS
64139009	208232005	SAME_AS
64184006	50219008	REPLACED_BY
64224001	58588007	SAME_AS
64333001	4557003	SAME_AS
64334007	472949009	REPLACED_BY
64389005	186915005	SAME_AS
64410003	45369008	SAME_AS
64420008	1258984009	REPLACED_BY
64431000	234532001	SAME_AS
64451001	200785003	SAME_AS
64457002	840325005	SAME_AS
64485000	210824000	SAME_AS
64516007	111546006	REPLACED_BY
6454005	130960004	REPLACED_BY
64560007	201117001	SAME_AS
64593003	271737000	SAME_AS
64617008	212179002	SAME_AS
64646001	1807002	REPLACED_BY
64684007	212173001	SAME_AS
64690006	312719004	REPLACED_BY
64800003	70013003	SAME_AS
6480001000004101	540881000124100	REPLACED_BY
64839007	398623004	REPLACED_BY
64872007	204384007	SAME_AS
64982009	234054006	SAME_AS
65028004	269281006	SAME_AS
65029007	210368005	REPLACED_BY
6503008	67365005	SAME_AS
65059002	128278008	REPLACED_BY
65075004	429448005	SAME_AS
65127006	44323002	SAME_AS
65174002	370977006	REPLACED_BY
65181009	164865005	SAME_AS
65231005	386824000	REPLACED_BY
65250005	718941007	REPLACED_BY
65259006	209561004	SAME_AS
65260001	1156963006	REPLACED_BY
65276005	105615001	REPLACED_BY
65380003	217665000	SAME_AS
65429003	202752002	SAME_AS
65433005	271986005	REPLACED_BY
65477003	19579005	SAME_AS
6548007	302770003	SAME_AS
65487004	276458009	SAME_AS
65539006	238613007	SAME_AS
65560000	85746008	SAME_AS
65574007	16797001	SAME_AS
65588006	771299009	SAME_AS
65594003	414521009	REPLACED_BY
65599008	1263727005	REPLACED_BY
65621006	205063003	SAME_AS
65648007	207782002	SAME_AS
6565003	76107001	REPLACED_BY
65654008	25440005	SAME_AS
65655009	56925008	SAME_AS
65684000	209557005	SAME_AS
65728005	195103000	SAME_AS
65753008	240218006	SAME_AS
65794000	773270005	SAME_AS
65956007	105597003	REPLACED_BY
65971006	206196005	SAME_AS
66083000	58392004	SAME_AS
661000119105	426933007	SAME_AS
66116001	874830001	REPLACED_BY
66132003	196884002	SAME_AS
66184009	732963000	SAME_AS
66213001	1179028000	REPLACED_BY
66215008	1263728000	REPLACED_BY
66225003	278533005	REPLACED_BY
66287008	429260008	REPLACED_BY
66310000	362973001	REPLACED_BY
66374004	444064003	REPLACED_BY
6640008	193525001	SAME_AS
66446005	366979004	SAME_AS
6647006	609462000	REPLACED_BY
66503005	210459007	REPLACED_BY
66658004	268724009	REPLACED_BY
66665007	269159008	SAME_AS
66677002	73744004	REPLACED_BY
66703008	190959006	SAME_AS
66748007	267064002	SAME_AS
66792009	208873003	SAME_AS
66830009	210325009	REPLACED_BY
6687001	204739008	SAME_AS
66898004	271945003	SAME_AS
66899007	69293004	REPLACED_BY
67001005	268302006	SAME_AS
67016008	405765003	SAME_AS
67028000	194103006	SAME_AS
67042008	198811009	SAME_AS
67053002	27712000	SAME_AS
67062000	162204000	SAME_AS
67076004	308546005	SAME_AS
67112007	111253001	REPLACED_BY
67114008	14817008	REPLACED_BY
67139004	230381009	SAME_AS
67171006	266108008	SAME_AS
67188004	212700005	SAME_AS
67189007	49584005	SAME_AS
67238000	192003008	SAME_AS
67254002	723973002	SAME_AS
67267004	210469001	REPLACED_BY
673061000119104	8281000119109	SAME_AS
67337008	416718008	SAME_AS
673561000119108	712579003	SAME_AS
67415000	233683003	SAME_AS
67432001	362969004	SAME_AS
67443009	198436008	SAME_AS
67451000119104	717840005	SAME_AS
67454004	73820008	REPLACED_BY
67463002	192051000	SAME_AS
67514003	202770004	SAME_AS
67528009	122811000119101	REPLACED_BY
67543006	210329003	REPLACED_BY
6764002	414604009	SAME_AS
67644005	46866001	REPLACED_BY
67677009	191161006	SAME_AS
67717007	210294003	REPLACED_BY
67718002	33927004	SAME_AS
677421000119107	1279846006	REPLACED_BY
677431000119105	1279847002	REPLACED_BY
677641000119104	677621000119105	SAME_AS
677671000119106	677651000119102	SAME_AS
677701000119107	677681000119109	SAME_AS
67783000	63871009	SAME_AS
67814005	396285007	SAME_AS
67861006	405755009	SAME_AS
67871000119105	1187344003	REPLACED_BY
67883005	20610004	REPLACED_BY
67886002	31351009	SAME_AS
67912008	874827008	REPLACED_BY
67947000	726029005	SAME_AS
68018007	10235002	SAME_AS
6802007	609501008	REPLACED_BY
68091000119102	79631006	REPLACED_BY
68161007	229665008	SAME_AS
68165003	387778001	REPLACED_BY
68189005	609502001	REPLACED_BY
68190001	239920006	SAME_AS
68193004	299313006	SAME_AS
68195006	418130002	REPLACED_BY
68197003	192687008	SAME_AS
6823001	386823006	REPLACED_BY
682601000119105	1290074000	REPLACED_BY
682611000119108	717919005	REPLACED_BY
68270003	359804008	SAME_AS
68279002	210327001	REPLACED_BY
682821000119102	1290080008	REPLACED_BY
6835002	1295287004	REPLACED_BY
6839008	27742002	SAME_AS
68391009	50219008	REPLACED_BY
68394001	30093007	REPLACED_BY
68416002	206191000	SAME_AS
68448003	230426003	SAME_AS
68472008	206221000	SAME_AS
685002	871901008	REPLACED_BY
68510005	208551000	SAME_AS
68531008	88797001	SAME_AS
68556002	69008006	SAME_AS
68559009	712922002	REPLACED_BY
6856000	212616001	SAME_AS
68572005	402146009	SAME_AS
68663009	413428007	SAME_AS
68681007	79962008	SAME_AS
68706009	186182003	SAME_AS
68741008	876816008	REPLACED_BY
68744000	35185008	REPLACED_BY
68772007	441833000	REPLACED_BY
68824000	248005005	SAME_AS
68830000	286609007	SAME_AS
6883004	8214000	REPLACED_BY
68840002	199745000	REPLACED_BY
6891008	18606002	REPLACED_BY
68931000	237149005	REPLACED_BY
68953003	398019008	SAME_AS
68977009	15244003	SAME_AS
68988003	229664007	SAME_AS
69062005	208028009	SAME_AS
690701000119101	278017001	SAME_AS
690801000119108	783706007	SAME_AS
69092001	398067003	REPLACED_BY
69096003	404640003	SAME_AS
69115001	131159000	REPLACED_BY
69120001	125802004	SAME_AS
69164009	1193528006	REPLACED_BY
69232006	208587007	SAME_AS
69259003	210458004	REPLACED_BY
69279006	9491003	SAME_AS
69294005	199183007	SAME_AS
69295006	191347008	SAME_AS
69300008	212727009	SAME_AS
693158221000119105	16026951000119102	SAME_AS
69316005	363677007	SAME_AS
69319003	387604006	REPLACED_BY
69400009	247132001	SAME_AS
69412008	203184009	SAME_AS
69416006	208500006	SAME_AS
69448005	709119005	SAME_AS
69470008	307132003	REPLACED_BY
69471007	313179009	SAME_AS
6949007	193615000	SAME_AS
69524004	253276007	SAME_AS
69531000	298080001	REPLACED_BY
69561008	198216009	SAME_AS
69600003	55938009	REPLACED_BY
696005	387605007	REPLACED_BY
69634002	360994007	SAME_AS
69663004	30753002	SAME_AS
69671000119101	65441000119109	SAME_AS
69698001	408678008	SAME_AS
69746005	732960002	SAME_AS
69768000	269057007	SAME_AS
69792008	267064002	SAME_AS
698273002	698272007	SAME_AS
698402008	1264046005	REPLACED_BY
698404009	1279899000	REPLACED_BY
69841005	55728007	SAME_AS
698491009	1264386009	REPLACED_BY
698492002	1264072001	REPLACED_BY
698493007	1264073006	REPLACED_BY
698497008	1263637005	REPLACED_BY
698498003	1263638000	REPLACED_BY
698554000	1263633009	REPLACED_BY
698555004	1263634003	REPLACED_BY
698558002	302933001	SAME_AS
698582007	1264069008	REPLACED_BY
698583002	1264070009	REPLACED_BY
698586005	1220653008	REPLACED_BY
698587001	1220653008	REPLACED_BY
698588006	698550009	SAME_AS
698632006	237285000	SAME_AS
698646006	91858008	REPLACED_BY
698650004	160303001	REPLACED_BY
69872009	876795001	REPLACED_BY
698747008	876880009	REPLACED_BY
698756000	708515003	SAME_AS
698763000	230456007	REPLACED_BY
698766008	1351350008	REPLACED_BY
698785006	698964001	REPLACED_BY
698786007	1264074000	REPLACED_BY
698787003	1264075004	REPLACED_BY
698791008	1259921009	REPLACED_BY
698795004	1259923007	REPLACED_BY
698809005	1295395003	REPLACED_BY
698812008	698617004	SAME_AS
698855007	124221007	SAME_AS
698884003	441361000124104	SAME_AS
69895000	201069009	SAME_AS
698960005	207977001	REPLACED_BY
698961009	767262002	REPLACED_BY
699016003	312719004	SAME_AS
69920000	131148009	REPLACED_BY
699205002	448765001	SAME_AS
699257002	1359863005	REPLACED_BY
69927002	314270008	SAME_AS
699313003	783097004	REPLACED_BY
699752007	734012002	REPLACED_BY
699753002	734011009	REPLACED_BY
699760008	193436005	SAME_AS
699764004	440381000124102	SAME_AS
699765003	440391000124104	SAME_AS
699766002	440361000124107	SAME_AS
699767006	440371000124100	SAME_AS
69982006	197606008	SAME_AS
699870002	874931001	REPLACED_BY
700059003	1332358007	REPLACED_BY
700060008	92503002	SAME_AS
700061007	92824003	SAME_AS
700064004	315058005	SAME_AS
700127007	289482006	SAME_AS
700215003	876886003	REPLACED_BY
700251005	700250006	SAME_AS
70026004	72042002	SAME_AS
700448000	721207002	SAME_AS
70067009	66466001	SAME_AS
70133001	186542001	SAME_AS
70209001	116224001	REPLACED_BY
70226007	52072009	REPLACED_BY
7023007	190710003	SAME_AS
702370009	1303248003	REPLACED_BY
702371008	1303301003	REPLACED_BY
702390000	711246001	REPLACED_BY
70240008	15892005	SAME_AS
702410002	1258972007	REPLACED_BY
702422004	68116008	SAME_AS
702438005	328641000119109	SAME_AS
70245003	111689003	REPLACED_BY
702565001	129834002	SAME_AS
702632000	127294003	REPLACED_BY
702641005	609327009	SAME_AS
702693007	290774001	SAME_AS
703018008	717203007	SAME_AS
703055008	703011002	SAME_AS
70307002	405756005	SAME_AS
703148008	1186964008	REPLACED_BY
703149000	1186965009	REPLACED_BY
703150000	91175000	REPLACED_BY
703151001	1290882004	REPLACED_BY
703220002	45639009	SAME_AS
70324008	1162463004	REPLACED_BY
703255000	1290079005	REPLACED_BY
703256004	237770005	SAME_AS
703321001	1290077007	REPLACED_BY
703322008	1290078002	REPLACED_BY
703370002	700063005	SAME_AS
703464007	386705008	SAME_AS
703473004	1303303000	REPLACED_BY
703474005	1303300002	REPLACED_BY
703847000	1237200003	REPLACED_BY
70388009	1217634001	REPLACED_BY
70390005	732230001	REPLACED_BY
703928002	1208810002	REPLACED_BY
703935005	1208813000	REPLACED_BY
703948009	703033000	SAME_AS
703955006	1217280008	REPLACED_BY
70397008	392133001	SAME_AS
704107000	473148007	SAME_AS
704146003	719763000	SAME_AS
70421000119103	608851004	SAME_AS
704358009	129845004	SAME_AS
704409006	275338001	SAME_AS
704491001	1231386001	REPLACED_BY
70497007	275341005	SAME_AS
7050001000004104	1145043002	SAME_AS
705089007	866242004	SAME_AS
70517008	767497003	REPLACED_BY
705176003	1290060007	REPLACED_BY
70556002	193722001	SAME_AS
70610001	17025000	REPLACED_BY
706892001	22791000175108	SAME_AS
70690000	239721001	SAME_AS
707075003	734890007	SAME_AS
707088000	767659008	REPLACED_BY
70766007	40468003	REPLACED_BY
707749005	707747007	SAME_AS
70786006	302215000	SAME_AS
708038006	281239006	SAME_AS
70809009	198068005	SAME_AS
708176002	1003488007	REPLACED_BY
70823006	609466002	REPLACED_BY
70826003	716864001	REPLACED_BY
70860005	79962008	SAME_AS
70873009	876790006	REPLACED_BY
70898005	1263726001	REPLACED_BY
709284003	1340056009	REPLACED_BY
70938006	208267005	SAME_AS
709458007	10872691000119105	REPLACED_BY
709465004	1187148008	REPLACED_BY
709466003	1184620004	REPLACED_BY
709469005	1184621000	REPLACED_BY
709517003	1290067005	REPLACED_BY
709535007	1184703009	REPLACED_BY
709556009	1184704003	REPLACED_BY
709561006	1186599001	REPLACED_BY
7096005	414667000	SAME_AS
709604005	1186970002	REPLACED_BY
709608008	1186969003	REPLACED_BY
70962001	371128008	REPLACED_BY
709830006	1290064003	REPLACED_BY
70983007	186854007	SAME_AS
710053005	270907008	SAME_AS
710186007	1229979007	SAME_AS
710192001	713013008	REPLACED_BY
71041007	361199007	SAME_AS
71047006	193410003	SAME_AS
71048001	111531004	REPLACED_BY
71055004	1367951005	SAME_AS
710735009	1186967001	REPLACED_BY
710842000	733861006	SAME_AS
710906009	712988000	REPLACED_BY
710926008	1186966005	REPLACED_BY
710927004	1186965009	REPLACED_BY
71094003	198425001	SAME_AS
71115004	54048003	SAME_AS
71124008	772244003	SAME_AS
71136002	111560008	REPLACED_BY
711487002	771303004	SAME_AS
711489004	724098008	SAME_AS
71178008	65144005	SAME_AS
71204000	41910004	REPLACED_BY
71209005	197377009	SAME_AS
71216006	609499000	REPLACED_BY
71229006	414015000	REPLACED_BY
71275003	707747007	SAME_AS
712768005	14720231000119109	SAME_AS
712827009	166690008	SAME_AS
713082007	783707003	SAME_AS
71313000	208558006	SAME_AS
713212008	109649003	SAME_AS
713213003	109648006	SAME_AS
713306000	1290068000	REPLACED_BY
713573006	1290068000	REPLACED_BY
713574000	1288032009	REPLACED_BY
713597002	738288005	SAME_AS
713613007	1099611000119109	SAME_AS
71362000	609486003	REPLACED_BY
713652000	59927004	SAME_AS
713690006	416098002	REPLACED_BY
713708001	713711000	SAME_AS
713720009	440663004	SAME_AS
71399000	1162631002	SAME_AS
71427006	84757009	REPLACED_BY
7143003	405720007	SAME_AS
714519009	711636007	SAME_AS
71478004	191736004	SAME_AS
714810002	1288045008	REPLACED_BY
714811003	1290071008	REPLACED_BY
71488003	19579005	SAME_AS
71491003	210323002	REPLACED_BY
715016002	1303951003	REPLACED_BY
71508003	95413004	SAME_AS
715241001	722493007	REPLACED_BY
715270005	715267006	SAME_AS
715303005	715300008	SAME_AS
71536008	42251007	REPLACED_BY
715365000	732259001	REPLACED_BY
715417002	717761005	REPLACED_BY
715432009	92824003	REPLACED_BY
71546005	11687002	REPLACED_BY
715479009	784006008	REPLACED_BY
715654001	721094006	REPLACED_BY
715667003	717255008	SAME_AS
715671000	783789002	REPLACED_BY
71594009	95800001	SAME_AS
71595005	288245007	SAME_AS
715992003	95243004	REPLACED_BY
716054006	738783002	REPLACED_BY
716087005	698299009	SAME_AS
716189005	254104009	REPLACED_BY
71624009	196859000	SAME_AS
716256003	703722006	SAME_AS
716292004	1290861005	REPLACED_BY
716293009	1290857004	REPLACED_BY
7166002	609469009	REPLACED_BY
716654007	716318002	REPLACED_BY
716790008	1162918009	REPLACED_BY
71682006	194375009	SAME_AS
71694002	200608005	SAME_AS
71698004	17369002	REPLACED_BY
717198004	703008003	SAME_AS
717199007	703746004	SAME_AS
717200005	703860006	SAME_AS
717201009	703242001	SAME_AS
717228004	239069005	REPLACED_BY
71729005	212643006	SAME_AS
71741003	76314005	REPLACED_BY
71745007	91316003	REPLACED_BY
71751002	303852004	REPLACED_BY
71766004	361151007	SAME_AS
717723007	402707003	SAME_AS
717763008	715342005	REPLACED_BY
717769007	712922002	REPLACED_BY
717841009	35563005	REPLACED_BY
717860002	75198005	REPLACED_BY
717867004	424802006	SAME_AS
717869001	762275008	REPLACED_BY
717870000	762275008	REPLACED_BY
717881002	442267002	SAME_AS
717921000	716653001	SAME_AS
71793001	63750008	SAME_AS
71795008	372287009	SAME_AS
717951006	35563005	REPLACED_BY
717954003	237788002	SAME_AS
718178006	1010712009	REPLACED_BY
718195003	109994006	REPLACED_BY
718309005	307132003	REPLACED_BY
71831005	84757009	REPLACED_BY
718341004	428883008	SAME_AS
718702003	1204420006	REPLACED_BY
71872007	167623009	SAME_AS
718846001	702327009	REPLACED_BY
71902007	247034002	SAME_AS
719101006	1156584007	REPLACED_BY
719137001	838441009	REPLACED_BY
719211006	771182002	REPLACED_BY
719212004	1156584007	REPLACED_BY
71926009	78895009	SAME_AS
719396000	720954000	REPLACED_BY
71943007	22990009	SAME_AS
719511005	782826009	REPLACED_BY
7198008	128281003	REPLACED_BY
719985001	765196004	REPLACED_BY
719986000	709281006	REPLACED_BY
720413004	38371006	REPLACED_BY
72044001	609489005	REPLACED_BY
72050006	17182001	SAME_AS
720511000	724281002	REPLACED_BY
72053008	89251007	REPLACED_BY
720566004	254140006	REPLACED_BY
72061003	210395000	REPLACED_BY
720814001	440350001	REPLACED_BY
720854004	783787000	REPLACED_BY
720857006	816068000	REPLACED_BY
720862007	715318006	REPLACED_BY
72087003	726051002	SAME_AS
72094000	192759008	SAME_AS
72103000	246533006	REPLACED_BY
721134005	294707002	REPLACED_BY
721141004	783787000	REPLACED_BY
721142006	783787000	REPLACED_BY
721224008	1156584007	REPLACED_BY
721302006	1260217004	REPLACED_BY
721303001	1260268001	REPLACED_BY
721305008	91861009	REPLACED_BY
72148001	720473006	REPLACED_BY
7215001	609423009	REPLACED_BY
721662002	58358002	SAME_AS
721773000	1092351000119107	SAME_AS
721837000	239087008	REPLACED_BY
721905000	449817000	REPLACED_BY
722003007	733601006	REPLACED_BY
72206000	271969004	REPLACED_BY
722065002	1222710008	REPLACED_BY
722092008	720578000	SAME_AS
722111004	773622005	REPLACED_BY
722181009	1367846003	SAME_AS
722286006	725149008	REPLACED_BY
722287002	19886006	REPLACED_BY
722374006	763322002	REPLACED_BY
722432000	702381007	REPLACED_BY
72256005	405729008	SAME_AS
722569004	1263722004	REPLACED_BY
722570003	206292002	SAME_AS
722580004	1263961001	REPLACED_BY
722659003	1339022006	REPLACED_BY
722660008	1339013005	REPLACED_BY
72279006	417425009	REPLACED_BY
722845008	56165008	REPLACED_BY
722846009	56165008	REPLACED_BY
722924000	281610001	REPLACED_BY
722950001	103293001	SAME_AS
722961009	2776000	REPLACED_BY
722962002	3298001	REPLACED_BY
722971006	1254958006	REPLACED_BY
72298008	403536009	SAME_AS
723081004	94805002	REPLACED_BY
723126009	91175000	REPLACED_BY
723127000	91175000	REPLACED_BY
723136001	231795004	REPLACED_BY
723155001	1339018001	REPLACED_BY
723361006	110985001	REPLACED_BY
723437000	1217008005	REPLACED_BY
72349001	202111003	SAME_AS
723625009	773643006	REPLACED_BY
72363007	210454002	REPLACED_BY
723882007	1234767007	REPLACED_BY
723928009	1234782002	REPLACED_BY
723929001	1234781009	REPLACED_BY
723930006	1234780005	REPLACED_BY
723933008	85005007	REPLACED_BY
724062000	25792000	REPLACED_BY
724090001	816067005	REPLACED_BY
724205009	715439000	REPLACED_BY
724280001	719097002	REPLACED_BY
724304006	240254005	SAME_AS
724388006	314603004	SAME_AS
72439000	1296921004	REPLACED_BY
724438002	783630000	SAME_AS
724484007	707207004	REPLACED_BY
724502006	1144809002	REPLACED_BY
724504007	27405005	REPLACED_BY
724510007	59032001	SAME_AS
724564005	763626009	SAME_AS
724574008	1234772003	REPLACED_BY
724601006	722191003	SAME_AS
724613001	1231179003	SAME_AS
72462003	266570005	REPLACED_BY
72463008	240727006	REPLACED_BY
724638006	1162654006	REPLACED_BY
724641002	398250003	SAME_AS
724653003	75544000	REPLACED_BY
724657002	427327003	REPLACED_BY
724658007	724656006	REPLACED_BY
724659004	231470001	REPLACED_BY
724662001	23601000119102	REPLACED_BY
724663006	724660009	REPLACED_BY
724664000	724661008	REPLACED_BY
724688003	31956009	REPLACED_BY
724695007	38247002	REPLACED_BY
724698009	56294008	REPLACED_BY
724700000	5002000	REPLACED_BY
724704009	1231319004	REPLACED_BY
724712001	74851005	REPLACED_BY
724714000	38247002	REPLACED_BY
724724008	2403008	REPLACED_BY
724725009	74934004	REPLACED_BY
724750007	91471000119102	REPLACED_BY
724754003	58690002	REPLACED_BY
724767000	230307005	SAME_AS
724768005	1155955003	REPLACED_BY
724774005	716771000	SAME_AS
724788009	75023009	SAME_AS
724812009	15241006	REPLACED_BY
724821005	788907005	SAME_AS
724828004	200851006	SAME_AS
724997001	39058009	SAME_AS
7251008	4669001	SAME_AS
725103004	254104009	REPLACED_BY
725104005	724146008	REPLACED_BY
725292008	702445005	REPLACED_BY
72538006	410059004	SAME_AS
7254000	269296005	SAME_AS
725415009	37471005	REPLACED_BY
725418006	69408002	REPLACED_BY
725912001	721875000	REPLACED_BY
726080006	90505000	SAME_AS
72621000119104	1003682004	REPLACED_BY
726652005	1287564005	REPLACED_BY
726653000	1287573002	REPLACED_BY
726654006	1290274008	REPLACED_BY
72682008	836343001	SAME_AS
72701000119102	386211005	SAME_AS
72722003	234947003	REPLACED_BY
72744008	403812000	SAME_AS
727480005	204878001	REPLACED_BY
72764003	187039009	SAME_AS
72847009	249963007	REPLACED_BY
728682008	19387007	REPLACED_BY
72885007	303011007	SAME_AS
72917008	212239002	SAME_AS
72961000	876815007	REPLACED_BY
72967001	95323007	SAME_AS
72977004	194809007	SAME_AS
72994002	191962000	SAME_AS
73009009	781682005	SAME_AS
73044006	404670008	SAME_AS
73052009	772149003	SAME_AS
73057003	895491007	SAME_AS
73096009	281599007	SAME_AS
73107008	189312004	SAME_AS
73110001	208828005	SAME_AS
73111002	333633007	REPLACED_BY
7314000	208526001	SAME_AS
73143002	127295002	REPLACED_BY
73262007	253859003	SAME_AS
73280003	609471009	REPLACED_BY
732931006	770627003	REPLACED_BY
733007	876818009	REPLACED_BY
733090001	771470001	REPLACED_BY
733151002	40271000119102	SAME_AS
733159000	4494009	REPLACED_BY
733160005	4494009	REPLACED_BY
733175002	1340039001	REPLACED_BY
733177005	372247004	REPLACED_BY
733185001	1339031006	REPLACED_BY
733195008	784345005	SAME_AS
733237005	210642007	SAME_AS
733260002	209463004	SAME_AS
73327000	386822001	REPLACED_BY
733305007	733303000	SAME_AS
733425005	403767009	REPLACED_BY
733490006	702373006	REPLACED_BY
73350006	111545005	REPLACED_BY
733524006	445211001	SAME_AS
733525007	445118002	SAME_AS
733606001	403767009	REPLACED_BY
73374009	70917000	SAME_AS
73422005	267980005	SAME_AS
73424006	75730008	SAME_AS
734290003	1231429007	REPLACED_BY
734292006	1231428004	REPLACED_BY
73449005	419817006	REPLACED_BY
734522002	91861009	REPLACED_BY
73455000	210364007	REPLACED_BY
73491007	860918004	REPLACED_BY
73505005	1003796001	REPLACED_BY
73515004	111215006	REPLACED_BY
73519005	194177006	SAME_AS
7354003	111196000	REPLACED_BY
735431006	1156300000	SAME_AS
735432004	1156296001	SAME_AS
735500001	211767008	SAME_AS
735515000	82323002	REPLACED_BY
735587000	708095007	SAME_AS
735594002	63532004	SAME_AS
735612009	109333005	SAME_AS
735656009	231795004	REPLACED_BY
735687006	234214002	SAME_AS
735720002	1162589001	REPLACED_BY
735744000	64728002	SAME_AS
735859000	699875007	SAME_AS
73600009	445498009	REPLACED_BY
73636007	198302001	SAME_AS
73642006	206201001	SAME_AS
736949008	271945003	SAME_AS
736987000	398158001	REPLACED_BY
73714002	79631006	REPLACED_BY
737264005	371136004	SAME_AS
737326006	1263943005	SAME_AS
73768007	418143002	SAME_AS
7377003	21247003	SAME_AS
73781000	771250005	REPLACED_BY
73782007	1230273004	REPLACED_BY
73788006	78868004	REPLACED_BY
738211801000119107	16002031000119102	SAME_AS
738478141000119101	16024271000119107	SAME_AS
73855005	238027003	SAME_AS
73876000	1295320002	REPLACED_BY
73879007	422587007	REPLACED_BY
73890002	1193558000	REPLACED_BY
7390005	250072004	SAME_AS
73919001	41235001	REPLACED_BY
7394001	298085006	REPLACED_BY
73973007	210342003	REPLACED_BY
74034002	1163259003	REPLACED_BY
74058003	210345001	REPLACED_BY
74066007	210358000	REPLACED_BY
7407001	210360003	REPLACED_BY
74091007	68368005	REPLACED_BY
74222003	111735006	REPLACED_BY
74263009	83728000	SAME_AS
74277007	415297005	SAME_AS
74296006	373717006	SAME_AS
74312006	241832007	SAME_AS
74346007	207755005	SAME_AS
74360009	1269461002	REPLACED_BY
74375001	275326005	SAME_AS
74391003	410798004	REPLACED_BY
74418006	285145004	SAME_AS
74421008	416383008	SAME_AS
74509007	67786008	SAME_AS
74560008	198268002	SAME_AS
74563005	193821003	SAME_AS
74659005	196835005	SAME_AS
74664009	871528009	REPLACED_BY
74701008	186175002	SAME_AS
74717002	36989005	REPLACED_BY
74737003	407675009	SAME_AS
74779009	789758005	SAME_AS
74797001	5689008	REPLACED_BY
74827000	309752000	SAME_AS
74859007	425940002	SAME_AS
74863000	409702008	REPLACED_BY
7491008	874919003	REPLACED_BY
74954003	236037000	SAME_AS
74978008	57797005	REPLACED_BY
75013000	609478003	REPLACED_BY
75024003	324984006	SAME_AS
75051000	235719002	SAME_AS
75111000	95794005	SAME_AS
751121000124103	1306770009	SAME_AS
75125004	274640006	SAME_AS
75156007	211256008	SAME_AS
75186000	472950009	REPLACED_BY
75253008	193844000	SAME_AS
75273003	288245007	REPLACED_BY
75352001	373413006	REPLACED_BY
75381000	386818006	REPLACED_BY
75401002	367510009	SAME_AS
75485008	208759001	SAME_AS
75500003	298076006	REPLACED_BY
75523000	399960008	SAME_AS
75569000	283356006	REPLACED_BY
75592000	1263720007	REPLACED_BY
75612006	229655002	REPLACED_BY
75613001	249923006	SAME_AS
75705005	703630003	REPLACED_BY
75713006	198425001	SAME_AS
75721000	2556008	REPLACED_BY
75769002	210328006	REPLACED_BY
75802002	40468003	REPLACED_BY
75822003	16024431000119108	REPLACED_BY
75825001	609465003	REPLACED_BY
75891001	449908004	REPLACED_BY
75897002	73589001	SAME_AS
75947000	609464004	REPLACED_BY
75952005	58554001	SAME_AS
75961005	90560007	REPLACED_BY
7602002	209947002	SAME_AS
76032001	234347009	SAME_AS
76043009	771143004	REPLACED_BY
76121004	210244004	SAME_AS
76127000	298079004	REPLACED_BY
761581000124101	1293277000	SAME_AS
761591000124103	1293275008	SAME_AS
761601000124106	1293276009	SAME_AS
761611000124109	1293278005	SAME_AS
76175005	360416003	SAME_AS
76179004	405764004	SAME_AS
762005171000119101	422504002	SAME_AS
76219003	274864009	SAME_AS
76223006	204257008	SAME_AS
762272006	1162587004	REPLACED_BY
76228002	876806000	REPLACED_BY
762359008	298070000	SAME_AS
762384006	1363051007	REPLACED_BY
762464006	726018006	SAME_AS
762537007	1187628000	REPLACED_BY
762562007	1363050008	REPLACED_BY
762658005	1264071008	REPLACED_BY
763021000	1222878001	REPLACED_BY
76348006	298078007	REPLACED_BY
76374000	60464005	REPLACED_BY
76418009	110030002	REPLACED_BY
76461007	332457007	SAME_AS
76472002	609502001	REPLACED_BY
76485004	208242007	SAME_AS
76491002	1300163008	REPLACED_BY
76523007	303081002	SAME_AS
76529006	210399006	REPLACED_BY
76536007	105632002	SAME_AS
76540003	267922000	SAME_AS
765482002	1234778004	REPLACED_BY
76606006	422167001	REPLACED_BY
7662004	203186006	SAME_AS
76660003	38850007	SAME_AS
766884000	255581000119100	REPLACED_BY
767130007	784010006	REPLACED_BY
767254005	15523002	REPLACED_BY
767272004	198301008	SAME_AS
767380008	1010568002	REPLACED_BY
767381007	1010569005	REPLACED_BY
76741002	429257001	SAME_AS
76749000	186931002	SAME_AS
76830005	10057001	SAME_AS
76854000	26544005	REPLACED_BY
768677000	1254652005	SAME_AS
769049001	1231490000	REPLACED_BY
76910007	197679002	SAME_AS
769113004	1231495005	REPLACED_BY
769114005	1231492008	REPLACED_BY
769140004	1231489009	REPLACED_BY
769141000	1231491001	REPLACED_BY
769142007	1231498007	REPLACED_BY
769143002	1231493003	REPLACED_BY
769144008	404500000	SAME_AS
76981000119106	1003682004	REPLACED_BY
76984009	1263721006	REPLACED_BY
76998001	50986000	SAME_AS
77015008	404689008	SAME_AS
77016009	1264194006	REPLACED_BY
77032007	70413005	SAME_AS
770402000	110002002	REPLACED_BY
770624005	1237571004	REPLACED_BY
770719004	1367900004	REPLACED_BY
770776002	1003489004	REPLACED_BY
770777006	1003490008	REPLACED_BY
770839008	1345134005	REPLACED_BY
77099001	609477008	REPLACED_BY
771080008	718220008	REPLACED_BY
771141002	1237571004	REPLACED_BY
771142009	1230376005	REPLACED_BY
77128003	767263007	REPLACED_BY
77129006	34541000087107	REPLACED_BY
771517009	1351892007	REPLACED_BY
77206006	2858002	REPLACED_BY
77244002	95446005	SAME_AS
77266009	207759004	SAME_AS
772780004	1083751000119104	SAME_AS
772792004	414923000	SAME_AS
772821007	236042008	SAME_AS
77299006	425940002	SAME_AS
773301007	719405005	REPLACED_BY
773345007	1367882008	REPLACED_BY
773575001	1010636000	REPLACED_BY
77358003	1187233008	REPLACED_BY
77361002	240626005	SAME_AS
773620002	415594002	SAME_AS
773699009	1230376005	REPLACED_BY
77385005	718929000	SAME_AS
773985008	66758006	REPLACED_BY
775008	38354005	REPLACED_BY
77631001	234040003	SAME_AS
77666004	203045001	SAME_AS
77678000	712484007	REPLACED_BY
77691004	196764005	SAME_AS
77719006	208000003	SAME_AS
77727002	23205009	REPLACED_BY
77737007	194767001	SAME_AS
7777001	6140007	SAME_AS
77794002	204949001	SAME_AS
77798004	240765004	REPLACED_BY
778000002	1367900004	REPLACED_BY
778061001	1367981002	REPLACED_BY
77854008	1365937006	REPLACED_BY
77868001	275260000	SAME_AS
77872002	32482005	REPLACED_BY
77893004	81405006	REPLACED_BY
77912009	49442000	SAME_AS
77913004	89672000	SAME_AS
77936008	80002007	SAME_AS
7802000	57797005	REPLACED_BY
78077007	706893006	REPLACED_BY
780827006	1222656005	REPLACED_BY
780841002	110002002	REPLACED_BY
781076008	1286863002	REPLACED_BY
781382000	1286877004	REPLACED_BY
78142009	65883009	REPLACED_BY
781450004	211047006	SAME_AS
78145006	24079001	SAME_AS
781488002	211402004	SAME_AS
781534005	211192002	SAME_AS
781541004	211334007	SAME_AS
781547000	211045003	SAME_AS
78157002	1290439009	REPLACED_BY
781574004	609362004	SAME_AS
781594008	283055000	SAME_AS
78162001	384710005	SAME_AS
781641005	1332358007	REPLACED_BY
78179007	715054002	REPLACED_BY
782201009	399963005	SAME_AS
782599000	416098002	REPLACED_BY
782600002	416098002	REPLACED_BY
782820003	782912001	REPLACED_BY
783006001	1288024001	REPLACED_BY
783157004	29570005	REPLACED_BY
783164002	733520002	REPLACED_BY
78319006	429305003	SAME_AS
78323003	271488001	SAME_AS
78349008	275359008	SAME_AS
783559007	720861000	REPLACED_BY
78368006	88232005	REPLACED_BY
78408007	1354558001	REPLACED_BY
784201008	109904003	SAME_AS
784372002	699688008	REPLACED_BY
78450007	287001000	SAME_AS
78461004	386807006	REPLACED_BY
78468005	240046001	SAME_AS
78483000	190437000	SAME_AS
78538003	246545002	SAME_AS
785869007	785868004	REPLACED_BY
785870008	785868004	REPLACED_BY
785871007	785867009	REPLACED_BY
785872000	785867009	REPLACED_BY
78596001	64779008	SAME_AS
786120041000132108	69322001	REPLACED_BY
7864001	234107009	SAME_AS
78643003	278536002	REPLACED_BY
78658006	195180004	SAME_AS
78672002	219291003	SAME_AS
78682001	192772009	SAME_AS
78704008	111224002	REPLACED_BY
78719009	32482005	REPLACED_BY
78745000	397012002	REPLACED_BY
78764006	269167000	REPLACED_BY
787768005	1234768002	REPLACED_BY
787769002	1234773008	REPLACED_BY
787770001	1234777009	REPLACED_BY
787777003	473112005	SAME_AS
788167006	182991002	REPLACED_BY
78820005	238772004	REPLACED_BY
788310011000119109	16024151000119105	SAME_AS
788390005	713189001	REPLACED_BY
788492001	788491008	REPLACED_BY
78856008	130197005	SAME_AS
788781001	1306845001	REPLACED_BY
788802000	1306844002	REPLACED_BY
78889008	270903007	SAME_AS
788912006	191713008	SAME_AS
78897001	190966007	SAME_AS
789004008	255032005	REPLACED_BY
789047008	789046004	REPLACED_BY
789049006	896886007	SAME_AS
789057009	85940005	SAME_AS
78916005	194964003	SAME_AS
789516009	37320007	REPLACED_BY
789542009	368521000119107	SAME_AS
78956007	52967002	SAME_AS
789673002	37320007	SAME_AS
78988004	125657004	REPLACED_BY
7899002	247323005	SAME_AS
79002008	21835004	REPLACED_BY
79013006	275446004	SAME_AS
79122005	399090003	SAME_AS
7914007	210159003	SAME_AS
7915008	205798005	SAME_AS
79160001	36139001	SAME_AS
79167003	210339009	REPLACED_BY
79220008	127305005	REPLACED_BY
79232007	192907007	SAME_AS
79315005	271972006	REPLACED_BY
79325000	234190001	REPLACED_BY
79348005	117891000119100	SAME_AS
79358009	792004	SAME_AS
79359001	193093009	SAME_AS
794003	213157000	SAME_AS
79417003	718122005	REPLACED_BY
7942009	209412004	SAME_AS
79484004	52450003	SAME_AS
79492008	111210001	REPLACED_BY
79534009	1222676004	SAME_AS
79564001	397012002	REPLACED_BY
79569006	42711005	SAME_AS
79574003	6631009	SAME_AS
79578000	191478006	SAME_AS
79587009	1201760007	REPLACED_BY
79598005	92564006	REPLACED_BY
79767006	271974007	REPLACED_BY
79795006	275388009	SAME_AS
79833006	715391004	REPLACED_BY
79835004	219293000	SAME_AS
79878009	193876005	SAME_AS
79927003	200802008	SAME_AS
79991006	724071009	SAME_AS
79994003	52008007	SAME_AS
80018001	60002000	REPLACED_BY
80023001	417347005	REPLACED_BY
80043007	271706000	SAME_AS
80046004	127040003	SAME_AS
80059007	37610005	SAME_AS
80069001	373431007	SAME_AS
80103000	59748008	REPLACED_BY
80113008	362973001	REPLACED_BY
801141000124103	1335882004	SAME_AS
80155004	203185005	SAME_AS
80172006	399923009	SAME_AS
80228000	47219002	SAME_AS
80293004	22281006	SAME_AS
80295006	219290002	SAME_AS
80310004	210430007	REPLACED_BY
80340002	210363001	REPLACED_BY
80355006	871528009	REPLACED_BY
80357003	247131008	SAME_AS
8037001	29003001	SAME_AS
80438008	609500009	REPLACED_BY
8047003	210329003	REPLACED_BY
80490004	3586005	SAME_AS
80526002	193468002	SAME_AS
80609002	47135001	REPLACED_BY
8065004	193501009	REPLACED_BY
80695003	73371001	SAME_AS
80723008	41232003	REPLACED_BY
8080005	210892006	SAME_AS
80847009	1230040001	REPLACED_BY
80860003	20016009	REPLACED_BY
80881003	34298002	SAME_AS
80900001	217666004	SAME_AS
80912002	715149009	REPLACED_BY
80936003	444064003	SAME_AS
8099001	232121005	SAME_AS
81014006	196903009	SAME_AS
8104000	193341001	SAME_AS
811000124106	723307008	SAME_AS
81119003	35151000087100	REPLACED_BY
81131001	1300163008	REPLACED_BY
81136006	274662006	SAME_AS
81212000	170489004	SAME_AS
81233009	361055000	SAME_AS
81279004	212597004	SAME_AS
81282009	119249001	REPLACED_BY
81313008	414492009	SAME_AS
81336004	253818009	SAME_AS
81351008	49084001	SAME_AS
81376009	3238004	REPLACED_BY
81411009	2899008	SAME_AS
81416004	1003614009	REPLACED_BY
81441006	212617005	SAME_AS
81442004	1269520004	REPLACED_BY
81453005	204171005	SAME_AS
81484007	195141007	SAME_AS
81526008	414667000	SAME_AS
81652008	240539000	SAME_AS
81675001	863957008	REPLACED_BY
81700000	66078008	SAME_AS
81710009	14654002	REPLACED_BY
8173005	1204037006	REPLACED_BY
81735003	92973006	SAME_AS
8183009	1279909006	REPLACED_BY
81875004	283839008	SAME_AS
81877007	105531004	SAME_AS
81957004	208797001	SAME_AS
8197001	82721003	SAME_AS
81983009	211794007	SAME_AS
82007007	21530000	SAME_AS
82012008	267439008	SAME_AS
82044007	208270009	SAME_AS
82109007	205769006	SAME_AS
82172002	194102001	SAME_AS
82204006	609473007	REPLACED_BY
82225006	61438005	REPLACED_BY
82251008	22620000	SAME_AS
82255004	128295000	SAME_AS
822972000	91162000	REPLACED_BY
82307002	210241007	SAME_AS
82315004	718921002	REPLACED_BY
82338001	609487007	REPLACED_BY
82372009	1263628005	REPLACED_BY
82377003	206303001	SAME_AS
82404008	109671008	SAME_AS
82428005	269167000	REPLACED_BY
82429002	274771005	SAME_AS
82478007	197389006	SAME_AS
82516004	720028006	REPLACED_BY
82526006	280949006	SAME_AS
8256001	61575003	SAME_AS
82561000119101	770098001	SAME_AS
82580003	204383001	SAME_AS
8263001	860918004	REPLACED_BY
82659002	874833004	REPLACED_BY
8267000	111549004	REPLACED_BY
82675004	240008008	SAME_AS
82684004	186397005	SAME_AS
82695005	209808000	SAME_AS
82702006	206215004	SAME_AS
82707000	208578003	SAME_AS
82712004	203170004	SAME_AS
8272009	30260009	SAME_AS
8274005	609450004	REPLACED_BY
82757008	233793003	SAME_AS
82797006	230690007	SAME_AS
8282005	473032009	REPLACED_BY
82836006	417563003	REPLACED_BY
8284006	202167006	SAME_AS
82845007	193379006	SAME_AS
8291000119107	84757009	REPLACED_BY
82928001	196299008	SAME_AS
82985000	70153002	REPLACED_BY
82988003	210386008	REPLACED_BY
8299006	35923002	SAME_AS
83043008	82545002	REPLACED_BY
83092002	767263007	REPLACED_BY
83100003	302231008	REPLACED_BY
83168008	788863007	SAME_AS
83195003	267948008	SAME_AS
83219002	41196008	SAME_AS
83221007	191733007	SAME_AS
83316006	426853005	REPLACED_BY
833294001	271780009	SAME_AS
83437004	1264386009	REPLACED_BY
83440004	195929004	SAME_AS
83447001	312591002	REPLACED_BY
83453001	203475004	SAME_AS
83470009	778022009	REPLACED_BY
83492008	276700005	SAME_AS
83493003	208006009	SAME_AS
83497002	45227007	REPLACED_BY
83513002	210297005	REPLACED_BY
83519003	239763002	SAME_AS
83527007	61288004	SAME_AS
83576001	209540006	SAME_AS
83608006	196034005	SAME_AS
83618001	718919007	REPLACED_BY
83660002	32958008	SAME_AS
83712005	1300163008	REPLACED_BY
8374008	193067002	SAME_AS
83793004	410798004	REPLACED_BY
8380000	275259005	SAME_AS
83823003	91922000	SAME_AS
838522008	838519006	SAME_AS
838525005	838523003	SAME_AS
83875007	111212009	REPLACED_BY
8391007	105713003	SAME_AS
8400002	397013007	REPLACED_BY
840449007	1234774002	REPLACED_BY
84053001	268017000	SAME_AS
84115008	765206003	SAME_AS
84143004	609476004	REPLACED_BY
84161000119100	1287670006	REPLACED_BY
8417009	203189004	SAME_AS
84171000119106	1287672003	REPLACED_BY
84181000119109	1287671005	REPLACED_BY
84191000119107	1287669005	REPLACED_BY
84225007	399257006	SAME_AS
84299009	21018002	SAME_AS
84310005	198448006	SAME_AS
8433007	90325002	REPLACED_BY
84340007	193000002	SAME_AS
84454003	271860004	SAME_AS
84460003	15733007	REPLACED_BY
84485007	876791005	REPLACED_BY
84512003	195924009	SAME_AS
8457007	210309004	REPLACED_BY
84593009	266721009	SAME_AS
84617004	441574008	REPLACED_BY
846636003	846634000	SAME_AS
84669009	186509002	SAME_AS
8468007	609490001	REPLACED_BY
84716002	47135001	REPLACED_BY
84731006	116224001	REPLACED_BY
84758004	785277001	REPLACED_BY
84762005	271971004	REPLACED_BY
84780001	253929007	SAME_AS
84850002	124214007	SAME_AS
84886001	433097005	REPLACED_BY
84916005	57005003	SAME_AS
84993001	40733004	REPLACED_BY
85051008	788010000	REPLACED_BY
85130008	253236002	SAME_AS
85140006	874840003	REPLACED_BY
85244007	2518007	SAME_AS
8533009	85974009	SAME_AS
85336009	125644007	REPLACED_BY
85341001	1197599005	REPLACED_BY
8535002	194348002	SAME_AS
85388002	389203001	SAME_AS
85407005	69339004	SAME_AS
85477009	81573002	REPLACED_BY
8551005	197458008	SAME_AS
85522003	194119004	SAME_AS
85561006	191480000	REPLACED_BY
85573006	34541000087107	REPLACED_BY
85652000	609476004	REPLACED_BY
85656002	47757001	SAME_AS
85690006	30171000	REPLACED_BY
85700008	93369005	REPLACED_BY
85762002	231543005	REPLACED_BY
8577002	284550007	REPLACED_BY
85779008	206292002	SAME_AS
85799002	10325006	SAME_AS
8582009	449850000	REPLACED_BY
85824006	402718003	SAME_AS
85878006	281599007	SAME_AS
85970000	275277000	SAME_AS
86068002	75258004	REPLACED_BY
86074002	191306005	SAME_AS
86119004	16044751000119106	REPLACED_BY
86138008	197011006	SAME_AS
86209004	208769007	SAME_AS
8621000119107	768001004	SAME_AS
86210009	236461000	SAME_AS
86216003	700038005	SAME_AS
86235003	197753000	SAME_AS
86246000	240150006	SAME_AS
86267000	209827006	SAME_AS
86296004	359685009	SAME_AS
86304007	210393007	REPLACED_BY
8631000119105	767748008	SAME_AS
86335001	218190002	SAME_AS
86343006	267802000	SAME_AS
86347007	1366546000	SAME_AS
86393005	13733009	SAME_AS
86417009	447821002	SAME_AS
86425006	400126005	SAME_AS
8651000119104	772781000	SAME_AS
86533009	198230004	SAME_AS
86542002	240129002	SAME_AS
8661000119102	772149003	SAME_AS
86617001	7458004	SAME_AS
86667008	17025000	REPLACED_BY
8670007	609484000	REPLACED_BY
86708008	50563003	SAME_AS
86747005	186861006	SAME_AS
86781004	399187006	SAME_AS
86817004	191547009	SAME_AS
86890001	248629002	SAME_AS
86891002	785867009	REPLACED_BY
86901000119106	1001351000124102	REPLACED_BY
86919000	60576007	SAME_AS
86956009	874830001	REPLACED_BY
86989009	73590005	REPLACED_BY
87012002	7200002	SAME_AS
87023003	210131004	SAME_AS
870621003	89765005	REPLACED_BY
87064008	164871004	SAME_AS
870715006	1363126009	REPLACED_BY
87101000119106	1259720004	SAME_AS
87159007	212701009	SAME_AS
871644005	698271000	SAME_AS
871843002	310526005	REPLACED_BY
87185006	192981006	REPLACED_BY
87213002	195495009	SAME_AS
87227007	95628005	SAME_AS
87277005	193324003	SAME_AS
87280006	204427001	SAME_AS
87362004	11386000	REPLACED_BY
87397002	359711001	SAME_AS
87426001	876789002	REPLACED_BY
87435008	204635008	SAME_AS
87457001	202848009	SAME_AS
87465003	203572004	SAME_AS
87467006	39579001	SAME_AS
874836007	298071001	SAME_AS
874839000	298080001	SAME_AS
874841004	298063000	SAME_AS
874845008	298095004	SAME_AS
874918006	298087003	SAME_AS
874924000	298089000	SAME_AS
874925004	298085006	SAME_AS
874926003	298093006	SAME_AS
874927007	298088008	SAME_AS
874928002	298075005	SAME_AS
874929005	298086007	SAME_AS
87505004	718922009	SAME_AS
87511001	400130008	SAME_AS
8756002	359694003	SAME_AS
87590004	263151001	SAME_AS
87608007	420775008	REPLACED_BY
87615004	290461006	SAME_AS
87641005	405720007	SAME_AS
87648004	23685000	SAME_AS
87656001	278534004	REPLACED_BY
876814006	876815007	SAME_AS
87684006	209000008	SAME_AS
87702004	210430007	REPLACED_BY
87711004	446335001	REPLACED_BY
87782002	718052004	SAME_AS
87800002	38439000	SAME_AS
87837008	79955004	SAME_AS
87843005	298074009	REPLACED_BY
87893009	111451002	REPLACED_BY
8790001000004101	85921000119107	SAME_AS
8793008	1354648006	REPLACED_BY
87947007	210385007	REPLACED_BY
87969000	871528009	REPLACED_BY
879804003	871528009	REPLACED_BY
87989004	26158002	SAME_AS
879939002	1332384001	SAME_AS
879991002	1187519007	REPLACED_BY
879999000	1217346007	REPLACED_BY
88002006	64229006	REPLACED_BY
88036000	417018008	REPLACED_BY
88055000	211787009	SAME_AS
88071000	718053009	SAME_AS
8809007	1193528006	REPLACED_BY
88119006	47135001	REPLACED_BY
88243002	876813000	REPLACED_BY
88326002	1162487002	REPLACED_BY
88327006	205824006	SAME_AS
88339003	52448006	SAME_AS
88392005	765491003	REPLACED_BY
88405003	1279921005	REPLACED_BY
88407006	193323009	SAME_AS
8841001	52179003	SAME_AS
88431001	36775008	SAME_AS
88524003	298102005	REPLACED_BY
88573007	105615001	REPLACED_BY
88638003	209506006	SAME_AS
88639006	309753005	SAME_AS
88750002	193078005	SAME_AS
88889000	267103008	SAME_AS
88918002	48723006	SAME_AS
88933005	386821008	REPLACED_BY
88977003	125664002	REPLACED_BY
88980002	609489005	REPLACED_BY
890208006	1003919001	SAME_AS
890229002	716196007	SAME_AS
89051002	162200009	SAME_AS
89062002	1335875003	REPLACED_BY
89080006	355736000	SAME_AS
89112009	306058006	SAME_AS
8918008	210611002	REPLACED_BY
89205006	210448003	REPLACED_BY
8921005	204272007	SAME_AS
89239005	735541006	SAME_AS
89308006	210365008	REPLACED_BY
89310008	1297032008	REPLACED_BY
89362005	262285001	SAME_AS
89424006	210363001	REPLACED_BY
8943002	262286000	SAME_AS
89533005	823033007	SAME_AS
89593007	208902008	REPLACED_BY
89596004	164877000	SAME_AS
89600009	195029002	SAME_AS
89635006	263234002	SAME_AS
89638008	89874002	SAME_AS
89654006	194059004	REPLACED_BY
897308007	1295482007	REPLACED_BY
89761001	897303003	REPLACED_BY
89762008	897304009	REPLACED_BY
89809008	238973003	SAME_AS
89813001	111239001	REPLACED_BY
89824004	213378007	REPLACED_BY
8996006	609452007	REPLACED_BY
89997003	268002004	SAME_AS
90056003	193995004	SAME_AS
90057007	210426009	REPLACED_BY
90060000	27020006	SAME_AS
90124008	206209004	SAME_AS
90144002	1163215007	REPLACED_BY
9015001	127295002	REPLACED_BY
90188009	1365935003	REPLACED_BY
90191000119100	473023007	REPLACED_BY
90303008	240897005	SAME_AS
90323009	208900000	SAME_AS
90330003	210262008	SAME_AS
9034001	241777000	SAME_AS
9042000	193940005	SAME_AS
90424004	201048007	SAME_AS
90429009	127306006	REPLACED_BY
90450000	609474001	REPLACED_BY
90478004	402833001	SAME_AS
90497004	234119001	SAME_AS
9057007	86204009	SAME_AS
90682006	209806001	SAME_AS
9070001000004105	65021000119105	SAME_AS
9071004	199972004	SAME_AS
90723006	123973009	SAME_AS
90768003	34663006	REPLACED_BY
90781005	609454008	REPLACED_BY
90869000	263029007	SAME_AS
90908006	88547002	SAME_AS
90911007	204919003	SAME_AS
90920003	125654006	REPLACED_BY
91055007	82639001	SAME_AS
9107002	6234006	SAME_AS
91089008	723973002	SAME_AS
9113006	246799009	SAME_AS
91138005	110359009	REPLACED_BY
91149004	301864002	REPLACED_BY
91213008	82178003	SAME_AS
91222009	202771000	SAME_AS
91224005	312956001	SAME_AS
91226007	30128009	SAME_AS
91248001	87093008	SAME_AS
91325009	269170001	REPLACED_BY
91329003	111544009	REPLACED_BY
91340006	708095007	REPLACED_BY
91347009	7231009	REPLACED_BY
91368005	269183000	REPLACED_BY
9140001000004102	130771000119102	SAME_AS
9143008	45181002	REPLACED_BY
91484005	1365939009	REPLACED_BY
91494000	75116005	SAME_AS
91513007	207763006	SAME_AS
91519006	391181005	REPLACED_BY
91562007	50363002	SAME_AS
91566005	187211004	SAME_AS
91585008	876810002	REPLACED_BY
91588005	208394006	SAME_AS
91593008	238026007	SAME_AS
91595001	871528009	REPLACED_BY
91641000	212180004	SAME_AS
91651004	720024008	REPLACED_BY
91657000	609486003	REPLACED_BY
9170001	32984002	SAME_AS
9181003	20136007	REPLACED_BY
91852009	426642002	SAME_AS
91853004	93451002	REPLACED_BY
91859000	413441006	REPLACED_BY
91973008	188898001	SAME_AS
91974002	254429009	SAME_AS
91982002	1306311000	REPLACED_BY
91983007	1306311000	REPLACED_BY
91988003	1306360005	REPLACED_BY
92023005	255177009	SAME_AS
92041002	188971001	SAME_AS
92043004	188887002	SAME_AS
92049000	1306361009	REPLACED_BY
92053003	275269004	SAME_AS
92081009	1306320009	REPLACED_BY
92082002	1306320009	REPLACED_BY
92102001	269485000	REPLACED_BY
92107007	188972008	SAME_AS
92127008	188951005	SAME_AS
92137003	254506004	SAME_AS
92146009	188780006	SAME_AS
92147000	255153003	SAME_AS
92148005	188778000	SAME_AS
92159001	254614001	SAME_AS
92187005	188963000	SAME_AS
92190004	1306362002	REPLACED_BY
92192007	1306363007	REPLACED_BY
92195009	188945000	SAME_AS
92206006	269485000	REPLACED_BY
92216003	188952003	SAME_AS
92243008	188800003	SAME_AS
92244002	188976006	SAME_AS
92245001	188944001	SAME_AS
92248004	1306316005	REPLACED_BY
92249007	1306316005	REPLACED_BY
9226004	235104008	SAME_AS
92295000	188947008	SAME_AS
92338004	188973003	SAME_AS
92340009	271476003	SAME_AS
92356004	189058007	SAME_AS
92368008	189084001	SAME_AS
92430005	188861002	SAME_AS
92431009	188863004	SAME_AS
92435000	188974009	SAME_AS
92450009	188949006	SAME_AS
92458002	1306364001	REPLACED_BY
92460000	1306365000	REPLACED_BY
92477000	302819002	SAME_AS
92482007	254486004	SAME_AS
92508006	188512009	SAME_AS
92509003	188515006	SAME_AS
92510008	188511002	SAME_AS
92511007	1255895001	REPLACED_BY
92513005	1255796007	REPLACED_BY
92514004	188517003	SAME_AS
92515003	188516007	SAME_AS
92516002	118617000	REPLACED_BY
92522006	254544008	SAME_AS
92533009	254428001	SAME_AS
92540005	1306324000	REPLACED_BY
92541009	1306324000	REPLACED_BY
92543007	1306532007	REPLACED_BY
92561003	189263001	SAME_AS
92562005	1306530004	REPLACED_BY
92578007	1306327007	REPLACED_BY
92579004	1306327007	REPLACED_BY
92592001	189259008	SAME_AS
92593006	189336000	REPLACED_BY
92615009	255137001	SAME_AS
92616005	255136005	SAME_AS
92635005	254432007	SAME_AS
92641003	254564003	SAME_AS
92646008	1306529009	REPLACED_BY
92647004	1306527006	REPLACED_BY
92652009	189336000	REPLACED_BY
92665000	1306326003	REPLACED_BY
92666004	1306326003	REPLACED_BY
92711009	92747005	SAME_AS
92721001	189280002	SAME_AS
92755003	189229003	SAME_AS
92765009	254540004	SAME_AS
92777004	1306526002	REPLACED_BY
92778009	1306523005	REPLACED_BY
92809007	109992005	REPLACED_BY
92810002	109992005	REPLACED_BY
92815007	94716000	REPLACED_BY
92819001	41446000	SAME_AS
92820007	1231678007	SAME_AS
92826001	91302008	REPLACED_BY
92827005	91302008	REPLACED_BY
92828000	93390002	SAME_AS
92931003	72089000	SAME_AS
93013009	85029000	SAME_AS
93042001	29271008	SAME_AS
93047007	253823009	SAME_AS
93048002	302954008	SAME_AS
931000124105	921000124107	REPLACED_BY
9310002	206243008	SAME_AS
931164671000119105	329361000119107	SAME_AS
93130009	283645003	SAME_AS
93133006	1332431001	REPLACED_BY
93134000	1332430000	REPLACED_BY
93135004	1332429005	REPLACED_BY
93136003	1332423006	REPLACED_BY
93138002	1332422001	REPLACED_BY
93139005	1332428002	REPLACED_BY
93140007	1332427007	REPLACED_BY
93141006	118614007	REPLACED_BY
93153005	240046001	SAME_AS
93164008	707252001	REPLACED_BY
93171003	188502002	SAME_AS
93172005	188505000	SAME_AS
93173000	188501009	SAME_AS
93174006	188503007	REPLACED_BY
93175007	188500005	REPLACED_BY
93176008	188504001	REPLACED_BY
93177004	188507008	SAME_AS
93178009	188506004	SAME_AS
93179001	188498009	REPLACED_BY
93185008	1255815000	REPLACED_BY
93187000	1255795006	REPLACED_BY
93190006	118612006	REPLACED_BY
93194002	1255906008	REPLACED_BY
93196000	1255907004	REPLACED_BY
93203007	1255809000	REPLACED_BY
93205000	1255899007	REPLACED_BY
93206004	188669003	SAME_AS
93207008	188668006	SAME_AS
93450001	426642002	SAME_AS
93462002	707251008	REPLACED_BY
93467008	189197001	SAME_AS
93474003	400210000	REPLACED_BY
93484002	118599009	SAME_AS
93485001	188587006	SAME_AS
93486000	188586002	SAME_AS
93487009	1255890006	REPLACED_BY
93489007	1255892003	REPLACED_BY
93490003	188593003	SAME_AS
93491004	188592008	SAME_AS
93492006	118610003	REPLACED_BY
93496009	1255814001	REPLACED_BY
93498005	1255897009	REPLACED_BY
93499002	188562004	SAME_AS
93501005	118607005	REPLACED_BY
93502003	188577007	SAME_AS
93503008	188580008	SAME_AS
93504002	188576003	SAME_AS
93505001	1255811009	REPLACED_BY
93507009	1255898004	REPLACED_BY
93508004	188582000	SAME_AS
93510002	118609008	REPLACED_BY
93511003	188567005	SAME_AS
93512005	188570009	SAME_AS
93513000	188566001	SAME_AS
93514006	1255812002	REPLACED_BY
93516008	1255797003	REPLACED_BY
93517004	188572001	SAME_AS
93519001	118608000	REPLACED_BY
93523009	1255905007	REPLACED_BY
93525002	1255902005	REPLACED_BY
93528000	118599009	REPLACED_BY
93529008	188536008	SAME_AS
93532006	1255798008	REPLACED_BY
93534007	1255894002	REPLACED_BY
93535008	188541000	SAME_AS
93537000	118602004	REPLACED_BY
93539002	188529007	SAME_AS
93540000	188524002	SAME_AS
93541001	1255888005	REPLACED_BY
93543003	1255887000	REPLACED_BY
93544009	188531003	SAME_AS
93545005	93500006	SAME_AS
93546006	118605002	REPLACED_BY
93550004	1255808008	REPLACED_BY
93552007	1255883001	REPLACED_BY
93553002	188551004	SAME_AS
93555009	118606001	REPLACED_BY
93558006	890121008	REPLACED_BY
93586003	373937002	SAME_AS
936648941000119105	329371000119101	SAME_AS
93680004	1306310004	REPLACED_BY
93681000	1306310004	REPLACED_BY
93685009	372092003	REPLACED_BY
93745008	1306509008	REPLACED_BY
93765001	372010005	SAME_AS
93776002	1306325004	REPLACED_BY
93777006	1306325004	REPLACED_BY
93796005	372137005	REPLACED_BY
93811007	428905002	SAME_AS
93847008	93784003	SAME_AS
93874009	373090000	REPLACED_BY
93876006	373091001	REPLACED_BY
93881002	118601006	REPLACED_BY
93884005	372137005	REPLACED_BY
93919005	187692001	SAME_AS
93924008	1306317001	REPLACED_BY
93925009	1306317001	REPLACED_BY
93951006	372115003	SAME_AS
9399000	187192000	SAME_AS
94009009	94045007	SAME_AS
9402004	1300163008	REPLACED_BY
94091000119105	280968009	REPLACED_BY
94115006	373089009	REPLACED_BY
94117003	373088001	REPLACED_BY
94127009	371973000	SAME_AS
94149003	277602003	SAME_AS
94176003	1306323006	REPLACED_BY
94177007	1306323006	REPLACED_BY
94182000	372093008	REPLACED_BY
94244003	1306543004	REPLACED_BY
94251007	188469005	SAME_AS
94276008	1306322001	REPLACED_BY
94277004	1306322001	REPLACED_BY
94297009	145501000119108	REPLACED_BY
94385006	1306544005	REPLACED_BY
94387003	1306545006	REPLACED_BY
94401004	145501000119108	REPLACED_BY
94443006	1306321008	REPLACED_BY
94444000	1306321008	REPLACED_BY
94653000	1306546007	REPLACED_BY
94655007	1306547003	REPLACED_BY
94689008	1255906008	REPLACED_BY
94691000	1255907004	REPLACED_BY
94692007	127220001	REPLACED_BY
94693002	118601006	REPLACED_BY
94694008	118601006	REPLACED_BY
94696005	94716000	REPLACED_BY
94697001	188744006	SAME_AS
94705007	109989006	SAME_AS
94710006	1255886009	REPLACED_BY
94713008	188627002	SAME_AS
94715001	118618005	REPLACED_BY
94745003	1306312007	REPLACED_BY
94746002	1306312007	REPLACED_BY
94750009	1306374003	REPLACED_BY
94753006	255064003	SAME_AS
94785009	1306375002	REPLACED_BY
94816009	1306319003	REPLACED_BY
94817000	1306319003	REPLACED_BY
94836005	269497004	REPLACED_BY
94859004	189371000	SAME_AS
94914006	1306376001	REPLACED_BY
94916008	1306377005	REPLACED_BY
94923009	189362009	SAME_AS
94924003	269497004	REPLACED_BY
94927005	189435000	SAME_AS
94964004	1306318006	REPLACED_BY
94965003	1306318006	REPLACED_BY
94981008	189473001	SAME_AS
951000119101	788466008	REPLACED_BY
95117005	189365006	SAME_AS
95155000	1306385001	REPLACED_BY
95157008	1306387009	REPLACED_BY
95189004	188612002	SAME_AS
95190008	188609000	SAME_AS
95191007	188613007	SAME_AS
95194004	269476000	REPLACED_BY
95213001	92829008	REPLACED_BY
95222000	199742002	SAME_AS
95227006	188492005	SAME_AS
95228001	188489006	SAME_AS
95229009	188493000	SAME_AS
95232007	373168002	REPLACED_BY
95256006	188632001	SAME_AS
95257002	188635004	SAME_AS
95258007	188631008	SAME_AS
95259004	188635004	SAME_AS
95262001	188637007	SAME_AS
95264000	118611004	REPLACED_BY
95267007	367534004	SAME_AS
95271005	427056005	SAME_AS
95272003	302855005	SAME_AS
95273008	426370008	SAME_AS
95274002	188726003	SAME_AS
95275001	94716000	REPLACED_BY
95276000	302855005	REPLACED_BY
95277009	94716000	REPLACED_BY
95278004	302855005	REPLACED_BY
95349002	238521005	SAME_AS
95377006	95376002	REPLACED_BY
95411002	1295265008	REPLACED_BY
95412009	1295265008	REPLACED_BY
95429007	93394006	SAME_AS
95475004	369071000119105	SAME_AS
95476003	236615008	SAME_AS
95498007	60505005	REPLACED_BY
95513002	57436000	SAME_AS
95523006	274667000	SAME_AS
95534009	712509002	SAME_AS
95541003	197083003	SAME_AS
95542005	197084009	SAME_AS
95543000	197085005	SAME_AS
95572004	3321001	REPLACED_BY
95573009	31054009	SAME_AS
95584002	786483005	REPLACED_BY
95592006	85324003	SAME_AS
9560001000004102	540901000124103	REPLACED_BY
95615003	239097004	SAME_AS
95649006	308634000	SAME_AS
95667004	17409003	REPLACED_BY
95704002	405722004	SAME_AS
95707009	410494003	SAME_AS
95708004	193497004	SAME_AS
95719001	424416009	SAME_AS
95741001	373426005	REPLACED_BY
95752007	414521009	SAME_AS
95816004	194361002	SAME_AS
95849008	39848009	SAME_AS
95854004	417109008	SAME_AS
95876008	75478009	REPLACED_BY
95908009	405543000	SAME_AS
961000124101	951000124103	REPLACED_BY
96261000119103	698446000	SAME_AS
96271000119109	698545003	SAME_AS
96291000119105	1306512006	REPLACED_BY
964004	210395000	REPLACED_BY
9649008	386804004	REPLACED_BY
9670002	111532006	REPLACED_BY
9689002	421224000	REPLACED_BY
9711000	194387002	SAME_AS
9773009	1003797005	REPLACED_BY
97941000119109	412750001	SAME_AS
981000119108	313307000	REPLACED_BY
982001	127014009	REPLACED_BY
9863004	275391009	SAME_AS
9869000	371708003	SAME_AS
98691000119108	1336017007	SAME_AS
9884009	373433005	SAME_AS
9901000	40511000119107	REPLACED_BY
9919009	209071006	SAME_AS
9936001	1335872000	REPLACED_BY
99441000119108	1287564005	REPLACED_BY
9997007	40970001	REPLACED_BY
