normalized_name	concept_id	display_name
abdominal abscess (disorder)	75100008	Abdominal abscess (disorder)
abdominal aortic aneurysm (disorder)	233985008	Abdominal aortic aneurysm (disorder)
abdominal aortic aneurysm without rupture (disorder)	75878002	Abdominal aortic aneurysm without rupture (disorder)
abdominal bloating (finding)	116289008	Abdominal bloating (finding)
abdominal bruit (finding)	249590007	Abdominal bruit (finding)
abdominal colic (finding)	9991008	Abdominal colic (finding)
abdominal discomfort (finding)	43364001	Abdominal discomfort (finding)
abdominal hysterectomy (procedure)	116141005	Abdominal hysterectomy (procedure)
abdominal mass (finding)	271860004	Abdominal mass (finding)
abdominal pain (finding)	21522001	Abdominal pain (finding)
abdominal pain in pregnancy (finding)	309737007	Abdominal pain in pregnancy (finding)
abdominal pregnancy (disorder)	82661006	Abdominal pregnancy (disorder)
abdominal wall pain (finding)	162042000	Abdominal wall pain (finding)
abdominoplasty (procedure)	177250006	Abdominoplasty (procedure)
abducens nerve disorder (disorder)	398925009	Abducens nerve disorder (disorder)
abnormal auditory perception (disorder)	60331006	Abnormal auditory perception (disorder)
abnormal biochemical finding on antenatal screening of mother (finding)	199734003	Abnormal biochemical finding on antenatal screening of mother (finding)
abnormal cervical papanicolaou smear (finding)	439888000	Abnormal cervical Papanicolaou smear (finding)
abnormal cervical papanicolaou smear with human papillomavirus deoxyribonucleic acid detected (finding)	441667007	Abnormal cervical Papanicolaou smear with human papillomavirus deoxyribonucleic acid detected (finding)
abnormal cervical smear (finding)	309081009	Abnormal cervical smear (finding)
abnormal defecation (finding)	179950008	Abnormal defecation (finding)
abnormal deglutition (finding)	47717004	Abnormal deglutition (finding)
abnormal female sexual function (finding)	28154007	Abnormal female sexual function (finding)
abnormal finding on antenatal screening of mother (finding)	199732004	Abnormal finding on antenatal screening of mother (finding)
abnormal findings on diagnostic imaging of lung (finding)	274533004	Abnormal findings on diagnostic imaging of lung (finding)
abnormal gait (finding)	22325002	Abnormal gait (finding)
abnormal liver function (finding)	75183008	Abnormal liver function (finding)
abnormal male sexual function (finding)	5413009	Abnormal male sexual function (finding)
abnormal posture (finding)	43029002	Abnormal posture (finding)
abnormal renal function (finding)	39539005	Abnormal renal function (finding)
abnormal retraction of eyelid (disorder)	43854003	Abnormal retraction of eyelid (disorder)
abnormal sexual function (finding)	56925008	Abnormal sexual function (finding)
abnormal sputum (finding)	274708000	Abnormal sputum (finding)
abnormal urine (finding)	102866000	Abnormal urine (finding)
abnormal uterine bleeding (disorder)	44991000119100	Abnormal uterine bleeding (disorder)
abnormal vaginal bleeding (finding)	301822002	Abnormal vaginal bleeding (finding)
abnormal vision (finding)	7973008	Abnormal vision (finding)
abnormal voice (finding)	38160000	Abnormal voice (finding)
abnormal weight gain (finding)	161833006	Abnormal weight gain (finding)
abnormal weight loss (finding)	267024001	Abnormal weight loss (finding)
abrasion (disorder)	399963005	Abrasion (disorder)
abrasion of face (disorder)	210987008	Abrasion of face (disorder)
abrasion of skin of lower limb (disorder)	283062009	Abrasion of skin of lower limb (disorder)
abscess (disorder)	128477000	Abscess (disorder)
abscess of axilla (disorder)	13802001	Abscess of axilla (disorder)
abscess of back (disorder)	309083007	Abscess of back (disorder)
abscess of bartholin's gland (disorder)	67624004	Abscess of Bartholin's gland (disorder)
abscess of breast (disorder)	28432003	Abscess of breast (disorder)
abscess of buttock (disorder)	64576003	Abscess of buttock (disorder)
abscess of colon co-occurrent and due to diverticular disease of colon (disorder)	235774002	Abscess of colon co-occurrent and due to diverticular disease of colon (disorder)
abscess of face (disorder)	200751004	Abscess of face (disorder)
abscess of foot (disorder)	301706005	Abscess of foot (disorder)
abscess of liver (disorder)	27916005	Abscess of liver (disorder)
abscess of lung (disorder)	73452002	Abscess of lung (disorder)
abscess of neck (disorder)	6284004	Abscess of neck (disorder)
abscess of scrotum (disorder)	27717006	Abscess of scrotum (disorder)
abscess of skin and/or subcutaneous tissue (disorder)	31928004	Abscess of skin and/or subcutaneous tissue (disorder)
abscess of skin and/or subcutaneous tissue caused by ingrown hair (disorder)	866000008	Abscess of skin and/or subcutaneous tissue caused by ingrown hair (disorder)
abscess of tonsil (disorder)	33261009	Abscess of tonsil (disorder)
abscess of vulva (disorder)	69430001	Abscess of vulva (disorder)
absence of breast (finding)	248802009	Absence of breast (finding)
absence seizure (finding)	79631006	Absence seizure (finding)
absent renal function (disorder)	112066009	Absent renal function (disorder)
academic underachievement (finding)	105419003	Academic underachievement (finding)
acanthosis nigricans (disorder)	402599005	Acanthosis nigricans (disorder)
accelerated coronary artery disease in transplanted heart (disorder)	233844002	Accelerated coronary artery disease in transplanted heart (disorder)
accident caused by electric current (event)	218164000	Accident caused by electric current (event)
accident caused by glass edge (event)	218058005	Accident caused by glass edge (event)
accident caused by hot liquid and vapor, including steam (event)	218130004	Accident caused by hot liquid and vapor, including steam (event)
accident caused by machinery (event)	269716005	Accident caused by machinery (event)
accident due to contact with hot or corrosive substance (event)	242489002	Accident due to contact with hot or corrosive substance (event)
accident due to exposure to weather conditions (event)	242575009	Accident due to exposure to weather conditions (event)
accident while engaged in household activity (event)	79573009	Accident while engaged in household activity (event)
accident while engaged in work-related activity (event)	17542004	Accident while engaged in work-related activity (event)
accidental exposure to metallic lead (event)	242374007	Accidental exposure to metallic lead (event)
accidental fall (event)	217082002	Accidental fall (event)
accidental needle stick injury (disorder)	10850741000119108	Accidental needle stick injury (disorder)
accidental physical contact (event)	55566008	Accidental physical contact (event)
accidental poisoning caused by carbon monoxide (disorder)	420057003	Accidental poisoning caused by carbon monoxide (disorder)
accidentally struck by falling object (event)	217839002	Accidentally struck by falling object (event)
accidentally struck by or against objects or persons (event)	217848007	Accidentally struck by or against objects or persons (event)
accidents caused by cutting and piercing instruments or objects (event)	218016007	Accidents caused by cutting and piercing instruments or objects (event)
accidents caused by hot substance or object, caustic or corrosive material and steam (event)	218129009	Accidents caused by hot substance or object, caustic or corrosive material and steam (event)
accidents caused by knives, swords and daggers (event)	218034006	Accidents caused by knives, swords and daggers (event)
acetaminophen overdose (disorder)	295124009	Acetaminophen overdose (disorder)
achalasia of esophagus (disorder)	45564002	Achalasia of esophagus (disorder)
achilles tendinitis (disorder)	11654001	Achilles tendinitis (disorder)
acidosis (disorder)	51387008	Acidosis (disorder)
acne (disorder)	11381005	Acne (disorder)
acne keloidalis (disorder)	238742005	Acne keloidalis (disorder)
acne vulgaris (disorder)	88616000	Acne vulgaris (disorder)
acontractile detrusor (disorder)	197870000	Acontractile detrusor (disorder)
acoustic neuroma (disorder)	126949007	Acoustic neuroma (disorder)
acquired cavovarus deformity of foot (disorder)	65362007	Acquired cavovarus deformity of foot (disorder)
acquired deformity of ankle and/or foot (disorder)	88562000	Acquired deformity of ankle AND/OR foot (disorder)
acquired deformity of distal interphalangeal joint of finger due to trauma (disorder)	64298006	Acquired deformity of distal interphalangeal joint of finger due to trauma (disorder)
acquired deformity of hip joint (disorder)	1156014009	Acquired deformity of hip joint (disorder)
acquired deformity of hip region (disorder)	1156015005	Acquired deformity of hip region (disorder)
acquired deformity of joint of foot (disorder)	240244006	Acquired deformity of joint of foot (disorder)
acquired deformity of nose (disorder)	18283000	Acquired deformity of nose (disorder)
acquired genu valgum (disorder)	52012001	Acquired genu valgum (disorder)
acquired hallux rigidus (disorder)	6654000	Acquired hallux rigidus (disorder)
acquired hallux valgus (disorder)	65358001	Acquired hallux valgus (disorder)
acquired hemolytic anemia (disorder)	4854004	Acquired hemolytic anemia (disorder)
acquired horner syndrome (disorder)	721537005	Acquired Horner syndrome (disorder)
acquired hypothyroidism (disorder)	111566002	Acquired hypothyroidism (disorder)
acquired immune deficiency syndrome (disorder)	62479008	Acquired immune deficiency syndrome (disorder)
acquired kyphosis (disorder)	413428007	Acquired kyphosis (disorder)
acquired nasolacrimal duct stenosis (disorder)	193995004	Acquired nasolacrimal duct stenosis (disorder)
acquired obstruction of pylorus (disorder)	416605008	Acquired obstruction of pylorus (disorder)
acquired pancytopenia (disorder)	5876000	Acquired pancytopenia (disorder)
acquired plantar keratoderma (disorder)	399901005	Acquired plantar keratoderma (disorder)
acquired scoliosis (disorder)	111266001	Acquired scoliosis (disorder)
acquired spondylolysis (disorder)	245867000	Acquired spondylolysis (disorder)
acquired thrombocytopenia (disorder)	74576004	Acquired thrombocytopenia (disorder)
acquired trigger finger (disorder)	1539003	Acquired trigger finger (disorder)
acromegaly (disorder)	74107003	Acromegaly (disorder)
actinic cheilitis (disorder)	46795000	Actinic cheilitis (disorder)
actinic keratosis (disorder)	201101007	Actinic keratosis (disorder)
active advance directive (copy within chart) (finding)	310305009	Active advance directive (copy within chart) (finding)
active infantile autism (disorder)	191689008	Active infantile autism (disorder)
active living will (finding)	425395001	Active living will (finding)
active range of joint movement reduced (finding)	298222004	Active range of joint movement reduced (finding)
activity intolerance (finding)	77427003	Activity intolerance (finding)
acute alcoholic liver disease (disorder)	9953008	Acute alcoholic liver disease (disorder)
acute and chronic cholecystitis (disorder)	396335001	Acute and chronic cholecystitis (disorder)
acute and subacute liver necrosis (disorder)	197268000	Acute and subacute liver necrosis (disorder)
acute angle closure (disorder)	1111451000000106	Acute angle closure (disorder)
acute anterior uveitis (disorder)	4927003	Acute anterior uveitis (disorder)
acute anteroseptal myocardial infarction (disorder)	62695002	Acute anteroseptal myocardial infarction (disorder)
acute appendicitis (disorder)	85189001	Acute appendicitis (disorder)
acute appendicitis with generalized peritonitis (disorder)	28845006	Acute appendicitis with generalized peritonitis (disorder)
acute appendicitis with peritoneal abscess (disorder)	51036000	Acute appendicitis with peritoneal abscess (disorder)
acute atopic conjunctivitis (disorder)	67678004	Acute atopic conjunctivitis (disorder)
acute bronchiolitis (disorder)	5505005	Acute bronchiolitis (disorder)
acute bronchiolitis caused by respiratory syncytial virus (disorder)	195739001	Acute bronchiolitis caused by respiratory syncytial virus (disorder)
acute bronchitis (disorder)	10509002	Acute bronchitis (disorder)
acute bronchitis co-occurrent with wheeze (disorder)	785745000	Acute bronchitis co-occurrent with wheeze (disorder)
acute cardiac pulmonary edema (disorder)	360371003	Acute cardiac pulmonary edema (disorder)
acute cerebrovascular insufficiency (disorder)	29322000	Acute cerebrovascular insufficiency (disorder)
acute cholangitis (disorder)	6215006	Acute cholangitis (disorder)
acute cholecystitis (disorder)	65275009	Acute cholecystitis (disorder)
acute conjunctivitis (disorder)	53726008	Acute conjunctivitis (disorder)
acute cor pulmonale (disorder)	49584005	Acute cor pulmonale (disorder)
acute coronary syndrome (disorder)	394659003	Acute coronary syndrome (disorder)
acute cystitis (disorder)	68226007	Acute cystitis (disorder)
acute duodenal ulcer (disorder)	196652006	Acute duodenal ulcer (disorder)
acute duodenal ulcer with hemorrhage (disorder)	12847006	Acute duodenal ulcer with hemorrhage (disorder)
acute duodenal ulcer with perforation (disorder)	61347001	Acute duodenal ulcer with perforation (disorder)
acute epididymitis (disorder)	43491000	Acute epididymitis (disorder)
acute epiglottitis (disorder)	29608009	Acute epiglottitis (disorder)
acute esophagitis (disorder)	409656006	Acute esophagitis (disorder)
acute exacerbation of bronchiectasis (disorder)	445378003	Acute exacerbation of bronchiectasis (disorder)
acute exacerbation of chronic obstructive pulmonary disease (disorder)	195951007	Acute exacerbation of chronic obstructive pulmonary disease (disorder)
acute exacerbation of chronic schizoaffective schizophrenia (disorder)	191572009	Acute exacerbation of chronic schizoaffective schizophrenia (disorder)
acute exudative otitis media (disorder)	19399000	Acute exudative otitis media (disorder)
acute febrile mucocutaneous lymph node syndrome (disorder)	75053002	Acute febrile mucocutaneous lymph node syndrome (disorder)
acute follicular conjunctivitis (disorder)	41308008	Acute follicular conjunctivitis (disorder)
acute frontal sinusitis (disorder)	91038008	Acute frontal sinusitis (disorder)
acute gastric mucosal erosion (disorder)	18665000	Acute gastric mucosal erosion (disorder)
acute gastric ulcer (disorder)	95529005	Acute gastric ulcer (disorder)
acute gastric ulcer with hemorrhage (disorder)	89748001	Acute gastric ulcer with hemorrhage (disorder)
acute gastric ulcer with perforation (disorder)	19850005	Acute gastric ulcer with perforation (disorder)
acute gastritis (disorder)	25458004	Acute gastritis (disorder)
acute gingivitis (disorder)	31642005	Acute gingivitis (disorder)
acute hepatic failure (disorder)	197270009	Acute hepatic failure (disorder)
acute hepatitis (disorder)	37871000	Acute hepatitis (disorder)
acute hepatitis c (disorder)	235866006	Acute hepatitis C (disorder)
acute infectious conjunctivitis (disorder)	719860006	Acute infectious conjunctivitis (disorder)
acute infective exacerbation of chronic obstructive pulmonary disease (disorder)	285381006	Acute infective exacerbation of chronic obstructive pulmonary disease (disorder)
acute injury of anterior cruciate ligament (disorder)	438582003	Acute injury of anterior cruciate ligament (disorder)
acute intoxication (disorder)	1149334009	Acute intoxication (disorder)
acute ischemic heart disease (disorder)	413439005	Acute ischemic heart disease (disorder)
acute kidney injury (disorder)	14669001	Acute kidney injury (disorder)
acute laryngitis (disorder)	6655004	Acute laryngitis (disorder)
acute leukemia, disease (disorder)	91855006	Acute leukemia, disease (disorder)
acute low back pain (finding)	278862001	Acute low back pain (finding)
acute lower urinary tract infection (disorder)	431737008	Acute lower urinary tract infection (disorder)
acute lymphoid leukemia in remission (disorder)	91856007	Acute lymphoid leukemia in remission (disorder)
acute lymphoid leukemia, disease (disorder)	91857003	Acute lymphoid leukemia, disease (disorder)
acute maxillary sinusitis (disorder)	68272006	Acute maxillary sinusitis (disorder)
acute meniscal tear, lateral (disorder)	208921000	Acute meniscal tear, lateral (disorder)
acute meniscal tear, medial (disorder)	269113006	Acute meniscal tear, medial (disorder)
acute myeloid leukemia (disorder)	91861009	Acute myeloid leukemia (disorder)
acute myeloid leukemia in remission (disorder)	91860005	Acute myeloid leukemia in remission (disorder)
acute myeloid leukemia with maturation, fab m2 (disorder)	359648001	Acute myeloid leukemia with maturation, FAB M2 (disorder)
acute myelomonocytic leukemia, fab m4 (disorder)	110005000	Acute myelomonocytic leukemia, FAB M4 (disorder)
acute myocardial infarction (disorder)	57054005	Acute myocardial infarction (disorder)
acute myocardial infarction of anterior wall (disorder)	54329005	Acute myocardial infarction of anterior wall (disorder)
acute myocardial infarction of inferior wall (disorder)	73795002	Acute myocardial infarction of inferior wall (disorder)
acute myocardial infarction of lateral wall (disorder)	58612006	Acute myocardial infarction of lateral wall (disorder)
acute non-q wave infarction (disorder)	307140009	Acute non-Q wave infarction (disorder)
acute non-st segment elevation myocardial infarction (disorder)	401314000	Acute non-ST segment elevation myocardial infarction (disorder)
acute non-suppurative serous otitis media (disorder)	194240006	Acute non-suppurative serous otitis media (disorder)
acute osteomyelitis (disorder)	409780002	Acute osteomyelitis (disorder)
acute osteomyelitis of ankle and/or foot (disorder)	268017000	Acute osteomyelitis of ankle and/or foot (disorder)
acute otitis externa (disorder)	30250000	Acute otitis externa (disorder)
acute otitis media (disorder)	3110003	Acute otitis media (disorder)
acute pain (finding)	274663001	Acute pain (finding)
acute pancreatitis (disorder)	197456007	Acute pancreatitis (disorder)
acute pelvic inflammatory disease (disorder)	237037006	Acute pelvic inflammatory disease (disorder)
acute peptic ulcer (disorder)	196682000	Acute peptic ulcer (disorder)
acute peptic ulcer with hemorrhage (disorder)	12274003	Acute peptic ulcer with hemorrhage (disorder)
acute pericarditis (disorder)	15555002	Acute pericarditis (disorder)
acute periodontitis (disorder)	21638000	Acute periodontitis (disorder)
acute pharyngitis (disorder)	363746003	Acute pharyngitis (disorder)
acute poliomyelitis (disorder)	398102009	Acute poliomyelitis (disorder)
acute posterior myocardial infarction (disorder)	233838001	Acute posterior myocardial infarction (disorder)
acute promyelocytic leukemia, fab m3 (disorder)	110004001	Acute promyelocytic leukemia, FAB M3 (disorder)
acute prostatitis (disorder)	79411002	Acute prostatitis (disorder)
acute pulmonary edema (disorder)	40541001	Acute pulmonary edema (disorder)
acute pyelonephritis (disorder)	36689008	Acute pyelonephritis (disorder)
acute recurrent pancreatitis (disorder)	197458008	Acute recurrent pancreatitis (disorder)
acute respiratory distress syndrome (disorder)	67782005	Acute respiratory distress syndrome (disorder)
acute respiratory failure (disorder)	65710008	Acute respiratory failure (disorder)
acute retention of urine (disorder)	236648008	Acute retention of urine (disorder)
acute schizophrenia-like psychotic disorder (disorder)	278853003	Acute schizophrenia-like psychotic disorder (disorder)
acute severe exacerbation of asthma (disorder)	708090002	Acute severe exacerbation of asthma (disorder)
acute sinusitis (disorder)	15805002	Acute sinusitis (disorder)
acute situational disturbance (disorder)	192041001	Acute situational disturbance (disorder)
acute st segment elevation myocardial infarction (disorder)	401303003	Acute ST segment elevation myocardial infarction (disorder)
acute stress disorder (disorder)	67195008	Acute stress disorder (disorder)
acute subendocardial infarction (disorder)	70422006	Acute subendocardial infarction (disorder)
acute suppuration of nasal sinus (disorder)	80600003	Acute suppuration of nasal sinus (disorder)
acute suppurative otitis media with spontaneous rupture of ear drum (disorder)	86279000	Acute suppurative otitis media with spontaneous rupture of ear drum (disorder)
acute tonsillitis (disorder)	17741008	Acute tonsillitis (disorder)
acute transient psychotic disorder (disorder)	231489001	Acute transient psychotic disorder (disorder)
acute transudative otitis media (disorder)	35183001	Acute transudative otitis media (disorder)
acute type b viral hepatitis (disorder)	76795007	Acute type B viral hepatitis (disorder)
acute upper respiratory infection (disorder)	54398005	Acute upper respiratory infection (disorder)
acute urinary tract infection (disorder)	431309003	Acute urinary tract infection (disorder)
acute urticaria (disorder)	402408009	Acute urticaria (disorder)
acute viral pharyngitis (disorder)	195662009	Acute viral pharyngitis (disorder)
acute-on-chronic renal failure (disorder)	236433006	Acute-on-chronic renal failure (disorder)
acute-on-chronic respiratory failure (disorder)	67905004	Acute-on-chronic respiratory failure (disorder)
addison's disease (disorder)	363732003	Addison's disease (disorder)
adenocarcinoma of endometrium (disorder)	123845008	Adenocarcinoma of endometrium (disorder)
adenocarcinoma of large intestine (disorder)	408645001	Adenocarcinoma of large intestine (disorder)
adenocarcinoma of lung (disorder)	254626006	Adenocarcinoma of lung (disorder)
adenocarcinoma of prostate (disorder)	399490008	Adenocarcinoma of prostate (disorder)
adenocarcinoma of rectum (disorder)	254582000	Adenocarcinoma of rectum (disorder)
adenocarcinoma of stomach (disorder)	408647009	Adenocarcinoma of stomach (disorder)
adenoid excision (procedure)	119954001	Adenoid excision (procedure)
adenolymphoma (disorder)	422470007	Adenolymphoma (disorder)
adenoma of rectum (disorder)	399730005	Adenoma of rectum (disorder)
adenomatous polyp of cervix uteri (disorder)	255196008	Adenomatous polyp of cervix uteri (disorder)
adenomatous polyp of colon (disorder)	428054006	Adenomatous polyp of colon (disorder)
adenoviral pneumonia (disorder)	41207000	Adenoviral pneumonia (disorder)
adhesions of foreskin (disorder)	249263004	Adhesions of foreskin (disorder)
adhesive capsulitis of shoulder (disorder)	399114005	Adhesive capsulitis of shoulder (disorder)
adhesive middle ear disease (disorder)	7699004	Adhesive middle ear disease (disorder)
adjust hearing aid settings (procedure)	302171008	Adjust hearing aid settings (procedure)
adjustment disorder (disorder)	17226007	Adjustment disorder (disorder)
adjustment disorder with anxious mood (disorder)	47372000	Adjustment disorder with anxious mood (disorder)
adjustment disorder with depressed mood (disorder)	57194009	Adjustment disorder with depressed mood (disorder)
adjustment disorder with mixed disturbance of emotions and conduct (disorder)	66381006	Adjustment disorder with mixed disturbance of emotions AND conduct (disorder)
adjustment disorder with mixed emotional features (disorder)	55668003	Adjustment disorder with mixed emotional features (disorder)
adjustment reaction of adolescence (disorder)	386822001	Adjustment reaction of adolescence (disorder)
administration of prophylactic antibiotic for subacute bacterial endocarditis (procedure)	426931009	Administration of prophylactic antibiotic for subacute bacterial endocarditis (procedure)
administration of vaccine product containing only bordetella pertussis and clostridium tetani and corynebacterium diphtheriae antigens (procedure)	399014008	Administration of vaccine product containing only Bordetella pertussis and Clostridium tetani and Corynebacterium diphtheriae antigens (procedure)
administration of vaccine product containing only clostridium tetani and corynebacterium diphtheriae antigens (procedure)	73152006	Administration of vaccine product containing only Clostridium tetani and Corynebacterium diphtheriae antigens (procedure)
administration of vaccine product containing only clostridium tetani antigen (procedure)	127786006	Administration of vaccine product containing only Clostridium tetani antigen (procedure)
administration of vaccine product containing only haemophilus influenzae type b antigen (procedure)	127787002	Administration of vaccine product containing only Haemophilus influenzae type b antigen (procedure)
administration of vaccine product containing only hepatitis a virus antigen (procedure)	243789007	Administration of vaccine product containing only Hepatitis A virus antigen (procedure)
administration of vaccine product containing only human poliovirus antigen (procedure)	72093006	Administration of vaccine product containing only Human poliovirus antigen (procedure)
administration of vaccine product containing only influenza virus antigen (procedure)	86198006	Administration of vaccine product containing only Influenza virus antigen (procedure)
administration of vaccine product containing only live attenuated human alphaherpesvirus 3 antigen (procedure)	871898007	Administration of vaccine product containing only live attenuated Human alphaherpesvirus 3 antigen (procedure)
administration of vaccine product containing only live attenuated mycobacterium bovis antigen (procedure)	42284007	Administration of vaccine product containing only live attenuated Mycobacterium bovis antigen (procedure)
administration of vaccine product containing only measles morbillivirus and mumps orthorubulavirus and rubella virus antigens (procedure)	38598009	Administration of vaccine product containing only Measles morbillivirus and Mumps orthorubulavirus and Rubella virus antigens (procedure)
administration of vaccine product containing only neisseria meningitidis antigen (procedure)	41088001	Administration of vaccine product containing only Neisseria meningitidis antigen (procedure)
administration of vaccine product containing only rabies lyssavirus antigen (procedure)	34631000	Administration of vaccine product containing only Rabies lyssavirus antigen (procedure)
administration of vaccine product containing only streptococcus pneumoniae antigen (procedure)	12866006	Administration of vaccine product containing only Streptococcus pneumoniae antigen (procedure)
administration of vaccine to produce active immunity (procedure)	33879002	Administration of vaccine to produce active immunity (procedure)
administrative procedure (procedure)	14734007	Administrative procedure (procedure)
administrative reason for encounter (finding)	185351004	Administrative reason for encounter (finding)
adrenal carcinoma (disorder)	255035007	Adrenal carcinoma (disorder)
adrenal cortical adenoma (disorder)	302826002	Adrenal cortical adenoma (disorder)
adrenocorticotropic hormone deficiency (disorder)	237692001	Adrenocorticotropic hormone deficiency (disorder)
adult attention deficit hyperactivity disorder (disorder)	444613000	Adult attention deficit hyperactivity disorder (disorder)
adult failure to thrive syndrome (disorder)	129588001	Adult failure to thrive syndrome (disorder)
adult health examination (procedure)	268565007	Adult health examination (procedure)
adult victim of abuse (finding)	406137001	Adult victim of abuse (finding)
advanced maternal age gravida (finding)	416413003	Advanced maternal age gravida (finding)
adverse reaction caused by drug (disorder)	62014003	Adverse reaction caused by drug (disorder)
adverse reaction caused by food (disorder)	370540009	Adverse reaction caused by food (disorder)
affective psychosis (disorder)	441704009	Affective psychosis (disorder)
afibrinogenemia (disorder)	278504009	Afibrinogenemia (disorder)
after-cataract not obscuring vision following extraction of cataract (disorder)	51044000	After-cataract not obscuring vision following extraction of cataract (disorder)
after-cataract with vision obscured following extraction of cataract (disorder)	193615000	After-cataract with vision obscured following extraction of cataract (disorder)
aftercare (regime/therapy)	413467001	Aftercare (regime/therapy)
age-related cognitive decline (finding)	102891000	Age-related cognitive decline (finding)
age-related macular degeneration (disorder)	267718000	Age-related macular degeneration (disorder)
agenesis of left kidney (disorder)	762907005	Agenesis of left kidney (disorder)
agenesis of right kidney (disorder)	762908000	Agenesis of right kidney (disorder)
aggressive behavior (finding)	61372001	Aggressive behavior (finding)
aggressive fibromatosis of abdomen (disorder)	400153009	Aggressive fibromatosis of abdomen (disorder)
aggressive unsocial conduct disorder (disorder)	192082001	Aggressive unsocial conduct disorder (disorder)
agitated depression (disorder)	83458005	Agitated depression (disorder)
agoraphobia (disorder)	70691001	Agoraphobia (disorder)
agranulocytosis (disorder)	17182001	Agranulocytosis (disorder)
alanine aminotransferase above reference range (finding)	409673008	Alanine aminotransferase above reference range (finding)
albuminuria (finding)	274769005	Albuminuria (finding)
alcohol consumption screening (procedure)	171208001	Alcohol consumption screening (procedure)
alcohol dependence (disorder)	66590003	Alcohol dependence (disorder)
alcohol intoxication (disorder)	25702006	Alcohol intoxication (disorder)
alcohol intoxication delirium (disorder)	18653004	Alcohol intoxication delirium (disorder)
alcohol withdrawal delirium (disorder)	8635005	Alcohol withdrawal delirium (disorder)
alcohol withdrawal syndrome (disorder)	191480000	Alcohol withdrawal syndrome (disorder)
alcoholic cirrhosis (disorder)	420054005	Alcoholic cirrhosis (disorder)
alcoholic fatty liver (disorder)	50325005	Alcoholic fatty liver (disorder)
alcoholic gastritis (disorder)	2043009	Alcoholic gastritis (disorder)
alcoholic hepatitis (disorder)	235875008	Alcoholic hepatitis (disorder)
alcoholic liver damage (disorder)	41309000	Alcoholic liver damage (disorder)
alcoholic polyneuropathy (disorder)	7916009	Alcoholic polyneuropathy (disorder)
alcoholism (disorder)	7200002	Alcoholism (disorder)
alkaline phosphatase above reference range (finding)	274770006	Alkaline phosphatase above reference range (finding)
allergen immunotherapy (regime/therapy)	182678001	Allergen immunotherapy (regime/therapy)
allergic asthma (disorder)	389145006	Allergic asthma (disorder)
allergic contact dermatitis (disorder)	238575004	Allergic contact dermatitis (disorder)
allergic disposition (finding)	609328004	Allergic disposition (finding)
allergic fungal sinusitis (disorder)	425011002	Allergic fungal sinusitis (disorder)
allergic granulomatosis angiitis (disorder)	82275008	Allergic granulomatosis angiitis (disorder)
allergic reaction caused by bee sting (disorder)	282095007	Allergic reaction caused by bee sting (disorder)
allergic rhinitis (disorder)	61582004	Allergic rhinitis (disorder)
allergic rhinitis caused by pollen (disorder)	21719001	Allergic rhinitis caused by pollen (disorder)
allergic urticaria (disorder)	40178009	Allergic urticaria (disorder)
allergy to drug (finding)	416098002	Allergy to drug (finding)
allergy to dust mite protein (finding)	232350006	Allergy to dust mite protein (finding)
allergy to food (finding)	414285001	Allergy to food (finding)
allergy to peanut (finding)	91935009	Allergy to peanut (finding)
allergy to penicillin (finding)	91936005	Allergy to penicillin (finding)
allergy to soy protein (finding)	782594005	Allergy to soy protein (finding)
allogeneic bone marrow transplantation (procedure)	58390007	Allogeneic bone marrow transplantation (procedure)
allogeneic peripheral blood stem cell transplant (procedure)	425843001	Allogeneic peripheral blood stem cell transplant (procedure)
allogeneic unrelated bone marrow transplant (procedure)	234335003	Allogeneic unrelated bone marrow transplant (procedure)
alopecia (disorder)	56317004	Alopecia (disorder)
alopecia areata (disorder)	68225006	Alopecia areata (disorder)
alpha thalassemia (disorder)	68913001	Alpha thalassemia (disorder)
alpha trait thalassemia (disorder)	191187006	Alpha trait thalassemia (disorder)
alpha-1-antitrypsin deficiency (disorder)	30188007	Alpha-1-antitrypsin deficiency (disorder)
already on aspirin (finding)	405748007	Already on aspirin (finding)
alteration in nutrition: less than body requirements (finding)	88202002	Alteration in nutrition: less than body requirements (finding)
alteration in parenting (finding)	406161008	Alteration in parenting (finding)
altered bowel function (finding)	88111009	Altered bowel function (finding)
altered mental status (finding)	419284004	Altered mental status (finding)
alternating esotropia (disorder)	39837002	Alternating esotropia (disorder)
alternating exotropia (disorder)	37214009	Alternating exotropia (disorder)
alternating exotropia with v pattern (disorder)	57805002	Alternating exotropia with V pattern (disorder)
alveolar hypoventilation (finding)	15993004	Alveolar hypoventilation (finding)
alveolar periostitis (disorder)	251331003	Alveolar periostitis (disorder)
alzheimer's disease (disorder)	26929004	Alzheimer's disease (disorder)
amaurosis fugax (disorder)	88032003	Amaurosis fugax (disorder)
amblyopia (disorder)	387742006	Amblyopia (disorder)
amenorrhea (finding)	14302001	Amenorrhea (finding)
amfetamine and/or amfetamine derivative dependence in remission (disorder)	1231325000	Amfetamine and/or amfetamine derivative dependence in remission (disorder)
amnesia (finding)	48167000	Amnesia (finding)
amniocentesis (procedure)	34536000	Amniocentesis (procedure)
amniotic fluid -meconium stain (finding)	168092006	Amniotic fluid -meconium stain (finding)
amphetamine dependence (disorder)	21647008	Amphetamine dependence (disorder)
amputated above knee (finding)	299647001	Amputated above knee (finding)
amputated big toe (finding)	308684007	Amputated big toe (finding)
amputation above-knee (procedure)	79733001	Amputation above-knee (procedure)
amputation of finger, except thumb (procedure)	76956004	Amputation of finger, except thumb (procedure)
amputation of lower limb (procedure)	397117006	Amputation of lower limb (procedure)
amputation of lower limb through tibia and fibula (procedure)	88312006	Amputation of lower limb through tibia and fibula (procedure)
amputation of the foot (procedure)	180030006	Amputation of the foot (procedure)
amputation of toe (procedure)	371186005	Amputation of toe (procedure)
amputee (finding)	41944006	Amputee (finding)
amygdalolith (disorder)	6461009	Amygdalolith (disorder)
amyloidosis (disorder)	17602002	Amyloidosis (disorder)
amyotrophic lateral sclerosis (disorder)	86044005	Amyotrophic lateral sclerosis (disorder)
anal and rectal polyp (disorder)	197210001	Anal and rectal polyp (disorder)
anal fissure (disorder)	30037006	Anal fissure (disorder)
anal inflammation (disorder)	301779004	Anal inflammation (disorder)
anal pain (finding)	68653001	Anal pain (finding)
anal polyp (disorder)	88580009	Anal polyp (disorder)
anal skin tag (disorder)	195469007	Anal skin tag (disorder)
anaphylaxis (disorder)	39579001	Anaphylaxis (disorder)
anaplastic large t-cell systemic malignant lymphoma (disorder)	404134006	Anaplastic large T-cell systemic malignant lymphoma (disorder)
anaplastic lymphoma kinase positive large b-cell lymphoma (disorder)	715950008	Anaplastic lymphoma kinase positive large B-cell lymphoma (disorder)
anemia (disorder)	271737000	Anemia (disorder)
anemia caused by medication (disorder)	428383000	Anemia caused by medication (disorder)
anemia due to and following chemotherapy (disorder)	767657005	Anemia due to and following chemotherapy (disorder)
anemia due to blood loss (disorder)	413532003	Anemia due to blood loss (disorder)
anemia due to chronic blood loss (disorder)	413533008	Anemia due to chronic blood loss (disorder)
anemia due to unknown mechanism (disorder)	79035003	Anemia due to unknown mechanism (disorder)
anemia in mother complicating pregnancy, childbirth and/or puerperium (disorder)	45828008	Anemia in mother complicating pregnancy, childbirth AND/OR puerperium (disorder)
anemia in neoplastic disease (disorder)	191265009	Anemia in neoplastic disease (disorder)
anemia of chronic disorder (disorder)	234347009	Anemia of chronic disorder (disorder)
anemia of chronic renal failure (disorder)	49708008	Anemia of chronic renal failure (disorder)
anemia of pregnancy (disorder)	27342004	Anemia of pregnancy (disorder)
anemia of prematurity (disorder)	47100003	Anemia of prematurity (disorder)
anemia of renal disease (disorder)	234348004	Anemia of renal disease (disorder)
anemia secondary to renal failure (disorder)	310647000	Anemia secondary to renal failure (disorder)
anergy (finding)	31875000	Anergy (finding)
aneurysm (disorder)	432119003	Aneurysm (disorder)
aneurysm of ascending aorta (disorder)	425963007	Aneurysm of ascending aorta (disorder)
aneurysm of cerebral artery (disorder)	128608001	Aneurysm of cerebral artery (disorder)
aneurysm of iliac artery (disorder)	13290008	Aneurysm of iliac artery (disorder)
aneurysm of infrarenal abdominal aorta (disorder)	444569004	Aneurysm of infrarenal abdominal aorta (disorder)
aneurysm of popliteal artery (disorder)	48273005	Aneurysm of popliteal artery (disorder)
aneurysm of renal artery (disorder)	36184004	Aneurysm of renal artery (disorder)
aneurysm of thoracic aorta (disorder)	433068007	Aneurysm of thoracic aorta (disorder)
aneurysmal bone cyst (disorder)	203468000	Aneurysmal bone cyst (disorder)
angina (disorder)	194828000	Angina (disorder)
angina decubitus (disorder)	59021001	Angina decubitus (disorder)
angiodysplasia of intestine (disorder)	235853006	Angiodysplasia of intestine (disorder)
angioedema (disorder)	41291007	Angioedema (disorder)
angiography (procedure)	77343006	Angiography (procedure)
angiomyolipoma of kidney (disorder)	254921004	Angiomyolipoma of kidney (disorder)
angiosarcoma of skin (disorder)	254794007	Angiosarcoma of skin (disorder)
angle closure glaucoma suspect (disorder)	1003488007	Angle closure glaucoma suspect (disorder)
angle-closure glaucoma (disorder)	392291006	Angle-closure glaucoma (disorder)
animal bite wound (disorder)	399907009	Animal bite wound (disorder)
anisocoria (disorder)	13045009	Anisocoria (disorder)
anisometropia (disorder)	3289004	Anisometropia (disorder)
anisometropic amblyopia (disorder)	232147001	Anisometropic amblyopia (disorder)
ankle edema (finding)	26237000	Ankle edema (finding)
ankle instability (finding)	813001	Ankle instability (finding)
ankle pain (finding)	247373008	Ankle pain (finding)
ankle ulcer (disorder)	419193008	Ankle ulcer (disorder)
ankylosing spondylitis (disorder)	9631008	Ankylosing spondylitis (disorder)
ankylosis of joint (disorder)	111227009	Ankylosis of joint (disorder)
anogenital warts (disorder)	240542006	Anogenital warts (disorder)
anomaly of tooth position (disorder)	81256000	Anomaly of tooth position (disorder)
anophthalmos (disorder)	7183006	Anophthalmos (disorder)
anorectal disorder (disorder)	426867001	Anorectal disorder (disorder)
anorectal fistula (disorder)	72779005	Anorectal fistula (disorder)
anorectal pain (finding)	197232005	Anorectal pain (finding)
anorexia nervosa (disorder)	56882008	Anorexia nervosa (disorder)
anovulation (finding)	34571000	Anovulation (finding)
anovulatory amenorrhea (finding)	444769001	Anovulatory amenorrhea (finding)
anoxic encephalopathy (disorder)	389098007	Anoxic encephalopathy (disorder)
antenatal care: history of perinatal death (situation)	169583006	Antenatal care: history of perinatal death (situation)
antenatal care: history of stillbirth (situation)	169582001	Antenatal care: history of stillbirth (situation)
antenatal care: poor obstetric history (situation)	169584000	Antenatal care: poor obstetric history (situation)
antenatal screening (procedure)	243787009	Antenatal screening (procedure)
antenatal ultrasound scan abnormal (finding)	169665005	Antenatal ultrasound scan abnormal (finding)
antepartum hemorrhage (disorder)	34842007	Antepartum hemorrhage (disorder)
anterior cord syndrome (disorder)	282785008	Anterior cord syndrome (disorder)
anterior horn cell disease (disorder)	85672005	Anterior horn cell disease (disorder)
anterior proliferative vitreoretinopathy (disorder)	232017001	Anterior proliferative vitreoretinopathy (disorder)
anterior tibial stress syndrome (disorder)	202888004	Anterior tibial stress syndrome (disorder)
anti-nuclear factor detected (finding)	165850001	Anti-nuclear factor detected (finding)
anticoagulant adverse reaction (disorder)	293331003	Anticoagulant adverse reaction (disorder)
anticoagulant therapy (procedure)	182764009	Anticoagulant therapy (procedure)
antineoplastic adverse reaction (disorder)	292196008	Antineoplastic adverse reaction (disorder)
antinuclear antibody above reference range (finding)	444551008	Antinuclear antibody above reference range (finding)
antiphospholipid syndrome (disorder)	26843008	Antiphospholipid syndrome (disorder)
antisocial personality disorder (disorder)	26665006	Antisocial personality disorder (disorder)
anxiety (finding)	48694002	Anxiety (finding)
anxiety attack (finding)	300895004	Anxiety attack (finding)
anxiety disorder (disorder)	197480006	Anxiety disorder (disorder)
anxiety disorder due to a general medical condition (disorder)	52910006	Anxiety disorder due to a general medical condition (disorder)
anxiety disorder of childhood (disorder)	53467004	Anxiety disorder of childhood (disorder)
anxiety state (finding)	198288003	Anxiety state (finding)
anxiolytic dependence (disorder)	231470001	Anxiolytic dependence (disorder)
aortic aneurysm (disorder)	67362008	Aortic aneurysm (disorder)
aortic incompetence, non-rheumatic (disorder)	194983005	Aortic incompetence, non-rheumatic (disorder)
aortic root dilatation (disorder)	251036003	Aortic root dilatation (disorder)
aortic stenosis, non-rheumatic (disorder)	194984004	Aortic stenosis, non-rheumatic (disorder)
aortic valve disorder (disorder)	8722008	Aortic valve disorder (disorder)
aortic valve regurgitation (disorder)	60234000	Aortic valve regurgitation (disorder)
aortic valve sclerosis (disorder)	67754003	Aortic valve sclerosis (disorder)
aortic valve stenosis (disorder)	60573004	Aortic valve stenosis (disorder)
aortoiliac atherosclerosis (disorder)	233956002	Aortoiliac atherosclerosis (disorder)
aphakia (disorder)	24010005	Aphakia (disorder)
aphasia (finding)	87486003	Aphasia (finding)
aphasia as late effect of cerebrovascular disease (disorder)	441630004	Aphasia as late effect of cerebrovascular disease (disorder)
aphthous ulcer of mouth (disorder)	426965005	Aphthous ulcer of mouth (disorder)
aplastic anemia (disorder)	306058006	Aplastic anemia (disorder)
apnea (finding)	1023001	Apnea (finding)
apnea in newborn (finding)	13094009	Apnea in newborn (finding)
apnea of prematurity (disorder)	276544005	Apnea of prematurity (disorder)
appendicitis (disorder)	74400008	Appendicitis (disorder)
apraxia (finding)	68345001	Apraxia (finding)
apraxic aphonia (disorder)	74227009	Apraxic aphonia (disorder)
arachnoid cyst (disorder)	33595009	Arachnoid cyst (disorder)
arachnoiditis (disorder)	8217007	Arachnoiditis (disorder)
arginine vasopressin deficiency (disorder)	45369008	Arginine vasopressin deficiency (disorder)
arginine vasopressin-related polyuria (disorder)	1296758008	Arginine vasopressin-related polyuria (disorder)
arterial embolism (disorder)	54687002	Arterial embolism (disorder)
arterial retinal branch occlusion (disorder)	50821009	Arterial retinal branch occlusion (disorder)
arterial thrombosis (disorder)	65198009	Arterial thrombosis (disorder)
arteriosclerosis obliterans (disorder)	361133006	Arteriosclerosis obliterans (disorder)
arteriosclerosis of coronary artery bypass graft (disorder)	429673002	Arteriosclerosis of coronary artery bypass graft (disorder)
arteriosclerotic gangrene (disorder)	49176002	Arteriosclerotic gangrene (disorder)
arteriosclerotic vascular disease (disorder)	72092001	Arteriosclerotic vascular disease (disorder)
arteriovenous fistula (disorder)	439470001	Arteriovenous fistula (disorder)
arteriovenous graft thrombosis (disorder)	280972008	Arteriovenous graft thrombosis (disorder)
arteritis (disorder)	52089001	Arteritis (disorder)
arthritis (disorder)	3723001	Arthritis (disorder)
arthritis of elbow (disorder)	439656005	Arthritis of elbow (disorder)
arthritis of knee (disorder)	371081002	Arthritis of knee (disorder)
arthritis of spine (disorder)	371082009	Arthritis of spine (disorder)
arthrodesis by anterior interbody technique of cervical region below c2 with bone graft (procedure)	53976000	Arthrodesis by anterior interbody technique of cervical region below C2 with bone graft (procedure)
arthropathy (disorder)	399269003	Arthropathy (disorder)
arthropathy associated with a neurological disorder (disorder)	67536000	Arthropathy associated with a neurological disorder (disorder)
arthropathy of lumbar facet joint (disorder)	428671008	Arthropathy of lumbar facet joint (disorder)
arthropathy of spinal facet joint (disorder)	429350001	Arthropathy of spinal facet joint (disorder)
arthroplasty of knee (procedure)	19063003	Arthroplasty of knee (procedure)
arthroscopically aided anterior cruciate ligament repair (procedure)	55244002	Arthroscopically aided anterior cruciate ligament repair (procedure)
arthroscopy (procedure)	13714004	Arthroscopy (procedure)
arthroscopy of knee joint (procedure)	309431009	Arthroscopy of knee joint (procedure)
arthroscopy of knee with medial and lateral meniscectomy (procedure)	8874001	Arthroscopy of knee with medial and lateral meniscectomy (procedure)
arthroscopy of knee with meniscus repair (procedure)	84877006	Arthroscopy of knee with meniscus repair (procedure)
articular cartilage disorder (disorder)	53417006	Articular cartilage disorder (disorder)
articular disc disorder of temporomandibular joint (disorder)	91945006	Articular disc disorder of temporomandibular joint (disorder)
artificial lens present (finding)	309523001	Artificial lens present (finding)
artificial ventilation (regime/therapy)	40617009	Artificial ventilation (regime/therapy)
asbestos-induced pleural plaque (disorder)	233659006	Asbestos-induced pleural plaque (disorder)
asbestosis (disorder)	22607003	Asbestosis (disorder)
ascites (disorder)	389026000	Ascites (disorder)
aspartate aminotransferase serum level above reference range (finding)	166669000	Aspartate aminotransferase serum level above reference range (finding)
asperger's disorder (disorder)	23560001	Asperger's disorder (disorder)
aspergillosis (disorder)	65553006	Aspergillosis (disorder)
aspirated food in respiratory tract (disorder)	1345130001	Aspirated food in respiratory tract (disorder)
aspiration pneumonia (disorder)	422588002	Aspiration pneumonia (disorder)
assault (event)	52684005	Assault (event)
assault by cutting and stabbing instruments (event)	219218005	Assault by cutting and stabbing instruments (event)
assault by striking by blunt or thrown object (event)	219235009	Assault by striking by blunt or thrown object (event)
asteatosis cutis (disorder)	89105000	Asteatosis cutis (disorder)
asteatotic eczema (disorder)	201077008	Asteatotic eczema (disorder)
asteroid hyalosis (disorder)	95800001	Asteroid hyalosis (disorder)
asthenia (finding)	13791008	Asthenia (finding)
asthma (disorder)	195967001	Asthma (disorder)
asthma without status asthmaticus (disorder)	55570000	Asthma without status asthmaticus (disorder)
asthmatic bronchitis (disorder)	405944004	Asthmatic bronchitis (disorder)
astigmatism (disorder)	82649003	Astigmatism (disorder)
astrocytoma of brain (disorder)	254938000	Astrocytoma of brain (disorder)
asymmetrical sensorineural hearing loss (disorder)	428887009	Asymmetrical sensorineural hearing loss (disorder)
asymptomatic coronary heart disease (disorder)	315348000	Asymptomatic coronary heart disease (disorder)
asymptomatic human immunodeficiency virus infection (disorder)	91947003	Asymptomatic human immunodeficiency virus infection (disorder)
at increased risk for deliberate self harm (finding)	401206008	At increased risk for deliberate self harm (finding)
at increased risk for falls (finding)	129839007	At increased risk for falls (finding)
at increased risk for impaired skin integrity (finding)	70693003	At increased risk for impaired skin integrity (finding)
at increased risk for infection (finding)	78648007	At increased risk for infection (finding)
at increased risk for noncompliance (finding)	45704003	At increased risk for noncompliance (finding)
at increased risk of coronary heart disease (finding)	315016007	At increased risk of coronary heart disease (finding)
at increased risk of sexually transmitted infection (finding)	407560009	At increased risk of sexually transmitted infection (finding)
ataxia (finding)	20262006	Ataxia (finding)
atelectasis (disorder)	46621007	Atelectasis (disorder)
atherosclerosis (morphologic abnormality)	38716007	Atherosclerosis (morphologic abnormality)
atherosclerosis of aorta (disorder)	81817003	Atherosclerosis of aorta (disorder)
atherosclerosis of arteries of the extremities (disorder)	51274000	Atherosclerosis of arteries of the extremities (disorder)
atherosclerosis of artery (disorder)	441574008	Atherosclerosis of artery (disorder)
atherosclerosis of autologous vein bypass graft of limb (disorder)	442693003	Atherosclerosis of autologous vein bypass graft of limb (disorder)
atherosclerosis of bypass graft of limb (disorder)	442439008	Atherosclerosis of bypass graft of limb (disorder)
atherosclerosis of coronary artery (disorder)	443502000	Atherosclerosis of coronary artery (disorder)
atherosclerosis of renal artery (disorder)	45281005	Atherosclerosis of renal artery (disorder)
atherosclerotic renal artery stenosis (disorder)	302910002	Atherosclerotic renal artery stenosis (disorder)
atonic postpartum hemorrhage (disorder)	27214003	Atonic postpartum hemorrhage (disorder)
atopic conjunctivitis (disorder)	231854006	Atopic conjunctivitis (disorder)
atopic dermatitis (disorder)	24079001	Atopic dermatitis (disorder)
atrial arrhythmia (disorder)	17366009	Atrial arrhythmia (disorder)
atrial fibrillation (disorder)	49436004	Atrial fibrillation (disorder)
atrial flutter (disorder)	5370000	Atrial flutter (disorder)
atrial premature complex (disorder)	287057009	Atrial premature complex (disorder)
atrial septal defect (disorder)	70142008	Atrial septal defect (disorder)
atrioventricular block (disorder)	233917008	Atrioventricular block (disorder)
atrioventricular septal defect: atrial and ventricular components (disorder)	253416000	Atrioventricular septal defect: atrial and ventricular components (disorder)
atrophic gastritis (disorder)	84568007	Atrophic gastritis (disorder)
atrophic vaginitis (disorder)	52441000	Atrophic vaginitis (disorder)
atrophic vulva (disorder)	248861000	Atrophic vulva (disorder)
atrophic vulvovaginitis (disorder)	75993002	Atrophic vulvovaginitis (disorder)
atrophy of edentulous alveolar ridge (disorder)	91950000	Atrophy of edentulous alveolar ridge (disorder)
atrophy of kidney (disorder)	197659005	Atrophy of kidney (disorder)
atrophy of vagina (disorder)	297147009	Atrophy of vagina (disorder)
attacks of weakness (finding)	248278004	Attacks of weakness (finding)
attention deficit hyperactivity disorder (disorder)	406506008	Attention deficit hyperactivity disorder (disorder)
attention deficit hyperactivity disorder, combined type (disorder)	31177006	Attention deficit hyperactivity disorder, combined type (disorder)
attention deficit hyperactivity disorder, predominantly inattentive type (disorder)	35253001	Attention deficit hyperactivity disorder, predominantly inattentive type (disorder)
attention to gastrostomy (procedure)	235222001	Attention to gastrostomy (procedure)
attention to ileostomy (procedure)	173984004	Attention to ileostomy (procedure)
attention to tracheostomy (procedure)	232613003	Attention to tracheostomy (procedure)
atypical absence seizure (finding)	23374007	Atypical absence seizure (finding)
atypical chest pain (finding)	102589003	Atypical chest pain (finding)
atypical depressive disorder (disorder)	191659001	Atypical depressive disorder (disorder)
atypical facial pain (finding)	71303008	Atypical facial pain (finding)
atypical hyperplasia of breast (disorder)	369462000	Atypical hyperplasia of breast (disorder)
atypical mole syndrome (disorder)	254819008	Atypical mole syndrome (disorder)
atypical pneumonia (disorder)	233606009	Atypical pneumonia (disorder)
atypical squamous cells of undetermined significance (morphologic abnormality)	39035006	Atypical squamous cells of undetermined significance (morphologic abnormality)
atypical squamous cells of undetermined significance on cervical papanicolaou smear (finding)	441087007	Atypical squamous cells of undetermined significance on cervical Papanicolaou smear (finding)
atypical squamous cells of undetermined significance on vaginal papanicolaou smear (finding)	441099000	Atypical squamous cells of undetermined significance on vaginal Papanicolaou smear (finding)
atypical squamous cells on cervical papanicolaou smear cannot exclude high grade squamous intraepithelial lesion (finding)	441088002	Atypical squamous cells on cervical Papanicolaou smear cannot exclude high grade squamous intraepithelial lesion (finding)
augmentation mammoplasty (procedure)	22890008	Augmentation mammoplasty (procedure)
autoantibody titer detected (finding)	165879008	Autoantibody titer detected (finding)
autoimmune disease (disorder)	85828009	Autoimmune disease (disorder)
autoimmune hemolytic anemia (disorder)	413603009	Autoimmune hemolytic anemia (disorder)
autoimmune hepatitis (disorder)	408335007	Autoimmune hepatitis (disorder)
autoimmune thyroiditis (disorder)	66944004	Autoimmune thyroiditis (disorder)
autologous bone marrow transplant (procedure)	58776007	Autologous bone marrow transplant (procedure)
autologous peripheral blood stem cell transplant (procedure)	425983008	Autologous peripheral blood stem cell transplant (procedure)
automatic defibrillator procedure (procedure)	233169004	Automatic defibrillator procedure (procedure)
autonomic dysreflexia (disorder)	129618003	Autonomic dysreflexia (disorder)
autonomic neuropathy (disorder)	277879009	Autonomic neuropathy (disorder)
autonomic neuropathy due to diabetes mellitus (disorder)	50620007	Autonomic neuropathy due to diabetes mellitus (disorder)
autonomic neuropathy due to type 1 diabetes mellitus (disorder)	712882000	Autonomic neuropathy due to type 1 diabetes mellitus (disorder)
autonomic neuropathy due to type 2 diabetes mellitus (disorder)	712883005	Autonomic neuropathy due to type 2 diabetes mellitus (disorder)
autosomal dominant polycystic kidney disease (disorder)	765330003	Autosomal dominant polycystic kidney disease (disorder)
avascular necrosis of bone (disorder)	397758007	Avascular necrosis of bone (disorder)
avascular necrosis of capital femoral epiphysis (disorder)	111255008	Avascular necrosis of capital femoral epiphysis (disorder)
avascular necrosis of head of femur (disorder)	203476003	Avascular necrosis of head of femur (disorder)
avascular necrosis of neck of femur (disorder)	1287521003	Avascular necrosis of neck of femur (disorder)
avoidant personality disorder (disorder)	37746008	Avoidant personality disorder (disorder)
axillary lymphadenopathy (disorder)	127189005	Axillary lymphadenopathy (disorder)
azotemia (disorder)	445009001	Azotemia (disorder)
b-cell acute lymphoblastic leukemia (disorder)	277571004	B-cell acute lymphoblastic leukemia (disorder)
back pain complicating pregnancy (disorder)	91957002	Back pain complicating pregnancy (disorder)
back strain of thoracic region (disorder)	66540002	Back strain of thoracic region (disorder)
backache (finding)	161891005	Backache (finding)
bacteremia (finding)	5758002	Bacteremia (finding)
bacterial arthritis (disorder)	48245008	Bacterial arthritis (disorder)
bacterial conjunctivitis (disorder)	128350005	Bacterial conjunctivitis (disorder)
bacterial endocarditis (disorder)	301183007	Bacterial endocarditis (disorder)
bacterial infection caused by pseudomonas (disorder)	63398001	Bacterial infection caused by Pseudomonas (disorder)
bacterial infectious disease (disorder)	87628006	Bacterial infectious disease (disorder)
bacterial overgrowth syndrome (disorder)	66379009	Bacterial overgrowth syndrome (disorder)
bacterial pneumonia (disorder)	53084003	Bacterial pneumonia (disorder)
bacterial vaginosis (disorder)	419760006	Bacterial vaginosis (disorder)
balanitis (disorder)	44882003	Balanitis (disorder)
balloon aortic valvotomy (procedure)	232834008	Balloon aortic valvotomy (procedure)
band-shaped keratopathy (disorder)	35055000	Band-shaped keratopathy (disorder)
bariatric operative procedure (procedure)	430715008	Bariatric operative procedure (procedure)
barium enema abnormal (finding)	168840001	Barium enema abnormal (finding)
barrett's esophagus (disorder)	302914006	Barrett's esophagus (disorder)
basal cell carcinoma of ear (disorder)	402820007	Basal cell carcinoma of ear (disorder)
basal cell carcinoma of eyelid (disorder)	231832009	Basal cell carcinoma of eyelid (disorder)
basal cell carcinoma of face (disorder)	402519009	Basal cell carcinoma of face (disorder)
basal cell carcinoma of lower extremity (disorder)	402522006	Basal cell carcinoma of lower extremity (disorder)
basal cell carcinoma of neck (disorder)	402509003	Basal cell carcinoma of neck (disorder)
basal cell carcinoma of nose (disorder)	402818009	Basal cell carcinoma of nose (disorder)
basal cell carcinoma of scalp (disorder)	403915004	Basal cell carcinoma of scalp (disorder)
basal cell carcinoma of skin (disorder)	254701007	Basal cell carcinoma of skin (disorder)
basal cell carcinoma of truncal skin (disorder)	402523001	Basal cell carcinoma of truncal skin (disorder)
basilar artery syndrome (disorder)	64009001	Basilar artery syndrome (disorder)
battey disease (disorder)	373435003	Battey disease (disorder)
bee sting (disorder)	241820008	Bee sting (disorder)
behcet's syndrome (disorder)	310701003	Behcet's syndrome (disorder)
bell's palsy (disorder)	193093009	Bell's palsy (disorder)
benign adenomatous neoplasm (disorder)	443416007	Benign adenomatous neoplasm (disorder)
benign essential hypertension (disorder)	1201005	Benign essential hypertension (disorder)
benign essential hypertension complicating and/or reason for care during pregnancy (disorder)	23717007	Benign essential hypertension complicating AND/OR reason for care during pregnancy (disorder)
benign hypertension (disorder)	10725009	Benign hypertension (disorder)
benign hypertensive heart disease without congestive heart failure (disorder)	77970009	Benign hypertensive heart disease without congestive heart failure (disorder)
benign intracranial hypertension (disorder)	68267002	Benign intracranial hypertension (disorder)
benign localized hyperplasia of prostate (disorder)	444808002	Benign localized hyperplasia of prostate (disorder)
benign monoclonal gammopathy (disorder)	58648008	Benign monoclonal gammopathy (disorder)
benign mucous membrane pemphigoid (disorder)	34250006	Benign mucous membrane pemphigoid (disorder)
benign neoplasm of adrenal gland (disorder)	91967007	Benign neoplasm of adrenal gland (disorder)
benign neoplasm of brain (disorder)	92030004	Benign neoplasm of brain (disorder)
benign neoplasm of brain meninges (disorder)	92051001	Benign neoplasm of brain meninges (disorder)
benign neoplasm of breast (disorder)	269485000	Benign neoplasm of breast (disorder)
benign neoplasm of choroid (disorder)	92059004	Benign neoplasm of choroid (disorder)
benign neoplasm of colon (disorder)	92065004	Benign neoplasm of colon (disorder)
benign neoplasm of cranial nerve (disorder)	92071005	Benign neoplasm of cranial nerve (disorder)
benign neoplasm of ear (disorder)	255181009	Benign neoplasm of ear (disorder)
benign neoplasm of external ear (disorder)	277157002	Benign neoplasm of external ear (disorder)
benign neoplasm of eyelid (disorder)	231824001	Benign neoplasm of eyelid (disorder)
benign neoplasm of meninges (disorder)	109913001	Benign neoplasm of meninges (disorder)
benign neoplasm of nose, middle ear and accessory sinuses (disorder)	271472001	Benign neoplasm of nose, middle ear and accessory sinuses (disorder)
benign neoplasm of oral cavity (disorder)	419645003	Benign neoplasm of oral cavity (disorder)
benign neoplasm of orbit (disorder)	92258000	Benign neoplasm of orbit (disorder)
benign neoplasm of ovary (disorder)	92260003	Benign neoplasm of ovary (disorder)
benign neoplasm of pancreas (disorder)	92264007	Benign neoplasm of pancreas (disorder)
benign neoplasm of pituitary gland (disorder)	92296004	Benign neoplasm of pituitary gland (disorder)
benign neoplasm of pituitary gland and craniopharyngeal duct (disorder)	271479005	Benign neoplasm of pituitary gland and craniopharyngeal duct (disorder)
benign neoplasm of prostate (disorder)	92308005	Benign neoplasm of prostate (disorder)
benign neoplasm of respiratory system (disorder)	255166003	Benign neoplasm of respiratory system (disorder)
benign neoplasm of skin (disorder)	92384009	Benign neoplasm of skin (disorder)
benign neoplasm of skin of face (disorder)	92359006	Benign neoplasm of skin of face (disorder)
benign neoplasm of skin of lip (disorder)	92369000	Benign neoplasm of skin of lip (disorder)
benign neoplasm of skin of lower limb (disorder)	92370004	Benign neoplasm of skin of lower limb (disorder)
benign neoplasm of skin of neck (disorder)	92371000	Benign neoplasm of skin of neck (disorder)
benign neoplasm of skin of scalp (disorder)	92375009	Benign neoplasm of skin of scalp (disorder)
benign neoplasm of skin of shoulder (disorder)	92376005	Benign neoplasm of skin of shoulder (disorder)
benign neoplasm of skin of trunk (disorder)	92380000	Benign neoplasm of skin of trunk (disorder)
benign neoplasm of skin of upper limb (disorder)	92382008	Benign neoplasm of skin of upper limb (disorder)
benign neoplasm of soft tissues of lower limb (disorder)	92394004	Benign neoplasm of soft tissues of lower limb (disorder)
benign neoplasm of soft tissues of upper limb (disorder)	92401003	Benign neoplasm of soft tissues of upper limb (disorder)
benign neoplasm of thyroid gland (disorder)	92439006	Benign neoplasm of thyroid gland (disorder)
benign neoplastic disease (disorder)	20376005	Benign neoplastic disease (disorder)
benign paraproteinemia (disorder)	395692003	Benign paraproteinemia (disorder)
benign paroxysmal positional vertigo (disorder)	111541001	Benign paroxysmal positional vertigo (disorder)
benign pheochromocytoma (disorder)	253032007	Benign pheochromocytoma (disorder)
benign prostatic hyperplasia (disorder)	266569009	Benign prostatic hyperplasia (disorder)
benign prostatic hyperplasia with outflow obstruction (disorder)	236646007	Benign prostatic hyperplasia with outflow obstruction (disorder)
benign prostatic hyperplasia without outflow obstruction (disorder)	254902007	Benign prostatic hyperplasia without outflow obstruction (disorder)
benign secondary renovascular hypertension (disorder)	73410007	Benign secondary renovascular hypertension (disorder)
benign teratoma of ovary (disorder)	119423009	Benign teratoma of ovary (disorder)
benzodiazepine overdose (disorder)	296053004	Benzodiazepine overdose (disorder)
bereavement (finding)	74506000	Bereavement (finding)
berry aneurysm (disorder)	277196008	Berry aneurysm (disorder)
beta thalassemia (disorder)	65959000	Beta thalassemia (disorder)
beta thalassemia trait (disorder)	269175006	Beta thalassemia trait (disorder)
biceps tendinitis (disorder)	202856007	Biceps tendinitis (disorder)
bicuspid aortic valve (disorder)	72352009	Bicuspid aortic valve (disorder)
bilateral cataracts (disorder)	95722004	Bilateral cataracts (disorder)
bilateral hearing loss (disorder)	95820000	Bilateral hearing loss (disorder)
bilateral hydronephrosis (disorder)	95581005	Bilateral hydronephrosis (disorder)
bilateral inguinal hernia (disorder)	85502002	Bilateral inguinal hernia (disorder)
bilateral sensory hearing loss (disorder)	430985005	Bilateral sensory hearing loss (disorder)
bilateral visual impairment (disorder)	218951000119100	Bilateral visual impairment (disorder)
biliary cirrhosis (disorder)	1761006	Biliary cirrhosis (disorder)
biliary colic (finding)	37389005	Biliary colic (finding)
biliary dyskinesia (disorder)	197432008	Biliary dyskinesia (disorder)
biliary stricture (disorder)	235921003	Biliary stricture (disorder)
bimalleolar fracture of ankle (disorder)	263244000	Bimalleolar fracture of ankle (disorder)
biopsy (procedure)	86273004	Biopsy (procedure)
biopsy of breast (procedure)	122548005	Biopsy of breast (procedure)
biopsy of liver (procedure)	86259008	Biopsy of liver (procedure)
bipolar affective disorder, current episode depression (disorder)	191627008	Bipolar affective disorder, current episode depression (disorder)
bipolar affective disorder, current episode manic (disorder)	191618007	Bipolar affective disorder, current episode manic (disorder)
bipolar affective disorder, currently manic, severe, with psychosis (disorder)	191623007	Bipolar affective disorder, currently manic, severe, with psychosis (disorder)
bipolar disorder (disorder)	13746004	Bipolar disorder (disorder)
bipolar disorder in remission (disorder)	85248005	Bipolar disorder in remission (disorder)
bipolar i disorder (disorder)	371596008	Bipolar I disorder (disorder)
bipolar i disorder, most recent episode hypomanic (disorder)	31446002	Bipolar I disorder, most recent episode hypomanic (disorder)
bipolar i disorder, single manic episode, in partial remission (disorder)	78269000	Bipolar I disorder, single manic episode, in partial remission (disorder)
bipolar ii disorder (disorder)	83225003	Bipolar II disorder (disorder)
bitemporal hemianopia (finding)	61917005	Bitemporal hemianopia (finding)
biventricular congestive heart failure (disorder)	92506005	Biventricular congestive heart failure (disorder)
bleeding (finding)	131148009	Bleeding (finding)
bleeding esophageal varices (disorder)	17709002	Bleeding esophageal varices (disorder)
bleeding from anus (disorder)	6072007	Bleeding from anus (disorder)
bleeding from nose (finding)	249366005	Bleeding from nose (finding)
bleeding from vagina (finding)	289530006	Bleeding from vagina (finding)
bleeding gastric varices (disorder)	24807004	Bleeding gastric varices (disorder)
bleeding gums (finding)	86276007	Bleeding gums (finding)
bleeding ulcer of esophagus (disorder)	57748001	Bleeding ulcer of esophagus (disorder)
blepharitis (disorder)	41446000	Blepharitis (disorder)
blepharospasm (disorder)	59026006	Blepharospasm (disorder)
blighted ovum (disorder)	35999006	Blighted ovum (disorder)
blind left eye (disorder)	274571007	Blind left eye (disorder)
blind loop syndrome (disorder)	77225009	Blind loop syndrome (disorder)
blind right eye (disorder)	274572000	Blind right eye (disorder)
blindness - both eyes (disorder)	193699007	Blindness - both eyes (disorder)
blindness and/or vision impairment level (disorder)	105597003	Blindness AND/OR vision impairment level (disorder)
blister of skin and/or mucosa (disorder)	417237009	Blister of skin AND/OR mucosa (disorder)
block dissection of cervical lymph nodes (procedure)	178283002	Block dissection of cervical lymph nodes (procedure)
blood chemistry outside reference range (finding)	166318006	Blood chemistry outside reference range (finding)
blood coagulation disorder (disorder)	64779008	Blood coagulation disorder (disorder)
blood glucose outside reference range (finding)	166922008	Blood glucose outside reference range (finding)
blood in urine (finding)	34436003	Blood in urine (finding)
blood pressure above reference range (finding)	24184005	Blood pressure above reference range (finding)
blood pressure below reference range (finding)	12763006	Blood pressure below reference range (finding)
blood pressure outside reference range (finding)	38936003	Blood pressure outside reference range (finding)
blood pressure taking (procedure)	46973005	Blood pressure taking (procedure)
bloodstained liquor (finding)	249134008	Bloodstained liquor (finding)
bloodstained sputum (finding)	61281005	Bloodstained sputum (finding)
bloody nipple discharge (disorder)	290113009	Bloody nipple discharge (disorder)
blow out fracture of orbit (disorder)	263167007	Blow out fracture of orbit (disorder)
blunt injury (disorder)	425359009	Blunt injury (disorder)
blurring of visual image (finding)	111516008	Blurring of visual image (finding)
body fluid retention (finding)	43498006	Body fluid retention (finding)
body mass index 25-29 - overweight (finding)	162863004	Body mass index 25-29 - overweight (finding)
body mass index 30+ - obesity (finding)	162864005	Body mass index 30+ - obesity (finding)
body mass index 40+ - severely obese (finding)	408512008	Body mass index 40+ - severely obese (finding)
body weight problem (finding)	301336003	Body weight problem (finding)
boils of multiple sites (disorder)	238389005	Boils of multiple sites (disorder)
bolus obstruction of intestine (disorder)	235810006	Bolus obstruction of intestine (disorder)
bone cyst (disorder)	203465002	Bone cyst (disorder)
bone pain (finding)	12584003	Bone pain (finding)
bony callus (morphologic abnormality)	27881006	Bony callus (morphologic abnormality)
borderline personality disorder (disorder)	20010003	Borderline personality disorder (disorder)
bowing deformity of lower limb (finding)	609380008	Bowing deformity of lower limb (finding)
brachial neuritis (disorder)	72893007	Brachial neuritis (disorder)
brachial plexus disorder (disorder)	3548001	Brachial plexus disorder (disorder)
bradycardia (finding)	48867003	Bradycardia (finding)
brain disorder resulting from a period of impaired oxygen delivery to the brain (disorder)	126944002	Brain disorder resulting from a period of impaired oxygen delivery to the brain (disorder)
brain injury with open intracranial wound (disorder)	28188001	Brain injury with open intracranial wound (disorder)
brain ventricular shunt obstruction (disorder)	230808006	Brain ventricular shunt obstruction (disorder)
brainstem death (disorder)	230802007	Brainstem death (disorder)
break of retina (disorder)	1275615004	Break of retina (disorder)
breast cancer screening declined (situation)	12275351000119103	Breast cancer screening declined (situation)
breast finding (finding)	116339002	Breast finding (finding)
breast lump (finding)	89164003	Breast lump (finding)
breastfed (finding)	169741004	Breastfed (finding)
breastfeeding problem in the newborn (finding)	240301009	Breastfeeding problem in the newborn (finding)
breasts asymmetrical (finding)	271691008	Breasts asymmetrical (finding)
breath smells unpleasant (finding)	79879001	Breath smells unpleasant (finding)
breathing-related sleep disorder (disorder)	111489007	Breathing-related sleep disorder (disorder)
breech malpresentation successfully converted to cephalic presentation (disorder)	17532001	Breech malpresentation successfully converted to cephalic presentation (disorder)
breech presentation (finding)	6096002	Breech presentation (finding)
brief depressive adjustment reaction (disorder)	192046006	Brief depressive adjustment reaction (disorder)
brittle diabetes mellitus (disorder)	11530004	Brittle diabetes mellitus (disorder)
broken skin (disorder)	247442005	Broken skin (disorder)
bronchiectasis (disorder)	12295008	Bronchiectasis (disorder)
bronchiolitis (disorder)	4120002	Bronchiolitis (disorder)
bronchitis (disorder)	32398004	Bronchitis (disorder)
bronchitis co-occurrent with acute wheeze (disorder)	785744001	Bronchitis co-occurrent with acute wheeze (disorder)
bronchopneumonia (disorder)	396285007	Bronchopneumonia (disorder)
bronchopulmonary dysplasia of newborn (disorder)	67569000	Bronchopulmonary dysplasia of newborn (disorder)
bronchoscopy (procedure)	10847001	Bronchoscopy (procedure)
bronchospasm (finding)	4386001	Bronchospasm (finding)
bruit (finding)	70466008	Bruit (finding)
bruxism (disorder)	191983006	Bruxism (disorder)
bulimia nervosa (disorder)	78004001	Bulimia nervosa (disorder)
bullous dermatosis (disorder)	7231009	Bullous dermatosis (disorder)
bullous keratopathy (disorder)	57207003	Bullous keratopathy (disorder)
bullous myringitis (disorder)	33528003	Bullous myringitis (disorder)
bullous pemphigoid (disorder)	77090002	Bullous pemphigoid (disorder)
bundle branch block (disorder)	6374002	Bundle branch block (disorder)
burn (disorder)	125666000	Burn (disorder)
burn of face (disorder)	262582004	Burn of face (disorder)
burn of foot (disorder)	11980003	Burn of foot (disorder)
burn of genitalia (disorder)	284220000	Burn of genitalia (disorder)
burn of hand (disorder)	14893008	Burn of hand (disorder)
burn of lower limb (disorder)	84677008	Burn of lower limb (disorder)
burn of multiple sites of trunk (disorder)	11868005	Burn of multiple sites of trunk (disorder)
burn of neck (disorder)	60713008	Burn of neck (disorder)
burn of upper limb (disorder)	6055000	Burn of upper limb (disorder)
burning mouth syndrome (disorder)	399165002	Burning mouth syndrome (disorder)
burning sensation (finding)	90673000	Burning sensation (finding)
burning sensation in eye (finding)	2070002	Burning sensation in eye (finding)
burns of multiple sites (disorder)	10132008	Burns of multiple sites (disorder)
burping (finding)	271834000	Burping (finding)
bursitis (disorder)	84017003	Bursitis (disorder)
bursitis of calcaneal tendon bursa (disorder)	221695002	Bursitis of calcaneal tendon bursa (disorder)
bursitis of foot region (disorder)	240027002	Bursitis of foot region (disorder)
bursitis of hip (disorder)	81498004	Bursitis of hip (disorder)
bursitis of shoulder (disorder)	239961006	Bursitis of shoulder (disorder)
bypass gastroenterostomy (procedure)	18692006	Bypass gastroenterostomy (procedure)
bypass of stomach with short limb roux-en-y gastroenterostomy (procedure)	443906008	Bypass of stomach with short limb Roux-en-Y gastroenterostomy (procedure)
c-reactive protein outside reference range (finding)	166584001	C-reactive protein outside reference range (finding)
cachexia (finding)	238108007	Cachexia (finding)
caffeine-related disorder (disorder)	308374001	Caffeine-related disorder (disorder)
cafã© au lait spot (disorder)	201281002	CafÃ© au lait spot (disorder)
calcaneal spur (finding)	55260003	Calcaneal spur (finding)
calcific tendinitis of shoulder (disorder)	27741009	Calcific tendinitis of shoulder (disorder)
calcification of breast (disorder)	309587003	Calcification of breast (disorder)
calcification of coronary artery (disorder)	445512009	Calcification of coronary artery (disorder)
calcinosis, raynaud's phenomenon, sclerodactyly, and telangiectasia syndrome (disorder)	62382002	Calcinosis, Raynaud's phenomenon, sclerodactyly, and telangiectasia syndrome (disorder)
calcium pyrophosphate deposition disease (disorder)	239832006	Calcium pyrophosphate deposition disease (disorder)
calcium renal calculus (disorder)	427649000	Calcium renal calculus (disorder)
calculus in biliary tract (disorder)	266474003	Calculus in biliary tract (disorder)
calculus in pelviureteric junction (disorder)	236711008	Calculus in pelviureteric junction (disorder)
calculus in urethra (disorder)	20342001	Calculus in urethra (disorder)
calculus of bile duct with obstruction (disorder)	4661003	Calculus of bile duct with obstruction (disorder)
calculus of gallbladder with cholecystitis (disorder)	25924004	Calculus of gallbladder with cholecystitis (disorder)
calculus of kidney and ureter (disorder)	266556005	Calculus of kidney and ureter (disorder)
calculus of lower third of ureter (disorder)	447043009	Calculus of lower third of ureter (disorder)
callosity (disorder)	201040000	Callosity (disorder)
callus of bone (finding)	443092002	Callus of bone (finding)
calyceal renal calculus (disorder)	236708007	Calyceal renal calculus (disorder)
cancer antigen 125 above reference range (finding)	432519008	Cancer antigen 125 above reference range (finding)
candidal vulvovaginitis (disorder)	72605008	Candidal vulvovaginitis (disorder)
candidiasis (disorder)	78048006	Candidiasis (disorder)
candidiasis of esophagus (disorder)	20639004	Candidiasis of esophagus (disorder)
candidiasis of mouth (disorder)	79740000	Candidiasis of mouth (disorder)
candidiasis of skin (disorder)	49883006	Candidiasis of skin (disorder)
candidiasis of vagina (disorder)	72934000	Candidiasis of vagina (disorder)
candidiasis of vulva (disorder)	1085006	Candidiasis of vulva (disorder)
cannabis dependence (disorder)	85005007	Cannabis dependence (disorder)
cannabis dependence in remission (disorder)	191839003	Cannabis dependence in remission (disorder)
cannabis dependence, continuous (disorder)	191837001	Cannabis dependence, continuous (disorder)
capsulitis (disorder)	6858004	Capsulitis (disorder)
carbuncle (disorder)	416893007	Carbuncle (disorder)
carbuncle of back (disorder)	200586004	Carbuncle of back (disorder)
carcinoembryonic antigen above reference range (finding)	445201008	Carcinoembryonic antigen above reference range (finding)
carcinoid heart disease (disorder)	36222008	Carcinoid heart disease (disorder)
carcinoid syndrome (disorder)	35868009	Carcinoid syndrome (disorder)
carcinoma in situ of breast (disorder)	189336000	Carcinoma in situ of breast (disorder)
carcinoma in situ of urinary bladder (disorder)	92546004	Carcinoma in situ of urinary bladder (disorder)
carcinoma in situ of uterine cervix (disorder)	92564006	Carcinoma in situ of uterine cervix (disorder)
carcinoma of ampulla of vater (disorder)	254609000	Carcinoma of ampulla of Vater (disorder)
carcinoma of anal canal (disorder)	285310000	Carcinoma of anal canal (disorder)
carcinoma of base of tongue (disorder)	271943005	Carcinoma of base of tongue (disorder)
carcinoma of body of stomach (disorder)	254557000	Carcinoma of body of stomach (disorder)
carcinoma of breast (disorder)	254838004	Carcinoma of breast (disorder)
carcinoma of cardia (disorder)	254553001	Carcinoma of cardia (disorder)
carcinoma of central portion of breast (disorder)	708921005	Carcinoma of central portion of breast (disorder)
carcinoma of cervix (disorder)	285432005	Carcinoma of cervix (disorder)
carcinoma of colon (disorder)	269533000	Carcinoma of colon (disorder)
carcinoma of duodenum (disorder)	254570009	Carcinoma of duodenum (disorder)
carcinoma of endocervix (disorder)	372098004	Carcinoma of endocervix (disorder)
carcinoma of endocrine pancreas (disorder)	254612002	Carcinoma of endocrine pancreas (disorder)
carcinoma of esophagus (disorder)	372138000	Carcinoma of esophagus (disorder)
carcinoma of exocervix (disorder)	372100004	Carcinoma of exocervix (disorder)
carcinoma of fallopian tube (disorder)	276870001	Carcinoma of fallopian tube (disorder)
carcinoma of gallbladder (disorder)	372140005	Carcinoma of gallbladder (disorder)
carcinoma of glottis (disorder)	372103002	Carcinoma of glottis (disorder)
carcinoma of larynx (disorder)	276975007	Carcinoma of larynx (disorder)
carcinoma of lower lobe of lung (disorder)	372111007	Carcinoma of lower lobe of lung (disorder)
carcinoma of main bronchus (disorder)	372120003	Carcinoma of main bronchus (disorder)
carcinoma of pancreas (disorder)	372142002	Carcinoma of pancreas (disorder)
carcinoma of parotid gland (disorder)	254462001	Carcinoma of parotid gland (disorder)
carcinoma of prostate (disorder)	254900004	Carcinoma of prostate (disorder)
carcinoma of pyloric antrum (disorder)	254559002	Carcinoma of pyloric antrum (disorder)
carcinoma of pylorus (disorder)	254561006	Carcinoma of pylorus (disorder)
carcinoma of sigmoid colon (disorder)	285312008	Carcinoma of sigmoid colon (disorder)
carcinoma of stomach (disorder)	372143007	Carcinoma of stomach (disorder)
carcinoma of upper outer quadrant of breast (disorder)	286895009	Carcinoma of upper outer quadrant of breast (disorder)
carcinoma of upper third of esophagus (disorder)	254547001	Carcinoma of upper third of esophagus (disorder)
carcinoma of urinary bladder (disorder)	255108000	Carcinoma of urinary bladder (disorder)
carcinoma of uterine cervix, invasive (disorder)	423973006	Carcinoma of uterine cervix, invasive (disorder)
carcinomatosis (disorder)	307593001	Carcinomatosis (disorder)
cardiac arrest (disorder)	410429000	Cardiac arrest (disorder)
cardiac arrest with successful resuscitation (disorder)	233927002	Cardiac arrest with successful resuscitation (disorder)
cardiac care (regime/therapy)	385715006	Cardiac care (regime/therapy)
cardiac catheterization (procedure)	41976001	Cardiac catheterization (procedure)
cardiac defibrillator in situ (finding)	441769002	Cardiac defibrillator in situ (finding)
cardiac electrophysiology (procedure)	252425004	Cardiac electrophysiology (procedure)
cardiac pacemaker in situ (finding)	441509002	Cardiac pacemaker in situ (finding)
cardiac pacemaker procedure (procedure)	233174007	Cardiac pacemaker procedure (procedure)
cardiac syndrome x (finding)	233845001	Cardiac syndrome X (finding)
cardiogenic shock (disorder)	89138009	Cardiogenic shock (disorder)
cardiomegaly (disorder)	8186001	Cardiomegaly (disorder)
cardiomyopathy (disorder)	85898001	Cardiomyopathy (disorder)
cardiomyopathy associated with another disorder (disorder)	195029002	Cardiomyopathy associated with another disorder (disorder)
cardiovascular stress test abnormal (finding)	439590007	Cardiovascular stress test abnormal (finding)
cardiovascular stress test using the dobutamine stress test protocol (procedure)	424225000	Cardiovascular stress test using the dobutamine stress test protocol (procedure)
cardiovascular stress test using treadmill (procedure)	80635001	Cardiovascular stress test using treadmill (procedure)
cardiovascular stress testing (procedure)	76746007	Cardiovascular stress testing (procedure)
cardioversion (procedure)	250980009	Cardioversion (procedure)
cardioverter defibrillator procedure (procedure)	425934009	Cardioverter defibrillator procedure (procedure)
caretaking skills training (procedure)	384761000	Caretaking skills training (procedure)
carious exposure of pulp (disorder)	700046006	Carious exposure of pulp (disorder)
carotid artery aneurysm (disorder)	233988005	Carotid artery aneurysm (disorder)
carotid artery stenosis (disorder)	64586002	Carotid artery stenosis (disorder)
carotid bruit (finding)	419642000	Carotid bruit (finding)
carotid endarterectomy (procedure)	66951008	Carotid endarterectomy (procedure)
carotidynia (disorder)	230482003	Carotidynia (disorder)
carpal tunnel syndrome (disorder)	57406009	Carpal tunnel syndrome (disorder)
carrier of methicillin resistant staphylococcus aureus (finding)	432415000	Carrier of methicillin resistant Staphylococcus aureus (finding)
carrier of vancomycin resistant enterococcus (finding)	431109006	Carrier of vancomycin resistant enterococcus (finding)
case management (procedure)	386230005	Case management (procedure)
cat bite - wound (disorder)	283782004	Cat bite - wound (disorder)
cataplexy and narcolepsy (disorder)	193042000	Cataplexy and narcolepsy (disorder)
cataract (disorder)	193570009	Cataract (disorder)
cataract due to ocular disease (disorder)	193600001	Cataract due to ocular disease (disorder)
cataract extraction and implantation of intraocular lens (procedure)	385468004	Cataract extraction and implantation of intraocular lens (procedure)
cataract of eye due to diabetes mellitus (disorder)	43959009	Cataract of eye due to diabetes mellitus (disorder)
cataract of eye due to diabetes mellitus type 1 (disorder)	421920002	Cataract of eye due to diabetes mellitus type 1 (disorder)
catheterization of left heart (procedure)	67629009	Catheterization of left heart (procedure)
cauda equina syndrome (disorder)	192970008	Cauda equina syndrome (disorder)
cauda equina syndrome with neurogenic urinary bladder (disorder)	12454008	Cauda equina syndrome with neurogenic urinary bladder (disorder)
celiac disease (disorder)	396331005	Celiac disease (disorder)
celiac disease detected by autoantibody screening (finding)	443718009	Celiac disease detected by autoantibody screening (finding)
cellulitis (disorder)	128045006	Cellulitis (disorder)
cellulitis and abscess of ankle (disorder)	200682008	Cellulitis and abscess of ankle (disorder)
cellulitis and abscess of buttock (disorder)	200676005	Cellulitis and abscess of buttock (disorder)
cellulitis and abscess of face (disorder)	200645004	Cellulitis and abscess of face (disorder)
cellulitis and abscess of finger (disorder)	200630006	Cellulitis and abscess of finger (disorder)
cellulitis and abscess of hand (disorder)	838283002	Cellulitis and abscess of hand (disorder)
cellulitis and abscess of lower leg (disorder)	200681001	Cellulitis and abscess of lower leg (disorder)
cellulitis and abscess of neck (disorder)	267779003	Cellulitis and abscess of neck (disorder)
cellulitis and abscess of toe (disorder)	200638004	Cellulitis and abscess of toe (disorder)
cellulitis and abscess of trunk (disorder)	200655000	Cellulitis and abscess of trunk (disorder)
cellulitis and abscess of upper limb (disorder)	449717009	Cellulitis and abscess of upper limb (disorder)
cellulitis of abdominal wall (disorder)	59883002	Cellulitis of abdominal wall (disorder)
cellulitis of breast (disorder)	75817003	Cellulitis of breast (disorder)
cellulitis of buttock (disorder)	44428005	Cellulitis of buttock (disorder)
cellulitis of external nose (disorder)	37098000	Cellulitis of external nose (disorder)
cellulitis of face (disorder)	200652002	Cellulitis of face (disorder)
cellulitis of finger (disorder)	27561001	Cellulitis of finger (disorder)
cellulitis of foot (disorder)	128276007	Cellulitis of foot (disorder)
cellulitis of hand (disorder)	62837005	Cellulitis of hand (disorder)
cellulitis of knee (disorder)	13301002	Cellulitis of knee (disorder)
cellulitis of leg, excluding foot (disorder)	287001000	Cellulitis of leg, excluding foot (disorder)
cellulitis of lower leg (disorder)	449711005	Cellulitis of lower leg (disorder)
cellulitis of periorbital region (disorder)	109245003	Cellulitis of periorbital region (disorder)
cellulitis of pinna (disorder)	232214001	Cellulitis of pinna (disorder)
cellulitis of toe (disorder)	70637004	Cellulitis of toe (disorder)
cellulitis of trunk (disorder)	46876003	Cellulitis of trunk (disorder)
cellulitis of upper arm (disorder)	38217004	Cellulitis of upper arm (disorder)
centesis (procedure)	86088003	Centesis (procedure)
central corneal ulcer (disorder)	7426009	Central corneal ulcer (disorder)
central pain syndrome (disorder)	426566004	Central pain syndrome (disorder)
central retinal artery occlusion (disorder)	38742007	Central retinal artery occlusion (disorder)
central retinal vein occlusion (disorder)	68478007	Central retinal vein occlusion (disorder)
central serous chorioretinopathy (disorder)	312956001	Central serous chorioretinopathy (disorder)
central sleep apnea syndrome (disorder)	27405005	Central sleep apnea syndrome (disorder)
central venous cannula insertion (procedure)	233527006	Central venous cannula insertion (procedure)
cephalhematoma due to birth trauma (disorder)	206200000	Cephalhematoma due to birth trauma (disorder)
cephalopelvic disproportion (disorder)	199397009	Cephalopelvic disproportion (disorder)
cerclage of cervix (procedure)	265636007	Cerclage of cervix (procedure)
cerebellar ataxia (disorder)	85102008	Cerebellar ataxia (disorder)
cerebellar degeneration (disorder)	95646004	Cerebellar degeneration (disorder)
cerebral abscess (disorder)	60404007	Cerebral abscess (disorder)
cerebral arteriovenous malformation (disorder)	234142008	Cerebral arteriovenous malformation (disorder)
cerebral atherosclerosis (disorder)	55382008	Cerebral atherosclerosis (disorder)
cerebral edema (disorder)	2032001	Cerebral edema (disorder)
cerebral embolism (disorder)	75543006	Cerebral embolism (disorder)
cerebral hemorrhage (disorder)	274100004	Cerebral hemorrhage (disorder)
cerebral herniation (disorder)	49453006	Cerebral herniation (disorder)
cerebral infarction (disorder)	432504007	Cerebral infarction (disorder)
cerebral infarction due to embolism of cerebral arteries (disorder)	195190007	Cerebral infarction due to embolism of cerebral arteries (disorder)
cerebral infarction due to thrombosis of cerebral arteries (disorder)	195189003	Cerebral infarction due to thrombosis of cerebral arteries (disorder)
cerebral palsy (disorder)	128188000	Cerebral palsy (disorder)
cerebral vasculitis (disorder)	427020007	Cerebral vasculitis (disorder)
cerebral venous sinus thrombosis (disorder)	192759008	Cerebral venous sinus thrombosis (disorder)
cerebrovascular accident (disorder)	230690007	Cerebrovascular accident (disorder)
cerebrovascular accident due to occlusion of cerebral artery (disorder)	230691006	Cerebrovascular accident due to occlusion of cerebral artery (disorder)
cerebrovascular disease (disorder)	62914000	Cerebrovascular disease (disorder)
cervical arthritis (disorder)	387801000	Cervical arthritis (disorder)
cervical arthrodesis (procedure)	81099000	Cervical arthrodesis (procedure)
cervical arthrodesis by anterior technique (procedure)	59703009	Cervical arthrodesis by anterior technique (procedure)
cervical disc disorder (disorder)	425878001	Cervical disc disorder (disorder)
cervical incompetence (disorder)	17382005	Cervical incompetence (disorder)
cervical intraepithelial neoplasia (disorder)	285636001	Cervical intraepithelial neoplasia (disorder)
cervical intraepithelial neoplasia grade 1 (disorder)	285836003	Cervical intraepithelial neoplasia grade 1 (disorder)
cervical intraepithelial neoplasia grade 2 (disorder)	285838002	Cervical intraepithelial neoplasia grade 2 (disorder)
cervical lymphadenitis (disorder)	3502005	Cervical lymphadenitis (disorder)
cervical lymphadenopathy (disorder)	127086001	Cervical lymphadenopathy (disorder)
cervical myelopathy (disorder)	202664003	Cervical myelopathy (disorder)
cervical post-laminectomy syndrome (disorder)	202723000	Cervical post-laminectomy syndrome (disorder)
cervical radiculitis (disorder)	11049006	Cervical radiculitis (disorder)
cervical root syndrome (disorder)	202776005	Cervical root syndrome (disorder)
cervical spondylosis (disorder)	387800004	Cervical spondylosis (disorder)
cervical spondylosis without myelopathy (disorder)	267970006	Cervical spondylosis without myelopathy (disorder)
cervical tuberculous lymphadenitis (disorder)	54084005	Cervical tuberculous lymphadenitis (disorder)
cervico-occipital neuralgia (disorder)	71760005	Cervico-occipital neuralgia (disorder)
cervicogenic headache (finding)	279016001	Cervicogenic headache (finding)
cervicovaginal cytology normal or benign (finding)	416032004	Cervicovaginal cytology normal or benign (finding)
cervicovaginal cytology: high grade squamous intraepithelial lesion or carcinoma (finding)	416033009	Cervicovaginal cytology: High grade squamous intraepithelial lesion or carcinoma (finding)
cervicovaginal cytology: low grade squamous intraepithelial lesion (finding)	416030007	Cervicovaginal cytology: Low grade squamous intraepithelial lesion (finding)
cesarean section (procedure)	11466000	Cesarean section (procedure)
cesarean wound disruption (disorder)	396544001	Cesarean wound disruption (disorder)
chandler syndrome (disorder)	392481002	Chandler syndrome (disorder)
change in personality (disorder)	192073007	Change in personality (disorder)
change of dressing (procedure)	18949003	Change of dressing (procedure)
cheilitis (disorder)	7847004	Cheilitis (disorder)
chemical burn (disorder)	426284001	Chemical burn (disorder)
chemotherapy (procedure)	367336001	Chemotherapy (procedure)
chemotherapy follow-up (procedure)	183651009	Chemotherapy follow-up (procedure)
chest discomfort (finding)	279084009	Chest discomfort (finding)
chest injury (disorder)	262525000	Chest injury (disorder)
chest pain (finding)	29857009	Chest pain (finding)
chest pain on exertion (finding)	81953000	Chest pain on exertion (finding)
chest swelling (finding)	274739003	Chest swelling (finding)
chest wall pain (finding)	102588006	Chest wall pain (finding)
chews tobacco (finding)	81703003	Chews tobacco (finding)
chiari malformation (disorder)	253184003	Chiari malformation (disorder)
chiari malformation type i (disorder)	253185002	Chiari malformation type I (disorder)
child abuse (event)	418189009	Child abuse (event)
child attention deficit disorder (disorder)	192127007	Child attention deficit disorder (disorder)
child examination (procedure)	243788004	Child examination (procedure)
child health care (regime/therapy)	268481000	Child health care (regime/therapy)
child sex abuse (event)	95922009	Child sex abuse (event)
childhood growth and/or development alteration (finding)	129823000	Childhood growth AND/OR development alteration (finding)
chill (finding)	43724002	Chill (finding)
chlamydial infection (disorder)	105629000	Chlamydial infection (disorder)
chloasma (disorder)	36209000	Chloasma (disorder)
chocolate cyst of ovary (disorder)	237116001	Chocolate cyst of ovary (disorder)
choking (finding)	249489001	Choking (finding)
cholangiectasis (disorder)	123608004	Cholangiectasis (disorder)
cholangiocarcinoma of biliary tract (disorder)	312104005	Cholangiocarcinoma of biliary tract (disorder)
cholangitis (disorder)	82403002	Cholangitis (disorder)
cholecystectomy (procedure)	38102005	Cholecystectomy (procedure)
cholecystectomy with exploration of common duct (procedure)	45993005	Cholecystectomy with exploration of common duct (procedure)
cholecystitis (disorder)	76581006	Cholecystitis (disorder)
cholelithiasis without obstruction (disorder)	70342003	Cholelithiasis without obstruction (disorder)
cholestasis (finding)	33688009	Cholestasis (finding)
cholestasis in newborn (disorder)	433237003	Cholestasis in newborn (disorder)
cholestasis of parenteral nutrition (disorder)	371090009	Cholestasis of parenteral nutrition (disorder)
cholesteatoma (disorder)	363668000	Cholesteatoma (disorder)
cholesteatoma of attic (disorder)	38708003	Cholesteatoma of attic (disorder)
cholesteatoma of middle ear (disorder)	87688009	Cholesteatoma of middle ear (disorder)
cholesterol measurement (procedure)	77068002	Cholesterol measurement (procedure)
cholesterol retinal embolus (disorder)	404670008	Cholesterol retinal embolus (disorder)
cholesterol screening (procedure)	275972003	Cholesterol screening (procedure)
chondrocalcinosis caused by pyrophosphate crystals (disorder)	201637001	Chondrocalcinosis caused by pyrophosphate crystals (disorder)
chondromalacia (disorder)	63198006	Chondromalacia (disorder)
chondromalacia of patella (disorder)	36071006	Chondromalacia of patella (disorder)
chondrosarcoma (disorder)	443520009	Chondrosarcoma (disorder)
chorea (disorder)	271700006	Chorea (disorder)
chorioamnionitis (disorder)	11612004	Chorioamnionitis (disorder)
chorioretinal scar (disorder)	53854005	Chorioretinal scar (disorder)
choroidal retinal neovascularization (disorder)	75971007	Choroidal retinal neovascularization (disorder)
chronic abdominal pain (finding)	111985007	Chronic abdominal pain (finding)
chronic acquired lymphedema (disorder)	28590005	Chronic acquired lymphedema (disorder)
chronic active hepatitis (disorder)	197284004	Chronic active hepatitis (disorder)
chronic adenotonsillitis (disorder)	195798007	Chronic adenotonsillitis (disorder)
chronic alcoholism in remission (disorder)	191813001	Chronic alcoholism in remission (disorder)
chronic allergic conjunctivitis (disorder)	26045000	Chronic allergic conjunctivitis (disorder)
chronic anemia (disorder)	191268006	Chronic anemia (disorder)
chronic anterior uveitis (disorder)	398155003	Chronic anterior uveitis (disorder)
chronic anxiety (finding)	191708009	Chronic anxiety (finding)
chronic arthritis (disorder)	35908007	Chronic arthritis (disorder)
chronic asthmatic bronchitis (disorder)	195949008	Chronic asthmatic bronchitis (disorder)
chronic atrial fibrillation (disorder)	426749004	Chronic atrial fibrillation (disorder)
chronic back pain (finding)	134407002	Chronic back pain (finding)
chronic bronchitis (disorder)	63480004	Chronic bronchitis (disorder)
chronic bullous emphysema (disorder)	195957006	Chronic bullous emphysema (disorder)
chronic cholecystitis (disorder)	20824003	Chronic cholecystitis (disorder)
chronic congestive heart failure (disorder)	88805009	Chronic congestive heart failure (disorder)
chronic constipation (disorder)	236069009	Chronic constipation (disorder)
chronic contact dermatitis (disorder)	51221005	Chronic contact dermatitis (disorder)
chronic cor pulmonale (disorder)	79955004	Chronic cor pulmonale (disorder)
chronic cough (finding)	68154008	Chronic cough (finding)
chronic diarrhea (disorder)	236071009	Chronic diarrhea (disorder)
chronic diarrhea of unknown origin (disorder)	17551007	Chronic diarrhea of unknown origin (disorder)
chronic diastolic heart failure (disorder)	441530006	Chronic diastolic heart failure (disorder)
chronic disease of tonsils and/or adenoids (disorder)	16358007	Chronic disease of tonsils AND/OR adenoids (disorder)
chronic duodenal ulcer (disorder)	128286008	Chronic duodenal ulcer (disorder)
chronic duodenal ulcer with hemorrhage (disorder)	89469000	Chronic duodenal ulcer with hemorrhage (disorder)
chronic duodenal ulcer with perforation (disorder)	49916007	Chronic duodenal ulcer with perforation (disorder)
chronic effect of ultraviolet radiation on normal skin (disorder)	402166000	Chronic effect of ultraviolet radiation on normal skin (disorder)
chronic ethmoidal sinusitis (disorder)	73237007	Chronic ethmoidal sinusitis (disorder)
chronic fatigue syndrome (disorder)	52702003	Chronic fatigue syndrome (disorder)
chronic focal glomerulonephritis (disorder)	197618004	Chronic focal glomerulonephritis (disorder)
chronic gastric ulcer (disorder)	95530000	Chronic gastric ulcer (disorder)
chronic gastric ulcer with hemorrhage (disorder)	57246001	Chronic gastric ulcer with hemorrhage (disorder)
chronic gastric ulcer with perforation (disorder)	31301004	Chronic gastric ulcer with perforation (disorder)
chronic gastritis (disorder)	8493009	Chronic gastritis (disorder)
chronic gingivitis (disorder)	72621003	Chronic gingivitis (disorder)
chronic glomerulonephritis (disorder)	20917003	Chronic glomerulonephritis (disorder)
chronic gouty arthritis (disorder)	68451005	Chronic gouty arthritis (disorder)
chronic headache disorder (disorder)	431237007	Chronic headache disorder (disorder)
chronic hepatitis (disorder)	76783007	Chronic hepatitis (disorder)
chronic hepatitis c (disorder)	128302006	Chronic hepatitis C (disorder)
chronic hypercapnic respiratory failure (disorder)	426896000	Chronic hypercapnic respiratory failure (disorder)
chronic hypoxemic respiratory failure (disorder)	428173007	Chronic hypoxemic respiratory failure (disorder)
chronic inflammatory demyelinating polyradiculoneuropathy (disorder)	128209004	Chronic inflammatory demyelinating polyradiculoneuropathy (disorder)
chronic intracranial subdural hematoma (disorder)	304831001	Chronic intracranial subdural hematoma (disorder)
chronic ischemic heart disease (disorder)	413838009	Chronic ischemic heart disease (disorder)
chronic kidney disease (disorder)	709044004	Chronic kidney disease (disorder)
chronic kidney disease stage 1 (disorder)	431855005	Chronic kidney disease stage 1 (disorder)
chronic kidney disease stage 2 (disorder)	431856006	Chronic kidney disease stage 2 (disorder)
chronic kidney disease stage 3 (disorder)	433144002	Chronic kidney disease stage 3 (disorder)
chronic kidney disease stage 4 (disorder)	431857002	Chronic kidney disease stage 4 (disorder)
chronic kidney disease stage 5 (disorder)	433146000	Chronic kidney disease stage 5 (disorder)
chronic laryngitis (disorder)	29951006	Chronic laryngitis (disorder)
chronic left-sided ulcerative colitis (disorder)	441971007	Chronic left-sided ulcerative colitis (disorder)
chronic leukemia, disease (disorder)	92812005	Chronic leukemia, disease (disorder)
chronic liver disease (disorder)	328383001	Chronic liver disease (disorder)
chronic low back pain (finding)	278860009	Chronic low back pain (finding)
chronic lung disease (disorder)	413839001	Chronic lung disease (disorder)
chronic lymphoid leukemia in remission (disorder)	92813000	Chronic lymphoid leukemia in remission (disorder)
chronic lymphoid leukemia, disease (disorder)	92814006	Chronic lymphoid leukemia, disease (disorder)
chronic mastoiditis (disorder)	80645004	Chronic mastoiditis (disorder)
chronic maxillary sinusitis (disorder)	35923002	Chronic maxillary sinusitis (disorder)
chronic meningitis (disorder)	21664006	Chronic meningitis (disorder)
chronic mixed headache syndrome (disorder)	95657009	Chronic mixed headache syndrome (disorder)
chronic mucoid otitis media (disorder)	78868004	Chronic mucoid otitis media (disorder)
chronic myeloid leukemia (disorder)	92818009	Chronic myeloid leukemia (disorder)
chronic myelomonocytic leukemia (disorder)	127225006	Chronic myelomonocytic leukemia (disorder)
chronic nasopharyngitis (disorder)	47841006	Chronic nasopharyngitis (disorder)
chronic neurogenic ulcer of lower limb (disorder)	35222003	Chronic neurogenic ulcer of lower limb (disorder)
chronic non-suppurative otitis media (disorder)	232254004	Chronic non-suppurative otitis media (disorder)
chronic nonalcoholic liver disease (disorder)	79720007	Chronic nonalcoholic liver disease (disorder)
chronic obstructive bronchitis (disorder)	185086009	Chronic obstructive bronchitis (disorder)
chronic obstructive pulmonary disease (disorder)	13645005	Chronic obstructive pulmonary disease (disorder)
chronic obstructive pulmonary disease with acute lower respiratory infection (disorder)	196001008	Chronic obstructive pulmonary disease with acute lower respiratory infection (disorder)
chronic organic mental disorder (disorder)	425919003	Chronic organic mental disorder (disorder)
chronic osteoarthritis (disorder)	43829003	Chronic osteoarthritis (disorder)
chronic osteomyelitis (disorder)	40970001	Chronic osteomyelitis (disorder)
chronic osteomyelitis of ankle and/or foot (disorder)	268019002	Chronic osteomyelitis of ankle and/or foot (disorder)
chronic otitis externa (disorder)	53295002	Chronic otitis externa (disorder)
chronic otitis media (disorder)	21186006	Chronic otitis media (disorder)
chronic pain (finding)	82423001	Chronic pain (finding)
chronic pain due to injury (finding)	431481001	Chronic pain due to injury (finding)
chronic pain in face (finding)	432615008	Chronic pain in face (finding)
chronic pain in female pelvis (finding)	237067000	Chronic pain in female pelvis (finding)
chronic pain syndrome (disorder)	373621006	Chronic pain syndrome (disorder)
chronic pancreatitis (disorder)	235494005	Chronic pancreatitis (disorder)
chronic pansinusitis (disorder)	88850006	Chronic pansinusitis (disorder)
chronic paranoid schizophrenia (disorder)	31658008	Chronic paranoid schizophrenia (disorder)
chronic pelvic inflammatory disease (disorder)	237044002	Chronic pelvic inflammatory disease (disorder)
chronic peptic ulcer (disorder)	128287004	Chronic peptic ulcer (disorder)
chronic peptic ulcer with hemorrhage (disorder)	49232000	Chronic peptic ulcer with hemorrhage (disorder)
chronic pericarditis (disorder)	23627006	Chronic pericarditis (disorder)
chronic pericoronitis (disorder)	4264000	Chronic pericoronitis (disorder)
chronic periodontitis (disorder)	5689008	Chronic periodontitis (disorder)
chronic peritoneal effusion (disorder)	78609007	Chronic peritoneal effusion (disorder)
chronic pharyngitis (disorder)	140004	Chronic pharyngitis (disorder)
chronic post-traumatic stress disorder (disorder)	313182004	Chronic post-traumatic stress disorder (disorder)
chronic primary bladder pain syndrome (disorder)	38731000087104	Chronic primary bladder pain syndrome (disorder)
chronic progressive renal failure (disorder)	425369003	Chronic progressive renal failure (disorder)
chronic prostatitis (disorder)	19905009	Chronic prostatitis (disorder)
chronic purulent otitis media (disorder)	38394007	Chronic purulent otitis media (disorder)
chronic recurrent sinusitis (disorder)	427909005	Chronic recurrent sinusitis (disorder)
chronic renal failure syndrome (disorder)	90688005	Chronic renal failure syndrome (disorder)
chronic respiratory failure (disorder)	39871006	Chronic respiratory failure (disorder)
chronic retention of urine (disorder)	236650000	Chronic retention of urine (disorder)
chronic rhinitis (disorder)	86094006	Chronic rhinitis (disorder)
chronic serous otitis media (disorder)	81564005	Chronic serous otitis media (disorder)
chronic sinusitis (disorder)	40055000	Chronic sinusitis (disorder)
chronic systolic heart failure (disorder)	441481004	Chronic systolic heart failure (disorder)
chronic tension-type headache (disorder)	230471006	Chronic tension-type headache (disorder)
chronic tonsillitis (disorder)	90979004	Chronic tonsillitis (disorder)
chronic tophaceous gout (disorder)	73877009	Chronic tophaceous gout (disorder)
chronic tubotympanic suppurative otitis media (disorder)	87665008	Chronic tubotympanic suppurative otitis media (disorder)
chronic type b viral hepatitis (disorder)	61977001	Chronic type B viral hepatitis (disorder)
chronic ulcer of ankle (disorder)	427921009	Chronic ulcer of ankle (disorder)
chronic ulcer of lower extremity (disorder)	26649005	Chronic ulcer of lower extremity (disorder)
chronic ulcer of skin (disorder)	19429009	Chronic ulcer of skin (disorder)
chronic ulcerative rectosigmoiditis (disorder)	52506002	Chronic ulcerative rectosigmoiditis (disorder)
chronic undifferentiated schizophrenia (disorder)	29599000	Chronic undifferentiated schizophrenia (disorder)
chronic urate nephropathy (disorder)	190829000	Chronic urate nephropathy (disorder)
chronic urinary tract infection (disorder)	197928006	Chronic urinary tract infection (disorder)
chronic urticaria (disorder)	51611005	Chronic urticaria (disorder)
chronic viral hepatitis b without delta-agent (disorder)	186639003	Chronic viral hepatitis B without delta-agent (disorder)
chronic vomiting (disorder)	63722008	Chronic vomiting (disorder)
cigarette smoker (finding)	65568007	Cigarette smoker (finding)
circumcision (procedure)	72310004	Circumcision (procedure)
cirrhosis - non-alcoholic (disorder)	266468003	Cirrhosis - non-alcoholic (disorder)
cirrhosis of liver (disorder)	19943007	Cirrhosis of liver (disorder)
classical phenylketonuria (disorder)	7573000	Classical phenylketonuria (disorder)
claustrophobia (disorder)	19887002	Claustrophobia (disorder)
clavicle injury (disorder)	282760004	Clavicle injury (disorder)
clear cell carcinoma of kidney (disorder)	254915003	Clear cell carcinoma of kidney (disorder)
clearing throat - hawking (finding)	248589007	Clearing throat - hawking (finding)
cleft palate (disorder)	87979003	Cleft palate (disorder)
cleft palate with cleft lip (disorder)	66948001	Cleft palate with cleft lip (disorder)
clicking hip (finding)	202606004	Clicking hip (finding)
clinical finding (finding)	404684003	Clinical finding (finding)
closed anterior dislocation of glenohumeral joint (disorder)	1197600008	Closed anterior dislocation of glenohumeral joint (disorder)
closed bimalleolar fracture (disorder)	25899002	Closed bimalleolar fracture (disorder)
closed blow out fracture of orbital floor (disorder)	49346003	Closed blow out fracture of orbital floor (disorder)
closed colles' fracture (disorder)	269083002	Closed Colles' fracture (disorder)
closed comminuted fracture of phalanx of finger (disorder)	1255341004	Closed comminuted fracture of phalanx of finger (disorder)
closed comminuted fracture of proximal phalanx of finger (disorder)	1255277009	Closed comminuted fracture of proximal phalanx of finger (disorder)
closed fracture distal humerus, lateral epicondyle (disorder)	208271008	Closed fracture distal humerus, lateral epicondyle (disorder)
closed fracture distal tibia (disorder)	208634001	Closed fracture distal tibia (disorder)
closed fracture finger middle phalanx (disorder)	208450001	Closed fracture finger middle phalanx (disorder)
closed fracture finger proximal phalanx (disorder)	208444006	Closed fracture finger proximal phalanx (disorder)
closed fracture finger proximal phalanx, shaft (disorder)	208446008	Closed fracture finger proximal phalanx, shaft (disorder)
closed fracture lumbar vertebra (disorder)	207957008	Closed fracture lumbar vertebra (disorder)
closed fracture of acetabulum (disorder)	33118001	Closed fracture of acetabulum (disorder)
closed fracture of acromial end of clavicle (disorder)	1658003	Closed fracture of acromial end of clavicle (disorder)
closed fracture of ankle (disorder)	42188001	Closed fracture of ankle (disorder)
closed fracture of base of fifth metatarsal bone (disorder)	424648000	Closed fracture of base of fifth metatarsal bone (disorder)
closed fracture of base of metacarpal bone other than first metacarpal (disorder)	54641008	Closed fracture of base of metacarpal bone other than first metacarpal (disorder)
closed fracture of base of neck of femur (disorder)	1705000	Closed fracture of base of neck of femur (disorder)
closed fracture of bone (disorder)	423125000	Closed fracture of bone (disorder)
closed fracture of calcaneus (disorder)	64665009	Closed fracture of calcaneus (disorder)
closed fracture of carpal bone (disorder)	9468002	Closed fracture of carpal bone (disorder)
closed fracture of cervical spine (disorder)	269062008	Closed fracture of cervical spine (disorder)
closed fracture of clavicle (disorder)	33173003	Closed fracture of clavicle (disorder)
closed fracture of coronoid process of ulna (disorder)	68819003	Closed fracture of coronoid process of ulna (disorder)
closed fracture of distal end of radius (disorder)	17222009	Closed fracture of distal end of radius (disorder)
closed fracture of distal end of ulna (disorder)	50397009	Closed fracture of distal end of ulna (disorder)
closed fracture of distal fibula (disorder)	308153009	Closed fracture of distal fibula (disorder)
closed fracture of distal phalanx of finger (disorder)	76865005	Closed fracture of distal phalanx of finger (disorder)
closed fracture of facial bone (disorder)	430984009	Closed fracture of facial bone (disorder)
closed fracture of femoral condyle of femur (disorder)	66926007	Closed fracture of femoral condyle of femur (disorder)
closed fracture of femur (disorder)	25415003	Closed fracture of femur (disorder)
closed fracture of femur, distal end (disorder)	263233008	Closed fracture of femur, distal end (disorder)
closed fracture of fibula (disorder)	447395005	Closed fracture of fibula (disorder)
closed fracture of fifth metatarsal bone (disorder)	70204006	Closed fracture of fifth metatarsal bone (disorder)
closed fracture of foot (disorder)	342070009	Closed fracture of foot (disorder)
closed fracture of forearm (disorder)	91419009	Closed fracture of forearm (disorder)
closed fracture of four ribs (disorder)	39335003	Closed fracture of four ribs (disorder)
closed fracture of head of radius (disorder)	68854005	Closed fracture of head of radius (disorder)
closed fracture of humerus (disorder)	43295006	Closed fracture of humerus (disorder)
closed fracture of intracapsular section of femur (disorder)	20100009	Closed fracture of intracapsular section of femur (disorder)
closed fracture of lateral malleolus (disorder)	34268009	Closed fracture of lateral malleolus (disorder)
closed fracture of lower end of radius and ulna (disorder)	33192001	Closed fracture of lower end of radius AND ulna (disorder)
closed fracture of malar and/or maxillary bones (disorder)	34649000	Closed fracture of malar AND/OR maxillary bones (disorder)
closed fracture of medial condyle of humerus (disorder)	21419000	Closed fracture of medial condyle of humerus (disorder)
closed fracture of medial malleolus (disorder)	15385006	Closed fracture of medial malleolus (disorder)
closed fracture of metacarpal bone (disorder)	208394006	Closed fracture of metacarpal bone (disorder)
closed fracture of metatarsal bone (disorder)	36924003	Closed fracture of metatarsal bone (disorder)
closed fracture of midcervical section of femur (disorder)	52450003	Closed fracture of midcervical section of femur (disorder)
closed fracture of multiple phalanges of fingers (disorder)	1255340003	Closed fracture of multiple phalanges of fingers (disorder)
closed fracture of multiple phalanges of toe (disorder)	208713003	Closed fracture of multiple phalanges of toe (disorder)
closed fracture of multiple ribs (disorder)	12204004	Closed fracture of multiple ribs (disorder)
closed fracture of nasal bones (disorder)	81639003	Closed fracture of nasal bones (disorder)
closed fracture of neck of femur (disorder)	359820003	Closed fracture of neck of femur (disorder)
closed fracture of neck of metacarpal bone (disorder)	7551007	Closed fracture of neck of metacarpal bone (disorder)
closed fracture of olecranon process of ulna (disorder)	64902007	Closed fracture of olecranon process of ulna (disorder)
closed fracture of one or more phalanges of hand (disorder)	208430000	Closed fracture of one or more phalanges of hand (disorder)
closed fracture of one rib (disorder)	45356009	Closed fracture of one rib (disorder)
closed fracture of patella (disorder)	80756009	Closed fracture of patella (disorder)
closed fracture of pelvis (disorder)	91037003	Closed fracture of pelvis (disorder)
closed fracture of phalanx of finger (disorder)	24424003	Closed fracture of phalanx of finger (disorder)
closed fracture of phalanx of foot (disorder)	81576005	Closed fracture of phalanx of foot (disorder)
closed fracture of proximal humerus, anatomical neck (disorder)	208241000	Closed fracture of proximal humerus, anatomical neck (disorder)
closed fracture of proximal phalanx of multiple fingers (disorder)	1255276000	Closed fracture of proximal phalanx of multiple fingers (disorder)
closed fracture of radius (disorder)	111640008	Closed fracture of radius (disorder)
closed fracture of radius and ulna (disorder)	53627009	Closed fracture of radius AND ulna (disorder)
closed fracture of rib (disorder)	60667009	Closed fracture of rib (disorder)
closed fracture of scaphoid bone (disorder)	42818005	Closed fracture of scaphoid bone (disorder)
closed fracture of scapula (disorder)	29749002	Closed fracture of scapula (disorder)
closed fracture of shaft of bone of forearm (disorder)	28078000	Closed fracture of shaft of bone of forearm (disorder)
closed fracture of shaft of femur (disorder)	26442006	Closed fracture of shaft of femur (disorder)
closed fracture of shaft of humerus (disorder)	90235006	Closed fracture of shaft of humerus (disorder)
closed fracture of shaft of metacarpal bone (disorder)	46422008	Closed fracture of shaft of metacarpal bone (disorder)
closed fracture of shaft of radius (disorder)	3228009	Closed fracture of shaft of radius (disorder)
closed fracture of shaft of tibia (disorder)	28012007	Closed fracture of shaft of tibia (disorder)
closed fracture of shaft of ulna (disorder)	53792000	Closed fracture of shaft of ulna (disorder)
closed fracture of sternum (disorder)	66112004	Closed fracture of sternum (disorder)
closed fracture of surgical neck of humerus (disorder)	73244003	Closed fracture of surgical neck of humerus (disorder)
closed fracture of the distal humerus (disorder)	269080004	Closed fracture of the distal humerus (disorder)
closed fracture of three ribs (disorder)	79546008	Closed fracture of three ribs (disorder)
closed fracture of tibia and fibula (disorder)	413877007	Closed fracture of tibia AND fibula (disorder)
closed fracture of tibia and fibula, shaft (disorder)	208629000	Closed fracture of tibia and fibula, shaft (disorder)
closed fracture of tibial plateau (disorder)	428798001	Closed fracture of tibial plateau (disorder)
closed fracture of two ribs (disorder)	3291007	Closed fracture of two ribs (disorder)
closed fracture of upper end of humerus (disorder)	42636007	Closed fracture of upper end of humerus (disorder)
closed fracture of upper end of tibia (disorder)	23900009	Closed fracture of upper end of tibia (disorder)
closed fracture of vault of skull (disorder)	445493000	Closed fracture of vault of skull (disorder)
closed fracture of vertebral column (disorder)	42157000	Closed fracture of vertebral column (disorder)
closed fracture proximal humerus, greater tuberosity (disorder)	208242007	Closed fracture proximal humerus, greater tuberosity (disorder)
closed fracture pubis (disorder)	208164008	Closed fracture pubis (disorder)
closed fracture thoracic vertebra (disorder)	207938004	Closed fracture thoracic vertebra (disorder)
closed intertrochanteric fracture (disorder)	89820008	Closed intertrochanteric fracture (disorder)
closed posterior dislocation of elbow (disorder)	4273008	Closed posterior dislocation of elbow (disorder)
closed supracondylar fracture of femur (disorder)	30905007	Closed supracondylar fracture of femur (disorder)
closed supracondylar fracture of humerus (disorder)	58580000	Closed supracondylar fracture of humerus (disorder)
closed traumatic dislocation acromioclavicular joint (disorder)	208759001	Closed traumatic dislocation acromioclavicular joint (disorder)
closed traumatic dislocation ankle joint (disorder)	208981003	Closed traumatic dislocation ankle joint (disorder)
closed traumatic dislocation of elbow joint (disorder)	2651006	Closed traumatic dislocation of elbow joint (disorder)
closed traumatic dislocation of glenohumeral joint (disorder)	125614009	Closed traumatic dislocation of glenohumeral joint (disorder)
closed traumatic dislocation of hip (disorder)	208892001	Closed traumatic dislocation of hip (disorder)
closed traumatic dislocation of joint of finger (disorder)	75137002	Closed traumatic dislocation of joint of finger (disorder)
closed traumatic dislocation of joint of shoulder region (disorder)	22911007	Closed traumatic dislocation of joint of shoulder region (disorder)
closed traumatic dislocation of patellofemoral joint (disorder)	208929003	Closed traumatic dislocation of patellofemoral joint (disorder)
closed traumatic subdural intracranial hemorrhage (disorder)	209947002	Closed traumatic subdural intracranial hemorrhage (disorder)
closed trimalleolar fracture (disorder)	6698000	Closed trimalleolar fracture (disorder)
clostridium difficile colitis (disorder)	423590009	Clostridium difficile colitis (disorder)
closure of atrial septal defect (procedure)	112811009	Closure of atrial septal defect (procedure)
closure of patent foramen ovale (procedure)	41817002	Closure of patent foramen ovale (procedure)
clotting time above reference range (finding)	445164007	Clotting time above reference range (finding)
clouded consciousness (finding)	40917007	Clouded consciousness (finding)
cluster headache syndrome (disorder)	193031009	Cluster headache syndrome (disorder)
coagulation/bleeding tests abnormal (finding)	165563002	Coagulation/bleeding tests abnormal (finding)
coarctation of aorta (disorder)	7305005	Coarctation of aorta (disorder)
cobalamin deficiency (disorder)	190634004	Cobalamin deficiency (disorder)
cocaine dependence (disorder)	31956009	Cocaine dependence (disorder)
cocaine dependence in remission (disorder)	191833002	Cocaine dependence in remission (disorder)
cocaine dependence, continuous (disorder)	191831000	Cocaine dependence, continuous (disorder)
cocaine dependence, episodic (disorder)	191832007	Cocaine dependence, episodic (disorder)
coccidioidomycosis (disorder)	60826002	Coccidioidomycosis (disorder)
cognitive disorder (disorder)	443265004	Cognitive disorder (disorder)
coin lesion of lung (finding)	308689002	Coin lesion of lung (finding)
colitis (disorder)	64226004	Colitis (disorder)
collagen disease (disorder)	81573002	Collagen disease (disorder)
collagenous colitis (disorder)	19311003	Collagenous colitis (disorder)
collapse of vertebra (disorder)	84138006	Collapse of vertebra (disorder)
colloid goiter (disorder)	61037007	Colloid goiter (disorder)
colonoscopic polypectomy (procedure)	311774002	Colonoscopic polypectomy (procedure)
colonoscopy (procedure)	73761001	Colonoscopy (procedure)
colostomy (procedure)	398740003	Colostomy (procedure)
colostomy management and care (regime/therapy)	25953003	Colostomy management and care (regime/therapy)
colostomy present (finding)	302112009	Colostomy present (finding)
colposcopy (procedure)	392003006	Colposcopy (procedure)
combined anteroposterior colporrhaphy (procedure)	13910004	Combined anteroposterior colporrhaphy (procedure)
combined form of senile cataract (disorder)	11422002	Combined form of senile cataract (disorder)
combined opioid with non-opioid substance dependence (disorder)	1255013006	Combined opioid with non-opioid substance dependence (disorder)
combined substance dependence, excluding opioid, in remission (disorder)	1255020004	Combined substance dependence, excluding opioid, in remission (disorder)
combined substance dependence, excluding opioids (disorder)	1255014000	Combined substance dependence, excluding opioids (disorder)
comedonal acne (disorder)	238744006	Comedonal acne (disorder)
comedone (disorder)	247467008	Comedone (disorder)
common bile duct calculus (disorder)	307132003	Common bile duct calculus (disorder)
common cold (disorder)	82272006	Common cold (disorder)
common peroneal neuropathy (disorder)	399081005	Common peroneal neuropathy (disorder)
common variable agammaglobulinemia (disorder)	23238000	Common variable agammaglobulinemia (disorder)
common ventricle (disorder)	45503006	Common ventricle (disorder)
communicable disease (navigational concept)	191415002	Communicable disease (navigational concept)
communicating hydrocephalus (disorder)	271569006	Communicating hydrocephalus (disorder)
community acquired pneumonia (disorder)	385093006	Community acquired pneumonia (disorder)
compartment syndrome (disorder)	111245009	Compartment syndrome (disorder)
compensatory emphysema (disorder)	33325001	Compensatory emphysema (disorder)
complete atrioventricular block (disorder)	27885002	Complete atrioventricular block (disorder)
complete bilateral paralysis of vocal cords (disorder)	42655007	Complete bilateral paralysis of vocal cords (disorder)
complete external hemorrhoidectomy (procedure)	61498008	Complete external hemorrhoidectomy (procedure)
complete miscarriage (disorder)	156073000	Complete miscarriage (disorder)
complete obstruction of lacrimal canaliculus (disorder)	231839000	Complete obstruction of lacrimal canaliculus (disorder)
complete quadriplegia due to spinal cord lesion between fifth and seventh cervical vertebra (disorder)	441980007	Complete quadriplegia due to spinal cord lesion between fifth and seventh cervical vertebra (disorder)
complete quadriplegia due to spinal cord lesion between first and fourth cervical vertebra (disorder)	441705005	Complete quadriplegia due to spinal cord lesion between first and fourth cervical vertebra (disorder)
complete tear, knee, anterior cruciate ligament (disorder)	209629006	Complete tear, knee, anterior cruciate ligament (disorder)
complete transposition of great vessels (disorder)	26146002	Complete transposition of great vessels (disorder)
complete transurethral resection of prostate, including control of postoperative bleeding (procedure)	87795007	Complete transurethral resection of prostate, including control of postoperative bleeding (procedure)
complete trisomy 21 syndrome (disorder)	41040004	Complete trisomy 21 syndrome (disorder)
complex cyst of uterine adnexa (disorder)	429439000	Complex cyst of uterine adnexa (disorder)
complex regional pain syndrome (disorder)	128200000	Complex regional pain syndrome (disorder)
complex regional pain syndrome of lower limb (disorder)	734986006	Complex regional pain syndrome of lower limb (disorder)
complex regional pain syndrome of upper limb (disorder)	712537009	Complex regional pain syndrome of upper limb (disorder)
complex regional pain syndrome type i (disorder)	734947007	Complex regional pain syndrome type I (disorder)
complex regional pain syndrome, type ii, lower limb (disorder)	408749000	Complex regional pain syndrome, type II, lower limb (disorder)
complex regional pain syndrome, type ii, upper limb (disorder)	408750000	Complex regional pain syndrome, type II, upper limb (disorder)
complicated grieving (finding)	427589004	Complicated grieving (finding)
complicated migraine (disorder)	193039006	Complicated migraine (disorder)
complication associated with device (disorder)	473023007	Complication associated with device (disorder)
complication due to diabetes mellitus (disorder)	74627003	Complication due to diabetes mellitus (disorder)
complication occurring during pregnancy (disorder)	609496007	Complication occurring during pregnancy (disorder)
complication of medical care (disorder)	35688006	Complication of medical care (disorder)
complication of procedure (disorder)	116224001	Complication of procedure (disorder)
complication of renal dialysis (disorder)	33603003	Complication of renal dialysis (disorder)
complication of surgical procedure (disorder)	88797001	Complication of surgical procedure (disorder)
complication of transplanted liver (disorder)	33167004	Complication of transplanted liver (disorder)
complication of transplanted pancreas (disorder)	79369007	Complication of transplanted pancreas (disorder)
complication of urinary catheter (disorder)	427793007	Complication of urinary catheter (disorder)
compound nevus of skin (disorder)	254805008	Compound nevus of skin (disorder)
compression fracture (disorder)	443395009	Compression fracture (disorder)
compression fracture (morphologic abnormality)	21947006	Compression fracture (morphologic abnormality)
compression fracture of lumbar spine (disorder)	426646004	Compression fracture of lumbar spine (disorder)
compression fracture of vertebral column (disorder)	42942008	Compression fracture of vertebral column (disorder)
compression of cervical nerve root (disorder)	54404000	Compression of cervical nerve root (disorder)
compulsive gambling (disorder)	18085000	Compulsive gambling (disorder)
computed tomography of brain (procedure)	34227000	Computed tomography of brain (procedure)
computed tomography result abnormal (finding)	129679001	Computed tomography result abnormal (finding)
concussion injury of brain (disorder)	110030002	Concussion injury of brain (disorder)
concussion with less than 1 hour loss of consciousness (disorder)	209827006	Concussion with less than 1 hour loss of consciousness (disorder)
concussion with loss of consciousness (disorder)	62564004	Concussion with loss of consciousness (disorder)
concussion with no loss of consciousness (disorder)	62106007	Concussion with no loss of consciousness (disorder)
conduction disorder of the heart (disorder)	44808001	Conduction disorder of the heart (disorder)
conductive hearing loss (disorder)	44057004	Conductive hearing loss (disorder)
condyloma (morphologic abnormality)	19672005	Condyloma (morphologic abnormality)
condylomata lata of perianal skin (disorder)	402944008	Condylomata lata of perianal skin (disorder)
congenital anomaly of cerebrovascular system (disorder)	65587001	Congenital anomaly of cerebrovascular system (disorder)
congenital anomaly of esophagus (disorder)	69771008	Congenital anomaly of esophagus (disorder)
congenital anomaly of eye (disorder)	19416009	Congenital anomaly of eye (disorder)
congenital anomaly of nervous system (disorder)	88425004	Congenital anomaly of nervous system (disorder)
congenital anomaly of peripheral blood vessel (disorder)	430166008	Congenital anomaly of peripheral blood vessel (disorder)
congenital anomaly of skin (disorder)	199879009	Congenital anomaly of skin (disorder)
congenital anomaly of skull (disorder)	51655004	Congenital anomaly of skull (disorder)
congenital anomaly of spine (disorder)	74877002	Congenital anomaly of spine (disorder)
congenital anteversion of femur (finding)	1239002	Congenital anteversion of femur (finding)
congenital arteriovenous malformation (disorder)	234141001	Congenital arteriovenous malformation (disorder)
congenital atresia of pulmonary valve (disorder)	204342004	Congenital atresia of pulmonary valve (disorder)
congenital biliary atresia (disorder)	77480004	Congenital biliary atresia (disorder)
congenital capsular cataract (disorder)	28550007	Congenital capsular cataract (disorder)
congenital cataract (disorder)	79410001	Congenital cataract (disorder)
congenital cystic disease of liver (disorder)	72925005	Congenital cystic disease of liver (disorder)
congenital cystic kidney disease (disorder)	82525005	Congenital cystic kidney disease (disorder)
congenital deformity of foot (disorder)	302297009	Congenital deformity of foot (disorder)
congenital deviation of nasal septum (disorder)	62667002	Congenital deviation of nasal septum (disorder)
congenital dislocation of hip (disorder)	48334007	Congenital dislocation of hip (disorder)
congenital dislocation of left hip (disorder)	767002009	Congenital dislocation of left hip (disorder)
congenital dislocation of right hip (disorder)	767003004	Congenital dislocation of right hip (disorder)
congenital disorder due to abnormality of chromosome number or structure (disorder)	74345006	Congenital disorder due to abnormality of chromosome number OR structure (disorder)
congenital genu valgum (disorder)	89689008	Congenital genu valgum (disorder)
congenital genu varum (disorder)	79168008	Congenital genu varum (disorder)
congenital hearing disorder (disorder)	95827002	Congenital hearing disorder (disorder)
congenital heart disease (disorder)	13213009	Congenital heart disease (disorder)
congenital horner syndrome (disorder)	770626007	Congenital Horner syndrome (disorder)
congenital hydrocele (disorder)	82062003	Congenital hydrocele (disorder)
congenital hydrocephalus (disorder)	47032000	Congenital hydrocephalus (disorder)
congenital hypertrophy of retinal pigment epithelium (disorder)	232074003	Congenital hypertrophy of retinal pigment epithelium (disorder)
congenital infectious disease (disorder)	82353009	Congenital infectious disease (disorder)
congenital insufficiency of tricuspid valve (disorder)	83119008	Congenital insufficiency of tricuspid valve (disorder)
congenital iodine deficiency syndrome (disorder)	217710005	Congenital iodine deficiency syndrome (disorder)
congenital kyphoscoliosis (disorder)	405772002	Congenital kyphoscoliosis (disorder)
congenital laryngomalacia (disorder)	253737007	Congenital laryngomalacia (disorder)
congenital macrocephaly (disorder)	1145402008	Congenital macrocephaly (disorder)
congenital malformation (disorder)	276654001	Congenital malformation (disorder)
congenital malformation of genital organs (disorder)	204821009	Congenital malformation of genital organs (disorder)
congenital malformation syndrome (disorder)	400038003	Congenital malformation syndrome (disorder)
congenital microcephaly (disorder)	1148758003	Congenital microcephaly (disorder)
congenital nasolacrimal duct obstruction (disorder)	193994000	Congenital nasolacrimal duct obstruction (disorder)
congenital nystagmus (disorder)	64635004	Congenital nystagmus (disorder)
congenital obstruction of lacrimal canaliculus (disorder)	95508001	Congenital obstruction of lacrimal canaliculus (disorder)
congenital obstruction of ureteropelvic junction (disorder)	373584008	Congenital obstruction of ureteropelvic junction (disorder)
congenital omphalocele (disorder)	18735004	Congenital omphalocele (disorder)
congenital pectus excavatum (disorder)	391982004	Congenital pectus excavatum (disorder)
congenital pes planus (disorder)	23407003	Congenital pes planus (disorder)
congenital pigmentary skin anomalies (disorder)	205564003	Congenital pigmentary skin anomalies (disorder)
congenital pigmented melanocytic nevus (disorder)	398696001	Congenital pigmented melanocytic nevus (disorder)
congenital pneumonia (disorder)	78895009	Congenital pneumonia (disorder)
congenital postural scoliosis (disorder)	20944008	Congenital postural scoliosis (disorder)
congenital ptosis (disorder)	268163008	Congenital ptosis (disorder)
congenital quadriplegia (disorder)	275468009	Congenital quadriplegia (disorder)
congenital spondylolisthesis (disorder)	13236000	Congenital spondylolisthesis (disorder)
congenital spondylolysis of lumbosacral region (disorder)	80712009	Congenital spondylolysis of lumbosacral region (disorder)
congenital stenosis of aorta (disorder)	21234008	Congenital stenosis of aorta (disorder)
congenital stenosis of aortic valve (disorder)	18546004	Congenital stenosis of aortic valve (disorder)
congenital stenosis of neck of urinary bladder (disorder)	268236002	Congenital stenosis of neck of urinary bladder (disorder)
congenital stenosis of pulmonary valve (disorder)	67278007	Congenital stenosis of pulmonary valve (disorder)
congenital subaortic stenosis (disorder)	73660006	Congenital subaortic stenosis (disorder)
congenital subluxation of left hip joint (disorder)	1010215007	Congenital subluxation of left hip joint (disorder)
congenital subluxation of right hip joint (disorder)	1010217004	Congenital subluxation of right hip joint (disorder)
congenital syphilis (disorder)	35742006	Congenital syphilis (disorder)
congenital torticollis (disorder)	268240006	Congenital torticollis (disorder)
congenital vascular malformation (disorder)	400159008	Congenital vascular malformation (disorder)
congestion of nasal sinus (disorder)	82297005	Congestion of nasal sinus (disorder)
congestive cardiomyopathy (disorder)	399020009	Congestive cardiomyopathy (disorder)
congestive heart failure (disorder)	42343007	Congestive heart failure (disorder)
congestive heart failure due to left ventricular systolic dysfunction (disorder)	426263006	Congestive heart failure due to left ventricular systolic dysfunction (disorder)
congestive rheumatic heart failure (disorder)	82523003	Congestive rheumatic heart failure (disorder)
conjunctival foreign body (disorder)	231866000	Conjunctival foreign body (disorder)
conjunctival hemorrhage (disorder)	21117005	Conjunctival hemorrhage (disorder)
conjunctivitis (disorder)	9826008	Conjunctivitis (disorder)
constantly crying infant (finding)	766877008	Constantly crying infant (finding)
constipation (finding)	14760008	Constipation (finding)
constipation due to outlet obstruction (disorder)	85920003	Constipation due to outlet obstruction (disorder)
constitutional short stature (disorder)	422065006	Constitutional short stature (disorder)
constrictive pericarditis (disorder)	85598007	Constrictive pericarditis (disorder)
construction of conduit - right atrium to pulmonary trunk (procedure)	233022006	Construction of conduit - right atrium to pulmonary trunk (procedure)
consultation (procedure)	11429006	Consultation (procedure)
contact dermatitis (disorder)	40275004	Contact dermatitis (disorder)
contact dermatitis caused by urushiol from toxicodendron radicans (disorder)	200823002	Contact dermatitis caused by urushiol from Toxicodendron radicans (disorder)
contact dermatitis of eyelid (disorder)	68670009	Contact dermatitis of eyelid (disorder)
contact hypersensitivity (disorder)	29268000	Contact hypersensitivity (disorder)
continuous ambulatory peritoneal dialysis (procedure)	238318009	Continuous ambulatory peritoneal dialysis (procedure)
continuous chronic alcoholism (disorder)	191811004	Continuous chronic alcoholism (disorder)
continuous nondependent harmful pattern of use of alcohol (disorder)	191882002	Continuous nondependent harmful pattern of use of alcohol (disorder)
continuous nondependent harmful pattern of use of cocaine (disorder)	191918009	Continuous nondependent harmful pattern of use of cocaine (disorder)
continuous opioid dependence (disorder)	191819002	Continuous opioid dependence (disorder)
contraception care (regime/therapy)	389095005	Contraception care (regime/therapy)
contraception care education (procedure)	408968008	Contraception care education (procedure)
contraception education (procedure)	398780007	Contraception education (procedure)
contraceptive use education (procedure)	44651004	Contraceptive use education (procedure)
contracture of achilles tendon (disorder)	203076007	Contracture of Achilles tendon (disorder)
contracture of elbow joint (disorder)	239734000	Contracture of elbow joint (disorder)
contracture of joint (disorder)	7890003	Contracture of joint (disorder)
contracture of joint of finger (disorder)	239737007	Contracture of joint of finger (disorder)
contracture of joint of hand (disorder)	86414002	Contracture of joint of hand (disorder)
contracture of joint of shoulder region (disorder)	90116003	Contracture of joint of shoulder region (disorder)
contracture of knee joint (disorder)	239739005	Contracture of knee joint (disorder)
contracture of multiple joints (disorder)	202264009	Contracture of multiple joints (disorder)
contracture of wrist joint (disorder)	239735004	Contracture of wrist joint (disorder)
controlled atrial fibrillation (disorder)	300996004	Controlled atrial fibrillation (disorder)
contusion (disorder)	125667009	Contusion (disorder)
contusion of ankle (disorder)	55042009	Contusion of ankle (disorder)
contusion of anterior abdominal wall (disorder)	211486004	Contusion of anterior abdominal wall (disorder)
contusion of back (disorder)	11437003	Contusion of back (disorder)
contusion of buttock (disorder)	68893001	Contusion of buttock (disorder)
contusion of cerebral cortex (disorder)	23713006	Contusion of cerebral cortex (disorder)
contusion of chest (disorder)	10050004	Contusion of chest (disorder)
contusion of elbow (disorder)	91613004	Contusion of elbow (disorder)
contusion of eye (disorder)	367423000	Contusion of eye (disorder)
contusion of face (disorder)	125668004	Contusion of face (disorder)
contusion of finger (disorder)	69787006	Contusion of finger (disorder)
contusion of foot (disorder)	74814004	Contusion of foot (disorder)
contusion of forearm (disorder)	39812007	Contusion of forearm (disorder)
contusion of hand (disorder)	5662003	Contusion of hand (disorder)
contusion of head (disorder)	735645009	Contusion of head (disorder)
contusion of head and/or neck (disorder)	874804000	Contusion of head and/or neck (disorder)
contusion of hip (disorder)	44801007	Contusion of hip (disorder)
contusion of knee (disorder)	22878006	Contusion of knee (disorder)
contusion of lower leg (disorder)	45613006	Contusion of lower leg (disorder)
contusion of lower limb (disorder)	91603007	Contusion of lower limb (disorder)
contusion of nose (disorder)	60897004	Contusion of nose (disorder)
contusion of shoulder region (disorder)	40257000	Contusion of shoulder region (disorder)
contusion of thigh (disorder)	84416003	Contusion of thigh (disorder)
contusion of toe (disorder)	58075000	Contusion of toe (disorder)
contusion of upper limb (disorder)	68142008	Contusion of upper limb (disorder)
contusion of wrist (disorder)	48123002	Contusion of wrist (disorder)
convergence insufficiency (disorder)	194131002	Convergence insufficiency (disorder)
coordination problem (finding)	302289002	Coordination problem (finding)
cor pulmonale (disorder)	83291003	Cor pulmonale (disorder)
corn - lesion (disorder)	201038005	Corn - lesion (disorder)
corn of toe (disorder)	46014006	Corn of toe (disorder)
corneal abrasion (disorder)	85848002	Corneal abrasion (disorder)
corneal edema (disorder)	27194006	Corneal edema (disorder)
corneal erosion (disorder)	50792001	Corneal erosion (disorder)
corneal foreign body (disorder)	37450000	Corneal foreign body (disorder)
corneal graft rejection (disorder)	95742008	Corneal graft rejection (disorder)
corneal opacity (disorder)	64634000	Corneal opacity (disorder)
corneal scar (disorder)	95726001	Corneal scar (disorder)
corneal transplant (procedure)	60656008	Corneal transplant (procedure)
corneal ulcer (disorder)	91514001	Corneal ulcer (disorder)
coronary arteriosclerosis (disorder)	53741008	Coronary arteriosclerosis (disorder)
coronary artery bypass graft occlusion (disorder)	408546009	Coronary artery bypass graft occlusion (disorder)
coronary artery bypass grafting (procedure)	232717009	Coronary artery bypass grafting (procedure)
coronary artery bypass grafts x 2 (procedure)	232720001	Coronary artery bypass grafts x 2 (procedure)
coronary artery bypass grafts x 3 (procedure)	232721002	Coronary artery bypass grafts x 3 (procedure)
coronary artery bypass grafts x 4 (procedure)	232722009	Coronary artery bypass grafts x 4 (procedure)
coronary artery bypass grafts x 5 (procedure)	232723004	Coronary artery bypass grafts x 5 (procedure)
coronary artery bypass with autogenous graft, four grafts (procedure)	39202005	Coronary artery bypass with autogenous graft, four grafts (procedure)
coronary artery bypass with autogenous graft, three grafts (procedure)	10326007	Coronary artery bypass with autogenous graft, three grafts (procedure)
coronary artery spasm (disorder)	23687008	Coronary artery spasm (disorder)
corpus luteum cyst (disorder)	386762009	Corpus luteum cyst (disorder)
corrected transposition of great vessels (disorder)	83799000	Corrected transposition of great vessels (disorder)
cortical senile cataract (disorder)	78875003	Cortical senile cataract (disorder)
corticobasal degeneration (disorder)	18842008	Corticobasal degeneration (disorder)
cosmetic surgery (procedure)	56306000	Cosmetic surgery (procedure)
costal chondritis (disorder)	64109004	Costal chondritis (disorder)
cough (finding)	49727002	Cough (finding)
cough variant asthma (disorder)	409663006	Cough variant asthma (disorder)
counseling (procedure)	409063005	Counseling (procedure)
counseling about caretaking skills (procedure)	1345008000	Counseling about caretaking skills (procedure)
counseling about parenting skills (procedure)	1345006001	Counseling about parenting skills (procedure)
counseling for bereavement (procedure)	171007003	Counseling for bereavement (procedure)
counseling for harmful pattern of substance use (procedure)	313071005	Counseling for harmful pattern of substance use (procedure)
counseling for sexually transmitted disease (procedure)	445563009	Counseling for sexually transmitted disease (procedure)
coxsackie virus disease (disorder)	186658007	Coxsackie virus disease (disorder)
cradle cap (disorder)	62742006	Cradle cap (disorder)
cramp (finding)	55300003	Cramp (finding)
cramp in limb (finding)	424647005	Cramp in limb (finding)
cramp in lower leg (finding)	449918009	Cramp in lower leg (finding)
cramp in lower leg associated with rest (finding)	102549009	Cramp in lower leg associated with rest (finding)
craniopharyngioma (disorder)	189179009	Craniopharyngioma (disorder)
craniosynostosis syndrome (disorder)	57219006	Craniosynostosis syndrome (disorder)
craniotomy (procedure)	25353009	Craniotomy (procedure)
creatine kinase level above reference range (finding)	432352001	Creatine kinase level above reference range (finding)
creation of aortofemoral shunt (procedure)	40059006	Creation of aortofemoral shunt (procedure)
creation of ileostomy (procedure)	173977007	Creation of ileostomy (procedure)
critical lower limb ischemia (disorder)	233962007	Critical lower limb ischemia (disorder)
crohn's disease (disorder)	34000006	Crohn's disease (disorder)
crohn's disease of ileum (disorder)	38106008	Crohn's disease of ileum (disorder)
crohn's disease of large bowel (disorder)	7620006	Crohn's disease of large bowel (disorder)
crohn's disease of small and large intestines (disorder)	71833008	Crohn's disease of small and large intestines (disorder)
crohn's disease of small intestine (disorder)	56689002	Crohn's disease of small intestine (disorder)
croup (disorder)	71186008	Croup (disorder)
crowding of teeth (disorder)	12351004	Crowding of teeth (disorder)
crushed in between objects (event)	35468003	Crushed in between objects (event)
crushing injury (disorder)	125665001	Crushing injury (disorder)
crushing injury of finger (disorder)	10380004	Crushing injury of finger (disorder)
crushing injury of foot (disorder)	43422002	Crushing injury of foot (disorder)
crushing injury of hand (disorder)	50793006	Crushing injury of hand (disorder)
crushing injury of toe (disorder)	74682007	Crushing injury of toe (disorder)
cryoglobulinemia (disorder)	30911005	Cryoglobulinemia (disorder)
cryptogenic cirrhosis (disorder)	89580002	Cryptogenic cirrhosis (disorder)
cryptogenic organizing pneumonia (disorder)	719218000	Cryptogenic organizing pneumonia (disorder)
current drinker of alcohol (finding)	219006	Current drinker of alcohol (finding)
cut - accidental (disorder)	274227007	Cut - accidental (disorder)
cutis laxa (disorder)	58588007	Cutis laxa (disorder)
cyanosis (finding)	3415004	Cyanosis (finding)
cyanotic congenital heart disease (disorder)	12770006	Cyanotic congenital heart disease (disorder)
cyclical vomiting syndrome (disorder)	18773000	Cyclical vomiting syndrome (disorder)
cyclothymia (disorder)	76105009	Cyclothymia (disorder)
cyst (disorder)	441457006	Cyst (disorder)
cyst and pseudocyst of pancreas (disorder)	197464001	Cyst and pseudocyst of pancreas (disorder)
cyst of bartholin's gland duct (disorder)	57044006	Cyst of Bartholin's gland duct (disorder)
cyst of breast (disorder)	399294002	Cyst of breast (disorder)
cyst of eyelid (disorder)	46210008	Cyst of eyelid (disorder)
cyst of jaw (disorder)	43144004	Cyst of jaw (disorder)
cyst of kidney (disorder)	722223000	Cyst of kidney (disorder)
cyst of liver (disorder)	85057007	Cyst of liver (disorder)
cyst of meibomian gland (disorder)	1482004	Cyst of meibomian gland (disorder)
cyst of nasal sinus (disorder)	85225000	Cyst of nasal sinus (disorder)
cyst of ovary (disorder)	79883001	Cyst of ovary (disorder)
cyst of pancreas (disorder)	31258000	Cyst of pancreas (disorder)
cyst of thyroid (disorder)	72325004	Cyst of thyroid (disorder)
cyst of vagina (disorder)	24548005	Cyst of vagina (disorder)
cystic acne (disorder)	13277001	Cystic acne (disorder)
cystic fibrosis (disorder)	190905008	Cystic fibrosis (disorder)
cystic fibrosis of the lung (disorder)	86555001	Cystic fibrosis of the lung (disorder)
cystitis (disorder)	38822007	Cystitis (disorder)
cystitis caused by radiation (disorder)	11251000	Cystitis caused by radiation (disorder)
cystoid macular edema (disorder)	193387007	Cystoid macular edema (disorder)
cytomegalovirus antibody detected in serum (finding)	445459004	Cytomegalovirus antibody detected in serum (finding)
cytomegalovirus antibody not detected in serum (finding)	444930000	Cytomegalovirus antibody not detected in serum (finding)
dacryocystitis (disorder)	85777005	Dacryocystitis (disorder)
darier disease (disorder)	48611009	Darier disease (disorder)
dating/booking ultrasound scan (procedure)	169229007	Dating/booking ultrasound scan (procedure)
death of relative (event)	398033008	Death of relative (event)
decompression of median nerve (procedure)	47534009	Decompression of median nerve (procedure)
decorative tattoo of skin (finding)	403180003	Decorative tattoo of skin (finding)
decrease in height (finding)	71781005	Decrease in height (finding)
decreased estrogen level (finding)	110368006	Decreased estrogen level (finding)
decreased hearing (finding)	103276001	Decreased hearing (finding)
decreased muscle tone (finding)	398151007	Decreased muscle tone (finding)
decreased range of cervical spine movement (finding)	304344002	Decreased range of cervical spine movement (finding)
decreased range of knee movement (finding)	304321000	Decreased range of knee movement (finding)
deep venous thrombosis (disorder)	128053003	Deep venous thrombosis (disorder)
deep venous thrombosis of lower extremity (disorder)	404223003	Deep venous thrombosis of lower extremity (disorder)
deep venous thrombosis of upper extremity (disorder)	128054009	Deep venous thrombosis of upper extremity (disorder)
defective dental restoration (finding)	109728009	Defective dental restoration (finding)
deficiency anemias (disorder)	267513007	Deficiency anemias (disorder)
deficiency of anterior cruciate ligament (disorder)	239724009	Deficiency of anterior cruciate ligament (disorder)
deficiency of glucose-6-phosphate dehydrogenase (disorder)	124134002	Deficiency of glucose-6-phosphate dehydrogenase (disorder)
deficiency of macronutrients (disorder)	238107002	Deficiency of macronutrients (disorder)
deformity (finding)	417893002	Deformity (finding)
deformity of foot (finding)	229844004	Deformity of foot (finding)
deformity of hand (finding)	299033004	Deformity of hand (finding)
deformity of hip joint (finding)	299233007	Deformity of hip joint (finding)
deformity of knee joint (finding)	299328006	Deformity of knee joint (finding)
degeneration of cartilage and/or meniscus of knee (disorder)	22591001	Degeneration of cartilage AND/OR meniscus of knee (disorder)
degeneration of cervical intervertebral disc (disorder)	69195002	Degeneration of cervical intervertebral disc (disorder)
degeneration of intervertebral disc (disorder)	77547008	Degeneration of intervertebral disc (disorder)
degeneration of lumbar intervertebral disc (disorder)	26538006	Degeneration of lumbar intervertebral disc (disorder)
degeneration of lumbosacral intervertebral disc (disorder)	60937000	Degeneration of lumbosacral intervertebral disc (disorder)
degeneration of macula due to cyst, hole or pseudohole (disorder)	267612009	Degeneration of macula due to cyst, hole or pseudohole (disorder)
degeneration of thoracic intervertebral disc (disorder)	68675004	Degeneration of thoracic intervertebral disc (disorder)
degenerative disorder of macula (disorder)	422338006	Degenerative disorder of macula (disorder)
degenerative progressive high myopia (disorder)	32022003	Degenerative progressive high myopia (disorder)
degenerative spondylolisthesis (disorder)	4046000	Degenerative spondylolisthesis (disorder)
dehiscence of surgical wound (disorder)	22247000	Dehiscence of surgical wound (disorder)
dehydration (disorder)	34095006	Dehydration (disorder)
delay when starting to pass urine (finding)	5972002	Delay when starting to pass urine (finding)
delayed and/or secondary postpartum hemorrhage (disorder)	23171006	Delayed AND/OR secondary postpartum hemorrhage (disorder)
delayed articulatory and language development (finding)	62415009	Delayed articulatory and language development (finding)
delayed hypersensitivity skin test for tuberculin purified protein derivative (procedure)	424294008	Delayed hypersensitivity skin test for tuberculin purified protein derivative (procedure)
delayed milestone (finding)	274625009	Delayed milestone (finding)
delayed puberty (disorder)	400003000	Delayed puberty (disorder)
delayed union of fracture (disorder)	134194006	Delayed union of fracture (disorder)
delayed union of fracture (morphologic abnormality)	28087009	Delayed union of fracture (morphologic abnormality)
delirious (finding)	419567006	Delirious (finding)
delirium (disorder)	2776000	Delirium (disorder)
deliveries by cesarean (finding)	200144004	Deliveries by cesarean (finding)
delivery and/or maternal condition affecting management (disorder)	106008001	Delivery AND/OR maternal condition affecting management (disorder)
delivery normal (finding)	48782003	Delivery normal (finding)
delivery procedure (procedure)	236973005	Delivery procedure (procedure)
delusion (finding)	2073000	Delusion (finding)
delusional disorder (disorder)	48500005	Delusional disorder (disorder)
dementia (disorder)	52448006	Dementia (disorder)
dementia associated with alcoholism (disorder)	281004	Dementia associated with alcoholism (disorder)
dementia associated with another disease (disorder)	191519005	Dementia associated with another disease (disorder)
dementia associated with parkinson's disease (disorder)	425390006	Dementia associated with Parkinson's Disease (disorder)
demyelinating disease of central nervous system (disorder)	6118003	Demyelinating disease of central nervous system (disorder)
dental abscess (disorder)	299709002	Dental abscess (disorder)
dental calculus (disorder)	17552000	Dental calculus (disorder)
dental caries (disorder)	80967001	Dental caries (disorder)
dental caries extending into dentin (disorder)	442551007	Dental caries extending into dentin (disorder)
dental consultation and report (procedure)	34043003	Dental consultation and report (procedure)
dependence on continuous positive airway pressure ventilation (finding)	429487005	Dependence on continuous positive airway pressure ventilation (finding)
dependence on corticosteroid due to harmful pattern of use (disorder)	1345083007	Dependence on corticosteroid due to harmful pattern of use (disorder)
dependence on corticosteroid in therapeutic use (disorder)	1345088003	Dependence on corticosteroid in therapeutic use (disorder)
dependence on diamorphine (disorder)	231477003	Dependence on diamorphine (disorder)
dependence on hemodialysis due to end stage renal disease (finding)	428982002	Dependence on hemodialysis due to end stage renal disease (finding)
dependence on ventilator (finding)	444932008	Dependence on ventilator (finding)
dependent personality disorder (disorder)	84466009	Dependent personality disorder (disorder)
depressed bipolar i disorder (disorder)	49468007	Depressed bipolar I disorder (disorder)
depressed bipolar i disorder in full remission (disorder)	22121000	Depressed bipolar I disorder in full remission (disorder)
depressed bipolar i disorder in partial remission (disorder)	49512000	Depressed bipolar I disorder in partial remission (disorder)
depression screening (procedure)	171207006	Depression screening (procedure)
depressive disorder (disorder)	35489007	Depressive disorder (disorder)
derangement of knee (disorder)	63643000	Derangement of knee (disorder)
derangement of lateral meniscus (disorder)	21333004	Derangement of lateral meniscus (disorder)
derangement of medial meniscus (disorder)	111222003	Derangement of medial meniscus (disorder)
derangement of meniscus of knee joint (disorder)	111224002	Derangement of meniscus of knee joint (disorder)
derangement of posterior horn of lateral meniscus (disorder)	77860008	Derangement of posterior horn of lateral meniscus (disorder)
derangement of posterior horn of medial meniscus (disorder)	5313005	Derangement of posterior horn of medial meniscus (disorder)
derangement of temporomandibular joint (disorder)	75630004	Derangement of temporomandibular joint (disorder)
dermabrasion (procedure)	37236007	Dermabrasion (procedure)
dermal cellular nevus (disorder)	302838006	Dermal cellular nevus (disorder)
dermal mycosis (disorder)	14560005	Dermal mycosis (disorder)
dermatitis caused by radiation (disorder)	49084001	Dermatitis caused by radiation (disorder)
dermatitis herpetiformis (disorder)	111196000	Dermatitis herpetiformis (disorder)
dermatitis of external ear (disorder)	402698005	Dermatitis of external ear (disorder)
dermatitis of eyelid (disorder)	93423006	Dermatitis of eyelid (disorder)
dermatomyositis (disorder)	396230008	Dermatomyositis (disorder)
dermatophytosis (disorder)	47382004	Dermatophytosis (disorder)
detachment of retina with break of retina (disorder)	1279848007	Detachment of retina with break of retina (disorder)
detrusor overactivity (disorder)	786460007	Detrusor overactivity (disorder)
developmental academic disorder (disorder)	1855002	Developmental academic disorder (disorder)
developmental articulation disorder (disorder)	386701004	Developmental articulation disorder (disorder)
developmental delay (disorder)	248290002	Developmental delay (disorder)
developmental disorder (disorder)	5294002	Developmental disorder (disorder)
developmental language disorder (disorder)	280032002	Developmental language disorder (disorder)
developmental reading disorder (disorder)	52824009	Developmental reading disorder (disorder)
developmental speech disorder (disorder)	1145003	Developmental speech disorder (disorder)
deviated nasal septum (disorder)	126660000	Deviated nasal septum (disorder)
diabetes mellitus (disorder)	73211009	Diabetes mellitus (disorder)
diabetes mellitus during pregnancy, childbirth and the puerperium (disorder)	199223000	Diabetes mellitus during pregnancy, childbirth and the puerperium (disorder)
diabetes mellitus screening (procedure)	171183004	Diabetes mellitus screening (procedure)
diabetes mellitus type 1 (disorder)	46635009	Diabetes mellitus type 1 (disorder)
diabetes mellitus type 2 (disorder)	44054006	Diabetes mellitus type 2 (disorder)
diabetes mellitus type 2 in obese (disorder)	81531005	Diabetes mellitus type 2 in obese (disorder)
diabetic foot examination (regime/therapy)	401191002	Diabetic foot examination (regime/therapy)
diabetic retinopathy screening (procedure)	134395001	Diabetic retinopathy screening (procedure)
dialysis procedure (procedure)	108241001	Dialysis procedure (procedure)
diaper candidiasis (disorder)	240711004	Diaper candidiasis (disorder)
diaper rash (disorder)	91487003	Diaper rash (disorder)
diaphragmatic hernia (disorder)	39839004	Diaphragmatic hernia (disorder)
diarrhea (finding)	62315008	Diarrhea (finding)
diarrhea of presumed infectious origin (disorder)	43240000	Diarrhea of presumed infectious origin (disorder)
diastasis of muscle (disorder)	111248006	Diastasis of muscle (disorder)
diastolic dysfunction (finding)	3545003	Diastolic dysfunction (finding)
diastolic heart failure (disorder)	418304008	Diastolic heart failure (disorder)
diastolic hypertension (disorder)	48146000	Diastolic hypertension (disorder)
diet education (procedure)	11816003	Diet education (procedure)
dieulafoy's vascular malformation (disorder)	109558001	Dieulafoy's vascular malformation (disorder)
difficulty sleeping (finding)	301345002	Difficulty sleeping (finding)
difficulty swallowing (finding)	288939007	Difficulty swallowing (finding)
difficulty talking (finding)	286378009	Difficulty talking (finding)
diffuse interstitial pulmonary fibrosis (disorder)	196125002	Diffuse interstitial pulmonary fibrosis (disorder)
diffuse lewy body disease (disorder)	80098002	Diffuse Lewy body disease (disorder)
diffuse spasm of esophagus (disorder)	79962008	Diffuse spasm of esophagus (disorder)
digestive system reflux (finding)	709493000	Digestive system reflux (finding)
digital mucous cyst (disorder)	404098005	Digital mucous cyst (disorder)
dilatation of aorta (disorder)	26660001	Dilatation of aorta (disorder)
dilated cardiomyopathy caused by ethanol (disorder)	1234750000	Dilated cardiomyopathy caused by ethanol (disorder)
dilation and curettage (procedure)	13091001	Dilation and curettage (procedure)
dilation of bile duct (procedure)	235570008	Dilation of bile duct (procedure)
dilation of esophagus (procedure)	195565004	Dilation of esophagus (procedure)
diplegic cerebral palsy (disorder)	58193001	Diplegic cerebral palsy (disorder)
diplopia (disorder)	24982008	Diplopia (disorder)
discectomy for intervertebral herniated disc, nucleus pulposus (procedure)	89355001	Discectomy for intervertebral herniated disc, nucleus pulposus (procedure)
discharge from nipple (disorder)	54302000	Discharge from nipple (disorder)
discharge from penis (finding)	2910007	Discharge from penis (finding)
discitis (disorder)	2304001	Discitis (disorder)
discoid lupus erythematosus (disorder)	200938002	Discoid lupus erythematosus (disorder)
discoloration of skin (finding)	3253007	Discoloration of skin (finding)
disease caused by adenovirus (disorder)	25225006	Disease caused by Adenovirus (disorder)
disease caused by helicobacter (disorder)	6185008	Disease caused by Helicobacter (disorder)
dislocation of hip joint prosthesis (disorder)	314201008	Dislocation of hip joint prosthesis (disorder)
dislocation of patellofemoral joint (disorder)	263029007	Dislocation of patellofemoral joint (disorder)
dislocation of shoulder joint (disorder)	417076003	Dislocation of shoulder joint (disorder)
disorder associated with implant (disorder)	1354666001	Disorder associated with implant (disorder)
disorder associated with internal fixation device (disorder)	1354667005	Disorder associated with internal fixation device (disorder)
disorder associated with menstruation and/or menopause (disorder)	106002000	Disorder associated with menstruation AND/OR menopause (disorder)
disorder characterized by back pain (disorder)	399194009	Disorder characterized by back pain (disorder)
disorder due to and following spinal cord injury (disorder)	81642009	Disorder due to and following spinal cord injury (disorder)
disorder due to and following transplant of kidney (disorder)	58797008	Disorder due to and following transplant of kidney (disorder)
disorder due to radiotherapy (disorder)	1336223005	Disorder due to radiotherapy (disorder)
disorder due to type 1 diabetes mellitus (disorder)	420868002	Disorder due to type 1 diabetes mellitus (disorder)
disorder due to type 2 diabetes mellitus (disorder)	422014003	Disorder due to type 2 diabetes mellitus (disorder)
disorder of adrenal gland (disorder)	30171000	Disorder of adrenal gland (disorder)
disorder of anterior pituitary (disorder)	51742006	Disorder of anterior pituitary (disorder)
disorder of appendix (disorder)	18526009	Disorder of appendix (disorder)
disorder of artery (disorder)	359557001	Disorder of artery (disorder)
disorder of autonomic nervous system (disorder)	15241006	Disorder of autonomic nervous system (disorder)
disorder of biliary tract (disorder)	105997008	Disorder of biliary tract (disorder)
disorder of blood vessel (disorder)	27550009	Disorder of blood vessel (disorder)
disorder of bone (disorder)	76069003	Disorder of bone (disorder)
disorder of brain (disorder)	81308009	Disorder of brain (disorder)
disorder of breast (disorder)	79604008	Disorder of breast (disorder)
disorder of breast implant (disorder)	271989003	Disorder of breast implant (disorder)
disorder of bursa of shoulder region (disorder)	55833001	Disorder of bursa of shoulder region (disorder)
disorder of cardiac pacemaker system (disorder)	271983002	Disorder of cardiac pacemaker system (disorder)
disorder of cardiovascular system (disorder)	49601007	Disorder of cardiovascular system (disorder)
disorder of carotid artery (disorder)	371160000	Disorder of carotid artery (disorder)
disorder of cervical spine (disorder)	128049000	Disorder of cervical spine (disorder)
disorder of conjunctiva (disorder)	59698003	Disorder of conjunctiva (disorder)
disorder of connective tissue (disorder)	105969002	Disorder of connective tissue (disorder)
disorder of cornea (disorder)	15250008	Disorder of cornea (disorder)
disorder of diaphragm (disorder)	48475001	Disorder of diaphragm (disorder)
disorder of early neonate and/or fetus during second intrapartum stage due to vacuum extraction delivery (disorder)	1193558000	Disorder of early neonate and/or fetus during second intrapartum stage due to vacuum extraction delivery (disorder)
disorder of elbow (disorder)	128133004	Disorder of elbow (disorder)
disorder of endocrine ovary (disorder)	37102008	Disorder of endocrine ovary (disorder)
disorder of endocrine system (disorder)	362969004	Disorder of endocrine system (disorder)
disorder of esophagus (disorder)	37657006	Disorder of esophagus (disorder)
disorder of external ear (disorder)	49130001	Disorder of external ear (disorder)
disorder of eye due to diabetes mellitus (disorder)	25093002	Disorder of eye due to diabetes mellitus (disorder)
disorder of eye due to type 1 diabetes mellitus (disorder)	739681000	Disorder of eye due to type 1 diabetes mellitus (disorder)
disorder of eye due to type 2 diabetes mellitus (disorder)	422099009	Disorder of eye due to type 2 diabetes mellitus (disorder)
disorder of eye proper (disorder)	371405004	Disorder of eye proper (disorder)
disorder of eye region (disorder)	371409005	Disorder of eye region (disorder)
disorder of eyelid (disorder)	60113004	Disorder of eyelid (disorder)
disorder of function of stomach (disorder)	386211005	Disorder of function of stomach (disorder)
disorder of gallbladder (disorder)	39621005	Disorder of gallbladder (disorder)
disorder of hematopoietic structure (disorder)	414027002	Disorder of hematopoietic structure (disorder)
disorder of implantable defibrillator (disorder)	234228008	Disorder of implantable defibrillator (disorder)
disorder of intestine (disorder)	85919009	Disorder of intestine (disorder)
disorder of iron metabolism (disorder)	30913008	Disorder of iron metabolism (disorder)
disorder of joint of ankle and/or foot (disorder)	442246002	Disorder of joint of ankle and/or foot (disorder)
disorder of joint of shoulder region (disorder)	444003007	Disorder of joint of shoulder region (disorder)
disorder of joint of spine (disorder)	372109003	Disorder of joint of spine (disorder)
disorder of kidney and/or ureter (disorder)	443820000	Disorder of kidney and/or ureter (disorder)
disorder of kidney due to diabetes mellitus (disorder)	127013003	Disorder of kidney due to diabetes mellitus (disorder)
disorder of knee (disorder)	128136007	Disorder of knee (disorder)
disorder of lipid metabolism (disorder)	267431006	Disorder of lipid metabolism (disorder)
disorder of liver (disorder)	235856003	Disorder of liver (disorder)
disorder of lower limb (disorder)	118937003	Disorder of lower limb (disorder)
disorder of lumbar spine (disorder)	129139009	Disorder of lumbar spine (disorder)
disorder of lung (disorder)	19829001	Disorder of lung (disorder)
disorder of lymphatic system (disorder)	362971004	Disorder of lymphatic system (disorder)
disorder of magnesium metabolism (disorder)	60853003	Disorder of magnesium metabolism (disorder)
disorder of menstruation (disorder)	386804004	Disorder of menstruation (disorder)
disorder of mouth (disorder)	118938008	Disorder of mouth (disorder)
disorder of nasal cavity (disorder)	232340005	Disorder of nasal cavity (disorder)
disorder of neck (disorder)	118939000	Disorder of neck (disorder)
disorder of nervous system due to diabetes mellitus (disorder)	422088007	Disorder of nervous system due to diabetes mellitus (disorder)
disorder of nervous system due to type 1 diabetes mellitus (disorder)	421468001	Disorder of nervous system due to type 1 diabetes mellitus (disorder)
disorder of nervous system due to type 2 diabetes mellitus (disorder)	421326000	Disorder of nervous system due to type 2 diabetes mellitus (disorder)
disorder of optic nerve (disorder)	77157004	Disorder of optic nerve (disorder)
disorder of oral soft tissues (disorder)	41188003	Disorder of oral soft tissues (disorder)
disorder of ovary (disorder)	5552004	Disorder of ovary (disorder)
disorder of pancreas (disorder)	3855007	Disorder of pancreas (disorder)
disorder of pericardium (disorder)	55855009	Disorder of pericardium (disorder)
disorder of peripheral autonomic nervous system (disorder)	128123007	Disorder of peripheral autonomic nervous system (disorder)
disorder of phosphorus metabolism (disorder)	87049008	Disorder of phosphorus metabolism (disorder)
disorder of pinna (disorder)	41663005	Disorder of pinna (disorder)
disorder of pituitary gland (disorder)	399244003	Disorder of pituitary gland (disorder)
disorder of prostate (disorder)	30281009	Disorder of prostate (disorder)
disorder of refraction (disorder)	39021009	Disorder of refraction (disorder)
disorder of refraction and/or accommodation (disorder)	72128008	Disorder of refraction AND/OR accommodation (disorder)
disorder of respiratory system (disorder)	50043002	Disorder of respiratory system (disorder)
disorder of retina caused by radiation (disorder)	95221007	Disorder of retina caused by radiation (disorder)
disorder of right cardiac ventricle (disorder)	415992005	Disorder of right cardiac ventricle (disorder)
disorder of rotator cuff (disorder)	414033006	Disorder of rotator cuff (disorder)
disorder of sacrum (disorder)	12820001	Disorder of sacrum (disorder)
disorder of shoulder region (disorder)	118944007	Disorder of shoulder region (disorder)
disorder of skeletal and/or smooth muscle (disorder)	129565002	Disorder of skeletal AND/OR smooth muscle (disorder)
disorder of skeletal system (disorder)	88230002	Disorder of skeletal system (disorder)
disorder of skin (disorder)	95320005	Disorder of skin (disorder)
disorder of skin and/or subcutaneous tissue (disorder)	80659006	Disorder of skin and/or subcutaneous tissue (disorder)
disorder of sleep-wake cycle (disorder)	271794005	Disorder of sleep-wake cycle (disorder)
disorder of smell (disorder)	275462005	Disorder of smell (disorder)
disorder of soft tissue (disorder)	19660004	Disorder of soft tissue (disorder)
disorder of stoma (disorder)	302918009	Disorder of stoma (disorder)
disorder of stomach (disorder)	29384001	Disorder of stomach (disorder)
disorder of taste (disorder)	399993004	Disorder of taste (disorder)
disorder of teeth and/or supporting structures (disorder)	105995000	Disorder of teeth AND/OR supporting structures (disorder)
disorder of tendon of biceps (disorder)	429447000	Disorder of tendon of biceps (disorder)
disorder of tendon of shoulder region (disorder)	76318008	Disorder of tendon of shoulder region (disorder)
disorder of the larynx (disorder)	60600009	Disorder of the larynx (disorder)
disorder of the peripheral nervous system (disorder)	42658009	Disorder of the peripheral nervous system (disorder)
disorder of thyroid gland (disorder)	14304000	Disorder of thyroid gland (disorder)
disorder of tooth development (disorder)	371136004	Disorder of tooth development (disorder)
disorder of urethral catheter (disorder)	271972006	Disorder of urethral catheter (disorder)
disorder of urinary bladder (disorder)	42643001	Disorder of urinary bladder (disorder)
disorder of uterine cervix (disorder)	63339007	Disorder of uterine cervix (disorder)
disorder of uterus (disorder)	12337004	Disorder of uterus (disorder)
disorder of vision (disorder)	95677002	Disorder of vision (disorder)
disorder of vocal cord (disorder)	57781000	Disorder of vocal cord (disorder)
disorganized schizophrenia (disorder)	35252006	Disorganized schizophrenia (disorder)
displacement of cervical intervertebral disc without myelopathy (disorder)	85216006	Displacement of cervical intervertebral disc without myelopathy (disorder)
displacement of intervertebral disc without myelopathy (disorder)	70218004	Displacement of intervertebral disc without myelopathy (disorder)
displacement of lumbar intervertebral disc without myelopathy (disorder)	20021007	Displacement of lumbar intervertebral disc without myelopathy (disorder)
disruption of episiotomy wound in the puerperium (disorder)	398262004	Disruption of episiotomy wound in the puerperium (disorder)
disruptive behavior disorder (disorder)	54319003	Disruptive behavior disorder (disorder)
dissection of aorta (disorder)	308546005	Dissection of aorta (disorder)
dissection of internal carotid artery (disorder)	705066004	Dissection of internal carotid artery (disorder)
dissection of thoracic aorta (disorder)	233994002	Dissection of thoracic aorta (disorder)
dissection of thoracoabdominal aorta (disorder)	713029000	Dissection of thoracoabdominal aorta (disorder)
disseminated idiopathic skeletal hyperostosis (disorder)	31487001	Disseminated idiopathic skeletal hyperostosis (disorder)
disseminated intravascular coagulation (disorder)	67406007	Disseminated intravascular coagulation (disorder)
disseminated tuberculosis (disorder)	182159002	Disseminated tuberculosis (disorder)
dissociative convulsions (disorder)	191714002	Dissociative convulsions (disorder)
dissociative neurological symptom disorder (disorder)	735541006	Dissociative neurological symptom disorder (disorder)
distension of abdomen (finding)	41931001	Distension of abdomen (finding)
distorted body image (finding)	63384009	Distorted body image (finding)
disturbance in sleep behavior (finding)	53888004	Disturbance in sleep behavior (finding)
disturbance in speech (finding)	29164008	Disturbance in speech (finding)
disturbance of temperature regulation of newborn (disorder)	68550008	Disturbance of temperature regulation of newborn (disorder)
divergence insufficiency (disorder)	314788004	Divergence insufficiency (disorder)
diverticular disease (disorder)	397881000	Diverticular disease (disorder)
diverticular disease of colon (disorder)	398050005	Diverticular disease of colon (disorder)
diverticulitis (disorder)	307496006	Diverticulitis (disorder)
diverticulitis of cecum (disorder)	430347001	Diverticulitis of cecum (disorder)
diverticulitis of colon (disorder)	111359004	Diverticulitis of colon (disorder)
diverticulitis of sigmoid colon (disorder)	427910000	Diverticulitis of sigmoid colon (disorder)
diverticulosis of colon without diverticulitis (finding)	398311004	Diverticulosis of colon without diverticulitis (finding)
diverticulosis of sigmoid colon (finding)	429430001	Diverticulosis of sigmoid colon (finding)
diverticulum of urinary bladder (disorder)	197866008	Diverticulum of urinary bladder (disorder)
dizziness (finding)	404640003	Dizziness (finding)
dizziness and giddiness (finding)	271789005	Dizziness and giddiness (finding)
does use hearing aid (finding)	285055002	Does use hearing aid (finding)
dog bite (event)	217697000	Dog bite (event)
dog bite - wound (disorder)	283734005	Dog bite - wound (disorder)
domestic violence (event)	404189009	Domestic violence (event)
donor for liver transplant (person)	105463007	Donor for liver transplant (person)
double lung transplant (procedure)	232658009	Double lung transplant (procedure)
double outlet right ventricle (disorder)	7484005	Double outlet right ventricle (disorder)
drainage of abscess (procedure)	118442004	Drainage of abscess (procedure)
drainage of external ear (procedure)	36995006	Drainage of external ear (procedure)
dribbling of urine (finding)	58972000	Dribbling of urine (finding)
drowning (event)	40947009	Drowning (event)
drowsy (finding)	271782001	Drowsy (finding)
drug resistance to anti-seizure medication (disorder)	1263935000	Drug resistance to anti-seizure medication (disorder)
drug resistance to insulin (disorder)	48606007	Drug resistance to insulin (disorder)
drug seeking behavior (finding)	441668002	Drug seeking behavior (finding)
drug-induced disorder of liver (disorder)	427399008	Drug-induced disorder of liver (disorder)
drug-induced hyperpyrexia (finding)	405543000	Drug-induced hyperpyrexia (finding)
drug-induced hypoglycemia (disorder)	237640005	Drug-induced hypoglycemia (disorder)
drug-induced hypotension (disorder)	234171009	Drug-induced hypotension (disorder)
drug-induced immune thrombocytopenia (disorder)	19307009	Drug-induced immune thrombocytopenia (disorder)
drug-induced purpura (disorder)	109957002	Drug-induced purpura (disorder)
drusen of optic disc (finding)	33629003	Drusen of optic disc (finding)
dual energy x-ray absorptiometry (procedure)	241686001	Dual energy X-ray absorptiometry (procedure)
ductal carcinoma in situ of breast (disorder)	109889007	Ductal carcinoma in situ of breast (disorder)
duodenal hemorrhage (disorder)	95533003	Duodenal hemorrhage (disorder)
duodenal ulcer without hemorrhage, without perforation and without obstruction (disorder)	34580000	Duodenal ulcer without hemorrhage, without perforation AND without obstruction (disorder)
duodenitis (disorder)	72007001	Duodenitis (disorder)
dupuytren's contracture of finger (disorder)	274142002	Dupuytren's contracture of finger (disorder)
dysarthria (finding)	8011004	Dysarthria (finding)
dysenteric diarrhea (disorder)	46799006	Dysenteric diarrhea (disorder)
dysequilibrium syndrome (disorder)	230782004	Dysequilibrium syndrome (disorder)
dysesthesia (finding)	279079003	Dysesthesia (finding)
dysfunction of eustachian tube (disorder)	56713002	Dysfunction of eustachian tube (disorder)
dysfunction of urinary bladder (finding)	40492006	Dysfunction of urinary bladder (finding)
dysfunctional voiding of urine (finding)	252030006	Dysfunctional voiding of urine (finding)
dyskinesia (finding)	9748009	Dyskinesia (finding)
dyslipidemia (disorder)	370992007	Dyslipidemia (disorder)
dysmenorrhea (disorder)	266599000	Dysmenorrhea (disorder)
dysmorphism (disorder)	276720006	Dysmorphism (disorder)
dysphagia (disorder)	40739000	Dysphagia (disorder)
dysphagia as a late effect of cerebrovascular accident (disorder)	426033005	Dysphagia as a late effect of cerebrovascular accident (disorder)
dysphasia (finding)	20301004	Dysphasia (finding)
dysplasia of cervix (disorder)	73391008	Dysplasia of cervix (disorder)
dysplasia of vagina (disorder)	3754002	Dysplasia of vagina (disorder)
dysplastic nevus of skin (disorder)	254818000	Dysplastic nevus of skin (disorder)
dyspnea (finding)	267036007	Dyspnea (finding)
dyspnea on exertion (finding)	60845006	Dyspnea on exertion (finding)
dyssomnia (disorder)	44186003	Dyssomnia (disorder)
dysthymia (disorder)	78667006	Dysthymia (disorder)
dystonia (disorder)	15802004	Dystonia (disorder)
dystrophia unguium (disorder)	87065009	Dystrophia unguium (disorder)
dystrophy of vulva (disorder)	51689003	Dystrophy of vulva (disorder)
dysuria (finding)	49650001	Dysuria (finding)
ear disorder screening (procedure)	171219003	Ear disorder screening (procedure)
ear pressure sensation (finding)	162403009	Ear pressure sensation (finding)
ear problem (finding)	300197009	Ear problem (finding)
early neonatal disorder caused by maternal analgesia transmitted via placenta during labor (disorder)	1264184001	Early neonatal disorder caused by maternal analgesia transmitted via placenta during labor (disorder)
early neonatal disorder caused by maternal anesthesia transmitted via placenta during labor (disorder)	1264186004	Early neonatal disorder caused by maternal anesthesia transmitted via placenta during labor (disorder)
early neonatal disorder due to breech delivery (disorder)	1259206005	Early neonatal disorder due to breech delivery (disorder)
early neonatal disorder due to breech extraction (disorder)	1259208006	Early neonatal disorder due to breech extraction (disorder)
early neonatal disorder due to malpresentation during delivery (disorder)	1263688008	Early neonatal disorder due to malpresentation during delivery (disorder)
early neonatal disorder due to maternal disorder during pregnancy (disorder)	1269103007	Early neonatal disorder due to maternal disorder during pregnancy (disorder)
early neonatal disorder due to multiple pregnancy (disorder)	1263693006	Early neonatal disorder due to multiple pregnancy (disorder)
early neonatal jaundice due to excessive hemolysis (disorder)	1335859001	Early neonatal jaundice due to excessive hemolysis (disorder)
early neonatal jaundice due to galactosemia (disorder)	1335871007	Early neonatal jaundice due to galactosemia (disorder)
early neonatal jaundice due to hereditary hemolytic anemia (disorder)	1335874004	Early neonatal jaundice due to hereditary hemolytic anemia (disorder)
early onset dysthymia (disorder)	2506003	Early onset dysthymia (disorder)
early satiety (finding)	442076002	Early satiety (finding)
easy bruising (finding)	424131007	Easy bruising (finding)
eating disorder (disorder)	72366004	Eating disorder (disorder)
ebstein's anomaly of tricuspid valve (disorder)	204357006	Ebstein's anomaly of tricuspid valve (disorder)
ecchymosis (finding)	302227002	Ecchymosis (finding)
echocardiogram abnormal (finding)	169241000	Echocardiogram abnormal (finding)
echocardiography (procedure)	40701008	Echocardiography (procedure)
ectopic pregnancy (disorder)	34801009	Ectopic pregnancy (disorder)
ectropion of eyelid (disorder)	62909004	Ectropion of eyelid (disorder)
eczema (disorder)	43116000	Eczema (disorder)
edema (finding)	267038008	Edema (finding)
edema of eyelid (disorder)	89091004	Edema of eyelid (disorder)
edema of face (finding)	445088006	Edema of face (finding)
edema of foot (finding)	102576009	Edema of foot (finding)
edema of lower extremity (finding)	102572006	Edema of lower extremity (finding)
edema of lower leg (finding)	449707004	Edema of lower leg (finding)
edema of optic disc (disorder)	423341008	Edema of optic disc (disorder)
edema of the upper extremity (finding)	102558002	Edema of the upper extremity (finding)
edentulous (finding)	278650002	Edentulous (finding)
education (procedure)	409073007	Education (procedure)
education about immunization (procedure)	171044003	Education about immunization (procedure)
education and/or schooling finding (finding)	365458002	Education and/or schooling finding (finding)
educational problem (finding)	4506002	Educational problem (finding)
effusion of bilateral pleural cavities (disorder)	425802001	Effusion of bilateral pleural cavities (disorder)
effusion of joint (disorder)	387637008	Effusion of joint (disorder)
ehlers-danlos syndrome (disorder)	398114001	Ehlers-Danlos syndrome (disorder)
elbow fracture (disorder)	309464009	Elbow fracture (disorder)
elbow joint unstable (finding)	298924009	Elbow joint unstable (finding)
elbow tendinopathy (disorder)	73583000	Elbow tendinopathy (disorder)
elderly primigravida (finding)	29399001	Elderly primigravida (finding)
electrocardiogram abnormal (finding)	102594003	Electrocardiogram abnormal (finding)
electrocardiographic procedure (procedure)	29303009	Electrocardiographic procedure (procedure)
electroencephalogram abnormal (finding)	274521009	Electroencephalogram abnormal (finding)
electrolyte imbalance (disorder)	105593004	Electrolyte imbalance (disorder)
elevated blood pressure reading without diagnosis of hypertension (situation)	371622005	Elevated blood pressure reading without diagnosis of hypertension (situation)
elevated level of transaminase and lactic acid dehydrogenase (finding)	274774002	Elevated level of transaminase and lactic acid dehydrogenase (finding)
embolism from thrombosis of vein of distal lower extremity (disorder)	439162001	Embolism from thrombosis of vein of distal lower extremity (disorder)
embolism from thrombosis of vein of lower extremity (disorder)	444816006	Embolism from thrombosis of vein of lower extremity (disorder)
embryonic cyst of broad ligament (disorder)	253826001	Embryonic cyst of broad ligament (disorder)
embryonic cyst of fimbria of fallopian tube (disorder)	64233004	Embryonic cyst of fimbria of fallopian tube (disorder)
emotional stress (finding)	442347009	Emotional stress (finding)
emotionally unstable personality disorder (disorder)	191765005	Emotionally unstable personality disorder (disorder)
employment problem (finding)	75148009	Employment problem (finding)
empyema (disorder)	312682007	Empyema (disorder)
empyema of gallbladder (disorder)	73125001	Empyema of gallbladder (disorder)
empyema of pleura (disorder)	58554001	Empyema of pleura (disorder)
encephalitis (disorder)	45170000	Encephalitis (disorder)
enchondroma (morphologic abnormality)	423699002	Enchondroma (morphologic abnormality)
enchondroma of bone (disorder)	443496006	Enchondroma of bone (disorder)
encopresis (finding)	302690004	Encopresis (finding)
encopresis with constipation and overflow incontinence (finding)	73149003	Encopresis with constipation AND overflow incontinence (finding)
end stage renal failure on dialysis (disorder)	236435004	End stage renal failure on dialysis (disorder)
end-stage renal disease (disorder)	46177005	End-stage renal disease (disorder)
endemic goiter (disorder)	56805008	Endemic goiter (disorder)
endocarditis (disorder)	56819008	Endocarditis (disorder)
endocervical polyp (disorder)	8220004	Endocervical polyp (disorder)
endocrine/metabolic screening (procedure)	268549006	Endocrine/metabolic screening (procedure)
endogenous depression (disorder)	300706003	Endogenous depression (disorder)
endolymphatic hydrops (disorder)	9794007	Endolymphatic hydrops (disorder)
endometrial biopsy (procedure)	386802000	Endometrial biopsy (procedure)
endometrial carcinoma (disorder)	254878006	Endometrial carcinoma (disorder)
endometrial cystic hyperplasia (disorder)	198321009	Endometrial cystic hyperplasia (disorder)
endometrial hyperplasia (disorder)	237072009	Endometrial hyperplasia (disorder)
endometriosis (disorder)	129103003	Endometriosis (disorder)
endometriosis of ovary (disorder)	266589005	Endometriosis of ovary (disorder)
endometriosis of pelvis (disorder)	26681001	Endometriosis of pelvis (disorder)
endometriosis of serosa of pelvic peritoneum (disorder)	724454004	Endometriosis of serosa of pelvic peritoneum (disorder)
endometriosis of uterus (disorder)	76376003	Endometriosis of uterus (disorder)
endometritis (disorder)	78623009	Endometritis (disorder)
endophthalmitis (disorder)	1847009	Endophthalmitis (disorder)
endoscopic retrograde cholangiopancreatography using fluoroscopic guidance with contrast (procedure)	712470002	Endoscopic retrograde cholangiopancreatography using fluoroscopic guidance with contrast (procedure)
endoscopy and biopsy of upper gastrointestinal tract (procedure)	445982009	Endoscopy and biopsy of upper gastrointestinal tract (procedure)
endovascular repair of abdominal aortic aneurysm (procedure)	444588006	Endovascular repair of abdominal aortic aneurysm (procedure)
enlarged uterus (finding)	198319004	Enlarged uterus (finding)
enlargement of tonsil or adenoid (disorder)	232419008	Enlargement of tonsil or adenoid (disorder)
enlarging abdominal aortic aneurysm (disorder)	425771001	Enlarging abdominal aortic aneurysm (disorder)
enophthalmos (disorder)	80093006	Enophthalmos (disorder)
enteric campylobacteriosis (disorder)	18081009	Enteric campylobacteriosis (disorder)
enterobiasis (disorder)	266162007	Enterobiasis (disorder)
enterocutaneous fistula (disorder)	197247001	Enterocutaneous fistula (disorder)
enteroviral vesicular stomatitis with exanthem (disorder)	266108008	Enteroviral vesicular stomatitis with exanthem (disorder)
enthesopathy of ankle and/or tarsus (disorder)	21409006	Enthesopathy of ankle AND/OR tarsus (disorder)
enthesopathy of foot region (disorder)	240028007	Enthesopathy of foot region (disorder)
enthesopathy of wrist and/or carpus (disorder)	33439002	Enthesopathy of wrist AND/OR carpus (disorder)
enthesopathy of wrist and/or hand (disorder)	302936009	Enthesopathy of wrist and/or hand (disorder)
entropion of eyelid (disorder)	33168009	Entropion of eyelid (disorder)
enucleation of eyeball (procedure)	172132001	Enucleation of eyeball (procedure)
environmental allergy (finding)	426232007	Environmental allergy (finding)
eosinophil count above reference range (finding)	386789004	Eosinophil count above reference range (finding)
eosinophilic esophagitis (disorder)	235599003	Eosinophilic esophagitis (disorder)
ependymoma (disorder)	443643007	Ependymoma (disorder)
epiblepharon (disorder)	253212001	Epiblepharon (disorder)
epicranial subaponeurotic hemorrhage (disorder)	276622005	Epicranial subaponeurotic hemorrhage (disorder)
epidemic vertigo (disorder)	186738001	Epidemic vertigo (disorder)
epidermal nevus (disorder)	239107007	Epidermal nevus (disorder)
epidermoid cyst (disorder)	419893006	Epidermoid cyst (disorder)
epidermoid cyst of skin (disorder)	419603000	Epidermoid cyst of skin (disorder)
epididymitis (disorder)	31070006	Epididymitis (disorder)
epigastric pain (finding)	79922009	Epigastric pain (finding)
epilepsy (disorder)	84757009	Epilepsy (disorder)
epilepsy with generalized tonic-clonic seizures alone (disorder)	230414008	Epilepsy with generalized tonic-clonic seizures alone (disorder)
epileptic seizure (finding)	313307000	Epileptic seizure (finding)
epiphora (disorder)	193982009	Epiphora (disorder)
epiphora due to insufficient drainage (disorder)	85042000	Epiphora due to insufficient drainage (disorder)
epiretinal membrane (disorder)	367649002	Epiretinal membrane (disorder)
episcleritis (disorder)	815008	Episcleritis (disorder)
episodic chronic alcoholism (disorder)	191812006	Episodic chronic alcoholism (disorder)
episodic nondependent harmful pattern of use of alcohol (disorder)	191883007	Episodic nondependent harmful pattern of use of alcohol (disorder)
episodic nondependent harmful pattern of use of cannabis (disorder)	191894006	Episodic nondependent harmful pattern of use of cannabis (disorder)
episodic nondependent harmful pattern of use of cocaine (disorder)	191919001	Episodic nondependent harmful pattern of use of cocaine (disorder)
episodic tension-type headache (disorder)	230470007	Episodic tension-type headache (disorder)
epithelial basement membrane dystrophy (disorder)	373426005	Epithelial basement membrane dystrophy (disorder)
epstein-barr virus antibody detected in serum (finding)	445460009	Epstein-Barr virus antibody detected in serum (finding)
epstein-barr virus disease (disorder)	240530001	Epstein-Barr virus disease (disorder)
erb-duchenne paralysis (disorder)	78141002	Erb-Duchenne paralysis (disorder)
erectile dysfunction (disorder)	860914002	Erectile dysfunction (disorder)
erectile dysfunction due to psychophysiologic disorder (disorder)	860918004	Erectile dysfunction due to psychophysiologic disorder (disorder)
erectile dysfunction due to type 2 diabetes mellitus (disorder)	428007007	Erectile dysfunction due to type 2 diabetes mellitus (disorder)
erosion of oral mucosa (disorder)	235019006	Erosion of oral mucosa (disorder)
erosion of stomach with hemorrhage (disorder)	307233002	Erosion of stomach with hemorrhage (disorder)
eruption caused by drug (disorder)	28926001	Eruption caused by drug (disorder)
eruption of skin (disorder)	271807003	Eruption of skin (disorder)
erysipelas (disorder)	44653001	Erysipelas (disorder)
erythema (finding)	247441003	Erythema (finding)
erythema multiforme (disorder)	36715001	Erythema multiforme (disorder)
erythema nodosum (disorder)	32861005	Erythema nodosum (disorder)
erythrocyte sedimentation rate above reference range (finding)	165468009	Erythrocyte sedimentation rate above reference range (finding)
erythrocytosis (disorder)	127062003	Erythrocytosis (disorder)
erythroderma (disorder)	399992009	Erythroderma (disorder)
erythromelalgia (disorder)	37151006	Erythromelalgia (disorder)
esophageal bleeding (disorder)	15238002	Esophageal bleeding (disorder)
esophageal dysmotility (disorder)	266434009	Esophageal dysmotility (disorder)
esophageal dysphagia (disorder)	40890009	Esophageal dysphagia (disorder)
esophageal varices (disorder)	28670008	Esophageal varices (disorder)
esophageal varices associated with another disorder (disorder)	195474004	Esophageal varices associated with another disorder (disorder)
esophageal varices due to cirrhosis of liver (disorder)	897004000	Esophageal varices due to cirrhosis of liver (disorder)
esophageal varices without bleeding (disorder)	14223005	Esophageal varices without bleeding (disorder)
esophagitis (disorder)	16761005	Esophagitis (disorder)
esophagogastric fundoplasty (procedure)	48835001	Esophagogastric fundoplasty (procedure)
esophagogastroduodenoscopy (procedure)	76009000	Esophagogastroduodenoscopy (procedure)
esotropia (disorder)	16596007	Esotropia (disorder)
esotropia with accommodative compensation (disorder)	194112008	Esotropia with accommodative compensation (disorder)
essential hypertension (disorder)	59621000	Essential hypertension (disorder)
essential thrombocythemia (disorder)	109994006	Essential thrombocythemia (disorder)
essential tremor (disorder)	609558009	Essential tremor (disorder)
ethmoidal sinusitis (disorder)	18643000	Ethmoidal sinusitis (disorder)
eustachian tube disorder (disorder)	69494008	Eustachian tube disorder (disorder)
evaluation and/or management - new patient (procedure)	108220007	Evaluation AND/OR management - new patient (procedure)
ewing's sarcoma of bone (disorder)	307608006	Ewing's sarcoma of bone (disorder)
ex-smoker (finding)	8517006	Ex-smoker (finding)
exacerbation of asthma (disorder)	281239006	Exacerbation of asthma (disorder)
examination for population survey (procedure)	171419001	Examination for population survey (procedure)
examination of breast (procedure)	46662001	Examination of breast (procedure)
exanthema subitum (disorder)	54385001	Exanthema subitum (disorder)
excess skin of eyelid (finding)	246815009	Excess skin of eyelid (finding)
excessive and frequent menstruation (finding)	266601003	Excessive and frequent menstruation (finding)
excessive cerumen in ear canal (disorder)	126946000	Excessive cerumen in ear canal (disorder)
excessive eating (finding)	267023007	Excessive eating (finding)
excessive fetal growth affecting management of mother (disorder)	22173004	Excessive fetal growth affecting management of mother (disorder)
excessive self-criticism (finding)	445179000	Excessive self-criticism (finding)
excessive sweating (finding)	52613005	Excessive sweating (finding)
excessive thirst (finding)	17173007	Excessive thirst (finding)
excessive upper gastrointestinal gas (finding)	162076009	Excessive upper gastrointestinal gas (finding)
excessive vomiting in pregnancy (disorder)	14094001	Excessive vomiting in pregnancy (disorder)
excessive weight gain measured during pregnancy (finding)	1149345007	Excessive weight gain measured during pregnancy (finding)
exchange of intraocular lens (procedure)	231751005	Exchange of intraocular lens (procedure)
excision of appendix (procedure)	80146002	Excision of appendix (procedure)
excision of bilateral fallopian tubes and ovaries (procedure)	29827000	Excision of bilateral fallopian tubes and ovaries (procedure)
excision of breast (procedure)	1231734007	Excision of breast (procedure)
excision of bunion (procedure)	27480002	Excision of bunion (procedure)
excision of colon (procedure)	23968004	Excision of colon (procedure)
excision of lamina of cervical vertebra (procedure)	445429009	Excision of lamina of cervical vertebra (procedure)
excision of lamina of lumbar vertebra for decompression of spinal cord (procedure)	427752004	Excision of lamina of lumbar vertebra for decompression of spinal cord (procedure)
excision of lamina of vertebra (procedure)	387731002	Excision of lamina of vertebra (procedure)
excision of liver (procedure)	107963000	Excision of liver (procedure)
excision of skin tag (procedure)	309430005	Excision of skin tag (procedure)
excision of stomach structure (procedure)	53442002	Excision of stomach structure (procedure)
excision of tumor of brain meninges (procedure)	230810008	Excision of tumor of brain meninges (procedure)
excision of urinary bladder (procedure)	108034003	Excision of urinary bladder (procedure)
excoriation of skin (disorder)	247444006	Excoriation of skin (disorder)
exercise induced bronchospasm (disorder)	707440005	Exercise induced bronchospasm (disorder)
exercise stress echocardiography (procedure)	433233004	Exercise stress echocardiography (procedure)
exercise tolerance test (procedure)	165079009	Exercise tolerance test (procedure)
exercise tolerance test abnormal (finding)	165084003	Exercise tolerance test abnormal (finding)
exercises education, guidance, and counseling (procedure)	410289001	Exercises education, guidance, and counseling (procedure)
exophthalmos (disorder)	18265008	Exophthalmos (disorder)
exostosis (disorder)	416189003	Exostosis (disorder)
exostosis of jaw (disorder)	111347003	Exostosis of jaw (disorder)
exotropia (disorder)	399054005	Exotropia (disorder)
exploratory laparotomy (procedure)	74770008	Exploratory laparotomy (procedure)
exposure keratoconjunctivitis (disorder)	14366000	Exposure keratoconjunctivitis (disorder)
exposure to bordetella pertussis (event)	444387000	Exposure to Bordetella pertussis (event)
exposure to communicable disease (navigational concept)	444107005	Exposure to communicable disease (navigational concept)
exposure to hepatitis b virus (event)	444486008	Exposure to Hepatitis B virus (event)
exposure to hepatitis c virus (event)	444563003	Exposure to Hepatitis C virus (event)
exposure to human immunodeficiency virus (event)	444356002	Exposure to Human immunodeficiency virus (event)
exposure to mycobacterium tuberculosis (event)	444507004	Exposure to Mycobacterium tuberculosis (event)
exposure to organism (event)	444071008	Exposure to organism (event)
exposure to viral hepatitis (event)	444491009	Exposure to viral hepatitis (event)
expressive language disorder (disorder)	229733002	Expressive language disorder (disorder)
external beam radiation therapy procedure (procedure)	33195004	External beam radiation therapy procedure (procedure)
external hemorrhoids (disorder)	23913003	External hemorrhoids (disorder)
extraction of cataract (procedure)	54885007	Extraction of cataract (procedure)
extramammary paget's disease of skin (disorder)	254727007	Extramammary Paget's disease of skin (disorder)
extranodal marginal zone lymphoma of mucosa-associated lymphoid tissue of stomach (disorder)	444597005	Extranodal marginal zone lymphoma of mucosa-associated lymphoid tissue of stomach (disorder)
extrapyramidal disease (disorder)	76349003	Extrapyramidal disease (disorder)
extreme immaturity (disorder)	276658003	Extreme immaturity (disorder)
exudative age-related macular degeneration (disorder)	414173003	Exudative age-related macular degeneration (disorder)
eye disorder screening (procedure)	274412005	Eye disorder screening (procedure)
eye infection (disorder)	128351009	Eye infection (disorder)
facial laceration (disorder)	370247008	Facial laceration (disorder)
facial nerve disorder (disorder)	422426003	Facial nerve disorder (disorder)
facial palsy (disorder)	280816001	Facial palsy (disorder)
facial spasm (finding)	32402008	Facial spasm (finding)
facial swelling (finding)	278528006	Facial swelling (finding)
factor v leiden mutation (disorder)	307091009	Factor V Leiden mutation (disorder)
failed attempted induction of labor (situation)	1365934004	Failed attempted induction of labor (situation)
failed attempted medical induction of labor (situation)	1365937006	Failed attempted medical induction of labor (situation)
failed ventouse delivery (situation)	772005003	Failed ventouse delivery (situation)
failure to gain weight (finding)	36440009	Failure to gain weight (finding)
failure to progress in second stage of labor (finding)	249166003	Failure to progress in second stage of labor (finding)
failure to thrive (disorder)	54840006	Failure to thrive (disorder)
fall (event)	1912002	Fall (event)
fall from chair or bed (event)	217142006	Fall from chair or bed (event)
fall from ladder (event)	86591008	Fall from ladder (event)
fall from one level to another (event)	242408008	Fall from one level to another (event)
fall from playground equipment (event)	41411008	Fall from playground equipment (event)
fall from steps (event)	217094006	Fall from steps (event)
fall on same level due to impact against another person (event)	274919008	Fall on same level due to impact against another person (event)
fall on same level from slipping (event)	217155007	Fall on same level from slipping (event)
fall on same level from slipping, tripping or stumbling (event)	217154006	Fall on same level from slipping, tripping or stumbling (event)
fall on same level from stumbling (event)	217157004	Fall on same level from stumbling (event)
fall on steps (event)	217093000	Fall on steps (event)
falls (finding)	161898004	Falls (finding)
false labor (finding)	199047001	False labor (finding)
familial combined hyperlipidemia (disorder)	238040008	Familial combined hyperlipidemia (disorder)
familial hypercholesterolemia (disorder)	398036000	Familial hypercholesterolemia (disorder)
familial hypoalphalipoproteinemia (disorder)	15346004	Familial hypoalphalipoproteinemia (disorder)
familial hypokalemic periodic paralysis (disorder)	82732003	Familial hypokalemic periodic paralysis (disorder)
familial lipoprotein lipase deficiency (disorder)	275598004	Familial lipoprotein lipase deficiency (disorder)
familial multiple polyposis syndrome (disorder)	72900001	Familial multiple polyposis syndrome (disorder)
family counseling (procedure)	311764000	Family counseling (procedure)
family disruption (finding)	28332004	Family disruption (finding)
family history of alcoholism (situation)	266890009	Family history of alcoholism (situation)
family history of cancer of colon (situation)	312824007	Family history of cancer of colon (situation)
family history of congenital disease (situation)	160417009	Family history of congenital disease (situation)
family history of diabetes mellitus (situation)	160303001	Family history of diabetes mellitus (situation)
family history of disorder (situation)	281666001	Family history of disorder (situation)
family history of hereditary disease (situation)	429962007	Family history of hereditary disease (situation)
family history of ischemic heart disease (situation)	297242006	Family history of ischemic heart disease (situation)
family history of malignant melanoma (situation)	427858005	Family history of malignant melanoma (situation)
family history of malignant neoplasm (situation)	275937001	Family history of malignant neoplasm (situation)
family history of malignant neoplasm of breast (situation)	429740004	Family history of malignant neoplasm of breast (situation)
family history of malignant neoplasm of gastrointestinal tract (situation)	429006005	Family history of malignant neoplasm of gastrointestinal tract (situation)
family history of malignant neoplasm of genital structure (situation)	430954001	Family history of malignant neoplasm of genital structure (situation)
family history of malignant neoplasm of lung (situation)	429011007	Family history of malignant neoplasm of lung (situation)
family history of malignant neoplasm of ovary (situation)	430705002	Family history of malignant neoplasm of ovary (situation)
family history of malignant neoplasm of prostate (situation)	414205003	Family history of malignant neoplasm of prostate (situation)
family history of osteoporosis (situation)	160313009	Family history of osteoporosis (situation)
family history of perinatal death (situation)	1290142009	Family history of perinatal death (situation)
family history of polyp of colon (situation)	429969003	Family history of polyp of colon (situation)
family history of renal stone (situation)	416519002	Family history of renal stone (situation)
family history of stroke (situation)	275104002	Family history of stroke (situation)
family history: allergy (situation)	160469004	Family history: Allergy (situation)
family history: alzheimer's disease (situation)	394877006	Family history: Alzheimer's disease (situation)
family history: arthritis (situation)	275134007	Family history: Arthritis (situation)
family history: asthma (situation)	160377001	Family history: Asthma (situation)
family history: atopy (situation)	160474007	Family history: Atopy (situation)
family history: blood disorder (situation)	160316001	Family history: Blood disorder (situation)
family history: breast disease (situation)	160392000	Family history: Breast disease (situation)
family history: cardiovascular disease (situation)	266894000	Family history: Cardiovascular disease (situation)
family history: coronary thrombosis (situation)	275124003	Family history: Coronary thrombosis (situation)
family history: diabetes in pregnancy (situation)	160402005	Family history: Diabetes in pregnancy (situation)
family history: gastrointestinal disease (situation)	160381001	Family history: Gastrointestinal disease (situation)
family history: glaucoma (situation)	160347007	Family history: Glaucoma (situation)
family history: hypertension (situation)	160357008	Family history: Hypertension (situation)
family history: neoplasm of ovary (situation)	160297008	Family history: neoplasm of ovary (situation)
family history: raised blood lipids (situation)	266887003	Family history: Raised blood lipids (situation)
family history: thyroid disorder (situation)	160302006	Family history: Thyroid disorder (situation)
family planning education (procedure)	397619005	Family planning education (procedure)
family planning education, guidance, and counseling (procedure)	410290005	Family planning education, guidance, and counseling (procedure)
family problems (finding)	248539004	Family problems (finding)
family tension (finding)	105485001	Family tension (finding)
fasciitis (disorder)	36948007	Fasciitis (disorder)
fatigue (finding)	84229001	Fatigue (finding)
fatty stool (finding)	66187002	Fatty stool (finding)
fear of becoming fat (finding)	247824007	Fear of becoming fat (finding)
febrile convulsion (finding)	41497008	Febrile convulsion (finding)
febrile disorder (disorder)	416113008	Febrile disorder (disorder)
febrile neutropenia (disorder)	409089005	Febrile neutropenia (disorder)
fecal impaction (disorder)	44635007	Fecal impaction (disorder)
fecal peritonitis (disorder)	235985005	Fecal peritonitis (disorder)
feces contents abnormal (finding)	249625002	Feces contents abnormal (finding)
feeding difficulties and mismanagement (finding)	274540003	Feeding difficulties and mismanagement (finding)
feeding disorder of infancy or early childhood (disorder)	74142004	Feeding disorder of infancy OR early childhood (disorder)
feeding poor (finding)	299698007	Feeding poor (finding)
feeding problem (finding)	78164000	Feeding problem (finding)
feeding problems in newborn (finding)	72552008	Feeding problems in newborn (finding)
feeling agitated (finding)	24199005	Feeling agitated (finding)
feeling angry (finding)	75408008	Feeling angry (finding)
feeling irritable (finding)	55929007	Feeling irritable (finding)
feeling of lump in throat (finding)	267103008	Feeling of lump in throat (finding)
feeling suicidal (finding)	225457007	Feeling suicidal (finding)
female cystocele (disorder)	252005008	Female cystocele (disorder)
female hypogonadism syndrome (disorder)	16041008	Female hypogonadism syndrome (disorder)
female infertility (disorder)	6738008	Female infertility (disorder)
female infertility due to diminished ovarian reserve (disorder)	427547007	Female infertility due to diminished ovarian reserve (disorder)
female infertility of anovulatory origin (disorder)	266609001	Female infertility of anovulatory origin (disorder)
female infertility of tubal origin (disorder)	39446004	Female infertility of tubal origin (disorder)
female pelvic inflammatory disease (disorder)	198130006	Female pelvic inflammatory disease (disorder)
female pelvic peritoneal adhesions (disorder)	62394006	Female pelvic peritoneal adhesions (disorder)
female urinary stress incontinence (finding)	60241006	Female urinary stress incontinence (finding)
femoral false aneurysm (disorder)	312373008	Femoral false aneurysm (disorder)
femoral-popliteal artery bypass graft (procedure)	112828007	Femoral-popliteal artery bypass graft (procedure)
femoral-popliteal artery bypass graft with vein (procedure)	50807007	Femoral-popliteal artery bypass graft with vein (procedure)
fetal and/or early neonatal disorder due to disproportion during labor and/or delivery (disorder)	1259918007	Fetal and/or early neonatal disorder due to disproportion during labor and/or delivery (disorder)
fetal and/or neonatal respiratory disorder (disorder)	17849001	Fetal and/or neonatal respiratory disorder (disorder)
fetal condition affecting obstetrical care of mother (disorder)	106009009	Fetal condition affecting obstetrical care of mother (disorder)
fetal damage from maternal infectious disorder (disorder)	609428000	Fetal damage from maternal infectious disorder (disorder)
fetal death (event)	276507005	Fetal death (event)
fetal disorder caused by maternal analgesia transmitted via placenta (disorder)	1264181009	Fetal disorder caused by maternal analgesia transmitted via placenta (disorder)
fetal disorder caused by maternal anesthesia transmitted via placenta (disorder)	1264187008	Fetal disorder caused by maternal anesthesia transmitted via placenta (disorder)
fetal disorder due to breech delivery (disorder)	1259205009	Fetal disorder due to breech delivery (disorder)
fetal disorder due to disease in mother (disorder)	609429008	Fetal disorder due to disease in mother (disorder)
fetal disorder due to disproportion during delivery (disorder)	1259925000	Fetal disorder due to disproportion during delivery (disorder)
fetal disorder due to disproportion during labor (disorder)	1259919004	Fetal disorder due to disproportion during labor (disorder)
fetal disorder due to malposition during delivery (disorder)	1263634003	Fetal disorder due to malposition during delivery (disorder)
fetal disorder due to malposition during labor (disorder)	1263633009	Fetal disorder due to malposition during labor (disorder)
fetal disorder due to malpresentation during delivery (disorder)	1259923007	Fetal disorder due to malpresentation during delivery (disorder)
fetal disorder due to malpresentation during labor (disorder)	1259921009	Fetal disorder due to malpresentation during labor (disorder)
fetal disorder due to maternal disorder during pregnancy (disorder)	1269102002	Fetal disorder due to maternal disorder during pregnancy (disorder)
fetal disorder due to multiple pregnancy (disorder)	1263692001	Fetal disorder due to multiple pregnancy (disorder)
fetal disorder due to oligohydramnios (disorder)	1263727005	Fetal disorder due to oligohydramnios (disorder)
fetal disorder due to pelvic size and disproportion during delivery (disorder)	1263638000	Fetal disorder due to pelvic size and disproportion during delivery (disorder)
fetal disorder due to pelvic size and disproportion during labor (disorder)	1263637005	Fetal disorder due to pelvic size and disproportion during labor (disorder)
fetal disorder due to polyhydramnios (disorder)	1263728000	Fetal disorder due to polyhydramnios (disorder)
fetal disorder due to premature rupture of membranes (disorder)	1263729008	Fetal disorder due to premature rupture of membranes (disorder)
fetal disorder due to transverse lie during labor (disorder)	1263630007	Fetal disorder due to transverse lie during labor (disorder)
fetal distress affecting management of mother (disorder)	12867002	Fetal distress affecting management of mother (disorder)
fetal distress, in liveborn infant (finding)	90562004	Fetal distress, in liveborn infant (finding)
fetal growth retardation (disorder)	22033007	Fetal growth retardation (disorder)
fetal heart rate absent (finding)	289439005	Fetal heart rate absent (finding)
fetal hydronephrosis (disorder)	430031008	Fetal hydronephrosis (disorder)
fetal intrapartum and/or early neonatal disorder due to prolapsed cord (disorder)	1197061008	Fetal intrapartum and/or early neonatal disorder due to prolapsed cord (disorder)
fetal intrauterine distress first noted during labor and/or delivery in liveborn infant (finding)	7996008	Fetal intrauterine distress first noted during labor AND/OR delivery in liveborn infant (finding)
fetal malposition and malpresentation (disorder)	270498000	Fetal malposition and malpresentation (disorder)
fever (finding)	386661006	Fever (finding)
fiberoptic colonoscopy through colostomy (procedure)	8180007	Fiberoptic colonoscopy through colostomy (procedure)
fibroadenoma of breast (disorder)	254845004	Fibroadenoma of breast (disorder)
fibroadenosis of breast (disorder)	23260002	Fibroadenosis of breast (disorder)
fibrocystic breast changes (finding)	27431007	Fibrocystic breast changes (finding)
fibroma (disorder)	424568000	Fibroma (disorder)
fibromuscular dysplasia of wall of artery (disorder)	783729004	Fibromuscular dysplasia of wall of artery (disorder)
fibromyositis (disorder)	24693007	Fibromyositis (disorder)
fibrosarcoma (morphologic abnormality)	53654007	Fibrosarcoma (morphologic abnormality)
fibrosis of lung (disorder)	51615001	Fibrosis of lung (disorder)
fibrositis (disorder)	56557000	Fibrositis (disorder)
fibrous histiocytoma of skin (disorder)	254750001	Fibrous histiocytoma of skin (disorder)
fibrous histiocytoma of tendon sheath (disorder)	310605004	Fibrous histiocytoma of tendon sheath (disorder)
fibrous histiocytoma, malignant (morphologic abnormality)	34360000	Fibrous histiocytoma, malignant (morphologic abnormality)
financial problem (finding)	160932005	Financial problem (finding)
fine motor impairment (finding)	228148009	Fine motor impairment (finding)
first degree atrioventricular block (disorder)	270492004	First degree atrioventricular block (disorder)
first degree perineal laceration (disorder)	57759005	First degree perineal laceration (disorder)
first degree uterine prolapse (disorder)	48230001	First degree uterine prolapse (disorder)
first stage of labor (finding)	6893006	First stage of labor (finding)
fistula (disorder)	428794004	Fistula (disorder)
fistula of hard palate (disorder)	426014000	Fistula of hard palate (disorder)
fitting of complete denture (procedure)	1144279009	Fitting of complete denture (procedure)
fitting of denture (procedure)	1269321004	Fitting of denture (procedure)
fitting of partial denture (procedure)	1269323001	Fitting of partial denture (procedure)
flaccid hemiplegia of nondominant side (disorder)	442077006	Flaccid hemiplegia of nondominant side (disorder)
flaccid neurogenic urinary bladder (finding)	427482006	Flaccid neurogenic urinary bladder (finding)
flank pain (finding)	247355005	Flank pain (finding)
flatulence symptom (finding)	308698004	Flatulence symptom (finding)
flatulence, eructation and gas pain (finding)	271832001	Flatulence, eructation and gas pain (finding)
flexible fiberoptic sigmoidoscopy (procedure)	44441009	Flexible fiberoptic sigmoidoscopy (procedure)
flexor tenosynovitis of finger (disorder)	202912006	Flexor tenosynovitis of finger (disorder)
fluid volume disorder (disorder)	1860003	Fluid volume disorder (disorder)
fluoroscopic angiography of carotid artery with contrast (procedure)	420171008	Fluoroscopic angiography of carotid artery with contrast (procedure)
fluoroscopic hysterosalpingography with contrast (procedure)	418120006	Fluoroscopic hysterosalpingography with contrast (procedure)
flushing (disorder)	238810007	Flushing (disorder)
focal epilepsy (disorder)	230381009	Focal epilepsy (disorder)
focal glomerular sclerosis (disorder)	25821008	Focal glomerular sclerosis (disorder)
focal onset aware epileptic seizure (finding)	117891000119100	Focal onset aware epileptic seizure (finding)
focal onset epileptic seizure (finding)	29753000	Focal onset epileptic seizure (finding)
focal onset impaired awareness epileptic seizure (finding)	407675009	Focal onset impaired awareness epileptic seizure (finding)
focal to bilateral tonic-clonic epileptic seizure (finding)	246544003	Focal to bilateral tonic-clonic epileptic seizure (finding)
follicular cyst of ovary (disorder)	2615004	Follicular cyst of ovary (disorder)
follicular non-hodgkin's lymphoma, large cell (disorder)	109972003	Follicular non-Hodgkin's lymphoma, large cell (disorder)
follicular thyroid carcinoma (disorder)	255028004	Follicular thyroid carcinoma (disorder)
folliculitis (disorder)	13600006	Folliculitis (disorder)
follow-up encounter (procedure)	390906007	Follow-up encounter (procedure)
follow-up visit (procedure)	185389009	Follow-up visit (procedure)
food poisoning (disorder)	75258004	Food poisoning (disorder)
foot callus (disorder)	229811005	Foot callus (disorder)
foot pain (finding)	47933007	Foot pain (finding)
foot-drop (finding)	6077001	Foot-drop (finding)
footling breech presentation (finding)	249097002	Footling breech presentation (finding)
foreign body (disorder)	125670008	Foreign body (disorder)
foreign body - finger (disorder)	275453008	Foreign body - finger (disorder)
foreign body accident - orifice (event)	269795008	Foreign body accident - orifice (event)
foreign body in conjunctival sac (disorder)	52497002	Foreign body in conjunctival sac (disorder)
foreign body in digestive tract (disorder)	33334006	Foreign body in digestive tract (disorder)
foreign body in ear (disorder)	75441006	Foreign body in ear (disorder)
foreign body in esophagus (disorder)	47609003	Foreign body in esophagus (disorder)
foreign body in hand (disorder)	211311003	Foreign body in hand (disorder)
foreign body in lower limb (disorder)	446653004	Foreign body in lower limb (disorder)
foreign body in nose (disorder)	74699008	Foreign body in nose (disorder)
foreign body in pharynx (disorder)	25479004	Foreign body in pharynx (disorder)
foreign body in respiratory tract (disorder)	262599003	Foreign body in respiratory tract (disorder)
foreign body in skin (disorder)	93458008	Foreign body in skin (disorder)
foreign body in skin of finger (disorder)	298083004	Foreign body in skin of finger (disorder)
foreign body in vagina (disorder)	34124000	Foreign body in vagina (disorder)
foreign body of neck (disorder)	424959007	Foreign body of neck (disorder)
fourth nerve palsy (disorder)	20610004	Fourth nerve palsy (disorder)
fracture malunion (disorder)	425852005	Fracture malunion (disorder)
fracture of acetabulum (disorder)	64455005	Fracture of acetabulum (disorder)
fracture of ankle (disorder)	16114001	Fracture of ankle (disorder)
fracture of bone (disorder)	125605004	Fracture of bone (disorder)
fracture of bone of face (disorder)	157176002	Fracture of bone of face (disorder)
fracture of calcaneus (disorder)	263247007	Fracture of calcaneus (disorder)
fracture of cervical spine (disorder)	125606003	Fracture of cervical spine (disorder)
fracture of clavicle (disorder)	58150001	Fracture of clavicle (disorder)
fracture of clavicle due to birth trauma (disorder)	206209004	Fracture of clavicle due to birth trauma (disorder)
fracture of distal end of radius (disorder)	263199001	Fracture of distal end of radius (disorder)
fracture of distal end of radius and ulna (disorder)	263208005	Fracture of distal end of radius and ulna (disorder)
fracture of distal phalanx of finger (disorder)	36778005	Fracture of distal phalanx of finger (disorder)
fracture of femur (disorder)	71620000	Fracture of femur (disorder)
fracture of fibula (disorder)	75591007	Fracture of fibula (disorder)
fracture of foot (disorder)	15574005	Fracture of foot (disorder)
fracture of greater trochanter (disorder)	301034006	Fracture of greater trochanter (disorder)
fracture of hand (disorder)	20511007	Fracture of hand (disorder)
fracture of humerus (disorder)	66308002	Fracture of humerus (disorder)
fracture of lower leg (disorder)	414292006	Fracture of lower leg (disorder)
fracture of lumbar spine (disorder)	125608002	Fracture of lumbar spine (disorder)
fracture of mandible (disorder)	263172003	Fracture of mandible (disorder)
fracture of mandible, closed (disorder)	207753003	Fracture of mandible, closed (disorder)
fracture of metacarpal bone (disorder)	208393000	Fracture of metacarpal bone (disorder)
fracture of multiple bones of face (disorder)	263152008	Fracture of multiple bones of face (disorder)
fracture of multiple ribs (disorder)	1261007	Fracture of multiple ribs (disorder)
fracture of neck of femur (disorder)	5913000	Fracture of neck of femur (disorder)
fracture of orbit (disorder)	95851007	Fracture of orbit (disorder)
fracture of orbital floor (disorder)	207787008	Fracture of orbital floor (disorder)
fracture of patella (disorder)	51037009	Fracture of patella (disorder)
fracture of pelvis (disorder)	77493009	Fracture of pelvis (disorder)
fracture of phalanx of foot (disorder)	21351003	Fracture of phalanx of foot (disorder)
fracture of phalanx of hand (disorder)	405817008	Fracture of phalanx of hand (disorder)
fracture of phalanx of thumb (disorder)	274160002	Fracture of phalanx of thumb (disorder)
fracture of proximal end of femur (disorder)	263225007	Fracture of proximal end of femur (disorder)
fracture of radial head (disorder)	263196008	Fracture of radial head (disorder)
fracture of radial neck (disorder)	263197004	Fracture of radial neck (disorder)
fracture of radius (disorder)	12676007	Fracture of radius (disorder)
fracture of radius and ulna (disorder)	75857000	Fracture of radius AND ulna (disorder)
fracture of rib (disorder)	33737001	Fracture of rib (disorder)
fracture of scaphoid bone (disorder)	31975004	Fracture of scaphoid bone (disorder)
fracture of scapula (disorder)	9682006	Fracture of scapula (disorder)
fracture of shaft of femur (disorder)	54441004	Fracture of shaft of femur (disorder)
fracture of shaft of radius and/or ulna (disorder)	263207000	Fracture of shaft of radius and/or ulna (disorder)
fracture of shaft of tibia (disorder)	6990005	Fracture of shaft of tibia (disorder)
fracture of skull (disorder)	71642004	Fracture of skull (disorder)
fracture of thoracic spine (disorder)	125607007	Fracture of thoracic spine (disorder)
fracture of tibia (disorder)	31978002	Fracture of tibia (disorder)
fracture of tibia and fibula (disorder)	414293001	Fracture of tibia AND fibula (disorder)
fracture of tibial plateau (disorder)	428257007	Fracture of tibial plateau (disorder)
fracture of tooth (disorder)	36202009	Fracture of tooth (disorder)
fracture of ulna (disorder)	54556006	Fracture of ulna (disorder)
fracture of upper limb (disorder)	23406007	Fracture of upper limb (disorder)
fracture of vertebral column (disorder)	50448004	Fracture of vertebral column (disorder)
fractured nasal bones (disorder)	263171005	Fractured nasal bones (disorder)
fractures of multiple bones of lower limb (disorder)	32805004	Fractures of multiple bones of lower limb (disorder)
frank hematuria (disorder)	197941005	Frank hematuria (disorder)
fredrickson type iv hyperlipoproteinemia (disorder)	238085009	Fredrickson type IV hyperlipoproteinemia (disorder)
frontal headache (finding)	267096005	Frontal headache (finding)
frontal sinusitis (disorder)	78737005	Frontal sinusitis (disorder)
frontotemporal dementia (disorder)	230270009	Frontotemporal dementia (disorder)
frostbite of foot (disorder)	35195001	Frostbite of foot (disorder)
fuchs' corneal dystrophy (disorder)	193839007	Fuchs' corneal dystrophy (disorder)
fuchs' heterochromic cyclitis (disorder)	11226001	Fuchs' heterochromic cyclitis (disorder)
full thickness rotator cuff tear (disorder)	202843000	Full thickness rotator cuff tear (disorder)
functional constipation (disorder)	197118003	Functional constipation (disorder)
functional disorder of intestine (disorder)	81120009	Functional disorder of intestine (disorder)
functional disorder of urinary bladder (disorder)	236632007	Functional disorder of urinary bladder (disorder)
functional heart murmur (finding)	59935001	Functional heart murmur (finding)
functionless pituitary adenoma (disorder)	254962005	Functionless pituitary adenoma (disorder)
funny turn (finding)	248228001	Funny turn (finding)
furuncle (disorder)	416675009	Furuncle (disorder)
fussy toddler (finding)	444767004	Fussy toddler (finding)
galactorrhea not associated with childbirth (disorder)	78622004	Galactorrhea not associated with childbirth (disorder)
gallbladder and bile duct calculi (disorder)	312110005	Gallbladder and bile duct calculi (disorder)
gallbladder calculus (disorder)	235919008	Gallbladder calculus (disorder)
gallbladder calculus with acute cholecystitis and no obstruction (disorder)	197377009	Gallbladder calculus with acute cholecystitis and no obstruction (disorder)
gallstone pancreatitis (disorder)	95563007	Gallstone pancreatitis (disorder)
ganglion cyst (disorder)	445008009	Ganglion cyst (disorder)
ganglion cyst (morphologic abnormality)	71307009	Ganglion cyst (morphologic abnormality)
ganglion cyst of tendon sheath (disorder)	19354008	Ganglion cyst of tendon sheath (disorder)
ganglion of joint (disorder)	78435003	Ganglion of joint (disorder)
ganglion of wrist (disorder)	202942009	Ganglion of wrist (disorder)
gangrene due to type 2 diabetes mellitus (disorder)	421631007	Gangrene due to type 2 diabetes mellitus (disorder)
gangrene of foot (disorder)	195303005	Gangrene of foot (disorder)
gangrenous disorder (disorder)	372070002	Gangrenous disorder (disorder)
gastric erosion (disorder)	235651006	Gastric erosion (disorder)
gastric hemorrhage (disorder)	61401005	Gastric hemorrhage (disorder)
gastric motor function disorder (disorder)	13267003	Gastric motor function disorder (disorder)
gastric polyp (disorder)	78809005	Gastric polyp (disorder)
gastric ulcer (disorder)	397825006	Gastric ulcer (disorder)
gastric ulcer with hemorrhage (disorder)	15902003	Gastric ulcer with hemorrhage (disorder)
gastric ulcer without hemorrhage, without perforation and without obstruction (disorder)	59913009	Gastric ulcer without hemorrhage, without perforation AND without obstruction (disorder)
gastric varices (disorder)	91109007	Gastric varices (disorder)
gastritis (disorder)	4556007	Gastritis (disorder)
gastritis caused by helicobacter (disorder)	89538001	Gastritis caused by Helicobacter (disorder)
gastroduodenitis (disorder)	196731005	Gastroduodenitis (disorder)
gastroenteritis presumed infectious (disorder)	57419008	Gastroenteritis presumed infectious (disorder)
gastroesophageal reflux disease (disorder)	235595009	Gastroesophageal reflux disease (disorder)
gastroesophageal reflux disease with esophagitis (disorder)	266433003	Gastroesophageal reflux disease with esophagitis (disorder)
gastrointestinal disorder caused by drug (disorder)	196757008	Gastrointestinal disorder caused by drug (disorder)
gastrointestinal hemorrhage (disorder)	74474003	Gastrointestinal hemorrhage (disorder)
gastrointestinal stromal sarcoma (morphologic abnormality)	128756002	Gastrointestinal stromal sarcoma (morphologic abnormality)
gastrointestinal stromal tumor (disorder)	420120006	Gastrointestinal stromal tumor (disorder)
gastroparesis (disorder)	235675006	Gastroparesis (disorder)
gastroparesis due to diabetes mellitus (disorder)	713704004	Gastroparesis due to diabetes mellitus (disorder)
gastroparesis due to type 2 diabetes mellitus (disorder)	713703005	Gastroparesis due to type 2 diabetes mellitus (disorder)
gastrostomy (procedure)	54956002	Gastrostomy (procedure)
gastrostomy feeding (regime/therapy)	229917005	Gastrostomy feeding (regime/therapy)
gastrostomy present (finding)	302109006	Gastrostomy present (finding)
gender identity disorder of adulthood (disorder)	18003009	Gender identity disorder of adulthood (disorder)
general examination of patient (procedure)	162673000	General examination of patient (procedure)
general health deterioration (finding)	285384003	General health deterioration (finding)
generalized abdominal pain (finding)	102614006	Generalized abdominal pain (finding)
generalized aches and pains (finding)	82991003	Generalized aches and pains (finding)
generalized anxiety disorder (disorder)	21897009	Generalized anxiety disorder (disorder)
generalized atherosclerosis (disorder)	39823006	Generalized atherosclerosis (disorder)
generalized congenital intestinal dysmotility (disorder)	253785008	Generalized congenital intestinal dysmotility (disorder)
generalized dystonia (disorder)	425492002	Generalized dystonia (disorder)
generalized edema (finding)	271808008	Generalized edema (finding)
generalized epilepsy (disorder)	19598007	Generalized epilepsy (disorder)
generalized ischemic myocardial dysfunction (disorder)	194849004	Generalized ischemic myocardial dysfunction (disorder)
generalized onset epileptic seizure (finding)	246545002	Generalized onset epileptic seizure (finding)
generalized onset tonic-clonic epileptic seizure (finding)	1217209006	Generalized onset tonic-clonic epileptic seizure (finding)
generalized osteoarthritis (disorder)	201819000	Generalized osteoarthritis (disorder)
generalized pruritus (finding)	276444007	Generalized pruritus (finding)
generalized retinal degeneration (disorder)	95697007	Generalized retinal degeneration (disorder)
generalized seborrheic dermatitis of infants (disorder)	7297005	Generalized seborrheic dermatitis of infants (disorder)
generally unwell (finding)	213257006	Generally unwell (finding)
genital herpes simplex (disorder)	33839006	Genital herpes simplex (disorder)
genital warts (disorder)	266113007	Genital warts (disorder)
genuine stress incontinence (finding)	22220005	Genuine stress incontinence (finding)
germ cell tumor (disorder)	402878003	Germ cell tumor (disorder)
gestational age unknown (finding)	441924001	Gestational age unknown (finding)
gestational diabetes mellitus (disorder)	11687002	Gestational diabetes mellitus (disorder)
gestational diabetes mellitus class a2 (disorder)	46894009	Gestational diabetes mellitus class A2 (disorder)
gestational proteinuria (disorder)	34165000	Gestational proteinuria (disorder)
giant cell arteritis (disorder)	414341000	Giant cell arteritis (disorder)
giant cell tumor (disorder)	443790001	Giant cell tumor (disorder)
giant cell tumor (morphologic abnormality)	115238001	Giant cell tumor (morphologic abnormality)
giant papillary conjunctivitis (disorder)	231857004	Giant papillary conjunctivitis (disorder)
gilbert's syndrome (disorder)	27503000	Gilbert's syndrome (disorder)
gilles de la tourette's syndrome (disorder)	5158005	Gilles de la Tourette's syndrome (disorder)
gingivitis (disorder)	66383009	Gingivitis (disorder)
gingivostomatitis (disorder)	20607006	Gingivostomatitis (disorder)
glanular hypospadias (disorder)	429631000124104	Glanular hypospadias (disorder)
glaucoma (disorder)	23986001	Glaucoma (disorder)
glaucoma due to and following traumatic injury of globe of eye (disorder)	68241007	Glaucoma due to and following traumatic injury of globe of eye (disorder)
glaucoma due to eye inflammation (disorder)	788946007	Glaucoma due to eye inflammation (disorder)
glaucoma of childhood (disorder)	71111008	Glaucoma of childhood (disorder)
glaucoma suspect (disorder)	833278008	Glaucoma suspect (disorder)
glenoid labrum tear (disorder)	202332000	Glenoid labrum tear (disorder)
glial tumor of brain (disorder)	254936001	Glial tumor of brain (disorder)
glioblastoma multiforme (disorder)	393563007	Glioblastoma multiforme (disorder)
glioma of brainstem (disorder)	444545003	Glioma of brainstem (disorder)
glomerulonephritis (disorder)	36171008	Glomerulonephritis (disorder)
glossitis (disorder)	45534005	Glossitis (disorder)
glossodynia (disorder)	30731004	Glossodynia (disorder)
glossopyrosis (disorder)	399044006	Glossopyrosis (disorder)
glucose tolerance test outside reference range (finding)	274858002	Glucose tolerance test outside reference range (finding)
glycosuria (finding)	45154002	Glycosuria (finding)
goiter (disorder)	3716002	Goiter (disorder)
gonorrhea (disorder)	15628003	Gonorrhea (disorder)
good neonatal condition at birth (finding)	102500002	Good neonatal condition at birth (finding)
gout (disorder)	90560007	Gout (disorder)
gouty arthritis (disorder)	48440001	Gouty arthritis (disorder)
graft versus host disease of skin (disorder)	444547006	Graft versus host disease of skin (disorder)
graft-versus-host disease (disorder)	234646005	Graft-versus-host disease (disorder)
grafting to skin (procedure)	304040003	Grafting to skin (procedure)
granuloma annulare (disorder)	65508009	Granuloma annulare (disorder)
granulomatosis (disorder)	443138004	Granulomatosis (disorder)
granulomatosis (morphologic abnormality)	44328006	Granulomatosis (morphologic abnormality)
granulomatosis with polyangiitis (disorder)	195353004	Granulomatosis with polyangiitis (disorder)
graves' disease (disorder)	353295004	Graves' disease (disorder)
gravid uterus size for dates discrepancy (finding)	430933008	Gravid uterus size for dates discrepancy (finding)
greater trochanteric pain syndrome (disorder)	7674000	Greater trochanteric pain syndrome (disorder)
groin mass (finding)	281398003	Groin mass (finding)
gross motor impairment (finding)	228147004	Gross motor impairment (finding)
growth hormone deficiency (disorder)	397827003	Growth hormone deficiency (disorder)
guillain-barrã© syndrome (disorder)	40956001	Guillain-BarrÃ© syndrome (disorder)
gunshot wound (disorder)	283545005	Gunshot wound (disorder)
guttate psoriasis (disorder)	37042000	Guttate psoriasis (disorder)
gynecologic examination (procedure)	83607001	Gynecologic examination (procedure)
gynecomastia (disorder)	4754008	Gynecomastia (disorder)
habitual drinker (finding)	228320001	Habitual drinker (finding)
haemophilus influenzae pneumonia (disorder)	70036007	Haemophilus influenzae pneumonia (disorder)
hairy cell leukemia (disorder)	118613001	Hairy cell leukemia (disorder)
hallucinations (finding)	7011001	Hallucinations (finding)
hallux valgus (disorder)	122480009	Hallux valgus (disorder)
hammer toe (disorder)	122481008	Hammer toe (disorder)
hammer toe operation (procedure)	127601009	Hammer toe operation (procedure)
hand eczema (disorder)	238539001	Hand eczema (disorder)
hand joint stiff (finding)	249915009	Hand joint stiff (finding)
hand pain (finding)	53057004	Hand pain (finding)
harmful pattern of substance use (disorder)	1306692000	Harmful pattern of substance use (disorder)
harmful pattern of use of alcohol (disorder)	15167005	Harmful pattern of use of alcohol (disorder)
harmful pattern of use of amfetamine and/or amfetamine derivative (disorder)	785277001	Harmful pattern of use of amfetamine and/or amfetamine derivative (disorder)
harmful pattern of use of cannabis (disorder)	37344009	Harmful pattern of use of Cannabis (disorder)
harmful pattern of use of cocaine (disorder)	78267003	Harmful pattern of use of cocaine (disorder)
harmful pattern of use of multiple substances (disorder)	445273005	Harmful pattern of use of multiple substances (disorder)
harmful pattern of use of opioid (disorder)	5602001	Harmful pattern of use of opioid (disorder)
harmful pattern of use of sedative (disorder)	64386003	Harmful pattern of use of sedative (disorder)
harmful pattern of use of stimulant (disorder)	441527004	Harmful pattern of use of stimulant (disorder)
hartmann operation, rectal resection (procedure)	16564004	Hartmann operation, rectal resection (procedure)
harvesting of peripheral blood stem cells (procedure)	418576007	Harvesting of peripheral blood stem cells (procedure)
has special educational needs (finding)	783572008	Has special educational needs (finding)
hashimoto thyroiditis (disorder)	21983002	Hashimoto thyroiditis (disorder)
hazy vision (disorder)	246636008	Hazy vision (disorder)
head and neck injury (disorder)	282749008	Head and neck injury (disorder)
head burn (disorder)	262581006	Head burn (disorder)
head tilt (finding)	370532003	Head tilt (finding)
headache (finding)	25064002	Headache (finding)
headache following lumbar puncture (disorder)	398987004	Headache following lumbar puncture (disorder)
health examination of sub-group (procedure)	171413000	Health examination of sub-group (procedure)
hearing assessment (procedure)	427247008	Hearing assessment (procedure)
hearing disorder (disorder)	128540005	Hearing disorder (disorder)
hearing examination (procedure)	398171003	Hearing examination (procedure)
hearing loss (disorder)	15188001	Hearing loss (disorder)
hearing problem (finding)	300228004	Hearing problem (finding)
heart block (disorder)	233916004	Heart block (disorder)
heart disease (disorder)	56265001	Heart disease (disorder)
heart disease screening (procedure)	171221008	Heart disease screening (procedure)
heart failure (disorder)	84114007	Heart failure (disorder)
heart murmur (finding)	88610006	Heart murmur (finding)
heart valve disorder (disorder)	368009	Heart valve disorder (disorder)
heart-lung transplant with recipient cardiectomy-pneumonectomy (procedure)	32477003	Heart-lung transplant with recipient cardiectomy-pneumonectomy (procedure)
heartburn (finding)	16331000	Heartburn (finding)
heavy drinker (finding)	86933000	Heavy drinker (finding)
heavy-for-dates at birth regardless of gestation period (disorder)	7293009	Heavy-for-dates at birth regardless of gestation period (disorder)
heel pain (finding)	2733002	Heel pain (finding)
helicobacter pylori antibody above reference range (finding)	445514005	Helicobacter pylori antibody above reference range (finding)
helicobacter pylori gastrointestinal tract infection (disorder)	307759003	Helicobacter pylori gastrointestinal tract infection (disorder)
hemangioma (disorder)	400210000	Hemangioma (disorder)
hemangioma of intra-abdominal structure (disorder)	189197001	Hemangioma of intra-abdominal structure (disorder)
hemangioma of liver (disorder)	93469006	Hemangioma of liver (disorder)
hemangioma of skin (disorder)	93471006	Hemangioma of skin (disorder)
hemangioma of skin and subcutaneous tissue (disorder)	271481007	Hemangioma of skin and subcutaneous tissue (disorder)
hemarthrosis (disorder)	81808003	Hemarthrosis (disorder)
hemarthrosis of knee (disorder)	202413005	Hemarthrosis of knee (disorder)
hematemesis (disorder)	8765009	Hematemesis (disorder)
hematochezia (finding)	405729008	Hematochezia (finding)
hematologic neoplasm (disorder)	129154003	Hematologic neoplasm (disorder)
hematoma (disorder)	385494008	Hematoma (disorder)
hematoma of pinna (disorder)	88050005	Hematoma of pinna (disorder)
hematoma of scrotum (disorder)	89966002	Hematoma of scrotum (disorder)
hematometra (disorder)	38280009	Hematometra (disorder)
hematuria syndrome (disorder)	53298000	Hematuria syndrome (disorder)
hemianopia (finding)	77674003	Hemianopia (finding)
hemifacial spasm (disorder)	13753008	Hemifacial spasm (disorder)
hemiparesis (disorder)	20022000	Hemiparesis (disorder)
hemiplegia (disorder)	50582007	Hemiplegia (disorder)
hemiplegia as late effect of cerebrovascular accident (disorder)	442733008	Hemiplegia as late effect of cerebrovascular accident (disorder)
hemiplegia as late effect of cerebrovascular disease (disorder)	442024001	Hemiplegia as late effect of cerebrovascular disease (disorder)
hemiplegia of dominant side (disorder)	442155009	Hemiplegia of dominant side (disorder)
hemiplegia of nondominant side (disorder)	441717007	Hemiplegia of nondominant side (disorder)
hemiplegic cerebral palsy (disorder)	43486001	Hemiplegic cerebral palsy (disorder)
hemochromatosis (disorder)	399187006	Hemochromatosis (disorder)
hemodialysis (procedure)	302497006	Hemodialysis (procedure)
hemoglobin ss disease with crisis (disorder)	417425009	Hemoglobin SS disease with crisis (disorder)
hemoglobinopathy (disorder)	80141007	Hemoglobinopathy (disorder)
hemolytic anemia (disorder)	61261009	Hemolytic anemia (disorder)
hemolytic disease of fetus or newborn due to abo immunization (disorder)	32858009	Hemolytic disease of fetus OR newborn due to ABO immunization (disorder)
hemolytic uremic syndrome (disorder)	111407006	Hemolytic uremic syndrome (disorder)
hemopoietic stem cell transplant (procedure)	234336002	Hemopoietic stem cell transplant (procedure)
hemoptysis (finding)	66857006	Hemoptysis (finding)
hemorrhage due to placenta previa (disorder)	198903000	Hemorrhage due to placenta previa (disorder)
hemorrhage of colon (disorder)	95540002	Hemorrhage of colon (disorder)
hemorrhage of large intestine co-occurrent and due to diverticular disease of large intestine (disorder)	197092000	Hemorrhage of large intestine co-occurrent and due to diverticular disease of large intestine (disorder)
hemorrhage of rectum and anus (disorder)	266464001	Hemorrhage of rectum and anus (disorder)
hemorrhage of urethra (disorder)	405555006	Hemorrhage of urethra (disorder)
hemorrhagic complication of pregnancy (disorder)	106004004	Hemorrhagic complication of pregnancy (disorder)
hemorrhagic cystitis (disorder)	87696004	Hemorrhagic cystitis (disorder)
hemorrhagic diarrhea (disorder)	95545007	Hemorrhagic diarrhea (disorder)
hemorrhagic duodenitis (disorder)	95531001	Hemorrhagic duodenitis (disorder)
hemorrhagic esophagitis (disorder)	60698006	Hemorrhagic esophagitis (disorder)
hemorrhoidectomy (procedure)	24496007	Hemorrhoidectomy (procedure)
hemorrhoids (disorder)	70153002	Hemorrhoids (disorder)
hemospermia (finding)	34615008	Hemospermia (finding)
hemothorax (disorder)	31892009	Hemothorax (disorder)
hepatic encephalopathy (disorder)	13920009	Hepatic encephalopathy (disorder)
hepatic failure (disorder)	59927004	Hepatic failure (disorder)
hepatic vein thrombosis (disorder)	38739001	Hepatic vein thrombosis (disorder)
hepatitis a immune (finding)	278971009	Hepatitis A immune (finding)
hepatitis a virus antibody, total measurement (procedure)	104374007	Hepatitis A virus antibody, total measurement (procedure)
hepatitis b carrier (finding)	235871004	Hepatitis B carrier (finding)
hepatitis b core antibody measurement (procedure)	59582004	Hepatitis B core antibody measurement (procedure)
hepatitis b immune (finding)	271511000	Hepatitis B immune (finding)
hepatitis b surface antibody measurement (procedure)	65911000	Hepatitis B surface antibody measurement (procedure)
hepatitis c antibody measurement (procedure)	64411004	Hepatitis C antibody measurement (procedure)
hepatitis c carrier (finding)	235872006	Hepatitis C carrier (finding)
hepatitis c screening (procedure)	413107006	Hepatitis C screening (procedure)
hepatoblastoma (disorder)	109843000	Hepatoblastoma (disorder)
hepatorenal syndrome (disorder)	51292008	Hepatorenal syndrome (disorder)
hepatosplenomegaly (disorder)	36760000	Hepatosplenomegaly (disorder)
hereditary coagulation factor deficiency (disorder)	16922007	Hereditary coagulation factor deficiency (disorder)
hereditary corneal dystrophy (disorder)	77797009	Hereditary corneal dystrophy (disorder)
hereditary essential tremor (disorder)	609559001	Hereditary essential tremor (disorder)
hereditary factor ix deficiency disease (disorder)	41788008	Hereditary factor IX deficiency disease (disorder)
hereditary factor viii deficiency disease (disorder)	28293008	Hereditary factor VIII deficiency disease (disorder)
hereditary motor and sensory neuropathy (disorder)	398100001	Hereditary motor and sensory neuropathy (disorder)
hereditary nonpolyposis colon cancer (disorder)	315058005	Hereditary nonpolyposis colon cancer (disorder)
hereditary peripheral neuropathy (disorder)	65017003	Hereditary peripheral neuropathy (disorder)
hereditary thrombophilia (disorder)	439698008	Hereditary thrombophilia (disorder)
hernia of abdominal cavity (disorder)	52515009	Hernia of abdominal cavity (disorder)
hernia of anterior abdominal wall (disorder)	414396006	Hernia of anterior abdominal wall (disorder)
hernia repair (procedure)	50465008	Hernia repair (procedure)
herniation of nucleus pulposus (disorder)	84857004	Herniation of nucleus pulposus (disorder)
herniation of rectum into vagina (disorder)	447072005	Herniation of rectum into vagina (disorder)
herpangina (disorder)	186659004	Herpangina (disorder)
herpes labialis (disorder)	1475003	Herpes labialis (disorder)
herpes simplex (disorder)	88594005	Herpes simplex (disorder)
herpes simplex dendritic keratitis (disorder)	29943008	Herpes simplex dendritic keratitis (disorder)
herpes simplex disciform keratitis (disorder)	59523007	Herpes simplex disciform keratitis (disorder)
herpes simplex keratitis (disorder)	9389005	Herpes simplex keratitis (disorder)
herpes simplex type 1 infection (disorder)	407451003	Herpes simplex type 1 infection (disorder)
herpes simplex type 2 infection (disorder)	407450002	Herpes simplex type 2 infection (disorder)
herpes zoster (disorder)	4740000	Herpes zoster (disorder)
herpes zoster keratoconjunctivitis (disorder)	42448002	Herpes zoster keratoconjunctivitis (disorder)
herpes zoster ophthalmicus (disorder)	87513003	Herpes zoster ophthalmicus (disorder)
herpesvirus infection (disorder)	23513009	Herpesvirus infection (disorder)
herpetic gingivostomatitis (disorder)	57920007	Herpetic gingivostomatitis (disorder)
herpetic ulceration of vulva (disorder)	59819007	Herpetic ulceration of vulva (disorder)
heterozygous factor v leiden mutation (disorder)	307116001	Heterozygous Factor V Leiden mutation (disorder)
heterozygous thalassemia (disorder)	19442009	Heterozygous thalassemia (disorder)
hiatal hernia (disorder)	84089009	Hiatal hernia (disorder)
hiatal hernia with gastroesophageal reflux (disorder)	371132002	Hiatal hernia with gastroesophageal reflux (disorder)
hiccoughs (finding)	65958008	Hiccoughs (finding)
hidradenitis (disorder)	69741000	Hidradenitis (disorder)
hidradenitis suppurativa (disorder)	59393003	Hidradenitis suppurativa (disorder)
high anal fistula (disorder)	261827001	High anal fistula (disorder)
high birth weight (disorder)	276613009	High birth weight (disorder)
high density lipoprotein deficiency (disorder)	448834003	High density lipoprotein deficiency (disorder)
high frequency conductive hearing loss (disorder)	1268429005	High frequency conductive hearing loss (disorder)
high frequency sensorineural hearing loss (disorder)	1268415009	High frequency sensorineural hearing loss (disorder)
high risk pregnancy (finding)	47200007	High risk pregnancy (finding)
high risk pregnancy due to history of preterm labor (finding)	444661007	High risk pregnancy due to history of preterm labor (finding)
high risk sexual behavior (finding)	102947004	High risk sexual behavior (finding)
hilar lymphadenopathy (disorder)	87500009	Hilar lymphadenopathy (disorder)
hip stiff (finding)	249914008	Hip stiff (finding)
hirsutism (disorder)	399939002	Hirsutism (disorder)
histoplasmosis (disorder)	12962009	Histoplasmosis (disorder)
histoplasmosis with retinitis (disorder)	187058000	Histoplasmosis with retinitis (disorder)
history and physical examination (procedure)	63332003	History AND physical examination (procedure)
history and physical examination, administrative (procedure)	55804002	History and physical examination, administrative (procedure)
history and physical examination, annual for health maintenance (procedure)	78318003	History and physical examination, annual for health maintenance (procedure)
history and physical examination, complete (procedure)	5902003	History and physical examination, complete (procedure)
history and physical examination, immigration (procedure)	103738006	History and physical examination, immigration (procedure)
history and physical examination, occupation (procedure)	103739003	History and physical examination, occupation (procedure)
history and physical examination, pre-employment (procedure)	103737001	History and physical examination, pre-employment (procedure)
history and physical examination, school (procedure)	77150002	History and physical examination, school (procedure)
history and physical examination, sports participation (procedure)	103736005	History and physical examination, sports participation (procedure)
history of abnormal cervical papanicolaou smear (situation)	439956007	History of abnormal cervical Papanicolaou smear (situation)
history of adenomatous polyp of colon (situation)	429047008	History of adenomatous polyp of colon (situation)
history of alcohol use disorder (situation)	1297128004	History of alcohol use disorder (situation)
history of alcoholism (situation)	161466001	History of alcoholism (situation)
history of amputation of finger (situation)	428834009	History of amputation of finger (situation)
history of amputation of foot (situation)	429280009	History of amputation of foot (situation)
history of amputation of hallux (situation)	428835005	History of amputation of hallux (situation)
history of amputation of leg through tibia and fibula (situation)	429372004	History of amputation of leg through tibia and fibula (situation)
history of amputation of lesser toe (situation)	427892008	History of amputation of lesser toe (situation)
history of anemia (situation)	275538002	History of anemia (situation)
history of appendectomy (situation)	428251008	History of appendectomy (situation)
history of artificial eyeglobe (situation)	161675005	History of artificial eyeglobe (situation)
history of artificial joint (situation)	161679004	History of artificial joint (situation)
history of asbestos exposure (situation)	161635002	History of asbestos exposure (situation)
history of atrial fibrillation (situation)	312442005	History of atrial fibrillation (situation)
history of augmentation of breast (situation)	427894009	History of augmentation of breast (situation)
history of bell's palsy (situation)	161483005	History of Bell's palsy (situation)
history of bilateral mastectomy (situation)	428529004	History of bilateral mastectomy (situation)
history of bilateral oophorectomy (situation)	391083006	History of bilateral oophorectomy (situation)
history of bone marrow donation (situation)	275563002	History of bone marrow donation (situation)
history of calculus of kidney (situation)	429025008	History of calculus of kidney (situation)
history of cardiovascular disease (situation)	266995000	History of cardiovascular disease (situation)
history of carotid endarterectomy (situation)	428534000	History of carotid endarterectomy (situation)
history of cataract extraction (situation)	428535004	History of cataract extraction (situation)
history of cerebrovascular accident (situation)	275526006	History of cerebrovascular accident (situation)
history of cerebrovascular accident without residual deficits (situation)	429993008	History of cerebrovascular accident without residual deficits (situation)
history of chickenpox (situation)	161423008	History of chickenpox (situation)
history of cholecystectomy (situation)	428882003	History of cholecystectomy (situation)
history of chronic urinary tract infection (situation)	441547007	History of chronic urinary tract infection (situation)
history of colostomy (situation)	161687003	History of colostomy (situation)
history of cornea recipient (situation)	161670000	History of cornea recipient (situation)
history of coronary artery bypass grafting (situation)	399261000	History of coronary artery bypass grafting (situation)
history of decompression of median nerve (situation)	428848009	History of decompression of median nerve (situation)
history of deep vein thrombosis (situation)	161508001	History of deep vein thrombosis (situation)
history of depression (situation)	161469008	History of depression (situation)
history of diabetes mellitus (situation)	161445009	History of diabetes mellitus (situation)
history of disorder (situation)	312850006	History of disorder (situation)
history of excision of lamina of lumbar vertebra for decompression of spinal cord (situation)	429164009	History of excision of lamina of lumbar vertebra for decompression of spinal cord (situation)
history of fall (situation)	428942009	History of fall (situation)
history of gastrointestinal disease (situation)	266997008	History of gastrointestinal disease (situation)
history of gastrointestinal tract bypass (situation)	267010000	History of gastrointestinal tract bypass (situation)
history of gastrostomy (situation)	161689000	History of gastrostomy (situation)
history of gout (situation)	161451004	History of gout (situation)
history of harvesting of stem cells for allotransplant (situation)	473162000	History of harvesting of stem cells for allotransplant (situation)
history of head injury (situation)	161587009	History of head injury (situation)
history of heart disorder (situation)	275544003	History of heart disorder (situation)
history of heart failure (situation)	161505003	History of heart failure (situation)
history of heart recipient (situation)	161666008	History of heart recipient (situation)
history of hypertension (situation)	161501007	History of hypertension (situation)
history of hypothyroidism (situation)	161443002	History of hypothyroidism (situation)
history of hysterectomy (situation)	161800001	History of hysterectomy (situation)
history of ileostomy (situation)	161686007	History of ileostomy (situation)
history of injury (situation)	161586000	History of injury (situation)
history of intestinal by-pass (situation)	275565009	History of intestinal by-pass (situation)
history of kidney donation (situation)	161659007	History of kidney donation (situation)
history of laser assisted in situ keratomileusis (situation)	428656009	History of laser assisted in situ keratomileusis (situation)
history of live donor partial hepatectomy (situation)	473158006	History of live donor partial hepatectomy (situation)
history of liver recipient (situation)	161671001	History of liver recipient (situation)
history of lower limb amputation (situation)	161622006	History of lower limb amputation (situation)
history of malaria (situation)	161416007	History of malaria (situation)
history of malignant basal cell neoplasm of skin (situation)	428053000	History of malignant basal cell neoplasm of skin (situation)
history of malignant lymphoma (situation)	429014004	History of malignant lymphoma (situation)
history of malignant melanoma (situation)	161432005	History of malignant melanoma (situation)
history of malignant neoplasm of cervix (situation)	429484003	History of malignant neoplasm of cervix (situation)
history of malignant neoplasm of colon (situation)	429699009	History of malignant neoplasm of colon (situation)
history of malignant neoplasm of endometrium (situation)	429089000	History of malignant neoplasm of endometrium (situation)
history of malignant neoplasm of esophagus (situation)	429410000	History of malignant neoplasm of esophagus (situation)
history of malignant neoplasm of ovary (situation)	429090009	History of malignant neoplasm of ovary (situation)
history of malignant neoplasm of prostate (situation)	428262008	History of malignant neoplasm of prostate (situation)
history of malignant neoplasm of thyroid (situation)	429254008	History of malignant neoplasm of thyroid (situation)
history of malignant neoplasm of tongue (situation)	429409005	History of malignant neoplasm of tongue (situation)
history of malignant neoplasm of ureter (situation)	429444007	History of malignant neoplasm of ureter (situation)
history of malignant neoplasm of uterine body (situation)	428941002	History of malignant neoplasm of uterine body (situation)
history of mastectomy (situation)	428540007	History of mastectomy (situation)
history of medullary carcinoma of thyroid (situation)	429016002	History of medullary carcinoma of thyroid (situation)
history of musculoskeletal disease (situation)	267004000	History of musculoskeletal disease (situation)
history of myocardial infarction (situation)	399211009	History of myocardial infarction (situation)
history of neoplasm of urinary bladder (situation)	289917002	History of neoplasm of urinary bladder (situation)
history of non-hodgkins lymphoma (situation)	428046009	History of non-Hodgkins lymphoma (situation)
history of operative procedure on knee (situation)	427749007	History of operative procedure on knee (situation)
history of pacemaker in situ (situation)	275531008	History of pacemaker in situ (situation)
history of papillary adenocarcinoma of thyroid (situation)	429255009	History of papillary adenocarcinoma of thyroid (situation)
history of peptic ulcer (situation)	266998003	History of peptic ulcer (situation)
history of percutaneous transluminal coronary angioplasty (situation)	428308007	History of percutaneous transluminal coronary angioplasty (situation)
history of perinatal problem (situation)	161579008	History of perinatal problem (situation)
history of placement of stent for coronary artery disease (situation)	428375006	History of placement of stent for coronary artery disease (situation)
history of placement of stent in anterior descending branch of left coronary artery (situation)	428912006	History of placement of stent in anterior descending branch of left coronary artery (situation)
history of pneumonia (situation)	161525004	History of pneumonia (situation)
history of poliomyelitis (situation)	161415006	History of poliomyelitis (situation)
history of polyp of colon (situation)	428283002	History of polyp of colon (situation)
history of pregnancy (situation)	271903000	History of pregnancy (situation)
history of primary malignant neoplasm of bronchus (situation)	415077006	History of primary malignant neoplasm of bronchus (situation)
history of primary malignant neoplasm of kidney (situation)	415081006	History of primary malignant neoplasm of kidney (situation)
history of primary malignant neoplasm of lung (situation)	415082004	History of primary malignant neoplasm of lung (situation)
history of primary malignant neoplasm of skin (situation)	765378003	History of primary malignant neoplasm of skin (situation)
history of primary malignant neoplasm of urinary bladder (situation)	415086001	History of primary malignant neoplasm of urinary bladder (situation)
history of pulmonary embolus (situation)	161512007	History of pulmonary embolus (situation)
history of radiation exposure (situation)	161633009	History of radiation exposure (situation)
history of radiation therapy (situation)	429479009	History of radiation therapy (situation)
history of radical hysterectomy (situation)	429290001	History of radical hysterectomy (situation)
history of radical retropubic prostatectomy (situation)	428642007	History of radical retropubic prostatectomy (situation)
history of raised blood lipids (situation)	161450003	History of raised blood lipids (situation)
history of reconstruction of anterior cruciate ligament tear (situation)	429285004	History of reconstruction of anterior cruciate ligament tear (situation)
history of reduction of breast (situation)	428667005	History of reduction of breast (situation)
history of renal dialysis (situation)	161693006	History of renal dialysis (situation)
history of renal transplant (situation)	161665007	History of renal transplant (situation)
history of repair of coarctation of aorta (situation)	428071007	History of repair of coarctation of aorta (situation)
history of repair of inguinal hernia (situation)	428077006	History of repair of inguinal hernia (situation)
history of repair of musculotendinous cuff of shoulder (situation)	428072000	History of repair of musculotendinous cuff of shoulder (situation)
history of replacement of heart valve with prosthesis (situation)	161677002	History of replacement of heart valve with prosthesis (situation)
history of respiratory disease (situation)	161523006	History of respiratory disease (situation)
history of schizophrenia (situation)	161468000	History of schizophrenia (situation)
history of sexually transmitted disease (situation)	275881005	History of sexually transmitted disease (situation)
history of splenectomy (situation)	161626009	History of splenectomy (situation)
history of squamous cell carcinoma of skin (situation)	429024007	History of squamous cell carcinoma of skin (situation)
history of substance use disorder (situation)	1297194009	History of substance use disorder (situation)
history of surgery (situation)	161615003	History of surgery (situation)
history of sustained ventricular tachycardia (situation)	429046004	History of sustained ventricular tachycardia (situation)
history of thrombosis (situation)	275546001	History of thrombosis (situation)
history of thyroidectomy (situation)	428892006	History of thyroidectomy (situation)
history of tonsillectomy (situation)	438759003	History of tonsillectomy (situation)
history of total hysterectomy (situation)	428078001	History of total hysterectomy (situation)
history of tracheostomy (situation)	161685006	History of tracheostomy (situation)
history of transient ischemic attack (situation)	161511000	History of transient ischemic attack (situation)
history of transurethral prostatectomy (situation)	428079009	History of transurethral prostatectomy (situation)
history of treatment for ischemic heart disease (situation)	308068007	History of treatment for ischemic heart disease (situation)
history of tubal ligation (situation)	267020005	History of tubal ligation (situation)
history of tuberculosis (situation)	161414005	History of tuberculosis (situation)
history of tympanostomy (situation)	427964002	History of tympanostomy (situation)
history of urinary stone (situation)	161548009	History of urinary stone (situation)
history of vasectomy (situation)	161558008	History of vasectomy (situation)
hoarse (finding)	50219008	Hoarse (finding)
hodgkin lymphoma, lymphocyte-rich (disorder)	118607005	Hodgkin lymphoma, lymphocyte-rich (disorder)
hodgkin's disease (disorder)	118599009	Hodgkin's disease (disorder)
hodgkin's disease, nodular sclerosis (disorder)	118608000	Hodgkin's disease, nodular sclerosis (disorder)
holiday relief care of patient (regime/therapy)	105387008	Holiday relief care of patient (regime/therapy)
home care of patient (regime/therapy)	60689008	Home care of patient (regime/therapy)
homeless (finding)	32911000	Homeless (finding)
homocysteine measurement (procedure)	104733005	Homocysteine measurement (procedure)
homocystinemia (disorder)	52311001	Homocystinemia (disorder)
homonymous hemianopia (finding)	34063005	Homonymous hemianopia (finding)
homozygous beta thalassemia (disorder)	26682008	Homozygous beta thalassemia (disorder)
homozygous factor v leiden mutation (disorder)	307115002	Homozygous Factor V Leiden mutation (disorder)
hordeolum (disorder)	397513003	Hordeolum (disorder)
hormone replacement therapy (procedure)	266717002	Hormone replacement therapy (procedure)
hormone replacement therapy requested (situation)	394888000	Hormone replacement therapy requested (situation)
horseshoe retinal tear without detachment (disorder)	193341001	Horseshoe retinal tear without detachment (disorder)
hospice care (regime/therapy)	385763009	Hospice care (regime/therapy)
housing lack (finding)	266935003	Housing lack (finding)
housing unsatisfactory (finding)	105531004	Housing unsatisfactory (finding)
human bite - wound (disorder)	262555007	Human bite - wound (disorder)
human immunodeficiency virus detected (finding)	165816005	Human immunodeficiency virus detected (finding)
human immunodeficiency virus infection (disorder)	86406008	Human immunodeficiency virus infection (disorder)
human papillomavirus infection (disorder)	240532009	Human papillomavirus infection (disorder)
huntington's chorea (disorder)	58756001	Huntington's chorea (disorder)
hydatidiform mole, benign (disorder)	417044008	Hydatidiform mole, benign (disorder)
hydrocele of testis (disorder)	26614003	Hydrocele of testis (disorder)
hydrocephalus (disorder)	230745008	Hydrocephalus (disorder)
hydronephrosis (disorder)	43064006	Hydronephrosis (disorder)
hydrosalpinx (disorder)	21711003	Hydrosalpinx (disorder)
hydroureteronephrosis (disorder)	40068008	Hydroureteronephrosis (disorder)
hyperactive behavior (finding)	44548000	Hyperactive behavior (finding)
hyperalphalipoproteinemia (disorder)	238080004	Hyperalphalipoproteinemia (disorder)
hyperbilirubinemia (disorder)	14783006	Hyperbilirubinemia (disorder)
hypercalcemia (disorder)	66931009	Hypercalcemia (disorder)
hypercalciuria (disorder)	71938000	Hypercalciuria (disorder)
hypercholesterolemia (disorder)	13644009	Hypercholesterolemia (disorder)
hypercoagulability state (finding)	76612001	Hypercoagulability state (finding)
hypercortisolism (disorder)	47270006	Hypercortisolism (disorder)
hyperemia of eye (finding)	781682005	Hyperemia of eye (finding)
hyperglycemia (disorder)	80394007	Hyperglycemia (disorder)
hyperhidrosis (disorder)	312230002	Hyperhidrosis (disorder)
hyperhomocysteinemia (disorder)	419503008	Hyperhomocysteinemia (disorder)
hyperinsulinism (disorder)	83469008	Hyperinsulinism (disorder)
hyperkalemia (disorder)	14140009	Hyperkalemia (disorder)
hyperlipidemia (disorder)	55822004	Hyperlipidemia (disorder)
hyperlipidemia screening (procedure)	268552003	Hyperlipidemia screening (procedure)
hyperlipoproteinemia (disorder)	3744001	Hyperlipoproteinemia (disorder)
hypermetropia (disorder)	38101003	Hypermetropia (disorder)
hypernatremia (disorder)	771115008	Hypernatremia (disorder)
hyperosmolar coma due to type 2 diabetes mellitus (disorder)	190331003	Hyperosmolar coma due to type 2 diabetes mellitus (disorder)
hyperosmolar non-ketotic state due to type 2 diabetes mellitus (disorder)	395204000	Hyperosmolar non-ketotic state due to type 2 diabetes mellitus (disorder)
hyperparathyroidism (disorder)	66999008	Hyperparathyroidism (disorder)
hyperparathyroidism due to renal insufficiency (disorder)	19034001	Hyperparathyroidism due to renal insufficiency (disorder)
hyperphosphatemia (disorder)	20165001	Hyperphosphatemia (disorder)
hyperpigmentation of skin (disorder)	49765009	Hyperpigmentation of skin (disorder)
hyperplasia of mandibular bone (disorder)	444552001	Hyperplasia of mandibular bone (disorder)
hyperplasia of maxillary bone (disorder)	445457002	Hyperplasia of maxillary bone (disorder)
hyperplasia of prostate (disorder)	433234005	Hyperplasia of prostate (disorder)
hyperplastic polyp of intestine (disorder)	89452002	Hyperplastic polyp of intestine (disorder)
hyperprolactinemia (disorder)	237662005	Hyperprolactinemia (disorder)
hyperproteinemia (disorder)	37064009	Hyperproteinemia (disorder)
hyperreflexia (finding)	86854008	Hyperreflexia (finding)
hypersensitivity pneumonitis (disorder)	37471005	Hypersensitivity pneumonitis (disorder)
hypersensitivity reaction (disorder)	421961002	Hypersensitivity reaction (disorder)
hypersomnia (disorder)	77692006	Hypersomnia (disorder)
hypersomnia disorder related to a known organic factor (disorder)	44455001	Hypersomnia disorder related to a known organic factor (disorder)
hypersomnia with sleep apnea (disorder)	79280005	Hypersomnia with sleep apnea (disorder)
hypersplenism (disorder)	58381000	Hypersplenism (disorder)
hypertension associated with transplantation (disorder)	427889009	Hypertension associated with transplantation (disorder)
hypertension screening (procedure)	171222001	Hypertension screening (procedure)
hypertensive disorder, systemic arterial (disorder)	38341003	Hypertensive disorder, systemic arterial (disorder)
hypertensive heart and renal disease (disorder)	86234004	Hypertensive heart AND renal disease (disorder)
hypertensive heart and renal disease with (congestive) heart failure (disorder)	194779001	Hypertensive heart and renal disease with (congestive) heart failure (disorder)
hypertensive heart and renal disease with both (congestive) heart failure and renal failure (disorder)	194781004	Hypertensive heart and renal disease with both (congestive) heart failure and renal failure (disorder)
hypertensive heart and renal disease with renal failure (disorder)	194780003	Hypertensive heart and renal disease with renal failure (disorder)
hypertensive heart disease (disorder)	64715009	Hypertensive heart disease (disorder)
hypertensive heart disease with congestive heart failure (disorder)	5148006	Hypertensive heart disease with congestive heart failure (disorder)
hypertensive heart disease without congestive heart failure (disorder)	60899001	Hypertensive heart disease without congestive heart failure (disorder)
hypertensive heart failure (disorder)	46113002	Hypertensive heart failure (disorder)
hypertensive left ventricular hypertrophy (disorder)	428163005	Hypertensive left ventricular hypertrophy (disorder)
hypertensive renal disease (disorder)	38481006	Hypertensive renal disease (disorder)
hypertensive renal failure (disorder)	49220004	Hypertensive renal failure (disorder)
hypertensive retinopathy (disorder)	6962006	Hypertensive retinopathy (disorder)
hypertensive urgency (disorder)	443482000	Hypertensive urgency (disorder)
hyperthyroidism (disorder)	34486009	Hyperthyroidism (disorder)
hypertriglyceridemia (disorder)	302870006	Hypertriglyceridemia (disorder)
hypertrophic cardiomegaly (disorder)	443762000	Hypertrophic cardiomegaly (disorder)
hypertrophic cardiomyopathy (disorder)	233873004	Hypertrophic cardiomyopathy (disorder)
hypertrophic condition of skin (disorder)	24782002	Hypertrophic condition of skin (disorder)
hypertrophic scar (disorder)	19843006	Hypertrophic scar (disorder)
hypertrophy of adenoids (disorder)	111591002	Hypertrophy of adenoids (disorder)
hypertrophy of breast (disorder)	372281005	Hypertrophy of breast (disorder)
hypertrophy of lingual tonsil (disorder)	418103007	Hypertrophy of lingual tonsil (disorder)
hypertrophy of nail (disorder)	30654002	Hypertrophy of nail (disorder)
hypertrophy of nasal turbinates (disorder)	17467004	Hypertrophy of nasal turbinates (disorder)
hypertrophy of tonsils (disorder)	46689006	Hypertrophy of tonsils (disorder)
hypertropia (disorder)	40608009	Hypertropia (disorder)
hyperuricemia (disorder)	35885006	Hyperuricemia (disorder)
hyperventilation (finding)	68978004	Hyperventilation (finding)
hypervolemia (finding)	21639008	Hypervolemia (finding)
hypesthesia (finding)	397974008	Hypesthesia (finding)
hyphema (disorder)	75229002	Hyphema (disorder)
hypnotic dependence (disorder)	724656006	Hypnotic dependence (disorder)
hypo-osmolality and or hyponatremia (disorder)	267447008	Hypo-osmolality and or hyponatremia (disorder)
hypoadrenalism (disorder)	237785004	Hypoadrenalism (disorder)
hypoalbuminemia (disorder)	119247004	Hypoalbuminemia (disorder)
hypocalcemia (disorder)	5291005	Hypocalcemia (disorder)
hypochondriasis (disorder)	18193002	Hypochondriasis (disorder)
hypogammaglobulinemia (finding)	119250001	Hypogammaglobulinemia (finding)
hypoglycemia (disorder)	302866003	Hypoglycemia (disorder)
hypoglycemic event due to diabetes (disorder)	237632004	Hypoglycemic event due to diabetes (disorder)
hypogonadism (disorder)	48130008	Hypogonadism (disorder)
hypogonadotropic hypogonadism (disorder)	33927004	Hypogonadotropic hypogonadism (disorder)
hypokalemia (disorder)	43339004	Hypokalemia (disorder)
hypomagnesemia (disorder)	190855004	Hypomagnesemia (disorder)
hyponatremia (finding)	89627008	Hyponatremia (finding)
hypoparathyroidism (disorder)	36976004	Hypoparathyroidism (disorder)
hypophosphatemia (disorder)	4996001	Hypophosphatemia (disorder)
hypopituitarism (disorder)	74728003	Hypopituitarism (disorder)
hypopituitarism due to radiotherapy (disorder)	14900002	Hypopituitarism due to radiotherapy (disorder)
hypoplasia of mandibular bone (disorder)	444897001	Hypoplasia of mandibular bone (disorder)
hypoplasia of maxillary bone (disorder)	444967008	Hypoplasia of maxillary bone (disorder)
hypoplasia of the optic nerve (disorder)	95499004	Hypoplasia of the optic nerve (disorder)
hypoproteinemia (disorder)	8900005	Hypoproteinemia (disorder)
hypospadias (disorder)	416010008	Hypospadias (disorder)
hypothermia (finding)	386689009	Hypothermia (finding)
hypothermia of newborn (disorder)	13629008	Hypothermia of newborn (disorder)
hypothyroidism (disorder)	40930008	Hypothyroidism (disorder)
hypothyroidism following radioiodine therapy (disorder)	40539002	Hypothyroidism following radioiodine therapy (disorder)
hypotonic urinary bladder (disorder)	197871001	Hypotonic urinary bladder (disorder)
hypovolemia (finding)	816082000	Hypovolemia (finding)
hypovolemic shock (disorder)	39419009	Hypovolemic shock (disorder)
hypoxemia (disorder)	389087006	Hypoxemia (disorder)
hypoxemic respiratory failure (disorder)	10676831000119101	Hypoxemic respiratory failure (disorder)
hypoxia (disorder)	389086002	Hypoxia (disorder)
hysterectomy (procedure)	236886002	Hysterectomy (procedure)
iatrogenic cushing's disease (disorder)	41299009	Iatrogenic Cushing's disease (disorder)
iatrogenic hypothyroidism (disorder)	88273006	Iatrogenic hypothyroidism (disorder)
iatrogenic pneumothorax (disorder)	441536000	Iatrogenic pneumothorax (disorder)
idiopathic detrusor overactivity (disorder)	786496006	Idiopathic detrusor overactivity (disorder)
idiopathic granulomatous interstitial nephropathy (disorder)	11480007	Idiopathic granulomatous interstitial nephropathy (disorder)
idiopathic hypereosinophilic syndrome (disorder)	423294001	Idiopathic hypereosinophilic syndrome (disorder)
idiopathic hypersomnia without long sleep time (disorder)	442292004	Idiopathic hypersomnia without long sleep time (disorder)
idiopathic kyphoscoliosis (disorder)	203640005	Idiopathic kyphoscoliosis (disorder)
idiopathic osteoporosis (disorder)	3345002	Idiopathic osteoporosis (disorder)
idiopathic peripheral autonomic neuropathy (disorder)	86489003	Idiopathic peripheral autonomic neuropathy (disorder)
idiopathic peripheral neuropathy (disorder)	22722001	Idiopathic peripheral neuropathy (disorder)
idiopathic progressive polyneuropathy (disorder)	33209009	Idiopathic progressive polyneuropathy (disorder)
idiopathic pulmonary arterial hypertension (disorder)	697898008	Idiopathic pulmonary arterial hypertension (disorder)
idiopathic pulmonary fibrosis (disorder)	700250006	Idiopathic pulmonary fibrosis (disorder)
idiopathic scoliosis (disorder)	203639008	Idiopathic scoliosis (disorder)
idiopathic urticaria (disorder)	42265009	Idiopathic urticaria (disorder)
ileal pouchitis (disorder)	426508001	Ileal pouchitis (disorder)
ileitis (disorder)	52457000	Ileitis (disorder)
ileostomy present (finding)	302111002	Ileostomy present (finding)
iliopsoas abscess (disorder)	266463007	Iliopsoas abscess (disorder)
iliotibial band friction syndrome (disorder)	423849004	Iliotibial band friction syndrome (disorder)
imaging of lung abnormal (finding)	442646005	Imaging of lung abnormal (finding)
immune thrombocytopenia (disorder)	2897005	Immune thrombocytopenia (disorder)
immunodeficiency disorder (disorder)	234532001	Immunodeficiency disorder (disorder)
immunoglobulin a deficiency (disorder)	29260007	Immunoglobulin A deficiency (disorder)
immunoglobulin a nephropathy (disorder)	236407003	Immunoglobulin A nephropathy (disorder)
immunoglobulin a vasculitis (disorder)	191306005	Immunoglobulin A vasculitis (disorder)
immunoglobulin g subclass deficiency (finding)	123785006	Immunoglobulin G subclass deficiency (finding)
immunosuppressive therapy (procedure)	86553008	Immunosuppressive therapy (procedure)
impacted cerumen (disorder)	18070006	Impacted cerumen (disorder)
impacted third molar tooth (disorder)	196417006	Impacted third molar tooth (disorder)
impacted tooth (disorder)	235104008	Impacted tooth (disorder)
impaired cognition (finding)	386806002	Impaired cognition (finding)
impaired fasting glycemia (disorder)	390951007	Impaired fasting glycemia (disorder)
impaired glucose tolerance (disorder)	9414007	Impaired glucose tolerance (disorder)
impaired glucose tolerance in pregnancy (disorder)	237628005	Impaired glucose tolerance in pregnancy (disorder)
impaired mobility (finding)	82971005	Impaired mobility (finding)
impairment of balance (finding)	387603000	Impairment of balance (finding)
impetigo (disorder)	48277006	Impetigo (disorder)
impingement syndrome of shoulder region (disorder)	239960007	Impingement syndrome of shoulder region (disorder)
implantation of aortic valve prosthesis or synthetic device (procedure)	35350000	Implantation of aortic valve prosthesis or synthetic device (procedure)
implantation of automatic cardiac defibrillator (procedure)	233170003	Implantation of automatic cardiac defibrillator (procedure)
implantation of cardiac pacemaker (procedure)	307280005	Implantation of cardiac pacemaker (procedure)
implantation of cochlear prosthetic device (procedure)	359612003	Implantation of cochlear prosthetic device (procedure)
implantation of internal cardiac defibrillator (procedure)	395218007	Implantation of internal cardiac defibrillator (procedure)
implantation of intravenous dual chamber permanent cardiac pacemaker (procedure)	310582005	Implantation of intravenous dual chamber permanent cardiac pacemaker (procedure)
implantation of mitral valve prosthesis or synthetic device (procedure)	77181006	Implantation of mitral valve prosthesis or synthetic device (procedure)
implantation of penile prosthesis (procedure)	47411002	Implantation of penile prosthesis (procedure)
implantation of posterior chamber intraocular lens (procedure)	373415004	Implantation of posterior chamber intraocular lens (procedure)
implantation of prosthetic intraocular lens (procedure)	69724002	Implantation of prosthetic intraocular lens (procedure)
implantation of pulmonary valve prosthesis or synthetic device (procedure)	79917009	Implantation of pulmonary valve prosthesis or synthetic device (procedure)
implantation of tricuspid valve prosthesis or synthetic device (procedure)	8069005	Implantation of tricuspid valve prosthesis or synthetic device (procedure)
implantation of venous access port (procedure)	80402001	Implantation of venous access port (procedure)
impulse control disorder (disorder)	66347000	Impulse control disorder (disorder)
inactive tuberculosis (finding)	11999007	Inactive tuberculosis (finding)
inattention (finding)	22058002	Inattention (finding)
incipient cataract (disorder)	52421005	Incipient cataract (disorder)
incision and drainage (procedure)	56783008	Incision AND drainage (procedure)
incision and drainage of abscess (procedure)	284181007	Incision and drainage of abscess (procedure)
incision and drainage of wound (procedure)	177694006	Incision and drainage of wound (procedure)
incision of gallbladder (procedure)	44337006	Incision of gallbladder (procedure)
incision of trachea (procedure)	48387007	Incision of trachea (procedure)
incisional biopsy of breast mass (procedure)	28768007	Incisional biopsy of breast mass (procedure)
incisional hernia (disorder)	236037000	Incisional hernia (disorder)
incisional hernia of anterior abdominal wall (disorder)	414474001	Incisional hernia of anterior abdominal wall (disorder)
inclusion body myositis (disorder)	72315009	Inclusion body myositis (disorder)
incompetence of nasal valve (disorder)	427778008	Incompetence of nasal valve (disorder)
incomplete emptying of urinary bladder (finding)	249288007	Incomplete emptying of urinary bladder (finding)
incomplete miscarriage (disorder)	156072005	Incomplete miscarriage (disorder)
incomplete placenta at delivery (finding)	268479002	Incomplete placenta at delivery (finding)
incomplete quadriplegia due to spinal cord lesion between fifth and seventh cervical vertebra (disorder)	441794001	Incomplete quadriplegia due to spinal cord lesion between fifth and seventh cervical vertebra (disorder)
incomplete quadriplegia due to spinal cord lesion between first and fourth cervical vertebra (disorder)	441688003	Incomplete quadriplegia due to spinal cord lesion between first and fourth cervical vertebra (disorder)
incontinence (finding)	48340000	Incontinence (finding)
incontinence of feces (finding)	72042002	Incontinence of feces (finding)
increased frequency of urination (finding)	162116003	Increased frequency of urination (finding)
indigestion (finding)	162031009	Indigestion (finding)
induced termination of pregnancy (procedure)	714812005	Induced termination of pregnancy (procedure)
induratio penis plastica (disorder)	1335005	Induratio penis plastica (disorder)
industrial accident (event)	309535002	Industrial accident (event)
ineffective infant feeding pattern (finding)	129903002	Ineffective infant feeding pattern (finding)
ineffective thermoregulation (finding)	85623003	Ineffective thermoregulation (finding)
infant care (regime/therapy)	386333005	Infant care (regime/therapy)
infantile colic (finding)	35363006	Infantile colic (finding)
infantile malignant osteopetrosis (disorder)	367489004	Infantile malignant osteopetrosis (disorder)
infected hand (disorder)	300950007	Infected hand (disorder)
infection and/or inflammatory reaction due to internal prosthetic device, implant and/or graft (disorder)	31871009	Infection AND/OR inflammatory reaction due to internal prosthetic device, implant AND/OR graft (disorder)
infection caused by antimicrobial resistant bacteria (disorder)	409796004	Infection caused by antimicrobial resistant bacteria (disorder)
infection caused by antimicrobial resistant fungi (disorder)	409797008	Infection caused by antimicrobial resistant fungi (disorder)
infection caused by antimicrobial resistant virus (disorder)	409798003	Infection caused by antimicrobial resistant virus (disorder)
infection caused by clostridioides difficile (disorder)	186431008	Infection caused by Clostridioides difficile (disorder)
infection caused by cytomegalovirus (disorder)	28944009	Infection caused by Cytomegalovirus (disorder)
infection caused by escherichia coli (disorder)	71057007	Infection caused by Escherichia coli (disorder)
infection caused by methicillin susceptible staphylococcus aureus (disorder)	442073005	Infection caused by methicillin susceptible Staphylococcus aureus (disorder)
infection caused by molluscum contagiosum (disorder)	40070004	Infection caused by Molluscum contagiosum (disorder)
infection caused by mycobacterium avium-intracellulare group (disorder)	371686006	Infection caused by Mycobacterium avium-intracellulare group (disorder)
infection caused by mycobacterium intracellulare (disorder)	373436002	Infection caused by Mycobacterium intracellulare (disorder)
infection caused by trichomonas (disorder)	56335008	Infection caused by Trichomonas (disorder)
infection of amputation stump (disorder)	427769002	Infection of amputation stump (disorder)
infection of gastrointestinal tract (disorder)	715852004	Infection of gastrointestinal tract (disorder)
infection of intravenous catheter (disorder)	310643001	Infection of intravenous catheter (disorder)
infection of obstetric surgical wound (disorder)	200125006	Infection of obstetric surgical wound (disorder)
infection of sebaceous cyst (disorder)	254671003	Infection of sebaceous cyst (disorder)
infection of skin (disorder)	108365000	Infection of skin (disorder)
infection of toe (disorder)	299989006	Infection of toe (disorder)
infectious disease (disorder)	40733004	Infectious disease (disorder)
infectious disorder of kidney (disorder)	129128006	Infectious disorder of kidney (disorder)
infectious gastroenteritis (disorder)	12463005	Infectious gastroenteritis (disorder)
infectious mononucleosis (disorder)	271558008	Infectious mononucleosis (disorder)
infective arthritis (disorder)	396234004	Infective arthritis (disorder)
infective discitis (disorder)	302935008	Infective discitis (disorder)
infective eczematoid dermatitis (disorder)	414492009	Infective eczematoid dermatitis (disorder)
infective otitis externa (disorder)	86981007	Infective otitis externa (disorder)
inferior vena cava syndrome (disorder)	79671001	Inferior vena cava syndrome (disorder)
infertile (finding)	8619003	Infertile (finding)
infestation caused by anoplura (disorder)	74949007	Infestation caused by Anoplura (disorder)
infestation caused by pediculus (disorder)	20848007	Infestation caused by Pediculus (disorder)
infestation caused by sarcoptes scabiei var hominis (disorder)	128869009	Infestation caused by Sarcoptes scabiei var hominis (disorder)
infiltrating duct carcinoma of breast (disorder)	408643008	Infiltrating duct carcinoma of breast (disorder)
inflamed seborrheic keratosis (disorder)	442348004	Inflamed seborrheic keratosis (disorder)
inflammation of bursa of olecranon (disorder)	425940002	Inflammation of bursa of olecranon (disorder)
inflammation of cervix (disorder)	37610005	Inflammation of cervix (disorder)
inflammation of cervix uteri caused by chlamydia (disorder)	237084006	Inflammation of cervix uteri caused by Chlamydia (disorder)
inflammation of intestine caused by bacteria (disorder)	75375008	Inflammation of intestine caused by bacteria (disorder)
inflammation of intestine caused by radiation (disorder)	73817000	Inflammation of intestine caused by radiation (disorder)
inflammation of intestine caused by rotavirus (disorder)	186150001	Inflammation of intestine caused by Rotavirus (disorder)
inflammation of intestine caused by virus (disorder)	78420004	Inflammation of intestine caused by virus (disorder)
inflammation of joint of ankle (finding)	298171004	Inflammation of joint of ankle (finding)
inflammation of joint of finger (finding)	298167002	Inflammation of joint of finger (finding)
inflammation of joint of foot (finding)	298172006	Inflammation of joint of foot (finding)
inflammation of joint of hand (finding)	298165005	Inflammation of joint of hand (finding)
inflammation of joint of hip (finding)	298169004	Inflammation of joint of hip (finding)
inflammation of joint of wrist (finding)	298164009	Inflammation of joint of wrist (finding)
inflammation of rotator cuff tendon (disorder)	442520000	Inflammation of rotator cuff tendon (disorder)
inflammation of sacroiliac joint (finding)	55146009	Inflammation of sacroiliac joint (finding)
inflammation of shoulder joint (finding)	298162008	Inflammation of shoulder joint (finding)
inflammation of small intestine (disorder)	64613007	Inflammation of small intestine (disorder)
inflammation of stomach and intestine (disorder)	25374005	Inflammation of stomach and intestine (disorder)
inflammation of vocal cord (disorder)	57713008	Inflammation of vocal cord (disorder)
inflammatory bowel disease (disorder)	24526004	Inflammatory bowel disease (disorder)
inflammatory dermatosis (disorder)	703938007	Inflammatory dermatosis (disorder)
inflammatory disease of liver (disorder)	128241005	Inflammatory disease of liver (disorder)
inflammatory disease of mucous membrane (disorder)	95361005	Inflammatory disease of mucous membrane (disorder)
inflammatory disorder of bone of jaw (disorder)	714751007	Inflammatory disorder of bone of jaw (disorder)
inflammatory disorder of breast (disorder)	266579006	Inflammatory disorder of breast (disorder)
inflammatory neuropathy (disorder)	21018002	Inflammatory neuropathy (disorder)
inflammatory polyarthropathy (disorder)	417373000	Inflammatory polyarthropathy (disorder)
influenza (disorder)	6142004	Influenza (disorder)
influenza caused by influenza a virus (disorder)	442438000	Influenza caused by Influenza A virus (disorder)
influenza caused by influenza b virus (disorder)	24662006	Influenza caused by Influenza B virus (disorder)
influenza with non-respiratory manifestation (disorder)	61700007	Influenza with non-respiratory manifestation (disorder)
influenza-like illness (finding)	95891005	Influenza-like illness (finding)
infusion care education (procedure)	385752006	Infusion care education (procedure)
ingrowing nail (disorder)	400097005	Ingrowing nail (disorder)
ingrowing toenail (disorder)	400200009	Ingrowing toenail (disorder)
inguinal hernia (disorder)	396232000	Inguinal hernia (disorder)
inguinal lymphadenopathy (disorder)	127199000	Inguinal lymphadenopathy (disorder)
inguinal pain (finding)	102570003	Inguinal pain (finding)
injury of abdomen (disorder)	128069005	Injury of abdomen (disorder)
injury of ankle (disorder)	125603006	Injury of ankle (disorder)
injury of brachial plexus (disorder)	6836001	Injury of brachial plexus (disorder)
injury of digital nerve (disorder)	4412009	Injury of digital nerve (disorder)
injury of elbow (disorder)	125596004	Injury of elbow (disorder)
injury of eye region (disorder)	282752000	Injury of eye region (disorder)
injury of face (disorder)	125593007	Injury of face (disorder)
injury of finger (disorder)	52011008	Injury of finger (disorder)
injury of foot (disorder)	125604000	Injury of foot (disorder)
injury of forearm (disorder)	125597008	Injury of forearm (disorder)
injury of hand (disorder)	125599006	Injury of hand (disorder)
injury of head (disorder)	82271004	Injury of head (disorder)
injury of knee (disorder)	125601008	Injury of knee (disorder)
injury of lower leg (disorder)	125602001	Injury of lower leg (disorder)
injury of lower limb (disorder)	127279002	Injury of lower limb (disorder)
injury of multiple nerves at shoulder and upper arm level (disorder)	212363007	Injury of multiple nerves at shoulder and upper arm level (disorder)
injury of nail (disorder)	275320004	Injury of nail (disorder)
injury of neck (disorder)	90460009	Injury of neck (disorder)
injury of penis (disorder)	110015006	Injury of penis (disorder)
injury of peroneal nerve (disorder)	212317001	Injury of peroneal nerve (disorder)
injury of scrotum (disorder)	282782006	Injury of scrotum (disorder)
injury of shoulder region (disorder)	125594001	Injury of shoulder region (disorder)
injury of soft tissue (disorder)	282026002	Injury of soft tissue (disorder)
injury of tendon of the rotator cuff of shoulder (disorder)	307731004	Injury of tendon of the rotator cuff of shoulder (disorder)
injury of toe (disorder)	282776008	Injury of toe (disorder)
injury of trigeminal nerve (disorder)	72556006	Injury of trigeminal nerve (disorder)
injury of ulnar nerve (disorder)	62745008	Injury of ulnar nerve (disorder)
injury of unknown intent due to fall from height (disorder)	219346009	Injury of unknown intent due to fall from height (disorder)
injury of upper extremity (disorder)	127278005	Injury of upper extremity (disorder)
injury of wrist (disorder)	125598003	Injury of wrist (disorder)
injury to brachial plexus as birth trauma (disorder)	53785005	Injury to brachial plexus as birth trauma (disorder)
injury while engaged in sports activity (disorder)	443786003	Injury while engaged in sports activity (disorder)
insect bite - wound (disorder)	276433004	Insect bite - wound (disorder)
insertion of bilateral breast prostheses (procedure)	52852000	Insertion of bilateral breast prostheses (procedure)
insertion of denture (procedure)	1269322006	Insertion of denture (procedure)
insertion of indwelling catheter into urinary bladder (procedure)	446583004	Insertion of indwelling catheter into urinary bladder (procedure)
insertion of inferior vena caval filter (procedure)	398182006	Insertion of inferior vena caval filter (procedure)
insertion of intra-aortic balloon counterpulsation (procedure)	16965008	Insertion of intra-aortic balloon counterpulsation (procedure)
insertion of intrauterine contraceptive device (procedure)	65200003	Insertion of intrauterine contraceptive device (procedure)
insertion of partial denture (procedure)	1269324007	Insertion of partial denture (procedure)
insertion of peripherally inserted central catheter (procedure)	425196008	Insertion of peripherally inserted central catheter (procedure)
insertion of permanent pacemaker with transvenous electrodes, ventricular (procedure)	54974006	Insertion of permanent pacemaker with transvenous electrodes, ventricular (procedure)
insertion of pleural tube drain (procedure)	264957007	Insertion of pleural tube drain (procedure)
insertion of prosthesis for breast (procedure)	302343007	Insertion of prosthesis for breast (procedure)
insertion of stent (procedure)	1296925008	Insertion of stent (procedure)
insertion of stent into ureter (procedure)	428817001	Insertion of stent into ureter (procedure)
insertion of tunneled central venous catheter (procedure)	442309004	Insertion of tunneled central venous catheter (procedure)
insomnia (disorder)	193462001	Insomnia (disorder)
insomnia disorder related to another mental disorder (disorder)	24121004	Insomnia disorder related to another mental disorder (disorder)
insomnia disorder related to known organic factor (disorder)	81608000	Insomnia disorder related to known organic factor (disorder)
insomnia with sleep apnea (disorder)	41975002	Insomnia with sleep apnea (disorder)
instability of femoropatellar joint (finding)	429696002	Instability of femoropatellar joint (finding)
instability of pelvic floor (disorder)	444735002	Instability of pelvic floor (disorder)
instrumental delivery (procedure)	236974004	Instrumental delivery (procedure)
insulin treated type 2 diabetes mellitus (disorder)	237599002	Insulin treated type 2 diabetes mellitus (disorder)
intellectual disability (disorder)	110359009	Intellectual disability (disorder)
intellectual functioning disability (finding)	228156007	Intellectual functioning disability (finding)
intention tremor (finding)	30721006	Intention tremor (finding)
intentional poisoning caused by drug (disorder)	431307001	Intentional poisoning caused by drug (disorder)
intercostal neuralgia (finding)	247389006	Intercostal neuralgia (finding)
intermittent asthma (disorder)	427603009	Intermittent asthma (disorder)
intermittent claudication (finding)	63491006	Intermittent claudication (finding)
intermittent exotropia (disorder)	63988001	Intermittent exotropia (disorder)
intermittent explosive disorder (disorder)	40987004	Intermittent explosive disorder (disorder)
intermittent hypertension (disorder)	697929007	Intermittent hypertension (disorder)
internal hemorrhoids (disorder)	90458007	Internal hemorrhoids (disorder)
internal hordeolum (disorder)	414521009	Internal hordeolum (disorder)
international normalized ratio above reference range (finding)	313341008	International normalized ratio above reference range (finding)
intersphincteric fistula (disorder)	197155003	Intersphincteric fistula (disorder)
interstitial lung disease (disorder)	233703007	Interstitial lung disease (disorder)
interstitial pneumonia (disorder)	64667001	Interstitial pneumonia (disorder)
intertrigo (disorder)	58759008	Intertrigo (disorder)
intertrigo caused by candida (disorder)	266158001	Intertrigo caused by Candida (disorder)
intertrochanteric fracture (disorder)	127287001	Intertrochanteric fracture (disorder)
intervertebral disc disorder (disorder)	36427004	Intervertebral disc disorder (disorder)
intervertebral disc disorder of cervical region with myelopathy (disorder)	75467001	Intervertebral disc disorder of cervical region with myelopathy (disorder)
intervertebral disc disorder of lumbar region with myelopathy (disorder)	34139004	Intervertebral disc disorder of lumbar region with myelopathy (disorder)
intervertebral disc prolapse (disorder)	73589001	Intervertebral disc prolapse (disorder)
intestinal adhesions with obstruction (disorder)	67766009	Intestinal adhesions with obstruction (disorder)
intestinal bypass for morbid obesity (procedure)	59657005	Intestinal bypass for morbid obesity (procedure)
intestinal malabsorption of fat (disorder)	197494007	Intestinal malabsorption of fat (disorder)
intestinal obstruction (disorder)	81060008	Intestinal obstruction (disorder)
intolerance to food (finding)	235719002	Intolerance to food (finding)
intolerant of cold (finding)	80585000	Intolerant of cold (finding)
intolerant of heat (finding)	69215007	Intolerant of heat (finding)
intoxication caused by opioid (disorder)	77721001	Intoxication caused by opioid (disorder)
intracapillary glomerulosclerosis of kidney due to diabetes mellitus (disorder)	310387003	Intracapillary glomerulosclerosis of kidney due to diabetes mellitus (disorder)
intracapsular cataract extraction and insertion of intraocular lens (procedure)	308695001	Intracapsular cataract extraction and insertion of intraocular lens (procedure)
intracranial aneurysm (disorder)	128609009	Intracranial aneurysm (disorder)
intracranial cavernous hemangioma (disorder)	445513004	Intracranial cavernous hemangioma (disorder)
intracranial hemorrhage (disorder)	1386000	Intracranial hemorrhage (disorder)
intracranial hemorrhage co-occurrent and due to closed fracture of vault of skull (disorder)	111593004	Intracranial hemorrhage co-occurrent and due to closed fracture of vault of skull (disorder)
intracranial injury (disorder)	127296001	Intracranial injury (disorder)
intracranial injury co-occurrent and due to closed fracture of vault of skull (disorder)	207687004	Intracranial injury co-occurrent and due to closed fracture of vault of skull (disorder)
intracranial meningioma (disorder)	302820008	Intracranial meningioma (disorder)
intraduct papilloma of pancreas (disorder)	276851006	Intraduct papilloma of pancreas (disorder)
intraepithelial squamous cell carcinoma (disorder)	400066006	Intraepithelial squamous cell carcinoma (disorder)
intramural leiomyoma of uterus (disorder)	93616000	Intramural leiomyoma of uterus (disorder)
intrauterine device check (procedure)	274407009	Intrauterine device check (procedure)
intrauterine pregnancy (finding)	65727000	Intrauterine pregnancy (finding)
intravenous therapy (regime/therapy)	386340006	Intravenous therapy (regime/therapy)
intussusception of intestine (disorder)	49723003	Intussusception of intestine (disorder)
iodine hypothyroidism (disorder)	190279008	Iodine hypothyroidism (disorder)
iridocyclitis (disorder)	77971008	Iridocyclitis (disorder)
iritis (disorder)	65074000	Iritis (disorder)
iron deficiency (disorder)	35240004	Iron deficiency (disorder)
iron deficiency anemia (disorder)	87522002	Iron deficiency anemia (disorder)
iron deficiency anemia secondary to inadequate dietary iron intake (disorder)	371315009	Iron deficiency anemia secondary to inadequate dietary iron intake (disorder)
irregular astigmatism (disorder)	47099006	Irregular astigmatism (disorder)
irregular bowel habits (finding)	444702007	Irregular bowel habits (finding)
irregular heart beat (finding)	361137007	Irregular heart beat (finding)
irregular periods (finding)	80182007	Irregular periods (finding)
irritable bowel syndrome (disorder)	10743008	Irritable bowel syndrome (disorder)
irritant contact dermatitis (disorder)	110979008	Irritant contact dermatitis (disorder)
ischemia (disorder)	52674009	Ischemia (disorder)
ischemic colitis (disorder)	30588004	Ischemic colitis (disorder)
ischemic heart disease screening (procedure)	171223006	Ischemic heart disease screening (procedure)
ischemic optic neuropathy (disorder)	14357004	Ischemic optic neuropathy (disorder)
ischemic stroke (disorder)	422504002	Ischemic stroke (disorder)
ischemic ulcer (disorder)	13954005	Ischemic ulcer (disorder)
ischial bursitis (disorder)	239993003	Ischial bursitis (disorder)
ischiorectal abscess (disorder)	36046008	Ischiorectal abscess (disorder)
itching (finding)	418290006	Itching (finding)
jaundice (finding)	18165001	Jaundice (finding)
jaw pain (finding)	274667000	Jaw pain (finding)
joint capsule sprain (disorder)	263000005	Joint capsule sprain (disorder)
joint swelling (finding)	271771009	Joint swelling (finding)
juvenile idiopathic arthritis (disorder)	410502007	Juvenile idiopathic arthritis (disorder)
juvenile idiopathic arthritis, oligoarthritis (disorder)	410798004	Juvenile idiopathic arthritis, oligoarthritis (disorder)
juvenile osteochondrosis of tibial tubercle (disorder)	72047008	Juvenile osteochondrosis of tibial tubercle (disorder)
kaposi's sarcoma (disorder)	109385007	Kaposi's sarcoma (disorder)
keloid acne scar (disorder)	1217699008	Keloid acne scar (disorder)
keloid scar (disorder)	33659008	Keloid scar (disorder)
keratitis (disorder)	5888003	Keratitis (disorder)
keratoconjunctivitis (disorder)	88151007	Keratoconjunctivitis (disorder)
keratoconjunctivitis sicca (disorder)	302896008	Keratoconjunctivitis sicca (disorder)
keratoconus (disorder)	65636009	Keratoconus (disorder)
keratoplasty (procedure)	293820001	Keratoplasty (procedure)
keratosis (disorder)	254666005	Keratosis (disorder)
keratosis pilaris (disorder)	5132005	Keratosis pilaris (disorder)
ketoacidosis due to diabetes mellitus (disorder)	420422005	Ketoacidosis due to diabetes mellitus (disorder)
ketoacidosis due to type 1 diabetes mellitus (disorder)	420270002	Ketoacidosis due to type 1 diabetes mellitus (disorder)
ketoacidosis due to type 2 diabetes mellitus (disorder)	421750000	Ketoacidosis due to type 2 diabetes mellitus (disorder)
kidney disease (disorder)	90708001	Kidney disease (disorder)
kidney excision (procedure)	108022006	Kidney excision (procedure)
kidney stone (disorder)	95570007	Kidney stone (disorder)
kidney transplant evaluation (procedure)	113127005	Kidney transplant evaluation (procedure)
klippel trenaunay syndrome (disorder)	721105004	Klippel Trenaunay syndrome (disorder)
knee joint effusion (disorder)	202381003	Knee joint effusion (disorder)
knee joint operation (procedure)	179342005	Knee joint operation (procedure)
knee pyogenic arthritis (disorder)	239777004	Knee pyogenic arthritis (disorder)
knee stiff (finding)	249913002	Knee stiff (finding)
kyphoscoliosis deformity of spine (disorder)	405773007	Kyphoscoliosis deformity of spine (disorder)
kyphosis deformity of spine (disorder)	414564002	Kyphosis deformity of spine (disorder)
labial adhesions (disorder)	248866005	Labial adhesions (disorder)
laboratory test (procedure)	15220000	Laboratory test (procedure)
laboratory test result abnormal (situation)	165346000	Laboratory test result abnormal (situation)
labyrinthine disorder (disorder)	20425006	Labyrinthine disorder (disorder)
labyrinthitis (disorder)	23919004	Labyrinthitis (disorder)
laceration - injury (disorder)	312608009	Laceration - injury (disorder)
laceration of eyelid (disorder)	231816006	Laceration of eyelid (disorder)
laceration of finger (disorder)	274172008	Laceration of finger (disorder)
laceration of forehead (disorder)	283359004	Laceration of forehead (disorder)
laceration of hand (disorder)	284549007	Laceration of hand (disorder)
laceration of lip (disorder)	283363006	Laceration of lip (disorder)
laceration of liver (disorder)	262802005	Laceration of liver (disorder)
laceration of lower lip (disorder)	446896007	Laceration of lower lip (disorder)
laceration of nail bed of finger (disorder)	446314003	Laceration of nail bed of finger (disorder)
laceration of nail bed of toe (disorder)	446859003	Laceration of nail bed of toe (disorder)
laceration of skin (disorder)	274165007	Laceration of skin (disorder)
laceration of tendon of finger (disorder)	446313009	Laceration of tendon of finger (disorder)
laceration of tendon of forearm (disorder)	1264281001	Laceration of tendon of forearm (disorder)
laceration of tendon of hand (disorder)	1264374006	Laceration of tendon of hand (disorder)
laceration of tendon of wrist (disorder)	1264366005	Laceration of tendon of wrist (disorder)
lactic acidosis (disorder)	91273001	Lactic acidosis (disorder)
lacunar infarction (disorder)	230698000	Lacunar infarction (disorder)
lagophthalmos (finding)	60735000	Lagophthalmos (finding)
laminotomy for decompression and exploration (procedure)	282191000	Laminotomy for decompression and exploration (procedure)
langerhans cell histiocytosis (disorder)	65399007	Langerhans cell histiocytosis (disorder)
laparoscopic appendectomy (procedure)	6025007	Laparoscopic appendectomy (procedure)
laparoscopic cholecystectomy (procedure)	45595009	Laparoscopic cholecystectomy (procedure)
laparoscopic cholecystectomy with exploration of common duct (procedure)	67557008	Laparoscopic cholecystectomy with exploration of common duct (procedure)
laparoscopic total fundoplication using abdominal approach (procedure)	314128006	Laparoscopic total fundoplication using abdominal approach (procedure)
laparoscopy (procedure)	73632009	Laparoscopy (procedure)
laparotomy (procedure)	86481000	Laparotomy (procedure)
large cell anaplastic lymphoma t cell and null cell type (disorder)	702785000	Large cell anaplastic lymphoma T cell and null cell type (disorder)
large liver (disorder)	80515008	Large liver (disorder)
large prostate (finding)	249607009	Large prostate (finding)
large-for-dates fetus (disorder)	199616008	Large-for-dates fetus (disorder)
laryngectomy (procedure)	72791001	Laryngectomy (procedure)
laryngismus (finding)	53787002	Laryngismus (finding)
laryngitis (disorder)	45913009	Laryngitis (disorder)
laryngomalacia (disorder)	38086007	Laryngomalacia (disorder)
laryngopharyngeal reflux (disorder)	414581006	Laryngopharyngeal reflux (disorder)
laser assisted in situ keratomileusis (procedure)	312965008	Laser assisted in situ keratomileusis (procedure)
laser peripheral iridotomy (procedure)	371345007	Laser peripheral iridotomy (procedure)
laser trabeculoplasty (procedure)	172485001	Laser trabeculoplasty (procedure)
late effect of accidental injury (disorder)	218246003	Late effect of accidental injury (disorder)
late effect of fracture of lower extremities (disorder)	36758002	Late effect of fracture of lower extremities (disorder)
late effect of motor vehicle accident (disorder)	218247007	Late effect of motor vehicle accident (disorder)
late effect of radiation (disorder)	78523004	Late effect of radiation (disorder)
late effect of respiratory tuberculosis (disorder)	187252008	Late effect of respiratory tuberculosis (disorder)
late effect of traumatic injury to brain (disorder)	429656004	Late effect of traumatic injury to brain (disorder)
late effects of cerebrovascular disease (disorder)	195239002	Late effects of cerebrovascular disease (disorder)
late effects of intracranial abscess or pyogenic infection (disorder)	192775006	Late effects of intracranial abscess or pyogenic infection (disorder)
late latent syphilis (disorder)	186903006	Late latent syphilis (disorder)
late onset dementia due to lewy body disease (disorder)	312991009	Late onset dementia due to Lewy body disease (disorder)
latent syphilis (disorder)	444150000	Latent syphilis (disorder)
latent syphilis with positive serology (disorder)	67125004	Latent syphilis with positive serology (disorder)
lateral epicondylitis (disorder)	202855006	Lateral epicondylitis (disorder)
lax vaginal introitus (finding)	198279007	Lax vaginal introitus (finding)
lead and/or lead compound poisoning (disorder)	1145155005	Lead and/or lead compound poisoning (disorder)
lead screening (procedure)	87199005	Lead screening (procedure)
learning difficulties (finding)	161129001	Learning difficulties (finding)
left bundle branch block (disorder)	63467002	Left bundle branch block (disorder)
left femoral hernia (disorder)	15971541000119105	Left femoral hernia (disorder)
left heart failure (disorder)	85232009	Left heart failure (disorder)
left inguinal hernia (disorder)	236022004	Left inguinal hernia (disorder)
left lower quadrant pain (finding)	301716002	Left lower quadrant pain (finding)
left lower zone pneumonia (disorder)	301000005	Left lower zone pneumonia (disorder)
left sided abdominal pain (finding)	285387005	Left sided abdominal pain (finding)
left sided ulcerative colitis (disorder)	445243001	Left sided ulcerative colitis (disorder)
left upper quadrant pain (finding)	301715003	Left upper quadrant pain (finding)
left ventricular cardiac dysfunction (disorder)	429589006	Left ventricular cardiac dysfunction (disorder)
left ventricular diastolic dysfunction (disorder)	395704004	Left ventricular diastolic dysfunction (disorder)
left ventricular hypertrophy (disorder)	55827005	Left ventricular hypertrophy (disorder)
legal problem (finding)	22268004	Legal problem (finding)
leiomyosarcoma (disorder)	443719001	Leiomyosarcoma (disorder)
lentiginosis (disorder)	402624000	Lentiginosis (disorder)
lesion of brain (disorder)	301766008	Lesion of brain (disorder)
lesion of cervix (disorder)	289794001	Lesion of cervix (disorder)
lesion of external ear (disorder)	300092000	Lesion of external ear (disorder)
lesion of eyelid (disorder)	301913002	Lesion of eyelid (disorder)
lesion of lip (disorder)	301350008	Lesion of lip (disorder)
lesion of liver (disorder)	300331000	Lesion of liver (disorder)
lesion of nose (disorder)	301191003	Lesion of nose (disorder)
lesion of penis (disorder)	300513000	Lesion of penis (disorder)
lesion of radial nerve (disorder)	193137006	Lesion of radial nerve (disorder)
lesion of testis (disorder)	300492006	Lesion of testis (disorder)
lesion of tongue (disorder)	300246005	Lesion of tongue (disorder)
lesion of ulnar nerve (disorder)	367475009	Lesion of ulnar nerve (disorder)
lesion of urinary bladder (disorder)	300457003	Lesion of urinary bladder (disorder)
lesion of vocal cord (disorder)	301218000	Lesion of vocal cord (disorder)
lesion of vulva (disorder)	289474006	Lesion of vulva (disorder)
lethargy (finding)	214264003	Lethargy (finding)
leukemia, disease (disorder)	93143009	Leukemia, disease (disorder)
leukocytosis (disorder)	111583006	Leukocytosis (disorder)
leukopenia (disorder)	84828003	Leukopenia (disorder)
leukoplakia (disorder)	274134003	Leukoplakia (disorder)
leukoplakia of oral mucosa (disorder)	414603003	Leukoplakia of oral mucosa (disorder)
lichen planus (disorder)	4776004	Lichen planus (disorder)
lichen sclerosus (disorder)	895454001	Lichen sclerosus (disorder)
lichen simplex chronicus (disorder)	53891004	Lichen simplex chronicus (disorder)
ligament rupture (disorder)	263134008	Ligament rupture (disorder)
ligation of bilateral fallopian tubes (procedure)	287664005	Ligation of bilateral fallopian tubes (procedure)
ligation of fallopian tube (procedure)	77543007	Ligation of fallopian tube (procedure)
light cigarette smoker (1-9 cigs/day) (finding)	160603005	Light cigarette smoker (1-9 cigs/day) (finding)
light-for-dates without fetal malnutrition (disorder)	189445003	Light-for-dates without fetal malnutrition (disorder)
lightheadedness (finding)	386705008	Lightheadedness (finding)
linear sebaceous nevus sequence (disorder)	52298009	Linear sebaceous nevus sequence (disorder)
lipid above reference range (finding)	124042003	Lipid above reference range (finding)
lipids outside reference range (finding)	166818002	Lipids outside reference range (finding)
lipodermatosclerosis (disorder)	410016009	Lipodermatosclerosis (disorder)
lipodystrophy (disorder)	71325002	Lipodystrophy (disorder)
lipoma (disorder)	93163002	Lipoma (disorder)
lipoma of skin (disorder)	255187008	Lipoma of skin (disorder)
lipoma of skin and subcutaneous tissue of neck (disorder)	93160004	Lipoma of skin and subcutaneous tissue of neck (disorder)
lipoma of spermatic cord (disorder)	93162007	Lipoma of spermatic cord (disorder)
liposarcoma (disorder)	254829001	Liposarcoma (disorder)
lithotripsy (procedure)	133864008	Lithotripsy (procedure)
livebirth (finding)	281050002	Livebirth (finding)
livebirth born before admission to hospital (situation)	445585003	Livebirth born before admission to hospital (situation)
liveborn born in hospital (situation)	442311008	Liveborn born in hospital (situation)
liveborn born in hospital by cesarean section (situation)	442365008	Liveborn born in hospital by cesarean section (situation)
livedo reticularis (disorder)	238772004	Livedo reticularis (disorder)
liver cell carcinoma (disorder)	109841003	Liver cell carcinoma (disorder)
liver enzymes outside reference range (finding)	166643006	Liver enzymes outside reference range (finding)
liver function tests outside reference range (finding)	166603001	Liver function tests outside reference range (finding)
liver mass (finding)	300332007	Liver mass (finding)
liver transplant rejection (disorder)	235911006	Liver transplant rejection (disorder)
lives alone (finding)	105529008	Lives alone (finding)
living in residential institution (finding)	105530003	Living in residential institution (finding)
lizard bite (event)	1251614005	Lizard bite (event)
lobar pneumonia (disorder)	278516003	Lobar pneumonia (disorder)
lobectomy of lung (procedure)	173171007	Lobectomy of lung (procedure)
lobular carcinoma in situ of breast (disorder)	109888004	Lobular carcinoma in situ of breast (disorder)
local infection of wound (disorder)	76844004	Local infection of wound (disorder)
local recurrence of malignant neoplasm of breast (disorder)	314955001	Local recurrence of malignant neoplasm of breast (disorder)
local recurrence of malignant neoplasm of colon (disorder)	314965007	Local recurrence of malignant neoplasm of colon (disorder)
local recurrence of malignant neoplasm of rectum (disorder)	314966008	Local recurrence of malignant neoplasm of rectum (disorder)
localized amyloidosis (disorder)	56871000	Localized amyloidosis (disorder)
localized edema (finding)	274724004	Localized edema (finding)
localized infection of skin and/or subcutaneous tissue (disorder)	430348006	Localized infection of skin AND/OR subcutaneous tissue (disorder)
localized morphea (disorder)	201048007	Localized morphea (disorder)
localized pain (finding)	112104007	Localized pain (finding)
localized retinal edema (disorder)	28391008	Localized retinal edema (disorder)
localized superficial swelling of skin (finding)	428786006	Localized superficial swelling of skin (finding)
localized swelling of abdominal wall (finding)	10677871000119101	Localized swelling of abdominal wall (finding)
localized, primary osteoarthritis of elbow (disorder)	313259008	Localized, primary osteoarthritis of elbow (disorder)
localized, primary osteoarthritis of the ankle and/or foot (disorder)	201837004	Localized, primary osteoarthritis of the ankle and/or foot (disorder)
localized, primary osteoarthritis of the hand (disorder)	201834006	Localized, primary osteoarthritis of the hand (disorder)
localized, primary osteoarthritis of the pelvic region and thigh (disorder)	201835007	Localized, primary osteoarthritis of the pelvic region and thigh (disorder)
localized, primary osteoarthritis of the shoulder region (disorder)	201831003	Localized, primary osteoarthritis of the shoulder region (disorder)
localized, secondary osteoarthritis of the shoulder region (disorder)	201849003	Localized, secondary osteoarthritis of the shoulder region (disorder)
loin abscess (disorder)	301802001	Loin abscess (disorder)
loin pain (finding)	271857006	Loin pain (finding)
long-term drug misuser (finding)	228371004	Long-term drug misuser (finding)
loose body in knee (disorder)	81512004	Loose body in knee (disorder)
loss of all teeth (disorder)	441935006	Loss of all teeth (disorder)
loss of appetite (finding)	79890006	Loss of appetite (finding)
loss of hypoglycemic warning due to diabetes mellitus (disorder)	170766006	Loss of hypoglycemic warning due to diabetes mellitus (disorder)
loss of part of visual field (finding)	246656009	Loss of part of visual field (finding)
loss of sense of smell (finding)	44169009	Loss of sense of smell (finding)
loss of teeth (disorder)	37320007	Loss of teeth (disorder)
loss of teeth due to extraction (disorder)	44402007	Loss of teeth due to extraction (disorder)
loss of voice (finding)	44564008	Loss of voice (finding)
low back pain (finding)	279039007	Low back pain (finding)
low back strain (disorder)	300956001	Low back strain (disorder)
low birth weight infant (disorder)	276610007	Low birth weight infant (disorder)
low blood pressure (disorder)	45007003	Low blood pressure (disorder)
low compliance urinary bladder (disorder)	9009001	Low compliance urinary bladder (disorder)
low density lipoprotein cholesterol above reference range (finding)	445445006	Low density lipoprotein cholesterol above reference range (finding)
low maternal weight gain (finding)	28701003	Low maternal weight gain (finding)
low tension glaucoma (disorder)	50485007	Low tension glaucoma (disorder)
low vision, both eyes (disorder)	193722001	Low vision, both eyes (disorder)
low-lying placenta (finding)	445122007	Low-lying placenta (finding)
lower abdominal pain (finding)	54586004	Lower abdominal pain (finding)
lower gastrointestinal hemorrhage (disorder)	87763006	Lower gastrointestinal hemorrhage (disorder)
lower limb nerve lesion (disorder)	297946004	Lower limb nerve lesion (disorder)
lower respiratory tract infection (disorder)	50417007	Lower respiratory tract infection (disorder)
lower urinary tract infectious disease (disorder)	4009004	Lower urinary tract infectious disease (disorder)
lower urinary tract symptoms (finding)	307541003	Lower urinary tract symptoms (finding)
lumbar disc lesion (disorder)	274137005	Lumbar disc lesion (disorder)
lumbar disc prolapse with radiculopathy (disorder)	202735001	Lumbar disc prolapse with radiculopathy (disorder)
lumbar post-laminectomy syndrome (disorder)	202725007	Lumbar post-laminectomy syndrome (disorder)
lumbar puncture (procedure)	277762005	Lumbar puncture (procedure)
lumbar radiculopathy (disorder)	128196005	Lumbar radiculopathy (disorder)
lumbar spina bifida with hydrocephalus (disorder)	203936004	Lumbar spina bifida with hydrocephalus (disorder)
lumbar spinal fusion (procedure)	50172003	Lumbar spinal fusion (procedure)
lumbar spondylosis (disorder)	239880009	Lumbar spondylosis (disorder)
lumbar spondylosis with myelopathy (disorder)	67437007	Lumbar spondylosis with myelopathy (disorder)
lumbar sprain (disorder)	209565008	Lumbar sprain (disorder)
lumbosacral radiculitis (disorder)	46578006	Lumbosacral radiculitis (disorder)
lumbosacral radiculopathy (disorder)	2415007	Lumbosacral radiculopathy (disorder)
lumbosacral spondylosis (disorder)	123798002	Lumbosacral spondylosis (disorder)
lumbosacral spondylosis without myelopathy (disorder)	48210000	Lumbosacral spondylosis without myelopathy (disorder)
lumbosacral stenosis (disorder)	370471003	Lumbosacral stenosis (disorder)
lumbosacral strain (disorder)	309710005	Lumbosacral strain (disorder)
lump on face (finding)	299704007	Lump on face (finding)
lump on finger (finding)	248521008	Lump on finger (finding)
lumpectomy of breast (procedure)	392021009	Lumpectomy of breast (procedure)
lung field abnormal (finding)	274710003	Lung field abnormal (finding)
lung mass (finding)	309529002	Lung mass (finding)
lupus anticoagulant disorder (disorder)	19267009	Lupus anticoagulant disorder (disorder)
lupus erythematosus (disorder)	200936003	Lupus erythematosus (disorder)
lupus vulgaris (disorder)	10528009	Lupus vulgaris (disorder)
lyme disease (disorder)	23502006	Lyme disease (disorder)
lymphadenitis (disorder)	19471005	Lymphadenitis (disorder)
lymphadenopathy (disorder)	30746006	Lymphadenopathy (disorder)
lymphangioma (disorder)	400178008	Lymphangioma (disorder)
lymphangitis (disorder)	1415005	Lymphangitis (disorder)
lymphedema (disorder)	234097001	Lymphedema (disorder)
lymphocele (disorder)	234109007	Lymphocele (disorder)
lymphocytopenia (disorder)	48813009	Lymphocytopenia (disorder)
lymphocytosis (disorder)	67023009	Lymphocytosis (disorder)
lymphoid neoplasm (morphologic abnormality)	414628006	Lymphoid neoplasm (morphologic abnormality)
lymphoproliferative disorder (disorder)	277466009	Lymphoproliferative disorder (disorder)
lymphosarcoma of lymph nodes of multiple sites (disorder)	188507008	Lymphosarcoma of lymph nodes of multiple sites (disorder)
lytic lesion of bone on plain x-ray (finding)	1293040003	Lytic lesion of bone on plain X-ray (finding)
macrocephaly (finding)	1145403003	Macrocephaly (finding)
macrocytic anemia (disorder)	83414005	Macrocytic anemia (disorder)
macrocytosis, red cells (finding)	397073000	Macrocytosis, red cells (finding)
macroprolactinoma (disorder)	253011004	Macroprolactinoma (disorder)
macular drusen (finding)	247154004	Macular drusen (finding)
macular edema due to diabetes mellitus (disorder)	312912001	Macular edema due to diabetes mellitus (disorder)
macular eruption (disorder)	271756005	Macular eruption (disorder)
macular hole (disorder)	232006002	Macular hole (disorder)
macular pigment deposit (disorder)	247146001	Macular pigment deposit (disorder)
macular retinal edema (disorder)	37231002	Macular retinal edema (disorder)
maculopapular eruption (disorder)	247471006	Maculopapular eruption (disorder)
magnetic resonance imaging of brain abnormal (finding)	407669000	Magnetic resonance imaging of brain abnormal (finding)
magnetic resonance imaging scan abnormal (finding)	169083003	Magnetic resonance imaging scan abnormal (finding)
major depression in remission (disorder)	42810003	Major depression in remission (disorder)
major depression single episode, in partial remission (disorder)	70747007	Major depression single episode, in partial remission (disorder)
major depression, single episode (disorder)	36923009	Major depression, single episode (disorder)
major depressive disorder (disorder)	370143000	Major depressive disorder (disorder)
malabsorption syndrome (disorder)	32230006	Malabsorption syndrome (disorder)
malabsorption syndrome due to intolerance to lactose (disorder)	785696007	Malabsorption syndrome due to intolerance to lactose (disorder)
malaise (finding)	367391008	Malaise (finding)
malaise and fatigue (finding)	271795006	Malaise and fatigue (finding)
malaria (disorder)	61462000	Malaria (disorder)
male hypogonadism (disorder)	48723006	Male hypogonadism (disorder)
male infertility (disorder)	2904007	Male infertility (disorder)
male pattern alopecia (disorder)	87872006	Male pattern alopecia (disorder)
male sterilization (procedure)	399141000	Male sterilization (procedure)
male urinary stress incontinence (finding)	444620007	Male urinary stress incontinence (finding)
malignant adenomatous neoplasm (disorder)	443961001	Malignant adenomatous neoplasm (disorder)
malignant ascites (disorder)	236005001	Malignant ascites (disorder)
malignant essential hypertension (disorder)	78975002	Malignant essential hypertension (disorder)
malignant fibromatous neoplasm (disorder)	443250000	Malignant fibromatous neoplasm (disorder)
malignant fibrous histiocytoma (disorder)	443439001	Malignant fibrous histiocytoma (disorder)
malignant glioma of brain (disorder)	276826005	Malignant glioma of brain (disorder)
malignant hypertension (disorder)	70272006	Malignant hypertension (disorder)
malignant lymphoma (disorder)	118600007	Malignant lymphoma (disorder)
malignant lymphoma of extranodal and/or solid organ site (disorder)	93199007	Malignant lymphoma of extranodal AND/OR solid organ site (disorder)
malignant lymphoma of lymph nodes of head (disorder)	1255805006	Malignant lymphoma of lymph nodes of head (disorder)
malignant lymphoma of lymph nodes of head and neck (disorder)	1255807003	Malignant lymphoma of lymph nodes of head and neck (disorder)
malignant lymphoma of lymph nodes of multiple sites (disorder)	93197009	Malignant lymphoma of lymph nodes of multiple sites (disorder)
malignant lymphoma of lymph nodes of neck (disorder)	1255806007	Malignant lymphoma of lymph nodes of neck (disorder)
malignant lymphoma of the eye region (disorder)	420519005	Malignant lymphoma of the eye region (disorder)
malignant melanoma (disorder)	372244006	Malignant melanoma (disorder)
malignant melanoma of choroid (disorder)	255021005	Malignant melanoma of choroid (disorder)
malignant melanoma of foot (disorder)	188075008	Malignant melanoma of foot (disorder)
malignant melanoma of head and neck (disorder)	269578002	Malignant melanoma of head and neck (disorder)
malignant melanoma of lower limb (disorder)	269581007	Malignant melanoma of lower limb (disorder)
malignant melanoma of neck (disorder)	188046002	Malignant melanoma of neck (disorder)
malignant melanoma of scalp (disorder)	188045003	Malignant melanoma of scalp (disorder)
malignant melanoma of shoulder (disorder)	188060000	Malignant melanoma of shoulder (disorder)
malignant melanoma of skin (disorder)	93655004	Malignant melanoma of skin (disorder)
malignant melanoma of skin of ear (disorder)	93220006	Malignant melanoma of skin of ear (disorder)
malignant melanoma of skin of external auditory canal (disorder)	93222003	Malignant melanoma of skin of external auditory canal (disorder)
malignant melanoma of skin of face (disorder)	93225001	Malignant melanoma of skin of face (disorder)
malignant melanoma of skin of trunk (disorder)	93651008	Malignant melanoma of skin of trunk (disorder)
malignant melanoma of trunk (disorder)	269579005	Malignant melanoma of trunk (disorder)
malignant melanoma of upper arm (disorder)	188061001	Malignant melanoma of upper arm (disorder)
malignant melanoma, metastatic (morphologic abnormality)	372158004	Malignant melanoma, metastatic (morphologic abnormality)
malignant meningitis (disorder)	230156002	Malignant meningitis (disorder)
malignant mesothelioma of pleura (disorder)	254645002	Malignant mesothelioma of pleura (disorder)
malignant neoplasm of anal canal (disorder)	363352004	Malignant neoplasm of anal canal (disorder)
malignant neoplasm of appendix (disorder)	363411007	Malignant neoplasm of appendix (disorder)
malignant neoplasm of ascending colon (disorder)	363412000	Malignant neoplasm of ascending colon (disorder)
malignant neoplasm of body of pancreas (disorder)	187791002	Malignant neoplasm of body of pancreas (disorder)
malignant neoplasm of bone (disorder)	428281000	Malignant neoplasm of bone (disorder)
malignant neoplasm of brain (disorder)	428061005	Malignant neoplasm of brain (disorder)
malignant neoplasm of breast (disorder)	254837009	Malignant neoplasm of breast (disorder)
malignant neoplasm of cardia of stomach (disorder)	187732006	Malignant neoplasm of cardia of stomach (disorder)
malignant neoplasm of cardioesophageal junction of stomach (disorder)	187734007	Malignant neoplasm of cardioesophageal junction of stomach (disorder)
malignant neoplasm of cecum (disorder)	363350007	Malignant neoplasm of cecum (disorder)
malignant neoplasm of central portion of breast (disorder)	1306548008	Malignant neoplasm of central portion of breast (disorder)
malignant neoplasm of cervix uteri (disorder)	363354003	Malignant neoplasm of cervix uteri (disorder)
malignant neoplasm of colon (disorder)	363406005	Malignant neoplasm of colon (disorder)
malignant neoplasm of corpus uteri, excluding isthmus (disorder)	188189001	Malignant neoplasm of corpus uteri, excluding isthmus (disorder)
malignant neoplasm of descending colon (disorder)	363409003	Malignant neoplasm of descending colon (disorder)
malignant neoplasm of dome of urinary bladder (disorder)	188240003	Malignant neoplasm of dome of urinary bladder (disorder)
malignant neoplasm of esophagus (disorder)	363402007	Malignant neoplasm of esophagus (disorder)
malignant neoplasm of face (disorder)	363501002	Malignant neoplasm of face (disorder)
malignant neoplasm of floor of mouth (disorder)	363385007	Malignant neoplasm of floor of mouth (disorder)
malignant neoplasm of gallbladder (disorder)	363353009	Malignant neoplasm of gallbladder (disorder)
malignant neoplasm of gastrointestinal tract (disorder)	428905002	Malignant neoplasm of gastrointestinal tract (disorder)
malignant neoplasm of glottis (disorder)	187841006	Malignant neoplasm of glottis (disorder)
malignant neoplasm of greater curvature of stomach (disorder)	269460009	Malignant neoplasm of greater curvature of stomach (disorder)
malignant neoplasm of head and/or neck (disorder)	255056009	Malignant neoplasm of head and/or neck (disorder)
malignant neoplasm of head of pancreas (disorder)	363419009	Malignant neoplasm of head of pancreas (disorder)
malignant neoplasm of hepatic flexure of colon (disorder)	363407001	Malignant neoplasm of hepatic flexure of colon (disorder)
malignant neoplasm of hypopharynx (disorder)	363399006	Malignant neoplasm of hypopharynx (disorder)
malignant neoplasm of kidney (disorder)	363518003	Malignant neoplasm of kidney (disorder)
malignant neoplasm of large intestine (disorder)	363510005	Malignant neoplasm of large intestine (disorder)
malignant neoplasm of larynx (disorder)	363429002	Malignant neoplasm of larynx (disorder)
malignant neoplasm of lateral wall of urinary bladder (disorder)	188241004	Malignant neoplasm of lateral wall of urinary bladder (disorder)
malignant neoplasm of lesser curvature of stomach (disorder)	269459004	Malignant neoplasm of lesser curvature of stomach (disorder)
malignant neoplasm of liver (disorder)	93870000	Malignant neoplasm of liver (disorder)
malignant neoplasm of lower inner quadrant of breast (disorder)	373080008	Malignant neoplasm of lower inner quadrant of breast (disorder)
malignant neoplasm of lower outer quadrant of breast (disorder)	373081007	Malignant neoplasm of lower outer quadrant of breast (disorder)
malignant neoplasm of lower third of esophagus (disorder)	187727005	Malignant neoplasm of lower third of esophagus (disorder)
malignant neoplasm of lung (disorder)	363358000	Malignant neoplasm of lung (disorder)
malignant neoplasm of maxillary sinus (disorder)	363425008	Malignant neoplasm of maxillary sinus (disorder)
malignant neoplasm of mediastinum (disorder)	363494000	Malignant neoplasm of mediastinum (disorder)
malignant neoplasm of middle lobe bronchus (disorder)	187865009	Malignant neoplasm of middle lobe bronchus (disorder)
malignant neoplasm of middle lobe of right lung (disorder)	1179762006	Malignant neoplasm of middle lobe of right lung (disorder)
malignant neoplasm of middle third of esophagus (disorder)	187726001	Malignant neoplasm of middle third of esophagus (disorder)
malignant neoplasm of nasal cavity (disorder)	363422006	Malignant neoplasm of nasal cavity (disorder)
malignant neoplasm of nasopharynx (disorder)	187692001	Malignant neoplasm of nasopharynx (disorder)
malignant neoplasm of neck (disorder)	363489000	Malignant neoplasm of neck (disorder)
malignant neoplasm of oral cavity (disorder)	363505006	Malignant neoplasm of oral cavity (disorder)
malignant neoplasm of oral part of tongue (disorder)	363360003	Malignant neoplasm of oral part of tongue (disorder)
malignant neoplasm of oropharynx (disorder)	363392002	Malignant neoplasm of oropharynx (disorder)
malignant neoplasm of ovary (disorder)	363443007	Malignant neoplasm of ovary (disorder)
malignant neoplasm of palate (disorder)	363390005	Malignant neoplasm of palate (disorder)
malignant neoplasm of palatine tonsil (disorder)	363393007	Malignant neoplasm of palatine tonsil (disorder)
malignant neoplasm of pancreas (disorder)	363418001	Malignant neoplasm of pancreas (disorder)
malignant neoplasm of pancreatic duct (disorder)	187793004	Malignant neoplasm of pancreatic duct (disorder)
malignant neoplasm of parotid gland (disorder)	363379000	Malignant neoplasm of parotid gland (disorder)
malignant neoplasm of penis (disorder)	363516004	Malignant neoplasm of penis (disorder)
malignant neoplasm of peritoneum (disorder)	363492001	Malignant neoplasm of peritoneum (disorder)
malignant neoplasm of posterior wall of urinary bladder (disorder)	188243001	Malignant neoplasm of posterior wall of urinary bladder (disorder)
malignant neoplasm of prostate (disorder)	399068003	Malignant neoplasm of prostate (disorder)
malignant neoplasm of rectosigmoid junction (disorder)	363414004	Malignant neoplasm of rectosigmoid junction (disorder)
malignant neoplasm of renal pelvis (disorder)	363457009	Malignant neoplasm of renal pelvis (disorder)
malignant neoplasm of salivary gland (disorder)	255072001	Malignant neoplasm of salivary gland (disorder)
malignant neoplasm of sigmoid colon (disorder)	363410008	Malignant neoplasm of sigmoid colon (disorder)
malignant neoplasm of skin (disorder)	372130007	Malignant neoplasm of skin (disorder)
malignant neoplasm of skin of trunk (disorder)	372126009	Malignant neoplasm of skin of trunk (disorder)
malignant neoplasm of soft tissue of hip (disorder)	363364007	Malignant neoplasm of soft tissue of hip (disorder)
malignant neoplasm of spinal cord (disorder)	363475005	Malignant neoplasm of spinal cord (disorder)
malignant neoplasm of splenic flexure (disorder)	363413005	Malignant neoplasm of splenic flexure (disorder)
malignant neoplasm of stomach (disorder)	363349007	Malignant neoplasm of stomach (disorder)
malignant neoplasm of supraglottis (disorder)	187842004	Malignant neoplasm of supraglottis (disorder)
malignant neoplasm of tail of pancreas (disorder)	187792009	Malignant neoplasm of tail of pancreas (disorder)
malignant neoplasm of testis (disorder)	363449006	Malignant neoplasm of testis (disorder)
malignant neoplasm of thoracic esophagus (disorder)	187723009	Malignant neoplasm of thoracic esophagus (disorder)
malignant neoplasm of thyroid gland (disorder)	363478007	Malignant neoplasm of thyroid gland (disorder)
malignant neoplasm of tongue (disorder)	363375006	Malignant neoplasm of tongue (disorder)
malignant neoplasm of transverse colon (disorder)	363408006	Malignant neoplasm of transverse colon (disorder)
malignant neoplasm of trigone of urinary bladder (disorder)	188239000	Malignant neoplasm of trigone of urinary bladder (disorder)
malignant neoplasm of unknown origin (disorder)	255052006	Malignant neoplasm of unknown origin (disorder)
malignant neoplasm of upper inner quadrant of breast (disorder)	373082000	Malignant neoplasm of upper inner quadrant of breast (disorder)
malignant neoplasm of upper lobe bronchus (disorder)	187861000	Malignant neoplasm of upper lobe bronchus (disorder)
malignant neoplasm of upper lobe of lung (disorder)	187862007	Malignant neoplasm of upper lobe of lung (disorder)
malignant neoplasm of upper outer quadrant of breast (disorder)	373083005	Malignant neoplasm of upper outer quadrant of breast (disorder)
malignant neoplasm of ureter (disorder)	363458004	Malignant neoplasm of ureter (disorder)
malignant neoplasm of urethra (disorder)	363459007	Malignant neoplasm of urethra (disorder)
malignant neoplasm of urinary bladder (disorder)	399326009	Malignant neoplasm of urinary bladder (disorder)
malignant neoplasm of urinary tract proper (disorder)	363517008	Malignant neoplasm of urinary tract proper (disorder)
malignant neoplasm of uterus (disorder)	371973000	Malignant neoplasm of uterus (disorder)
malignant neoplasm of vagina (disorder)	363445000	Malignant neoplasm of vagina (disorder)
malignant neoplasm of vulva (disorder)	363367000	Malignant neoplasm of vulva (disorder)
malignant neoplasm soft tissue of lower limb (disorder)	1263476003	Malignant neoplasm soft tissue of lower limb (disorder)
malignant neoplastic disease (disorder)	363346000	Malignant neoplastic disease (disorder)
malingering (finding)	23268009	Malingering (finding)
mallory-weiss syndrome (disorder)	35265002	Mallory-Weiss syndrome (disorder)
malnutrition of mild degree (gomez: 75 percent to less than 90 percent of standard weight) (disorder)	77702009	Malnutrition of mild degree (Gomez: 75 percent to less than 90 percent of standard weight) (disorder)
malnutrition of moderate degree (gomez: 60 percent to less than 75 percent of standard weight) (disorder)	77091003	Malnutrition of moderate degree (Gomez: 60 percent to less than 75 percent of standard weight) (disorder)
malocclusion of teeth (disorder)	47944004	Malocclusion of teeth (disorder)
mammographic mass of breast (finding)	129788004	Mammographic mass of breast (finding)
mammography (procedure)	71651007	Mammography (procedure)
mammography abnormal (finding)	168750009	Mammography abnormal (finding)
mammography normal (finding)	168749009	Mammography normal (finding)
mania (disorder)	231494001	Mania (disorder)
manic bipolar i disorder (disorder)	68569003	Manic bipolar I disorder (disorder)
manic bipolar i disorder in full remission (disorder)	30935000	Manic bipolar I disorder in full remission (disorder)
manic bipolar i disorder in partial remission (disorder)	63249007	Manic bipolar I disorder in partial remission (disorder)
mantle cell lymphoma (disorder)	443487006	Mantle cell lymphoma (disorder)
mantle cell lymphoma (morphologic abnormality)	74654000	Mantle cell lymphoma (morphologic abnormality)
mantoux: negative (finding)	268375009	Mantoux: negative (finding)
mantoux: positive (finding)	268376005	Mantoux: positive (finding)
manual pelvic examination (procedure)	35025007	Manual pelvic examination (procedure)
marfan's syndrome (disorder)	19346006	Marfan's syndrome (disorder)
marital counseling (procedure)	68168001	Marital counseling (procedure)
marital problems (finding)	65118005	Marital problems (finding)
mass lesion of brain (finding)	422840005	Mass lesion of brain (finding)
mass of adrenal gland (finding)	237783006	Mass of adrenal gland (finding)
mass of axilla (finding)	300863000	Mass of axilla (finding)
mass of body structure (finding)	300848003	Mass of body structure (finding)
mass of chest wall (finding)	441124000	Mass of chest wall (finding)
mass of foot (finding)	442098006	Mass of foot (finding)
mass of head (finding)	432525007	Mass of head (finding)
mass of head and/or neck (finding)	274751001	Mass of head and/or neck (finding)
mass of lower limb (finding)	309527000	Mass of lower limb (finding)
mass of mediastinum (finding)	94147001	Mass of mediastinum (finding)
mass of neck (finding)	299703001	Mass of neck (finding)
mass of ovary (finding)	289922002	Mass of ovary (finding)
mass of pancreas (finding)	425810000	Mass of pancreas (finding)
mass of parotid gland (finding)	315284009	Mass of parotid gland (finding)
mass of pelvic structure (finding)	74285003	Mass of pelvic structure (finding)
mass of pituitary (finding)	237715007	Mass of pituitary (finding)
mass of retroperitoneal structure (finding)	69559004	Mass of retroperitoneal structure (finding)
mass of scrotum (finding)	53929009	Mass of scrotum (finding)
mass of shoulder region (finding)	427746000	Mass of shoulder region (finding)
mass of skin (finding)	297960002	Mass of skin (finding)
mass of submandibular region (finding)	445456006	Mass of submandibular region (finding)
mass of testicle (finding)	87860000	Mass of testicle (finding)
mass of thoracic structure (finding)	440299000	Mass of thoracic structure (finding)
mass of thyroid gland (finding)	237557003	Mass of thyroid gland (finding)
mass of tongue (finding)	441975003	Mass of tongue (finding)
mass of urinary bladder (finding)	428090004	Mass of urinary bladder (finding)
mass of vulva (finding)	289477004	Mass of vulva (finding)
mastitis associated with lactation (disorder)	700038005	Mastitis associated with lactation (disorder)
mastoidectomy (procedure)	50445001	Mastoidectomy (procedure)
mastoiditis (disorder)	52404001	Mastoiditis (disorder)
maternal infection (situation)	288252009	Maternal infection (situation)
maternal perinatal infection (disorder)	1179398000	Maternal perinatal infection (disorder)
maternal pyrexia in labor (disorder)	267340006	Maternal pyrexia in labor (disorder)
measles (disorder)	14189004	Measles (disorder)
measurement of helicobacter pylori antibody (procedure)	104285006	Measurement of Helicobacter pylori antibody (procedure)
measurement of respiratory function (procedure)	23426006	Measurement of respiratory function (procedure)
mechanical lagophthalmos (disorder)	21783006	Mechanical lagophthalmos (disorder)
mechanical low back pain (finding)	279040009	Mechanical low back pain (finding)
mechanical ptosis (disorder)	76201007	Mechanical ptosis (disorder)
mechanical vitrectomy by pars plana approach (procedure)	87021001	Mechanical vitrectomy by pars plana approach (procedure)
meckel's diverticulum (disorder)	37373007	Meckel's diverticulum (disorder)
meconium aspiration syndrome (disorder)	206292002	Meconium aspiration syndrome (disorder)
meconium in amniotic fluid affecting management of mother (disorder)	20845005	Meconium in amniotic fluid affecting management of mother (disorder)
medial epicondylitis of elbow joint (disorder)	53286005	Medial epicondylitis of elbow joint (disorder)
median neuropathy (disorder)	397828008	Median neuropathy (disorder)
mediastinal emphysema (disorder)	16838000	Mediastinal emphysema (disorder)
mediastinal lymphadenopathy (disorder)	52324001	Mediastinal lymphadenopathy (disorder)
medical assessment (procedure)	225886003	Medical assessment (procedure)
medical counseling (procedure)	171014001	Medical counseling (procedure)
medical examinations/reports (procedure)	270352002	Medical examinations/reports (procedure)
medullary sponge kidney (disorder)	236443009	Medullary sponge kidney (disorder)
medullary thyroid carcinoma (disorder)	255032005	Medullary thyroid carcinoma (disorder)
medulloblastoma (disorder)	443333004	Medulloblastoma (disorder)
megaloblastic anemia (disorder)	53165003	Megaloblastic anemia (disorder)
megaloblastic anemia due to folate deficiency (disorder)	85649008	Megaloblastic anemia due to folate deficiency (disorder)
megaloblastic anemia due to vitamin b>12< deficiency (disorder)	49472006	Megaloblastic anemia due to vitamin B>12< deficiency (disorder)
meibomian gland dysfunction (disorder)	397549002	Meibomian gland dysfunction (disorder)
meige syndrome (disorder)	230325003	Meige syndrome (disorder)
melanocytic nevus (disorder)	400096001	Melanocytic nevus (disorder)
melanocytic nevus of region of face (disorder)	1287477004	Melanocytic nevus of region of face (disorder)
melanocytic nevus of skin (disorder)	400010006	Melanocytic nevus of skin (disorder)
melanocytic nevus of skin of face (disorder)	1287478009	Melanocytic nevus of skin of face (disorder)
melanoma in situ of skin (disorder)	109266006	Melanoma in situ of skin (disorder)
melena (disorder)	2901004	Melena (disorder)
membranous glomerulonephritis (disorder)	77182004	Membranous glomerulonephritis (disorder)
memory impairment (finding)	386807006	Memory impairment (finding)
meningitis (disorder)	7180009	Meningitis (disorder)
meningomyelocele (disorder)	414667000	Meningomyelocele (disorder)
menometrorrhagia (finding)	314631008	Menometrorrhagia (finding)
menopausal flushing (disorder)	198436008	Menopausal flushing (disorder)
menopausal problem (finding)	68811000	Menopausal problem (finding)
menopausal symptom (finding)	21801002	Menopausal symptom (finding)
menopausal syndrome (disorder)	123756000	Menopausal syndrome (disorder)
menopause ovarian failure (disorder)	237138004	Menopause ovarian failure (disorder)
menopause present (finding)	289903006	Menopause present (finding)
menorrhagia (finding)	386692008	Menorrhagia (finding)
menstrual migraine (disorder)	23186000	Menstrual migraine (disorder)
mental disorder (disorder)	74732009	Mental disorder (disorder)
mental disorder caused by drug (disorder)	442351006	Mental disorder caused by drug (disorder)
mental disorders during pregnancy, childbirth and the puerperium (disorder)	199257008	Mental disorders during pregnancy, childbirth and the puerperium (disorder)
mental health problem (finding)	413307004	Mental health problem (finding)
meralgia paresthetica (disorder)	85007004	Meralgia paresthetica (disorder)
merkel cell carcinoma (disorder)	253001006	Merkel cell carcinoma (disorder)
mesangiocapillary glomerulonephritis (disorder)	80321008	Mesangiocapillary glomerulonephritis (disorder)
mesenteric lymphadenitis (disorder)	44897000	Mesenteric lymphadenitis (disorder)
metabolic acidosis (disorder)	59455009	Metabolic acidosis (disorder)
metabolic disease (disorder)	75934005	Metabolic disease (disorder)
metabolic dysfunction-associated steatotic liver (disorder)	722866000	Metabolic dysfunction-associated steatotic liver (disorder)
metabolic syndrome x (disorder)	237602007	Metabolic syndrome X (disorder)
metastasis to digestive organs (disorder)	275266006	Metastasis to digestive organs (disorder)
metastasis to head and neck lymph node (disorder)	303194003	Metastasis to head and neck lymph node (disorder)
metastatic malignant melanoma (disorder)	443493003	Metastatic malignant melanoma (disorder)
metastatic malignant neoplasm (disorder)	128462008	Metastatic malignant neoplasm (disorder)
metastatic malignant neoplasm to adrenal gland (disorder)	94161006	Metastatic malignant neoplasm to adrenal gland (disorder)
metastatic malignant neoplasm to axilla (disorder)	94180008	Metastatic malignant neoplasm to axilla (disorder)
metastatic malignant neoplasm to bone (disorder)	94222008	Metastatic malignant neoplasm to bone (disorder)
metastatic malignant neoplasm to brain (disorder)	94225005	Metastatic malignant neoplasm to brain (disorder)
metastatic malignant neoplasm to brain and spinal cord (disorder)	188462001	Metastatic malignant neoplasm to brain and spinal cord (disorder)
metastatic malignant neoplasm to breast (disorder)	145501000119108	Metastatic malignant neoplasm to breast (disorder)
metastatic malignant neoplasm to central nervous system (disorder)	94243009	Metastatic malignant neoplasm to central nervous system (disorder)
metastatic malignant neoplasm to choroid (disorder)	94254004	Metastatic malignant neoplasm to choroid (disorder)
metastatic malignant neoplasm to colon (disorder)	94260004	Metastatic malignant neoplasm to colon (disorder)
metastatic malignant neoplasm to endometrium (disorder)	94281004	Metastatic malignant neoplasm to endometrium (disorder)
metastatic malignant neoplasm to esophagus (disorder)	94286009	Metastatic malignant neoplasm to esophagus (disorder)
metastatic malignant neoplasm to intra-abdominal lymph nodes (disorder)	94347008	Metastatic malignant neoplasm to intra-abdominal lymph nodes (disorder)
metastatic malignant neoplasm to intrapelvic lymph nodes (disorder)	94350006	Metastatic malignant neoplasm to intrapelvic lymph nodes (disorder)
metastatic malignant neoplasm to intrathoracic lymph nodes (disorder)	94351005	Metastatic malignant neoplasm to intrathoracic lymph nodes (disorder)
metastatic malignant neoplasm to kidney (disorder)	94360002	Metastatic malignant neoplasm to kidney (disorder)
metastatic malignant neoplasm to large intestine (disorder)	94365007	Metastatic malignant neoplasm to large intestine (disorder)
metastatic malignant neoplasm to liver (disorder)	94381002	Metastatic malignant neoplasm to liver (disorder)
metastatic malignant neoplasm to lung (disorder)	94391008	Metastatic malignant neoplasm to lung (disorder)
metastatic malignant neoplasm to lymph node (disorder)	94392001	Metastatic malignant neoplasm to lymph node (disorder)
metastatic malignant neoplasm to lymph nodes of face (disorder)	94393006	Metastatic malignant neoplasm to lymph nodes of face (disorder)
metastatic malignant neoplasm to lymph nodes of neck (disorder)	94397007	Metastatic malignant neoplasm to lymph nodes of neck (disorder)
metastatic malignant neoplasm to mediastinum (disorder)	94409002	Metastatic malignant neoplasm to mediastinum (disorder)
metastatic malignant neoplasm to ovary (disorder)	94455000	Metastatic malignant neoplasm to ovary (disorder)
metastatic malignant neoplasm to pancreas (disorder)	94459006	Metastatic malignant neoplasm to pancreas (disorder)
metastatic malignant neoplasm to peritoneum (disorder)	94627008	Metastatic malignant neoplasm to peritoneum (disorder)
metastatic malignant neoplasm to pleura (disorder)	94493005	Metastatic malignant neoplasm to pleura (disorder)
metastatic malignant neoplasm to prostate (disorder)	94503003	Metastatic malignant neoplasm to prostate (disorder)
metastatic malignant neoplasm to rectum (disorder)	94513006	Metastatic malignant neoplasm to rectum (disorder)
metastatic malignant neoplasm to retroperitoneum (disorder)	94628003	Metastatic malignant neoplasm to retroperitoneum (disorder)
metastatic malignant neoplasm to skin (disorder)	94579000	Metastatic malignant neoplasm to skin (disorder)
metastatic malignant neoplasm to soft tissues (disorder)	94264008	Metastatic malignant neoplasm to soft tissues (disorder)
metastatic malignant neoplasm to testis (disorder)	94623007	Metastatic malignant neoplasm to testis (disorder)
metastatic malignant neoplasm to urinary bladder (disorder)	94186002	Metastatic malignant neoplasm to urinary bladder (disorder)
metastatic malignant neoplasm to vertebral column (disorder)	94602001	Metastatic malignant neoplasm to vertebral column (disorder)
metastatic sarcoma (disorder)	443144000	Metastatic sarcoma (disorder)
metastatic squamous cell carcinoma (disorder)	403906006	Metastatic squamous cell carcinoma (disorder)
metatarsal bone fracture (disorder)	263251009	Metatarsal bone fracture (disorder)
metatarsalgia (finding)	10085004	Metatarsalgia (finding)
metatarsus adductus (disorder)	23568008	Metatarsus adductus (disorder)
methicillin resistant staphylococcus aureus infection (disorder)	266096002	Methicillin resistant Staphylococcus aureus infection (disorder)
microalbuminuria (finding)	312975006	Microalbuminuria (finding)
microalbuminuria measurement (procedure)	46716003	Microalbuminuria measurement (procedure)
microbial identification kit, rapid strep method (procedure)	89634005	Microbial identification kit, rapid strep method (procedure)
microcalcifications of the breast (disorder)	44771000	Microcalcifications of the breast (disorder)
microcephaly (finding)	1148757008	Microcephaly (finding)
microcytic anemia (disorder)	234349007	Microcytic anemia (disorder)
microcytic hypochromic anemia (disorder)	44666001	Microcytic hypochromic anemia (disorder)
microcytosis, red cells (finding)	165474009	Microcytosis, red cells (finding)
microglioma (disorder)	307649006	Microglioma (disorder)
microscopic colitis (disorder)	235753003	Microscopic colitis (disorder)
microscopic hematuria (disorder)	197940006	Microscopic hematuria (disorder)
microscopic polyangiitis (disorder)	1144805008	Microscopic polyangiitis (disorder)
midline cystocele (disorder)	423633003	Midline cystocele (disorder)
migraine (disorder)	37796009	Migraine (disorder)
migraine aura without headache (disorder)	230465000	Migraine aura without headache (disorder)
migraine variants (disorder)	193030005	Migraine variants (disorder)
migraine variants, not intractable (disorder)	424699007	Migraine variants, not intractable (disorder)
migraine with aura (disorder)	4473006	Migraine with aura (disorder)
migraine with typical aura (disorder)	230462002	Migraine with typical aura (disorder)
migraine without aura (disorder)	56097005	Migraine without aura (disorder)
migraine without aura, not refractory (disorder)	425007008	Migraine without aura, not refractory (disorder)
mild chronic obstructive pulmonary disease (disorder)	313296004	Mild chronic obstructive pulmonary disease (disorder)
mild depressed bipolar i disorder (disorder)	74686005	Mild depressed bipolar I disorder (disorder)
mild depression (disorder)	310495003	Mild depression (disorder)
mild intellectual disability (disorder)	86765009	Mild intellectual disability (disorder)
mild intermittent asthma (disorder)	427679007	Mild intermittent asthma (disorder)
mild major depression, single episode (disorder)	79298009	Mild major depression, single episode (disorder)
mild manic bipolar i disorder (disorder)	71984005	Mild manic bipolar I disorder (disorder)
mild memory disturbance (finding)	192071009	Mild memory disturbance (finding)
mild mixed bipolar i disorder (disorder)	43769008	Mild mixed bipolar I disorder (disorder)
mild neurocognitive disorder (disorder)	386805003	Mild neurocognitive disorder (disorder)
mild nonproliferative retinopathy due to diabetes mellitus (disorder)	312903003	Mild nonproliferative retinopathy due to diabetes mellitus (disorder)
mild persistent asthma (disorder)	426979002	Mild persistent asthma (disorder)
mild pre-eclampsia (disorder)	41114007	Mild pre-eclampsia (disorder)
mild recurrent major depression (disorder)	40379007	Mild recurrent major depression (disorder)
milia (disorder)	254679001	Milia (disorder)
miscarriage (disorder)	17369002	Miscarriage (disorder)
missed abortion (disorder)	16607004	Missed abortion (disorder)
mitochondrial myopathy (disorder)	16851005	Mitochondrial myopathy (disorder)
mitral and aortic incompetence (disorder)	194736003	Mitral and aortic incompetence (disorder)
mitral valve disorder (disorder)	11851006	Mitral valve disorder (disorder)
mitral valve prolapse (disorder)	409712001	Mitral valve prolapse (disorder)
mitral valve regurgitation (disorder)	48724000	Mitral valve regurgitation (disorder)
mitral valve stenosis (disorder)	79619009	Mitral valve stenosis (disorder)
mitral valvuloplasty (procedure)	384642005	Mitral valvuloplasty (procedure)
mixed anxiety and depressive disorder (disorder)	231504006	Mixed anxiety and depressive disorder (disorder)
mixed bipolar affective disorder (disorder)	191636007	Mixed bipolar affective disorder (disorder)
mixed bipolar i disorder (disorder)	16506000	Mixed bipolar I disorder (disorder)
mixed bipolar i disorder in full remission (disorder)	111485001	Mixed bipolar I disorder in full remission (disorder)
mixed bipolar i disorder in partial remission (disorder)	36583000	Mixed bipolar I disorder in partial remission (disorder)
mixed bipolar i disorder in remission (disorder)	35481005	Mixed bipolar I disorder in remission (disorder)
mixed collagen vascular disease (disorder)	398049005	Mixed collagen vascular disease (disorder)
mixed conductive and sensorineural hearing loss (disorder)	77507001	Mixed conductive AND sensorineural hearing loss (disorder)
mixed glioma (disorder)	443937008	Mixed glioma (disorder)
mixed glioma (morphologic abnormality)	22217002	Mixed glioma (morphologic abnormality)
mixed hyperlipidemia (disorder)	267434003	Mixed hyperlipidemia (disorder)
mixed receptive-expressive language disorder (disorder)	25766007	Mixed receptive-expressive language disorder (disorder)
mixed rhinitis (disorder)	428869006	Mixed rhinitis (disorder)
mixed urinary incontinence (finding)	413343005	Mixed urinary incontinence (finding)
mobitz type i incomplete atrioventricular block (disorder)	54016002	Mobitz type I incomplete atrioventricular block (disorder)
mobitz type ii atrioventricular block (disorder)	28189009	Mobitz type II atrioventricular block (disorder)
moderate bipolar i disorder, single manic episode (disorder)	28884001	Moderate bipolar I disorder, single manic episode (disorder)
moderate chronic obstructive pulmonary disease (disorder)	313297008	Moderate chronic obstructive pulmonary disease (disorder)
moderate depressed bipolar i disorder (disorder)	66631006	Moderate depressed bipolar I disorder (disorder)
moderate depression (disorder)	310496002	Moderate depression (disorder)
moderate intellectual disability (disorder)	61152003	Moderate intellectual disability (disorder)
moderate major depression (disorder)	832007	Moderate major depression (disorder)
moderate major depression, single episode (disorder)	15639000	Moderate major depression, single episode (disorder)
moderate manic bipolar i disorder (disorder)	82998009	Moderate manic bipolar I disorder (disorder)
moderate mixed bipolar i disorder (disorder)	40926005	Moderate mixed bipolar I disorder (disorder)
moderate nonproliferative retinopathy due to diabetes mellitus (disorder)	312904009	Moderate nonproliferative retinopathy due to diabetes mellitus (disorder)
moderate persistent asthma (disorder)	427295004	Moderate persistent asthma (disorder)
moderate recurrent major depression (disorder)	18818009	Moderate recurrent major depression (disorder)
moderate smoker (20 or less per day) (finding)	56578002	Moderate smoker (20 or less per day) (finding)
moderate visual impairment (disorder)	397542006	Moderate visual impairment (disorder)
modified radical mastectomy of left breast (procedure)	726437009	Modified radical mastectomy of left breast (procedure)
modified radical mastectomy of right breast (procedure)	726436000	Modified radical mastectomy of right breast (procedure)
monitoring of lithium therapy (regime/therapy)	1285702007	Monitoring of lithium therapy (regime/therapy)
monoarthritis (disorder)	699462004	Monoarthritis (disorder)
monoclonal gammopathy (disorder)	109983007	Monoclonal gammopathy (disorder)
monoclonal gammopathy of uncertain significance (disorder)	277577000	Monoclonal gammopathy of uncertain significance (disorder)
monocytosis (disorder)	19636003	Monocytosis (disorder)
monofilament foot sensation test (procedure)	134388005	Monofilament foot sensation test (procedure)
mononeuritis (disorder)	32595002	Mononeuritis (disorder)
mononeuritis multiplex (disorder)	30292005	Mononeuritis multiplex (disorder)
mononeuropathy due to diabetes mellitus (disorder)	230577008	Mononeuropathy due to diabetes mellitus (disorder)
mononeuropathy due to type 2 diabetes mellitus (disorder)	420436000	Mononeuropathy due to type 2 diabetes mellitus (disorder)
monoparesis of lower limb (disorder)	249945007	Monoparesis of lower limb (disorder)
monoparesis of upper limb (disorder)	1354670009	Monoparesis of upper limb (disorder)
mood disorder (disorder)	46206005	Mood disorder (disorder)
mood disorder caused by drug (disorder)	429672007	Mood disorder caused by drug (disorder)
mood disorder caused by ethanol (disorder)	1234779007	Mood disorder caused by ethanol (disorder)
mood disorder due to a general medical condition (disorder)	37739004	Mood disorder due to a general medical condition (disorder)
mood swings (finding)	18963009	Mood swings (finding)
morbid obesity (disorder)	238136002	Morbid obesity (disorder)
morton's metatarsalgia (disorder)	30085007	Morton's metatarsalgia (disorder)
motility disorder of intestine (disorder)	235823004	Motility disorder of intestine (disorder)
motion sickness (finding)	37031009	Motion sickness (finding)
motor neuron disease (disorder)	37340000	Motor neuron disease (disorder)
motor neuropathy with multiple conduction block (disorder)	230591002	Motor neuropathy with multiple conduction block (disorder)
motor vehicle on road in collision with pedestrian (event)	214206004	Motor vehicle on road in collision with pedestrian (event)
motor vehicle traffic accident (event)	214031005	Motor vehicle traffic accident (event)
motorcycle accident (event)	297186008	Motorcycle accident (event)
movement disorder (disorder)	60342002	Movement disorder (disorder)
mucocele of salivary gland (disorder)	69825009	Mucocele of salivary gland (disorder)
mucopurulent chronic bronchitis (disorder)	74417001	Mucopurulent chronic bronchitis (disorder)
mucosa-associated lymphoma (disorder)	277622004	Mucosa-associated lymphoma (disorder)
multi-infarct dementia (disorder)	56267009	Multi-infarct dementia (disorder)
multi-infarct dementia with depression (disorder)	14070001	Multi-infarct dementia with depression (disorder)
multi-infarct dementia, uncomplicated (disorder)	70936005	Multi-infarct dementia, uncomplicated (disorder)
multigravida (finding)	102876002	Multigravida (finding)
multigravida of advanced maternal age (finding)	443460007	Multigravida of advanced maternal age (finding)
multinodular goiter (disorder)	237570007	Multinodular goiter (disorder)
multiparous (finding)	28079008	Multiparous (finding)
multiple benign melanocytic nevi (disorder)	402555001	Multiple benign melanocytic nevi (disorder)
multiple bruising (finding)	373600006	Multiple bruising (finding)
multiple cranial nerve palsy (disorder)	78152008	Multiple cranial nerve palsy (disorder)
multiple endocrine neoplasia, type 1 (disorder)	30664006	Multiple endocrine neoplasia, type 1 (disorder)
multiple myeloma (disorder)	109989006	Multiple myeloma (disorder)
multiple myeloma in remission (disorder)	94704006	Multiple myeloma in remission (disorder)
multiple nodules of lung (disorder)	445249002	Multiple nodules of lung (disorder)
multiple personality disorder (disorder)	31611000	Multiple personality disorder (disorder)
multiple pregnancy (finding)	16356006	Multiple pregnancy (finding)
multiple sclerosis (disorder)	24700007	Multiple sclerosis (disorder)
multiple system atrophy (disorder)	230297002	Multiple system atrophy (disorder)
multiple system atrophy, parkinson variant (disorder)	444197004	Multiple system atrophy, Parkinson variant (disorder)
multiple-resistant staphylococcus aureus infection (disorder)	282028001	Multiple-resistant Staphylococcus aureus infection (disorder)
mumps (disorder)	36989005	Mumps (disorder)
mural thrombus of heart (disorder)	91335003	Mural thrombus of heart (disorder)
muscle atrophy (disorder)	88092000	Muscle atrophy (disorder)
muscle fasciculation (finding)	82470000	Muscle fasciculation (finding)
muscle pain (finding)	68962001	Muscle pain (finding)
muscle spasm of head and/or neck (disorder)	95418008	Muscle spasm of head and/or neck (disorder)
muscle strain (disorder)	48532005	Muscle strain (disorder)
muscle weakness (finding)	26544005	Muscle weakness (finding)
muscle weakness of limb (finding)	713514005	Muscle weakness of limb (finding)
muscular dystrophy (disorder)	73297009	Muscular dystrophy (disorder)
muscular headache (disorder)	398126006	Muscular headache (disorder)
muscular ventricular septum defect (disorder)	94706008	Muscular ventricular septum defect (disorder)
musculoskeletal chest pain (finding)	281245003	Musculoskeletal chest pain (finding)
musculoskeletal pain (finding)	279069000	Musculoskeletal pain (finding)
myasthenia gravis (disorder)	91637004	Myasthenia gravis (disorder)
mycobacteriosis (disorder)	88415009	Mycobacteriosis (disorder)
mycobacteroides chelonae infection of skin (disorder)	402981007	Mycobacteroides chelonae infection of skin (disorder)
mycosis (disorder)	3218000	Mycosis (disorder)
mycosis fungoides (disorder)	118618005	Mycosis fungoides (disorder)
myelodysplastic syndrome (disorder)	109995007	Myelodysplastic syndrome (disorder)
myelodysplastic syndrome with low blasts (disorder)	1260268001	Myelodysplastic syndrome with low blasts (disorder)
myelofibrosis (disorder)	52967002	Myelofibrosis (disorder)
myelogram (procedure)	367401004	Myelogram (procedure)
myeloid metaplasia (disorder)	443230004	Myeloid metaplasia (disorder)
myeloid metaplasia (morphologic abnormality)	82513007	Myeloid metaplasia (morphologic abnormality)
myelopathy due to cervical spondylosis (disorder)	1156963006	Myelopathy due to cervical spondylosis (disorder)
myeloproliferative disorder (disorder)	425333006	Myeloproliferative disorder (disorder)
myocardial infarction (disorder)	22298006	Myocardial infarction (disorder)
myocardial ischemia (disorder)	414795007	Myocardial ischemia (disorder)
myocarditis (disorder)	50920009	Myocarditis (disorder)
myoclonus (finding)	17450006	Myoclonus (finding)
myopathy due to sjã¶gren's disease (disorder)	193253000	Myopathy due to SjÃ¶gren's disease (disorder)
myopia (disorder)	57190000	Myopia (disorder)
myositis (disorder)	26889001	Myositis (disorder)
myringotomy and insertion of tympanic ventilation tube (procedure)	284532000	Myringotomy and insertion of tympanic ventilation tube (procedure)
mã©niã¨re's disease (disorder)	13445001	MÃ©niÃ¨re's disease (disorder)
narcissistic personality disorder (disorder)	80711002	Narcissistic personality disorder (disorder)
narcolepsy (disorder)	60380001	Narcolepsy (disorder)
narcotic drug user (finding)	70545002	Narcotic drug user (finding)
narrow angle (finding)	419422001	Narrow angle (finding)
nasal congestion (finding)	68235000	Nasal congestion (finding)
nasal deviation (finding)	249316004	Nasal deviation (finding)
nasal discharge (finding)	64531003	Nasal discharge (finding)
nasal obstruction (disorder)	232209000	Nasal obstruction (disorder)
nasal septoplasty (procedure)	13529000	Nasal septoplasty (procedure)
nasal septoplasty with graft (procedure)	53610001	Nasal septoplasty with graft (procedure)
nasal sinus problem (finding)	301202006	Nasal sinus problem (finding)
nasal vestibulitis (disorder)	23714000	Nasal vestibulitis (disorder)
nasopharyngitis (disorder)	51476001	Nasopharyngitis (disorder)
nausea (finding)	422587007	Nausea (finding)
nausea and vomiting (disorder)	16932000	Nausea and vomiting (disorder)
near syncope (disorder)	427461000	Near syncope (disorder)
neck pain (finding)	81680005	Neck pain (finding)
neck sprain (disorder)	209557005	Neck sprain (disorder)
neck swelling (finding)	301777002	Neck swelling (finding)
necrotizing fasciitis (disorder)	52486002	Necrotizing fasciitis (disorder)
necrotizing vasculitis (disorder)	11791001	Necrotizing vasculitis (disorder)
needle biopsy of prostate (procedure)	236258004	Needle biopsy of prostate (procedure)
needs influenza immunization (finding)	185903001	Needs influenza immunization (finding)
neonatal abstinence syndrome (disorder)	414819007	Neonatal abstinence syndrome (disorder)
neonatal acne (disorder)	49706007	Neonatal acne (disorder)
neonatal candidiasis (disorder)	414821002	Neonatal candidiasis (disorder)
neonatal candidiasis of perineum (disorder)	206356004	Neonatal candidiasis of perineum (disorder)
neonatal cyanosis (disorder)	95617006	Neonatal cyanosis (disorder)
neonatal dacryocystitis and conjunctivitis (disorder)	206345004	Neonatal dacryocystitis and conjunctivitis (disorder)
neonatal disorder due to disease in mother (disorder)	1004081001	Neonatal disorder due to disease in mother (disorder)
neonatal erythroderma (disorder)	240302002	Neonatal erythroderma (disorder)
neonatal hypocalcemia (disorder)	268846006	Neonatal hypocalcemia (disorder)
neonatal hypoglycemia (disorder)	52767006	Neonatal hypoglycemia (disorder)
neonatal hypotonia (disorder)	205294008	Neonatal hypotonia (disorder)
neonatal jaundice (finding)	387712008	Neonatal jaundice (finding)
neonatal jaundice associated with preterm delivery (finding)	73749009	Neonatal jaundice associated with preterm delivery (finding)
neonatal jaundice due to delayed conjugation (finding)	17140000	Neonatal jaundice due to delayed conjugation (finding)
neonatal jaundice due to delayed conjugation from breast milk inhibitor (finding)	82696006	Neonatal jaundice due to delayed conjugation from breast milk inhibitor (finding)
neonatal jaundice due to glucose-6-phosphate dehydrogenase deficiency (finding)	206439006	Neonatal jaundice due to glucose-6-phosphate dehydrogenase deficiency (finding)
neonatal necrotizing enterocolitis (disorder)	206525008	Neonatal necrotizing enterocolitis (disorder)
neonatal polycythemia (disorder)	32984002	Neonatal polycythemia (disorder)
neonatal seizure (finding)	87476004	Neonatal seizure (finding)
neoplasm of adrenal gland (disorder)	127021009	Neoplasm of adrenal gland (disorder)
neoplasm of brain (disorder)	126952004	Neoplasm of brain (disorder)
neoplasm of breast (disorder)	126926005	Neoplasm of breast (disorder)
neoplasm of kidney (disorder)	126880001	Neoplasm of kidney (disorder)
neoplasm of larynx (disorder)	126692004	Neoplasm of larynx (disorder)
neoplasm of liver (disorder)	126851005	Neoplasm of liver (disorder)
neoplasm of lung (disorder)	126713003	Neoplasm of lung (disorder)
neoplasm of lymphoid system structure (disorder)	443495005	Neoplasm of lymphoid system structure (disorder)
neoplasm of oropharynx (disorder)	126809003	Neoplasm of oropharynx (disorder)
neoplasm of ovary (disorder)	123843001	Neoplasm of ovary (disorder)
neoplasm of parotid gland (disorder)	126788000	Neoplasm of parotid gland (disorder)
neoplasm of pelvis (disorder)	126644004	Neoplasm of pelvis (disorder)
neoplasm of pituitary gland (disorder)	127024001	Neoplasm of pituitary gland (disorder)
neoplasm of prostate (disorder)	126906006	Neoplasm of prostate (disorder)
neoplasm of rectum (disorder)	126847008	Neoplasm of rectum (disorder)
neoplasm of retroperitoneum (disorder)	126872008	Neoplasm of retroperitoneum (disorder)
neoplasm of skin (disorder)	126488004	Neoplasm of skin (disorder)
neoplasm of small intestine (disorder)	126832004	Neoplasm of small intestine (disorder)
neoplasm of stomach (disorder)	126824007	Neoplasm of stomach (disorder)
neoplasm of submaxillary gland (disorder)	126789008	Neoplasm of submaxillary gland (disorder)
neoplasm of thyroid gland (disorder)	127018007	Neoplasm of thyroid gland (disorder)
neoplasm of uncertain behavior of brain and/or spinal cord (disorder)	189484008	Neoplasm of uncertain behavior of brain and/or spinal cord (disorder)
neoplasm of uncertain behavior of endocrine gland (disorder)	94820008	Neoplasm of uncertain behavior of endocrine gland (disorder)
neoplasm of uncertain behavior of kidney (disorder)	94889006	Neoplasm of uncertain behavior of kidney (disorder)
neoplasm of uncertain behavior of meninges (disorder)	109914007	Neoplasm of uncertain behavior of meninges (disorder)
neoplasm of uncertain behavior of neck (disorder)	94962000	Neoplasm of uncertain behavior of neck (disorder)
neoplasm of uncertain behavior of nervous system (disorder)	94963005	Neoplasm of uncertain behavior of nervous system (disorder)
neoplasm of uncertain behavior of parotid gland (disorder)	94989005	Neoplasm of uncertain behavior of parotid gland (disorder)
neoplasm of uncertain behavior of skin (disorder)	95087004	Neoplasm of uncertain behavior of skin (disorder)
neoplasm of uncertain behavior of soft tissues (disorder)	94805002	Neoplasm of uncertain behavior of soft tissues (disorder)
neoplasm of uncertain behavior of urinary bladder (disorder)	94754000	Neoplasm of uncertain behavior of urinary bladder (disorder)
neoplasm of urinary bladder (disorder)	126885006	Neoplasm of urinary bladder (disorder)
neoplastic disease (disorder)	55342001	Neoplastic disease (disorder)
neovascular angle closure glaucoma (disorder)	232086000	Neovascular angle closure glaucoma (disorder)
nephritis (disorder)	52845002	Nephritis (disorder)
nephroblastoma (disorder)	302849000	Nephroblastoma (disorder)
nephrosclerosis (disorder)	32916005	Nephrosclerosis (disorder)
nephrotic syndrome (disorder)	52254009	Nephrotic syndrome (disorder)
nephrotic syndrome in amyloidosis (disorder)	197604006	Nephrotic syndrome in amyloidosis (disorder)
nerve root disorder (disorder)	72274001	Nerve root disorder (disorder)
neuralgia (finding)	16269008	Neuralgia (finding)
neuroblastoma (disorder)	432328008	Neuroblastoma (disorder)
neurofibroma (disorder)	404029005	Neurofibroma (disorder)
neurofibromatosis syndrome (disorder)	19133005	Neurofibromatosis syndrome (disorder)
neurofibromatosis type 1 (disorder)	92824003	Neurofibromatosis type 1 (disorder)
neurofibromatosis type 2 (disorder)	92503002	Neurofibromatosis type 2 (disorder)
neurogenic bowel (disorder)	425671009	Neurogenic bowel (disorder)
neurogenic claudication (finding)	303081002	Neurogenic claudication (finding)
neurogenic urinary bladder (finding)	398064005	Neurogenic urinary bladder (finding)
neuroleptic-induced tardive dyskinesia (disorder)	38941006	Neuroleptic-induced tardive dyskinesia (disorder)
neuroma (disorder)	443892003	Neuroma (disorder)
neuropathic arthropathy due to diabetes mellitus (disorder)	201724008	Neuropathic arthropathy due to diabetes mellitus (disorder)
neuropathic arthropathy due to type 2 diabetes mellitus (disorder)	781000119106	Neuropathic arthropathy due to type 2 diabetes mellitus (disorder)
neuropathic pain (finding)	247398009	Neuropathic pain (finding)
neuropathy (disorder)	386033004	Neuropathy (disorder)
neuropathy due to diabetes mellitus (disorder)	230572002	Neuropathy due to diabetes mellitus (disorder)
neuroplasty and transposition of median nerve at carpal tunnel (procedure)	359901001	Neuroplasty and transposition of median nerve at carpal tunnel (procedure)
neurosarcoidosis (disorder)	230193008	Neurosarcoidosis (disorder)
neurosyphilis (disorder)	26039008	Neurosyphilis (disorder)
neurotrophic keratoconjunctivitis (disorder)	77080005	Neurotrophic keratoconjunctivitis (disorder)
neutropenia (finding)	165517008	Neutropenia (finding)
neutropenia due to and following chemotherapy (disorder)	767658000	Neutropenia due to and following chemotherapy (disorder)
neutropenic disorder (disorder)	303011007	Neutropenic disorder (disorder)
never smoked tobacco (finding)	266919005	Never smoked tobacco (finding)
nevus of choroid (disorder)	255024002	Nevus of choroid (disorder)
nevus of iris (disorder)	95711003	Nevus of iris (disorder)
newborn physiological jaundice (finding)	276549000	Newborn physiological jaundice (finding)
nicotine dependence (disorder)	56294008	Nicotine dependence (disorder)
night sweats (finding)	42984000	Night sweats (finding)
nightmares (finding)	419145002	Nightmares (finding)
no abnormality detected (finding)	281900007	No abnormality detected (finding)
no evidence of recurrence of cancer (situation)	414861001	No evidence of recurrence of cancer (situation)
no liquor observed vaginally (finding)	289572007	No liquor observed vaginally (finding)
nocturia (finding)	139394000	Nocturia (finding)
nocturnal enuresis (finding)	8009008	Nocturnal enuresis (finding)
nocturnal muscle spasm (finding)	90392009	Nocturnal muscle spasm (finding)
nodal rhythm disorder (disorder)	71792006	Nodal rhythm disorder (disorder)
nodular degeneration of cornea (disorder)	72620002	Nodular degeneration of cornea (disorder)
nodular goiter (disorder)	419153005	Nodular goiter (disorder)
nodular lymphoma (disorder)	269476000	Nodular lymphoma (disorder)
nodular lymphoma of lymph nodes of multiple sites (disorder)	95192000	Nodular lymphoma of lymph nodes of multiple sites (disorder)
non-allergic asthma (disorder)	266361008	Non-allergic asthma (disorder)
non-articular rheumatism (disorder)	396333008	Non-articular rheumatism (disorder)
non-cardiac chest pain (finding)	274668005	Non-cardiac chest pain (finding)
non-healing surgical wound (finding)	781187003	Non-healing surgical wound (finding)
non-hodgkin's lymphoma (disorder)	118601006	Non-Hodgkin's lymphoma (disorder)
non-infective non-allergic rhinitis (disorder)	232345000	Non-infective non-allergic rhinitis (disorder)
non-neoplastic nevus (disorder)	195381005	Non-neoplastic nevus (disorder)
non-obstructive reflux-associated chronic pyelonephritis (disorder)	197764002	Non-obstructive reflux-associated chronic pyelonephritis (disorder)
non-rheumatic mitral regurgitation (disorder)	194978002	Non-rheumatic mitral regurgitation (disorder)
non-rheumatic mitral valve stenosis (disorder)	194727002	Non-rheumatic mitral valve stenosis (disorder)
non-small cell lung cancer (disorder)	254637007	Non-small cell lung cancer (disorder)
non-smoker (finding)	8392000	Non-smoker (finding)
non-suppurative otitis media (disorder)	275481002	Non-suppurative otitis media (disorder)
non-toxic multinodular goiter (disorder)	36241006	Non-toxic multinodular goiter (disorder)
non-toxic nodular goiter (disorder)	190236006	Non-toxic nodular goiter (disorder)
non-toxic uninodular goiter (disorder)	190237002	Non-toxic uninodular goiter (disorder)
non-traumatic intracerebral ventricular hemorrhage (disorder)	425957003	Non-traumatic intracerebral ventricular hemorrhage (disorder)
non-traumatic rupture of achilles tendon (disorder)	202964000	Non-traumatic rupture of Achilles tendon (disorder)
non-tuberculous mycobacterial pneumonia (disorder)	277869007	Non-tuberculous mycobacterial pneumonia (disorder)
noncompliance with diagnostic testing (finding)	129831005	Noncompliance with diagnostic testing (finding)
noncompliance with dietary regimen (finding)	129832003	Noncompliance with dietary regimen (finding)
noncompliance with medication regimen (finding)	129834002	Noncompliance with medication regimen (finding)
noncompliance with therapeutic regimen (finding)	129836000	Noncompliance with therapeutic regimen (finding)
noncompliance with treatment (finding)	7058009	Noncompliance with treatment (finding)
nondependent harmful pattern of mixed substance use in remission (disorder)	1348218001	Nondependent harmful pattern of mixed substance use in remission (disorder)
nondependent harmful pattern of use of alcohol in remission (disorder)	191884001	Nondependent harmful pattern of use of alcohol in remission (disorder)
nondependent harmful pattern of use of cannabis in remission (disorder)	191895007	Nondependent harmful pattern of use of cannabis in remission (disorder)
nondependent harmful pattern of use of cocaine in remission (disorder)	191920007	Nondependent harmful pattern of use of cocaine in remission (disorder)
nondependent harmful pattern of use of opioid in remission (disorder)	191914006	Nondependent harmful pattern of use of opioid in remission (disorder)
nondiabetic proliferative retinopathy (disorder)	46674002	Nondiabetic proliferative retinopathy (disorder)
nonexudative age-related macular degeneration (disorder)	414875008	Nonexudative age-related macular degeneration (disorder)
nonfatal submersion (disorder)	87970004	Nonfatal submersion (disorder)
noninfectious gastroenteritis (disorder)	12574004	Noninfectious gastroenteritis (disorder)
noninfective enteritis and colitis (disorder)	307418008	Noninfective enteritis and colitis (disorder)
noninflammatory cervical disorder (disorder)	198336007	Noninflammatory cervical disorder (disorder)
noninflammatory disorder of broad ligament (disorder)	15848008	Noninflammatory disorder of broad ligament (disorder)
noninflammatory disorder of fallopian tube (disorder)	64552006	Noninflammatory disorder of fallopian tube (disorder)
noninflammatory disorder of ovary (disorder)	79734007	Noninflammatory disorder of ovary (disorder)
noninflammatory disorder of vulva (disorder)	28271003	Noninflammatory disorder of vulva (disorder)
nonobliterative otosclerosis involving oval window (disorder)	62856000	Nonobliterative otosclerosis involving oval window (disorder)
nonorganic insomnia (disorder)	192454004	Nonorganic insomnia (disorder)
nonproliferative retinopathy due to diabetes mellitus (disorder)	390834004	Nonproliferative retinopathy due to diabetes mellitus (disorder)
nonsenile cataract (disorder)	399305009	Nonsenile cataract (disorder)
nonspecific syndrome suggestive of viral illness (finding)	445939008	Nonspecific syndrome suggestive of viral illness (finding)
nonspecific tuberculin test reaction (finding)	441846005	Nonspecific tuberculin test reaction (finding)
nonspecific ulcerative proctitis (disorder)	67038005	Nonspecific ulcerative proctitis (disorder)
nonsustained ventricular tachycardia (disorder)	444658006	Nonsustained ventricular tachycardia (disorder)
nontraumatic hemoperitoneum (disorder)	45626005	Nontraumatic hemoperitoneum (disorder)
nontraumatic intracranial subdural hematoma (disorder)	281864001	Nontraumatic intracranial subdural hematoma (disorder)
nontraumatic intracranial subdural hemorrhage (disorder)	195176009	Nontraumatic intracranial subdural hemorrhage (disorder)
nontraumatic rotator cuff tear (disorder)	424175006	Nontraumatic rotator cuff tear (disorder)
nonulcer dyspepsia (disorder)	3696007	Nonulcer dyspepsia (disorder)
nonunion of fracture (disorder)	302941001	Nonunion of fracture (disorder)
nonvenomous insect bite (disorder)	429305003	Nonvenomous insect bite (disorder)
normal delivery procedure (procedure)	177184002	Normal delivery procedure (procedure)
normal labor (finding)	35874009	Normal labor (finding)
normal menstrual cycle (finding)	78456001	Normal menstrual cycle (finding)
normal pregnancy (finding)	72892002	Normal pregnancy (finding)
normal pressure hydrocephalus (disorder)	30753002	Normal pressure hydrocephalus (disorder)
normocytic anemia (disorder)	300980002	Normocytic anemia (disorder)
not for resuscitation (finding)	304253006	Not for resuscitation (finding)
not up to date with immunizations (finding)	171259000	Not up to date with immunizations (finding)
not yet walking (finding)	401169009	Not yet walking (finding)
nuclear cataract (disorder)	53889007	Nuclear cataract (disorder)
nuclear senile cataract (disorder)	193589009	Nuclear senile cataract (disorder)
numbness (finding)	44077006	Numbness (finding)
numbness of face (finding)	309557009	Numbness of face (finding)
numbness of foot (finding)	309538000	Numbness of foot (finding)
numbness of hand (finding)	309521004	Numbness of hand (finding)
numbness of lower limb (finding)	309537005	Numbness of lower limb (finding)
nummular eczema (disorder)	81418003	Nummular eczema (disorder)
nutritional assessment (procedure)	310243009	Nutritional assessment (procedure)
nutritional deficiency disorder (disorder)	70241007	Nutritional deficiency disorder (disorder)
nutritional disorder (disorder)	2492009	Nutritional disorder (disorder)
nystagmus (disorder)	563001	Nystagmus (disorder)
obesity (disorder)	414916001	Obesity (disorder)
objective tinnitus (finding)	28715001	Objective tinnitus (finding)
obliterative bronchiolitis (disorder)	40100001	Obliterative bronchiolitis (disorder)
obsessive compulsive personality disorder (disorder)	1376001	Obsessive compulsive personality disorder (disorder)
obsessive-compulsive disorder (disorder)	191736004	Obsessive-compulsive disorder (disorder)
obstructed internal hernia (disorder)	236042008	Obstructed internal hernia (disorder)
obstructed left femoral hernia (disorder)	772139001	Obstructed left femoral hernia (disorder)
obstructed left inguinal hernia (disorder)	772143002	Obstructed left inguinal hernia (disorder)
obstructed recurrent left inguinal hernia (disorder)	772142007	Obstructed recurrent left inguinal hernia (disorder)
obstructed recurrent right inguinal hernia (disorder)	772141000	Obstructed recurrent right inguinal hernia (disorder)
obstructed right femoral hernia (disorder)	772140004	Obstructed right femoral hernia (disorder)
obstructed right inguinal hernia (disorder)	772144008	Obstructed right inguinal hernia (disorder)
obstruction of biliary tree (disorder)	235918000	Obstruction of biliary tree (disorder)
obstruction of colon (disorder)	40650009	Obstruction of colon (disorder)
obstruction of duodenum (disorder)	95532008	Obstruction of duodenum (disorder)
obstruction of lacrimal canaliculus (disorder)	416920000	Obstruction of lacrimal canaliculus (disorder)
obstruction of nasolacrimal duct (disorder)	314022009	Obstruction of nasolacrimal duct (disorder)
obstruction of neck of urinary bladder (disorder)	399072004	Obstruction of neck of urinary bladder (disorder)
obstruction of pelviureteric junction (disorder)	95575002	Obstruction of pelviureteric junction (disorder)
obstruction of peritoneal dialysis catheter (disorder)	236562009	Obstruction of peritoneal dialysis catheter (disorder)
obstruction of urinary bladder outflow (disorder)	236645006	Obstruction of urinary bladder outflow (disorder)
obstructive hydrocephalus (disorder)	230746009	Obstructive hydrocephalus (disorder)
obstructive hyperbilirubinemia (disorder)	59848001	Obstructive hyperbilirubinemia (disorder)
obstructive sleep apnea syndrome (disorder)	78275009	Obstructive sleep apnea syndrome (disorder)
occipital headache (finding)	330007	Occipital headache (finding)
occipitoanterior position (finding)	90381008	Occipitoanterior position (finding)
occlusion of artery (disorder)	2929001	Occlusion of artery (disorder)
occlusion of carotid artery (disorder)	266254007	Occlusion of carotid artery (disorder)
occlusion of lower limb artery (disorder)	405557003	Occlusion of lower limb artery (disorder)
occlusion of ureter (disorder)	20018005	Occlusion of ureter (disorder)
occult blood detected in feces (finding)	59614000	Occult blood detected in feces (finding)
occult spinal dysraphism sequence (disorder)	70534000	Occult spinal dysraphism sequence (disorder)
occupational disorder (disorder)	115966001	Occupational disorder (disorder)
occupational injury (disorder)	371128008	Occupational injury (disorder)
ocular histoplasmosis syndrome (disorder)	416770009	Ocular histoplasmosis syndrome (disorder)
ocular hypertension (disorder)	4210003	Ocular hypertension (disorder)
ocular myasthenia (disorder)	230684008	Ocular myasthenia (disorder)
ocular rosacea (disorder)	200933006	Ocular rosacea (disorder)
odontogenic cyst (disorder)	235110008	Odontogenic cyst (disorder)
old anterior cruciate ligament disruption (disorder)	202110002	Old anterior cruciate ligament disruption (disorder)
old anterior myocardial infarction (disorder)	233839009	Old anterior myocardial infarction (disorder)
old bucket handle tear of medial meniscus (disorder)	86378006	Old bucket handle tear of medial meniscus (disorder)
old disruption of ligament of knee (disorder)	14949009	Old disruption of ligament of knee (disorder)
old healed fracture of bone (finding)	307136000	Old healed fracture of bone (finding)
old medial collateral ligament disruption (disorder)	202109007	Old medial collateral ligament disruption (disorder)
old myocardial infarction (disorder)	1755008	Old myocardial infarction (disorder)
olfactory neuroblastoma (disorder)	422886007	Olfactory neuroblastoma (disorder)
oligodendroglioma (disorder)	443936004	Oligodendroglioma (disorder)
oligohydramnios (disorder)	59566000	Oligohydramnios (disorder)
oligomenorrhea (finding)	52073004	Oligomenorrhea (finding)
onychia of finger (disorder)	36857002	Onychia of finger (disorder)
onychia of toe (disorder)	388982007	Onychia of toe (disorder)
onychogryposis (disorder)	52897009	Onychogryposis (disorder)
onycholysis (disorder)	75789001	Onycholysis (disorder)
onychomycosis (disorder)	414941008	Onychomycosis (disorder)
onychomycosis caused by dermatophyte (disorder)	402134005	Onychomycosis caused by dermatophyte (disorder)
oophorectomy (procedure)	83152002	Oophorectomy (procedure)
open ablation of atrioventricular node (procedure)	175095005	Open ablation of atrioventricular node (procedure)
open angle glaucoma due to vascular disorder (disorder)	19309007	Open angle glaucoma due to vascular disorder (disorder)
open angle glaucoma suspect (disorder)	1003614009	Open angle glaucoma suspect (disorder)
open fracture of multiple phalanges of finger (disorder)	1255279007	Open fracture of multiple phalanges of finger (disorder)
open fracture of phalanx of finger (disorder)	21698002	Open fracture of phalanx of finger (disorder)
open fracture of phalanx of foot (disorder)	74395007	Open fracture of phalanx of foot (disorder)
open fracture of tibia and fibula (disorder)	414943006	Open fracture of tibia AND fibula (disorder)
open insertion of central venous catheter (procedure)	265546000	Open insertion of central venous catheter (procedure)
open reduction of fracture (procedure)	86480004	Open reduction of fracture (procedure)
open reduction of fracture with internal fixation (procedure)	20701002	Open reduction of fracture with internal fixation (procedure)
open wound (disorder)	125643001	Open wound (disorder)
open wound of ankle (disorder)	125662003	Open wound of ankle (disorder)
open wound of anterior abdominal wall (disorder)	210456000	Open wound of anterior abdominal wall (disorder)
open wound of face (disorder)	210339009	Open wound of face (disorder)
open wound of finger (disorder)	125653000	Open wound of finger (disorder)
open wound of foot (disorder)	125663008	Open wound of foot (disorder)
open wound of foot, excluding toe(s) (disorder)	269183000	Open wound of foot, excluding toe(s) (disorder)
open wound of forearm (disorder)	125649002	Open wound of forearm (disorder)
open wound of hand (disorder)	125652005	Open wound of hand (disorder)
open wound of hand, excluding finger(s) (disorder)	210560004	Open wound of hand, excluding finger(s) (disorder)
open wound of hip region (disorder)	125658009	Open wound of hip region (disorder)
open wound of knee (disorder)	125660006	Open wound of knee (disorder)
open wound of lower leg (disorder)	125661005	Open wound of lower leg (disorder)
open wound of lower limb (disorder)	26947005	Open wound of lower limb (disorder)
open wound of scalp (disorder)	210323002	Open wound of scalp (disorder)
open wound of thigh (disorder)	125659001	Open wound of thigh (disorder)
open wound of toe (disorder)	125664002	Open wound of toe (disorder)
open wound of wrist (disorder)	125651003	Open wound of wrist (disorder)
open wounds involving multiple regions of lower limb(s) (disorder)	210773002	Open wounds involving multiple regions of lower limb(s) (disorder)
open-angle glaucoma (disorder)	84494001	Open-angle glaucoma (disorder)
opening of chest (procedure)	177765008	Opening of chest (procedure)
operation on accessory sinus (procedure)	112788002	Operation on accessory sinus (procedure)
operation on nasal septum (procedure)	5781000	Operation on nasal septum (procedure)
operative procedure on foot (procedure)	61661004	Operative procedure on foot (procedure)
operative procedure on hand (procedure)	112746006	Operative procedure on hand (procedure)
operative procedure on knee (procedure)	6240004	Operative procedure on knee (procedure)
operative procedure on shoulder region (procedure)	78559005	Operative procedure on shoulder region (procedure)
operative procedure on spinal structure (procedure)	392236004	Operative procedure on spinal structure (procedure)
ophthalmic examination and evaluation (procedure)	36228007	Ophthalmic examination and evaluation (procedure)
ophthalmic migraine (disorder)	95655001	Ophthalmic migraine (disorder)
opioid dependence (disorder)	75544000	Opioid dependence (disorder)
opioid dependence in remission (disorder)	191821007	Opioid dependence in remission (disorder)
opioid withdrawal syndrome (disorder)	87132004	Opioid withdrawal syndrome (disorder)
oppositional defiant disorder (disorder)	18941000	Oppositional defiant disorder (disorder)
optic atrophy (disorder)	76976005	Optic atrophy (disorder)
optic neuritis (disorder)	66760008	Optic neuritis (disorder)
oral contraceptive prescribed (situation)	789537001	Oral contraceptive prescribed (situation)
oral examination (procedure)	122856003	Oral examination (procedure)
oral lichen planus (disorder)	235049008	Oral lichen planus (disorder)
oral phase dysphagia (disorder)	429975007	Oral phase dysphagia (disorder)
orbital cellulitis (disorder)	194005002	Orbital cellulitis (disorder)
orchitis (disorder)	274718005	Orchitis (disorder)
orchitis and epididymitis (disorder)	197983000	Orchitis and epididymitis (disorder)
organic delusional disorder (disorder)	5510009	Organic delusional disorder (disorder)
organic mental disorder (disorder)	111479008	Organic mental disorder (disorder)
organic mental disorder caused by cocaine (disorder)	46975003	Organic mental disorder caused by cocaine (disorder)
organic mental disorder caused by ethanol (disorder)	1234783007	Organic mental disorder caused by ethanol (disorder)
organic mental disorder caused by psychoactive substance (disorder)	11387009	Organic mental disorder caused by psychoactive substance (disorder)
organic mood disorder (disorder)	23645006	Organic mood disorder (disorder)
oropharyngeal dysphagia (disorder)	71457002	Oropharyngeal dysphagia (disorder)
orthopedic assessment (procedure)	423204009	Orthopedic assessment (procedure)
orthopedic device application (procedure)	288161003	Orthopedic device application (procedure)
orthopnea (finding)	62744007	Orthopnea (finding)
orthoptic training (regime/therapy)	40505001	Orthoptic training (regime/therapy)
orthostatic headache (finding)	445511002	Orthostatic headache (finding)
orthostatic hypotension (disorder)	28651003	Orthostatic hypotension (disorder)
osler hemorrhagic telangiectasia syndrome (disorder)	21877004	Osler hemorrhagic telangiectasia syndrome (disorder)
osteitis deformans (disorder)	2089002	Osteitis deformans (disorder)
osteoarthritis (disorder)	396275006	Osteoarthritis (disorder)
osteoarthritis of acromioclavicular joint (disorder)	239865003	Osteoarthritis of acromioclavicular joint (disorder)
osteoarthritis of ankle (disorder)	239874001	Osteoarthritis of ankle (disorder)
osteoarthritis of ankle and/or foot (disorder)	82300000	Osteoarthritis of ankle and/or foot (disorder)
osteoarthritis of elbow (disorder)	239866002	Osteoarthritis of elbow (disorder)
osteoarthritis of finger joint (disorder)	239868001	Osteoarthritis of finger joint (disorder)
osteoarthritis of foot joint (disorder)	309246000	Osteoarthritis of foot joint (disorder)
osteoarthritis of glenohumeral joint (disorder)	373623009	Osteoarthritis of glenohumeral joint (disorder)
osteoarthritis of hip (disorder)	239872002	Osteoarthritis of hip (disorder)
osteoarthritis of joint of hand (disorder)	22193007	Osteoarthritis of joint of hand (disorder)
osteoarthritis of knee (disorder)	239873007	Osteoarthritis of knee (disorder)
osteoarthritis of multiple joints (disorder)	268054009	Osteoarthritis of multiple joints (disorder)
osteoarthritis of pelvis (disorder)	445478004	Osteoarthritis of pelvis (disorder)
osteoarthritis of shoulder region (disorder)	67315001	Osteoarthritis of shoulder region (disorder)
osteoarthritis of wrist (disorder)	239867006	Osteoarthritis of wrist (disorder)
osteoarthrosis involving multiple sites but not designated as generalized (disorder)	33262002	Osteoarthrosis involving multiple sites but not designated as generalized (disorder)
osteoarthrosis of the carpometacarpal joint of the thumb (disorder)	37895003	Osteoarthrosis of the carpometacarpal joint of the thumb (disorder)
osteochondritis dissecans (disorder)	82562007	Osteochondritis dissecans (disorder)
osteochondroma (disorder)	443093007	Osteochondroma (disorder)
osteochondroma (morphologic abnormality)	52299001	Osteochondroma (morphologic abnormality)
osteogenesis imperfecta (disorder)	78314001	Osteogenesis imperfecta (disorder)
osteolysis (disorder)	203522001	Osteolysis (disorder)
osteomalacia (disorder)	4598005	Osteomalacia (disorder)
osteomyelitis (disorder)	60168000	Osteomyelitis (disorder)
osteomyelitis of ankle and/or foot (disorder)	28769004	Osteomyelitis of ankle AND/OR foot (disorder)
osteomyelitis of lower leg (disorder)	21120002	Osteomyelitis of lower leg (disorder)
osteomyelitis of vertebra (disorder)	203241002	Osteomyelitis of vertebra (disorder)
osteopenia (disorder)	312894000	Osteopenia (disorder)
osteoporosis (disorder)	64859006	Osteoporosis (disorder)
osteoporosis caused by corticosteroid (disorder)	390833005	Osteoporosis caused by corticosteroid (disorder)
osteoporotic collapse of cervical vertebra (disorder)	311806008	Osteoporotic collapse of cervical vertebra (disorder)
osteoporotic fracture (morphologic abnormality)	46675001	Osteoporotic fracture (morphologic abnormality)
osteoporotic fracture of bone (disorder)	443165006	Osteoporotic fracture of bone (disorder)
osteoporotic vertebral collapse (disorder)	240198002	Osteoporotic vertebral collapse (disorder)
osteosarcoma of bone (disorder)	307576001	Osteosarcoma of bone (disorder)
osteotomy (procedure)	150062003	Osteotomy (procedure)
ostomy care education (procedure)	410091003	Ostomy care education (procedure)
otitis (disorder)	43275000	Otitis (disorder)
otitis externa (disorder)	3135009	Otitis externa (disorder)
otitis media (disorder)	65363002	Otitis media (disorder)
otorrhea (disorder)	65668001	Otorrhea (disorder)
otosclerosis (disorder)	11543004	Otosclerosis (disorder)
ovarian failure (disorder)	111550004	Ovarian failure (disorder)
ovarian hyperstimulation syndrome (disorder)	129635004	Ovarian hyperstimulation syndrome (disorder)
overactive urinary bladder (disorder)	786457000	Overactive urinary bladder (disorder)
overanxious disorder of childhood (disorder)	13438001	Overanxious disorder of childhood (disorder)
overdose (disorder)	1149222004	Overdose (disorder)
overexertion and strenuous movements (event)	218218000	Overexertion and strenuous movements (event)
overlapping malignant neoplasm of bronchus and lung (disorder)	109371002	Overlapping malignant neoplasm of bronchus and lung (disorder)
overweight (finding)	238131007	Overweight (finding)
oxyphilic adenocarcinoma (disorder)	443261008	Oxyphilic adenocarcinoma (disorder)
oxyphilic adenocarcinoma (morphologic abnormality)	57596004	Oxyphilic adenocarcinoma (morphologic abnormality)
pain (finding)	22253000	Pain (finding)
pain at rest due to peripheral vascular disease (disorder)	428171009	Pain at rest due to peripheral vascular disease (disorder)
pain in axilla (finding)	300953009	Pain in axilla (finding)
pain in buttock (finding)	279043006	Pain in buttock (finding)
pain in calf (finding)	300954003	Pain in calf (finding)
pain in cervical spine (finding)	279029001	Pain in cervical spine (finding)
pain in coccyx (finding)	34789001	Pain in coccyx (finding)
pain in eye (finding)	41652007	Pain in eye (finding)
pain in face (finding)	95668009	Pain in face (finding)
pain in female genitalia (finding)	162143008	Pain in female genitalia (finding)
pain in female genitalia on intercourse (finding)	81712001	Pain in female genitalia on intercourse (finding)
pain in female pelvis (finding)	426702003	Pain in female pelvis (finding)
pain in finger (finding)	18876004	Pain in finger (finding)
pain in forearm (finding)	444899003	Pain in forearm (finding)
pain in limb (finding)	90834002	Pain in limb (finding)
pain in lower limb (finding)	10601006	Pain in lower limb (finding)
pain in male perineum (finding)	430968008	Pain in male perineum (finding)
pain in pelvis (finding)	30473006	Pain in pelvis (finding)
pain in penis (finding)	285375003	Pain in penis (finding)
pain in scrotum (finding)	20502007	Pain in scrotum (finding)
pain in testicle (finding)	63901009	Pain in testicle (finding)
pain in thoracic spine (finding)	267981009	Pain in thoracic spine (finding)
pain in thumb (finding)	300955002	Pain in thumb (finding)
pain in toe (finding)	285365001	Pain in toe (finding)
pain in upper arm (finding)	771083005	Pain in upper arm (finding)
pain in upper limb (finding)	102556003	Pain in upper limb (finding)
pain management (procedure)	278414003	Pain management (procedure)
pain of acromioclavicular joint (finding)	202479004	Pain of acromioclavicular joint (finding)
pain of breast (finding)	53430007	Pain of breast (finding)
pain of ear (finding)	301354004	Pain of ear (finding)
pain of elbow region (finding)	74323005	Pain of elbow region (finding)
pain of glenohumeral joint (finding)	267949000	Pain of glenohumeral joint (finding)
pain of hip region (finding)	49218002	Pain of hip region (finding)
pain of joint (finding)	57676002	Pain of joint (finding)
pain of joint of ankle (finding)	202490009	Pain of joint of ankle (finding)
pain of joint of ankle and/or foot (finding)	267954009	Pain of joint of ankle and/or foot (finding)
pain of joint of elbow (finding)	202480001	Pain of joint of elbow (finding)
pain of joint of foot (finding)	279066007	Pain of joint of foot (finding)
pain of joint of hand (finding)	202472008	Pain of joint of hand (finding)
pain of joint of knee (finding)	1003721002	Pain of joint of knee (finding)
pain of joint of pelvis and/or upper leg (finding)	267952008	Pain of joint of pelvis and/or upper leg (finding)
pain of joint of wrist (finding)	202482009	Pain of joint of wrist (finding)
pain of knee region (finding)	1003722009	Pain of knee region (finding)
pain of multiple joints (finding)	35678005	Pain of multiple joints (finding)
pain of sacroiliac joint (finding)	202487003	Pain of sacroiliac joint (finding)
pain of shoulder region (finding)	45326000	Pain of shoulder region (finding)
pain of sternum (finding)	298731003	Pain of sternum (finding)
pain of temporomandibular joint (finding)	91943004	Pain of temporomandibular joint (finding)
pain of tibiofibular joint (finding)	202489000	Pain of tibiofibular joint (finding)
pain of urinary bladder (finding)	15803009	Pain of urinary bladder (finding)
pain of wrist region (finding)	56608008	Pain of wrist region (finding)
pain of zygapophyseal joint (finding)	247369005	Pain of zygapophyseal joint (finding)
painful mouth (finding)	102616008	Painful mouth (finding)
palliative care (regime/therapy)	103735009	Palliative care (regime/therapy)
palpitations (finding)	80313002	Palpitations (finding)
pancreatectomy (procedure)	33149006	Pancreatectomy (procedure)
pancreatic insufficiency (disorder)	37992001	Pancreatic insufficiency (disorder)
pancreaticoduodenectomy (procedure)	116241004	Pancreaticoduodenectomy (procedure)
pancreatitis (disorder)	75694006	Pancreatitis (disorder)
pancytopenia (disorder)	127034005	Pancytopenia (disorder)
panhypopituitarism (disorder)	32390006	Panhypopituitarism (disorder)
panic attack (finding)	225624000	Panic attack (finding)
panic disorder (disorder)	371631005	Panic disorder (disorder)
panic disorder with agoraphobia (disorder)	35607004	Panic disorder with agoraphobia (disorder)
panic disorder without agoraphobia (disorder)	56576003	Panic disorder without agoraphobia (disorder)
panniculitis (disorder)	22125009	Panniculitis (disorder)
pansinusitis (disorder)	195790000	Pansinusitis (disorder)
papillary conjunctivitis (disorder)	416878008	Papillary conjunctivitis (disorder)
papillary thyroid carcinoma (disorder)	255029007	Papillary thyroid carcinoma (disorder)
papilloma of eyelid (disorder)	314515006	Papilloma of eyelid (disorder)
papilloma of skin (disorder)	255184001	Papilloma of skin (disorder)
papular eruption (disorder)	271757001	Papular eruption (disorder)
papule (morphologic abnormality)	25694009	Papule (morphologic abnormality)
paraganglioma (disorder)	302833002	Paraganglioma (disorder)
parainfluenza (disorder)	12188008	Parainfluenza (disorder)
parainfluenza virus pneumonia (disorder)	64917006	Parainfluenza virus pneumonia (disorder)
paralysis (finding)	44695005	Paralysis (finding)
paralysis of diaphragm (disorder)	64228003	Paralysis of diaphragm (disorder)
paralytic ileus (disorder)	55525008	Paralytic ileus (disorder)
paralytic lagophthalmos (finding)	59890007	Paralytic lagophthalmos (finding)
paralytic stroke (disorder)	116288000	Paralytic stroke (disorder)
paralytic syndrome of dominant side as late effect of stroke (disorder)	430959006	Paralytic syndrome of dominant side as late effect of stroke (disorder)
paralytic syndrome of nondominant side as late effect of stroke (disorder)	430947007	Paralytic syndrome of nondominant side as late effect of stroke (disorder)
paranoid disorder (disorder)	191667009	Paranoid disorder (disorder)
paranoid schizophrenia (disorder)	64905009	Paranoid schizophrenia (disorder)
paranoid schizophrenia in remission (disorder)	63181006	Paranoid schizophrenia in remission (disorder)
parapharyngeal abscess (disorder)	84889008	Parapharyngeal abscess (disorder)
paraphimosis (disorder)	13758004	Paraphimosis (disorder)
paraplegia (disorder)	60389000	Paraplegia (disorder)
parasomnia (disorder)	58690002	Parasomnia (disorder)
parastomal hernia (disorder)	236048007	Parastomal hernia (disorder)
parasuicide (event)	48981002	Parasuicide (event)
parathyroid adenoma (disorder)	128474007	Parathyroid adenoma (disorder)
parathyroidectomy (procedure)	53304009	Parathyroidectomy (procedure)
paraumbilical hernia (disorder)	29862005	Paraumbilical hernia (disorder)
parent-child problem (finding)	52184009	Parent-child problem (finding)
parental anxiety (finding)	300894000	Parental anxiety (finding)
parental concern about child (finding)	401141001	Parental concern about child (finding)
parenting skills training (procedure)	228588007	Parenting skills training (procedure)
paresis of left vocal cord (disorder)	1052239007	Paresis of left vocal cord (disorder)
paresis of lower extremity (finding)	102568007	Paresis of lower extremity (finding)
paresis of right vocal cord (disorder)	1052240009	Paresis of right vocal cord (disorder)
paresthesia (finding)	91019004	Paresthesia (finding)
paresthesia of foot (finding)	309087008	Paresthesia of foot (finding)
paresthesia of hand (finding)	309086004	Paresthesia of hand (finding)
parkinson's disease (disorder)	49049000	Parkinson's disease (disorder)
parkinsonism (disorder)	32798002	Parkinsonism (disorder)
paronychia (disorder)	71906005	Paronychia (disorder)
paronychia due to ingrown nail (disorder)	773296007	Paronychia due to ingrown nail (disorder)
paronychia of toe (disorder)	388983002	Paronychia of toe (disorder)
parotidectomy (procedure)	81870009	Parotidectomy (procedure)
paroxysmal atrial fibrillation (disorder)	282825002	Paroxysmal atrial fibrillation (disorder)
paroxysmal atrial flutter (disorder)	427665004	Paroxysmal atrial flutter (disorder)
paroxysmal atrial tachycardia (disorder)	195069001	Paroxysmal atrial tachycardia (disorder)
paroxysmal nocturnal hemoglobinuria (disorder)	1963002	Paroxysmal nocturnal hemoglobinuria (disorder)
paroxysmal supraventricular tachycardia (disorder)	67198005	Paroxysmal supraventricular tachycardia (disorder)
paroxysmal tachycardia (disorder)	12026006	Paroxysmal tachycardia (disorder)
paroxysmal ventricular tachycardia (disorder)	66657009	Paroxysmal ventricular tachycardia (disorder)
pars planitis (disorder)	45688009	Pars planitis (disorder)
partial colectomy with anastomosis (procedure)	44378008	Partial colectomy with anastomosis (procedure)
partial deafness (disorder)	343087000	Partial deafness (disorder)
partial hysterectomy (procedure)	387643005	Partial hysterectomy (procedure)
partial obstruction of small bowel (disorder)	429196001	Partial obstruction of small bowel (disorder)
partial oculomotor nerve palsy (disorder)	194118007	Partial oculomotor nerve palsy (disorder)
partial resection of colon (procedure)	43075005	Partial resection of colon (procedure)
partial thickness burn (disorder)	403191005	Partial thickness burn (disorder)
partial thickness burn of hand (disorder)	54296007	Partial thickness burn of hand (disorder)
partial thromboplastin time increased (finding)	409675001	Partial thromboplastin time increased (finding)
partially edentulous mandible (disorder)	371084005	Partially edentulous mandible (disorder)
partnership problems (finding)	276079004	Partnership problems (finding)
passive smoker (finding)	43381005	Passive smoker (finding)
past pregnancy history of cesarean section (situation)	161805006	Past pregnancy history of cesarean section (situation)
past pregnancy history of early neonatal death (situation)	1290170006	Past pregnancy history of early neonatal death (situation)
past pregnancy history of intrauterine fetal death (situation)	16216731000119106	Past pregnancy history of intrauterine fetal death (situation)
past pregnancy history of miscarriage (situation)	161744009	Past pregnancy history of miscarriage (situation)
past pregnancy history of perinatal death (situation)	1290143004	Past pregnancy history of perinatal death (situation)
past pregnancy history of pregnancy with abortive outcome (situation)	713651007	Past pregnancy history of pregnancy with abortive outcome (situation)
past pregnancy history of premature delivery (situation)	161765003	Past pregnancy history of premature delivery (situation)
patellofemoral stress syndrome (disorder)	430725003	Patellofemoral stress syndrome (disorder)
patent ductus arteriosus (disorder)	83330001	Patent ductus arteriosus (disorder)
patent foramen ovale (disorder)	204317008	Patent foramen ovale (disorder)
pathological fracture - upper arm (disorder)	287065007	Pathological fracture - upper arm (disorder)
pathological fracture of femur (disorder)	409667007	Pathological fracture of femur (disorder)
pathological fracture of neck of femur (disorder)	409666003	Pathological fracture of neck of femur (disorder)
pathological fracture of vertebra (disorder)	274146004	Pathological fracture of vertebra (disorder)
patient discharge (procedure)	58000006	Patient discharge (procedure)
patient post percutaneous transluminal coronary angioplasty (finding)	371822007	Patient post percutaneous transluminal coronary angioplasty (finding)
pedal cycle accident (event)	386662004	Pedal cycle accident (event)
pediatric locking of interphalangeal joint of thumb (disorder)	1263646004	Pediatric locking of interphalangeal joint of thumb (disorder)
pediculosis capitis (disorder)	81000006	Pediculosis capitis (disorder)
pelvic swelling (finding)	274754009	Pelvic swelling (finding)
penetrating keratoplasty (procedure)	42101009	Penetrating keratoplasty (procedure)
penile hypospadias (disorder)	204888000	Penile hypospadias (disorder)
peptic ulcer (disorder)	13200003	Peptic ulcer (disorder)
peptic ulcer with hemorrhage (disorder)	64121000	Peptic ulcer with hemorrhage (disorder)
peptic ulcer without hemorrhage, without perforation and without obstruction (disorder)	38365000	Peptic ulcer without hemorrhage, without perforation AND without obstruction (disorder)
percutaneous endoscopic insertion of gastrostomy tube (procedure)	235159007	Percutaneous endoscopic insertion of gastrostomy tube (procedure)
percutaneous insertion of nephrostomy tube (procedure)	313270001	Percutaneous insertion of nephrostomy tube (procedure)
percutaneous transluminal ablation of atrioventricular node (procedure)	175125003	Percutaneous transluminal ablation of atrioventricular node (procedure)
percutaneous transluminal angioplasty of blood vessel using imaging guidance with contrast (procedure)	418285008	Percutaneous transluminal angioplasty of blood vessel using imaging guidance with contrast (procedure)
percutaneous transluminal angioplasty of coronary artery using imaging guidance with contrast (procedure)	41339005	Percutaneous transluminal angioplasty of coronary artery using imaging guidance with contrast (procedure)
percutaneous transluminal angioplasty of vein using fluoroscopic guidance with contrast (procedure)	359551000	Percutaneous transluminal angioplasty of vein using fluoroscopic guidance with contrast (procedure)
percutaneous transluminal coronary angioplasty by rotablation, single vessel using imaging guidance with contrast (procedure)	397431004	Percutaneous transluminal coronary angioplasty by rotablation, single vessel using imaging guidance with contrast (procedure)
perforation of intestine (disorder)	56905009	Perforation of intestine (disorder)
perforation of nasal septum (disorder)	80142000	Perforation of nasal septum (disorder)
perforation of small intestine (disorder)	235741002	Perforation of small intestine (disorder)
perforation of tympanic membrane (disorder)	60442001	Perforation of tympanic membrane (disorder)
perianal abscess (disorder)	82127005	Perianal abscess (disorder)
perianal crohn's disease (disorder)	235796008	Perianal Crohn's disease (disorder)
perianal dermatitis (disorder)	275448003	Perianal dermatitis (disorder)
perianal fistula (disorder)	58103005	Perianal fistula (disorder)
periapical abscess (disorder)	196341005	Periapical abscess (disorder)
pericardial effusion (disorder)	373945007	Pericardial effusion (disorder)
pericarditis (disorder)	3238004	Pericarditis (disorder)
pericoronitis (disorder)	22240003	Pericoronitis (disorder)
perimembranous ventricular septal defect (disorder)	109428005	Perimembranous ventricular septal defect (disorder)
perimenopausal disorder (disorder)	266607004	Perimenopausal disorder (disorder)
perinatal disorder of fetus and/or early neonate due to placenta previa (disorder)	1197062001	Perinatal disorder of fetus and/or early neonate due to placenta previa (disorder)
perinatal disorder of growth and/or development (disorder)	276603001	Perinatal disorder of growth and/or development (disorder)
perinatal infection of fetus and/or neonate (disorder)	1179410005	Perinatal infection of fetus and/or neonate (disorder)
perinatal intraventricular hemorrhage (disorder)	70611002	Perinatal intraventricular hemorrhage (disorder)
perineal laceration during delivery (disorder)	398019008	Perineal laceration during delivery (disorder)
perineal pain (finding)	225565007	Perineal pain (finding)
periodic leg movements of sleep (finding)	445140006	Periodic leg movements of sleep (finding)
periodic limb movement disorder (disorder)	418763003	Periodic limb movement disorder (disorder)
periodontal disease (disorder)	2556008	Periodontal disease (disorder)
periodontitis (disorder)	41565005	Periodontitis (disorder)
perioral dermatitis (disorder)	238751002	Perioral dermatitis (disorder)
periorbital edema (disorder)	49563000	Periorbital edema (disorder)
peripheral angiopathy due to diabetes mellitus (disorder)	127014009	Peripheral angiopathy due to diabetes mellitus (disorder)
peripheral arterial occlusive disease (disorder)	399957001	Peripheral arterial occlusive disease (disorder)
peripheral arteriovenous malformation (disorder)	275519006	Peripheral arteriovenous malformation (disorder)
peripheral blood stem cell transplantation (procedure)	278257006	Peripheral blood stem cell transplantation (procedure)
peripheral circulatory disorder due to type 1 diabetes mellitus (disorder)	421365002	Peripheral circulatory disorder due to type 1 diabetes mellitus (disorder)
peripheral circulatory disorder due to type 2 diabetes mellitus (disorder)	422166005	Peripheral circulatory disorder due to type 2 diabetes mellitus (disorder)
peripheral edema (disorder)	271809000	Peripheral edema (disorder)
peripheral motor neuropathy (disorder)	95663000	Peripheral motor neuropathy (disorder)
peripheral nerve disease (disorder)	302226006	Peripheral nerve disease (disorder)
peripheral nerve entrapment syndrome (disorder)	45781009	Peripheral nerve entrapment syndrome (disorder)
peripheral neuralgia (finding)	25416002	Peripheral neuralgia (finding)
peripheral neuropathy due to diabetes mellitus (disorder)	424736006	Peripheral neuropathy due to diabetes mellitus (disorder)
peripheral retinal degeneration (disorder)	61536007	Peripheral retinal degeneration (disorder)
peripheral vascular disease (disorder)	400047006	Peripheral vascular disease (disorder)
peripheral vascular disorder due to diabetes mellitus (disorder)	421895002	Peripheral vascular disorder due to diabetes mellitus (disorder)
peripheral venous insufficiency (disorder)	20696009	Peripheral venous insufficiency (disorder)
peripheral vertigo (disorder)	50438001	Peripheral vertigo (disorder)
peripheral visual field defect (finding)	33048000	Peripheral visual field defect (finding)
perirectal abscess (disorder)	91669008	Perirectal abscess (disorder)
peristomal dermatitis (disorder)	236125004	Peristomal dermatitis (disorder)
peritoneal adhesion (disorder)	70190001	Peritoneal adhesion (disorder)
peritoneal dialysis (procedure)	71192002	Peritoneal dialysis (procedure)
peritoneal dialysis catheter exit site infection (disorder)	236557008	Peritoneal dialysis catheter exit site infection (disorder)
peritoneal dialysis-associated peritonitis (disorder)	276883000	Peritoneal dialysis-associated peritonitis (disorder)
peritonitis (disorder)	48661000	Peritonitis (disorder)
peritonsillar abscess (disorder)	15033003	Peritonsillar abscess (disorder)
periumbilical pain (finding)	443503005	Periumbilical pain (finding)
permanent atrial fibrillation (disorder)	440028005	Permanent atrial fibrillation (disorder)
permanent cardiac pacemaker procedure (procedure)	233182007	Permanent cardiac pacemaker procedure (procedure)
pernicious anemia (disorder)	84027009	Pernicious anemia (disorder)
peroneal tendinitis (disorder)	53208009	Peroneal tendinitis (disorder)
persistent alcohol abuse (disorder)	284591009	Persistent alcohol abuse (disorder)
persistent breast nodularity (disorder)	315249005	Persistent breast nodularity (disorder)
persistent insomnia (disorder)	191997003	Persistent insomnia (disorder)
persistent microalbuminuria due to type 1 diabetes mellitus (disorder)	421305000	Persistent microalbuminuria due to type 1 diabetes mellitus (disorder)
persistent microalbuminuria due to type 2 diabetes mellitus (disorder)	420715001	Persistent microalbuminuria due to type 2 diabetes mellitus (disorder)
persistent occipitoposterior position (disorder)	70068004	Persistent occipitoposterior position (disorder)
persistent pain associated with prosthesis of joint (disorder)	240271006	Persistent pain associated with prosthesis of joint (disorder)
persistent primary tooth (disorder)	57650002	Persistent primary tooth (disorder)
persistent proteinuria due to type 1 diabetes mellitus (disorder)	420514000	Persistent proteinuria due to type 1 diabetes mellitus (disorder)
persistent proteinuria due to type 2 diabetes mellitus (disorder)	421986006	Persistent proteinuria due to type 2 diabetes mellitus (disorder)
persistent pulmonary hypertension of the newborn (disorder)	233815004	Persistent pulmonary hypertension of the newborn (disorder)
persistent vomiting (disorder)	196746003	Persistent vomiting (disorder)
personal care impairment (finding)	228146008	Personal care impairment (finding)
personal history of primary malignant neoplasm of breast (situation)	415076002	Personal history of primary malignant neoplasm of breast (situation)
personality disorder (disorder)	33449004	Personality disorder (disorder)
pertussis (disorder)	27836007	Pertussis (disorder)
pervasive developmental disorder (disorder)	35919005	Pervasive developmental disorder (disorder)
pes anserinus bursitis (disorder)	73105000	Pes anserinus bursitis (disorder)
petechiae (disorder)	271813007	Petechiae (disorder)
phacomorphic angle closure glaucoma due to disorder of lens (disorder)	392300000	Phacomorphic angle closure glaucoma due to disorder of lens (disorder)
phantom limb (disorder)	193114000	Phantom limb (disorder)
pharyngitis (disorder)	405737000	Pharyngitis (disorder)
pharyngoesophageal diverticulum (disorder)	399291005	Pharyngoesophageal diverticulum (disorder)
phlebitis (disorder)	61599003	Phlebitis (disorder)
photocoagulation to retina (procedure)	231762005	Photocoagulation to retina (procedure)
photopsia (disorder)	56170001	Photopsia (disorder)
photosensitivity (finding)	90128006	Photosensitivity (finding)
physical child abuse (event)	371779005	Physical child abuse (event)
physical deconditioning (finding)	31031000119102	Physical deconditioning (finding)
physical examination procedure (procedure)	5880005	Physical examination procedure (procedure)
physical therapy procedure (regime/therapy)	91251008	Physical therapy procedure (regime/therapy)
physiological striae (disorder)	201067006	Physiological striae (disorder)
pigment dispersion syndrome (disorder)	392133001	Pigment dispersion syndrome (disorder)
pigmented skin lesion (disorder)	201340008	Pigmented skin lesion (disorder)
pilonidal cyst (disorder)	47639008	Pilonidal cyst (disorder)
pinguecula (disorder)	87614000	Pinguecula (disorder)
pins and needles (finding)	62507009	Pins and needles (finding)
piriformis syndrome (disorder)	129179000	Piriformis syndrome (disorder)
pituitary adenoma (disorder)	254956000	Pituitary adenoma (disorder)
pituitary dwarfism (disorder)	367460001	Pituitary dwarfism (disorder)
pituitary-dependent cushing's disease (disorder)	190502001	Pituitary-dependent Cushing's disease (disorder)
pityriasis (disorder)	34630004	Pityriasis (disorder)
pityriasis alba (disorder)	402296004	Pityriasis alba (disorder)
pityriasis rosea (disorder)	77252004	Pityriasis rosea (disorder)
pityriasis simplex (disorder)	200767005	Pityriasis simplex (disorder)
pityriasis versicolor (disorder)	56454009	Pityriasis versicolor (disorder)
placement of stent in coronary artery (procedure)	36969009	Placement of stent in coronary artery (procedure)
placenta circummarginate (disorder)	840365009	Placenta circummarginate (disorder)
placenta previa (disorder)	36813001	Placenta previa (disorder)
placenta previa marginalis (disorder)	62531004	Placenta previa marginalis (disorder)
placenta previa partialis (disorder)	24095001	Placenta previa partialis (disorder)
placenta previa without hemorrhage (disorder)	7792000	Placenta previa without hemorrhage (disorder)
placental abruption (disorder)	415105001	Placental abruption (disorder)
plagiocephaly (disorder)	21850008	Plagiocephaly (disorder)
plain x-ray of chest abnormal (finding)	1290960005	Plain X-ray of chest abnormal (finding)
plane wart (disorder)	240539000	Plane wart (disorder)
plantar fascial fibromatosis (disorder)	13370002	Plantar fascial fibromatosis (disorder)
plantar fasciitis (disorder)	202882003	Plantar fasciitis (disorder)
plasmacytoma (disorder)	415112005	Plasmacytoma (disorder)
plastic repair of tendon (procedure)	178155009	Plastic repair of tendon (procedure)
platelet disorder (disorder)	22716005	Platelet disorder (disorder)
pleomorphic adenoma of parotid gland (disorder)	255155005	Pleomorphic adenoma of parotid gland (disorder)
pleural effusion (disorder)	60046008	Pleural effusion (disorder)
pleural effusion associated with pulmonary infection (disorder)	81075000	Pleural effusion associated with pulmonary infection (disorder)
pleural effusion due to malignant neoplastic disease (disorder)	860792009	Pleural effusion due to malignant neoplastic disease (disorder)
pleurisy (disorder)	196075003	Pleurisy (disorder)
pleuritic pain (finding)	2237002	Pleuritic pain (finding)
pneumococcal infectious disease (disorder)	16814004	Pneumococcal infectious disease (disorder)
pneumoconiosis (disorder)	40122008	Pneumoconiosis (disorder)
pneumoconiosis caused by silica (disorder)	805002	Pneumoconiosis caused by silica (disorder)
pneumocystosis jirovecii pneumonia (disorder)	415125002	Pneumocystosis jirovecii pneumonia (disorder)
pneumonia (disorder)	233604007	Pneumonia (disorder)
pneumonia and influenza (disorder)	195878008	Pneumonia and influenza (disorder)
pneumonia caused by escherichia coli (disorder)	51530003	Pneumonia caused by Escherichia coli (disorder)
pneumonia caused by gram negative bacteria (disorder)	430395005	Pneumonia caused by Gram negative bacteria (disorder)
pneumonia caused by klebsiella pneumoniae (disorder)	64479007	Pneumonia caused by Klebsiella pneumoniae (disorder)
pneumonia caused by mycoplasma pneumoniae (disorder)	46970008	Pneumonia caused by Mycoplasma pneumoniae (disorder)
pneumonia caused by pseudomonas (disorder)	41381004	Pneumonia caused by Pseudomonas (disorder)
pneumonia caused by respiratory syncytial virus (disorder)	195881003	Pneumonia caused by respiratory syncytial virus (disorder)
pneumonia caused by streptococcus (disorder)	34020007	Pneumonia caused by Streptococcus (disorder)
pneumonitis (disorder)	205237003	Pneumonitis (disorder)
pneumonitis caused by inhalation of regurgitated food (disorder)	196033004	Pneumonitis caused by inhalation of regurgitated food (disorder)
pneumonitis caused by inhalation of vomitus (disorder)	196035006	Pneumonitis caused by inhalation of vomitus (disorder)
pneumothorax (disorder)	36118008	Pneumothorax (disorder)
pneumothorax due to trauma (disorder)	90070003	Pneumothorax due to trauma (disorder)
poisoning by hypnotic agent (disorder)	1157257000	Poisoning by hypnotic agent (disorder)
poisoning caused by analgesic drug (disorder)	241748001	Poisoning caused by analgesic drug (disorder)
poisoning caused by anticoagulant (disorder)	67438002	Poisoning caused by anticoagulant (disorder)
poisoning caused by antidepressant (disorder)	82276009	Poisoning caused by antidepressant (disorder)
poisoning caused by antirheumatic (disorder)	111762003	Poisoning caused by antirheumatic (disorder)
poisoning caused by cardiotonic glycoside (disorder)	56951005	Poisoning caused by cardiotonic glycoside (disorder)
poisoning caused by drug and/or medicinal substance (disorder)	7895008	Poisoning caused by drug AND/OR medicinal substance (disorder)
poisoning caused by opioid receptor agonist (disorder)	1148649003	Poisoning caused by opioid receptor agonist (disorder)
poisoning caused by sedative (disorder)	1148567001	Poisoning caused by sedative (disorder)
poisoning due to sting of wasp (disorder)	7456000	Poisoning due to sting of wasp (disorder)
poly-drug misuser (finding)	228372006	Poly-drug misuser (finding)
polyarteritis nodosa (disorder)	155441006	Polyarteritis nodosa (disorder)
polycystic ovary (disorder)	781067001	Polycystic ovary (disorder)
polycystic ovary syndrome (disorder)	237055002	Polycystic ovary syndrome (disorder)
polycythemia vera (disorder)	109992005	Polycythemia vera (disorder)
polyhydramnios (disorder)	86203003	Polyhydramnios (disorder)
polymorphic light eruption (disorder)	238525001	Polymorphic light eruption (disorder)
polymyalgia (disorder)	95415006	Polymyalgia (disorder)
polymyalgia rheumatica (disorder)	65323003	Polymyalgia rheumatica (disorder)
polymyositis (disorder)	31384009	Polymyositis (disorder)
polyneuropathy (disorder)	42345000	Polyneuropathy (disorder)
polyneuropathy caused by drug (disorder)	7339009	Polyneuropathy caused by drug (disorder)
polyneuropathy due to diabetes mellitus (disorder)	49455004	Polyneuropathy due to diabetes mellitus (disorder)
polyneuropathy due to type 2 diabetes mellitus (disorder)	713706002	Polyneuropathy due to type 2 diabetes mellitus (disorder)
polyneuropathy, organomegaly, endocrinopathy, monoclonal gammopathy, and skin changes syndrome (disorder)	79268002	Polyneuropathy, organomegaly, endocrinopathy, monoclonal gammopathy, and skin changes syndrome (disorder)
polyotia (disorder)	35547002	Polyotia (disorder)
polyp (disorder)	441456002	Polyp (disorder)
polyp in nasopharynx (disorder)	373610002	Polyp in nasopharynx (disorder)
polyp of cervix (disorder)	65576009	Polyp of cervix (disorder)
polyp of colon (disorder)	68496003	Polyp of colon (disorder)
polyp of corpus uteri (disorder)	11314008	Polyp of corpus uteri (disorder)
polyp of duodenum (disorder)	73861008	Polyp of duodenum (disorder)
polyp of gallbladder (disorder)	197433003	Polyp of gallbladder (disorder)
polyp of intestine (disorder)	254588001	Polyp of intestine (disorder)
polyp of nasal cavity (disorder)	736500007	Polyp of nasal cavity (disorder)
polyp of nasal cavity and/or nasal sinus (disorder)	736499003	Polyp of nasal cavity and/or nasal sinus (disorder)
polyp of nasal sinus (disorder)	32307003	Polyp of nasal sinus (disorder)
polyp of vocal cord (disorder)	9078005	Polyp of vocal cord (disorder)
polyp of vocal cord or larynx (disorder)	195847009	Polyp of vocal cord or larynx (disorder)
polypharmacy (finding)	129846003	Polypharmacy (finding)
polyradiculoneuropathy (disorder)	128078004	Polyradiculoneuropathy (disorder)
polyradiculopathy (disorder)	75572007	Polyradiculopathy (disorder)
polysubstance dependence (disorder)	51339003	Polysubstance dependence (disorder)
polyuria (finding)	28442001	Polyuria (finding)
poor short-term memory (finding)	247592009	Poor short-term memory (finding)
poor sleep pattern (finding)	314938000	Poor sleep pattern (finding)
port-wine stain of skin (disorder)	416377005	Port-wine stain of skin (disorder)
portal cirrhosis (disorder)	419728003	Portal cirrhosis (disorder)
portal hypertension (disorder)	34742003	Portal hypertension (disorder)
portal vein thrombosis (disorder)	17920008	Portal vein thrombosis (disorder)
portopulmonary hypertension (disorder)	445237003	Portopulmonary hypertension (disorder)
post infarct angina (disorder)	314116003	Post infarct angina (disorder)
post poliomyelitis syndrome (disorder)	31097004	Post poliomyelitis syndrome (disorder)
post-infective arthritis (disorder)	239783001	Post-infective arthritis (disorder)
post-inflammatory hyperpigmentation (disorder)	238699007	Post-inflammatory hyperpigmentation (disorder)
post-laminectomy syndrome (disorder)	27151001	Post-laminectomy syndrome (disorder)
post-micturition incontinence (finding)	236664000	Post-micturition incontinence (finding)
post-surgical wound care (regime/therapy)	226007004	Post-surgical wound care (regime/therapy)
post-traumatic stress disorder (disorder)	47505003	Post-traumatic stress disorder (disorder)
post-traumatic urethral stricture (disorder)	1366546000	Post-traumatic urethral stricture (disorder)
post-traumatic wound infection (disorder)	269406001	Post-traumatic wound infection (disorder)
postablative hypothyroidism (disorder)	237527007	Postablative hypothyroidism (disorder)
postcoital bleeding (finding)	48880000	Postcoital bleeding (finding)
postconcussion syndrome (disorder)	40425004	Postconcussion syndrome (disorder)
posterior fusion of lumbar spine (procedure)	277764006	Posterior fusion of lumbar spine (procedure)
posterior proliferative vitreoretinopathy (disorder)	232018006	Posterior proliferative vitreoretinopathy (disorder)
posterior rhinorrhea (disorder)	75803007	Posterior rhinorrhea (disorder)
posterior subcapsular cataract (disorder)	315353005	Posterior subcapsular cataract (disorder)
posterior subcapsular polar senile cataract (disorder)	5318001	Posterior subcapsular polar senile cataract (disorder)
posterior uveitis (disorder)	43363007	Posterior uveitis (disorder)
posterior vitreous detachment (disorder)	247081001	Posterior vitreous detachment (disorder)
postgastric surgery syndrome (disorder)	80193009	Postgastric surgery syndrome (disorder)
postherpetic neuralgia (disorder)	2177002	Postherpetic neuralgia (disorder)
postmastectomy lymphedema syndrome (disorder)	33129002	Postmastectomy lymphedema syndrome (disorder)
postmature infancy (finding)	16207008	Postmature infancy (finding)
postmenopausal bleeding (finding)	76742009	Postmenopausal bleeding (finding)
postmenopausal osteoporosis (disorder)	102447009	Postmenopausal osteoporosis (disorder)
postmenopausal state (finding)	76498008	Postmenopausal state (finding)
postnatal maternal examination (procedure)	384634009	Postnatal maternal examination (procedure)
postnatal visit (regime/therapy)	169762003	Postnatal visit (regime/therapy)
postoperative cardiac complication (disorder)	233816003	Postoperative cardiac complication (disorder)
postoperative care (regime/therapy)	133899007	Postoperative care (regime/therapy)
postoperative complication (disorder)	385486001	Postoperative complication (disorder)
postoperative deep vein thrombosis (disorder)	213220000	Postoperative deep vein thrombosis (disorder)
postoperative follow-up visit (procedure)	439740005	Postoperative follow-up visit (procedure)
postoperative hemorrhage (disorder)	110265006	Postoperative hemorrhage (disorder)
postoperative hypothyroidism (disorder)	27059002	Postoperative hypothyroidism (disorder)
postoperative infection (disorder)	33910007	Postoperative infection (disorder)
postoperative intestinal obstruction (disorder)	235821002	Postoperative intestinal obstruction (disorder)
postoperative pain (finding)	213299007	Postoperative pain (finding)
postoperative pneumonia (disorder)	314978007	Postoperative pneumonia (disorder)
postoperative seroma (disorder)	429494008	Postoperative seroma (disorder)
postoperative ureteric constriction (disorder)	197805009	Postoperative ureteric constriction (disorder)
postoperative urethral stricture (disorder)	111411000	Postoperative urethral stricture (disorder)
postoperative urinary tract infection (disorder)	197926005	Postoperative urinary tract infection (disorder)
postoperative visit (finding)	183646003	Postoperative visit (finding)
postoperative wound infection (disorder)	58126003	Postoperative wound infection (disorder)
postpartum care (regime/therapy)	133906008	Postpartum care (regime/therapy)
postpartum depression (disorder)	58703003	Postpartum depression (disorder)
postpartum hemorrhage (disorder)	47821001	Postpartum hemorrhage (disorder)
postpartum state (finding)	86569001	Postpartum state (finding)
postphlebitic syndrome (disorder)	20427003	Postphlebitic syndrome (disorder)
postsurgical menopause (disorder)	371036001	Postsurgical menopause (disorder)
posttraumatic headache (finding)	54012000	Posttraumatic headache (finding)
postural orthostatic tachycardia syndrome (disorder)	371073003	Postural orthostatic tachycardia syndrome (disorder)
pre-anesthetic assessment (procedure)	182770003	Pre-anesthetic assessment (procedure)
pre-eclampsia (disorder)	398254007	Pre-eclampsia (disorder)
pre-existing type 1 diabetes mellitus in pregnancy (disorder)	609564002	Pre-existing type 1 diabetes mellitus in pregnancy (disorder)
pre-existing type 2 diabetes mellitus (disorder)	199230006	Pre-existing type 2 diabetes mellitus (disorder)
pre-pregnancy education (procedure)	171012002	Pre-pregnancy education (procedure)
pre-surgery evaluation (procedure)	110466009	Pre-surgery evaluation (procedure)
preauricular fistula (disorder)	204272007	Preauricular fistula (disorder)
precocious puberty (disorder)	400179000	Precocious puberty (disorder)
precordial pain (finding)	71884009	Precordial pain (finding)
pregnancy (finding)	77386006	Pregnancy (finding)
pregnancy detection examination (procedure)	74036000	Pregnancy detection examination (procedure)
pregnancy test negative (finding)	250425007	Pregnancy test negative (finding)
pregnancy test positive (finding)	250423000	Pregnancy test positive (finding)
pregnancy with abnormal glucose tolerance test (finding)	372048000	Pregnancy with abnormal glucose tolerance test (finding)
pregnancy-induced hypertension (disorder)	48194001	Pregnancy-induced hypertension (disorder)
pregnancy-related examination (procedure)	312891008	Pregnancy-related examination (procedure)
pregnancy-related glycosuria (disorder)	199132007	Pregnancy-related glycosuria (disorder)
pregnant - planned (finding)	169565003	Pregnant - planned (finding)
preinfarction syndrome (disorder)	4557003	Preinfarction syndrome (disorder)
premature atrial contraction (disorder)	284470004	Premature atrial contraction (disorder)
premature beats (disorder)	29717002	Premature beats (disorder)
premature birth of newborn (finding)	367494004	Premature birth of newborn (finding)
premature delivery (finding)	282020008	Premature delivery (finding)
premature ejaculation (finding)	44001008	Premature ejaculation (finding)
premature labor (finding)	6383007	Premature labor (finding)
premature menopause (finding)	373717006	Premature menopause (finding)
premature ovarian failure (disorder)	237788002	Premature ovarian failure (disorder)
premature rupture of membranes (disorder)	44223004	Premature rupture of membranes (disorder)
prematurity of infant (disorder)	771299009	Prematurity of infant (disorder)
premenstrual dysphoric disorder (disorder)	596004	Premenstrual dysphoric disorder (disorder)
premenstrual tension syndrome (disorder)	82639001	Premenstrual tension syndrome (disorder)
prenatal examination and care of mother (procedure)	18114009	Prenatal examination and care of mother (procedure)
preoperative cardiovascular examination (procedure)	444733009	Preoperative cardiovascular examination (procedure)
preoperative pulmonary examination (procedure)	444562008	Preoperative pulmonary examination (procedure)
prepatellar bursitis (disorder)	17059001	Prepatellar bursitis (disorder)
presbycusis (disorder)	49526009	Presbycusis (disorder)
presbyopia (disorder)	41256004	Presbyopia (disorder)
preseptal cellulitis (disorder)	314516007	Preseptal cellulitis (disorder)
pressure injury (disorder)	1163215007	Pressure injury (disorder)
pressure injury of ankle (disorder)	699211004	Pressure injury of ankle (disorder)
pressure injury of buttock (disorder)	225563000	Pressure injury of buttock (disorder)
pressure injury of dorsum of foot (disorder)	699213001	Pressure injury of dorsum of foot (disorder)
pressure injury of heel (disorder)	225561003	Pressure injury of heel (disorder)
pressure injury of lumbar region of back (disorder)	1186639007	Pressure injury of lumbar region of back (disorder)
pressure injury of sacral region of back (disorder)	225562005	Pressure injury of sacral region of back (disorder)
preterm infant less than 37 completed weeks gestation (finding)	1371409000	Preterm infant less than 37 completed weeks gestation (finding)
preterm premature rupture of membranes (disorder)	312974005	Preterm premature rupture of membranes (disorder)
pretransplant evaluation of donor (procedure)	444598000	Pretransplant evaluation of donor (procedure)
preventive patient evaluation (procedure)	108224003	Preventive patient evaluation (procedure)
prickly heat (disorder)	72658003	Prickly heat (disorder)
primary angle-closure glaucoma (disorder)	392288006	Primary angle-closure glaucoma (disorder)
primary bacterial peritonitis (disorder)	11836002	Primary bacterial peritonitis (disorder)
primary biliary cholangitis (disorder)	31712002	Primary biliary cholangitis (disorder)
primary carcinoma of liver (disorder)	187769009	Primary carcinoma of liver (disorder)
primary cardiomyopathy (disorder)	89461002	Primary cardiomyopathy (disorder)
primary chronic pseudo-obstruction of colon (disorder)	35065006	Primary chronic pseudo-obstruction of colon (disorder)
primary combined hyperlipidemia (disorder)	238088006	Primary combined hyperlipidemia (disorder)
primary cutaneous t-cell lymphoma (disorder)	400122007	Primary cutaneous T-cell lymphoma (disorder)
primary degenerative dementia of the alzheimer type, presenile onset, uncomplicated (disorder)	6475002	Primary degenerative dementia of the Alzheimer type, presenile onset, uncomplicated (disorder)
primary degenerative dementia of the alzheimer type, senile onset (disorder)	416975007	Primary degenerative dementia of the Alzheimer type, senile onset (disorder)
primary degenerative dementia of the alzheimer type, senile onset, uncomplicated (disorder)	66108005	Primary degenerative dementia of the Alzheimer type, senile onset, uncomplicated (disorder)
primary female infertility (disorder)	5084002	Primary female infertility (disorder)
primary focal hyperhidrosis (disorder)	427794001	Primary focal hyperhidrosis (disorder)
primary gout (disorder)	24595009	Primary gout (disorder)
primary hyperaldosteronism (disorder)	190507007	Primary hyperaldosteronism (disorder)
primary hyperoxaluria (disorder)	17901006	Primary hyperoxaluria (disorder)
primary hyperparathyroidism (disorder)	36348003	Primary hyperparathyroidism (disorder)
primary idiopathic dilated cardiomyopathy (disorder)	53043001	Primary idiopathic dilated cardiomyopathy (disorder)
primary insomnia (disorder)	3972004	Primary insomnia (disorder)
primary localized osteoarthrosis of pelvic region (disorder)	77994009	Primary localized osteoarthrosis of pelvic region (disorder)
primary malignant neoplasm of bone (disorder)	93725000	Primary malignant neoplasm of bone (disorder)
primary malignant neoplasm of female genital organ (disorder)	93797001	Primary malignant neoplasm of female genital organ (disorder)
primary malignant neoplasm of liver (disorder)	95214007	Primary malignant neoplasm of liver (disorder)
primary malignant neoplasm of lung (disorder)	93880001	Primary malignant neoplasm of lung (disorder)
primary malignant neoplasm of ovary (disorder)	93934004	Primary malignant neoplasm of ovary (disorder)
primary malignant neoplasm of pancreas (disorder)	372003004	Primary malignant neoplasm of pancreas (disorder)
primary malignant neoplasm of peritoneum (disorder)	372016004	Primary malignant neoplasm of peritoneum (disorder)
primary malignant neoplasm of prostate (disorder)	93974005	Primary malignant neoplasm of prostate (disorder)
primary malignant neoplasm of rectosigmoid junction (disorder)	93980002	Primary malignant neoplasm of rectosigmoid junction (disorder)
primary malignant neoplasm of skin of face (disorder)	94022001	Primary malignant neoplasm of skin of face (disorder)
primary malignant neoplasm of skin of scalp (disorder)	94038007	Primary malignant neoplasm of skin of scalp (disorder)
primary malignant neoplasm of soft tissues (disorder)	372010005	Primary malignant neoplasm of soft tissues (disorder)
primary malignant neoplasm of soft tissues of lower limb (disorder)	94057003	Primary malignant neoplasm of soft tissues of lower limb (disorder)
primary malignant neoplasm of thyroid gland (disorder)	94098005	Primary malignant neoplasm of thyroid gland (disorder)
primary myelofibrosis (disorder)	307651005	Primary myelofibrosis (disorder)
primary open angle glaucoma (disorder)	77075001	Primary open angle glaucoma (disorder)
primary open reduction and internal fixation of proximal femoral fracture with screw/nail and plate device (procedure)	265132005	Primary open reduction and internal fixation of proximal femoral fracture with screw/nail and plate device (procedure)
primary sclerosing cholangitis (disorder)	197441003	Primary sclerosing cholangitis (disorder)
primary testicular failure (disorder)	370997001	Primary testicular failure (disorder)
primate erythroparvovirus 1 infection (disorder)	34730008	Primate erythroparvovirus 1 infection (disorder)
primigravida (finding)	127364007	Primigravida (finding)
prinzmetal angina (disorder)	87343002	Prinzmetal angina (disorder)
problem behavior (finding)	277843001	Problem behavior (finding)
problem situation relating to social and personal history (finding)	271437004	Problem situation relating to social and personal history (finding)
problematic behavior in children (finding)	248036002	Problematic behavior in children (finding)
procedure declined (situation)	1296859006	Procedure declined (situation)
procedure on endocrine system (procedure)	118681009	Procedure on endocrine system (procedure)
procedure on heart (procedure)	118797008	Procedure on heart (procedure)
procedure on wound (procedure)	442460002	Procedure on wound (procedure)
procedure related to management of drug administration (procedure)	182832007	Procedure related to management of drug administration (procedure)
proctitis (disorder)	3951002	Proctitis (disorder)
productive cough (finding)	28743005	Productive cough (finding)
profound intellectual disability (disorder)	31216003	Profound intellectual disability (disorder)
progressive angina (disorder)	371806006	Progressive angina (disorder)
progressive supranuclear ophthalmoplegia (disorder)	28978003	Progressive supranuclear ophthalmoplegia (disorder)
prolactinoma (disorder)	134209002	Prolactinoma (disorder)
prolapse of female genital organs (disorder)	73998008	Prolapse of female genital organs (disorder)
prolapse of vaginal vault after hysterectomy (disorder)	42116007	Prolapse of vaginal vault after hysterectomy (disorder)
prolapsed cervical intervertebral disc (disorder)	240215009	Prolapsed cervical intervertebral disc (disorder)
prolapsed internal hemorrhoids (disorder)	80426004	Prolapsed internal hemorrhoids (disorder)
prolapsed lumbar intervertebral disc (disorder)	202708005	Prolapsed lumbar intervertebral disc (disorder)
proliferative retinopathy due to diabetes mellitus (disorder)	59276001	Proliferative retinopathy due to diabetes mellitus (disorder)
prolonged depressive adjustment reaction (disorder)	192049004	Prolonged depressive adjustment reaction (disorder)
prolonged pregnancy (disorder)	90968009	Prolonged pregnancy (disorder)
prolonged qt interval (finding)	111975006	Prolonged QT interval (finding)
prolonged rupture of membranes (disorder)	12729009	Prolonged rupture of membranes (disorder)
prolonged second stage of labor (disorder)	77259008	Prolonged second stage of labor (disorder)
prophylactic immunotherapy (procedure)	444813003	Prophylactic immunotherapy (procedure)
prostate mass (finding)	309089006	Prostate mass (finding)
prostate specific antigen above reference range (finding)	396152005	Prostate specific antigen above reference range (finding)
prostate specific antigen outside reference range (finding)	166160000	Prostate specific antigen outside reference range (finding)
prostatectomy (procedure)	90470006	Prostatectomy (procedure)
prostatic intraepithelial neoplasia (disorder)	254901000	Prostatic intraepithelial neoplasia (disorder)
prostatism (disorder)	11441004	Prostatism (disorder)
prostatitis (disorder)	9713002	Prostatitis (disorder)
prosthetic arthroplasty of hip (procedure)	398010007	Prosthetic arthroplasty of hip (procedure)
prosthetic joint dislocation (disorder)	213082003	Prosthetic joint dislocation (disorder)
prosthetic joint infection (disorder)	213121005	Prosthetic joint infection (disorder)
prosthetic total arthroplasty of knee joint (procedure)	609588000	Prosthetic total arthroplasty of knee joint (procedure)
prosthetic total arthroplasty of shoulder joint (procedure)	42262007	Prosthetic total arthroplasty of shoulder joint (procedure)
protein s deficiency disease (disorder)	1563006	Protein S deficiency disease (disorder)
proteinuria (finding)	29738008	Proteinuria (finding)
proximal muscle weakness (finding)	249939004	Proximal muscle weakness (finding)
prurigo nodularis (disorder)	63501000	Prurigo nodularis (disorder)
prurigo simplex (disorder)	55608001	Prurigo simplex (disorder)
pruritic disorder (disorder)	279333002	Pruritic disorder (disorder)
pruritic rash (disorder)	64144002	Pruritic rash (disorder)
pruritic scalp dermatosis (disorder)	402695008	Pruritic scalp dermatosis (disorder)
pruritus ani (disorder)	90446007	Pruritus ani (disorder)
pruritus of genital organs (disorder)	267802000	Pruritus of genital organs (disorder)
pruritus of vagina (disorder)	34363003	Pruritus of vagina (disorder)
pruritus of vulva (disorder)	67882000	Pruritus of vulva (disorder)
pseudo-obstruction of intestine (disorder)	235825006	Pseudo-obstruction of intestine (disorder)
pseudoaneurysm (disorder)	443089001	Pseudoaneurysm (disorder)
pseudoaneurysm (morphologic abnormality)	22036004	Pseudoaneurysm (morphologic abnormality)
pseudocyst of pancreas (disorder)	111374002	Pseudocyst of pancreas (disorder)
pseudoexfoliation glaucoma (disorder)	111514006	Pseudoexfoliation glaucoma (disorder)
pseudoexfoliation of lens capsule (disorder)	44219007	Pseudoexfoliation of lens capsule (disorder)
pseudofolliculitis barbae (disorder)	399205006	Pseudofolliculitis barbae (disorder)
pseudohypoparathyroidism (disorder)	58976002	Pseudohypoparathyroidism (disorder)
pseudomyxoma peritonei (disorder)	307601000	Pseudomyxoma peritonei (disorder)
pseudophakic intraocular lens present (finding)	95217000	Pseudophakic intraocular lens present (finding)
pseudostrabismus (disorder)	313157004	Pseudostrabismus (disorder)
psoriasiform eczema (disorder)	238564003	Psoriasiform eczema (disorder)
psoriasis (disorder)	9014002	Psoriasis (disorder)
psoriasis with eczema (disorder)	238602009	Psoriasis with eczema (disorder)
psoriatic arthritis (disorder)	156370009	Psoriatic arthritis (disorder)
psychalgia (finding)	8971008	Psychalgia (finding)
psychiatric interview and evaluation (procedure)	10197000	Psychiatric interview and evaluation (procedure)
psychoactive substance dependence (disorder)	2403008	Psychoactive substance dependence (disorder)
psychogenic feeding disorder of infancy and childhood (disorder)	192630004	Psychogenic feeding disorder of infancy and childhood (disorder)
psychogenic hyperventilation (disorder)	191956005	Psychogenic hyperventilation (disorder)
psychophysiologic insomnia (disorder)	425832009	Psychophysiologic insomnia (disorder)
psychosexual dysfunction (finding)	268637002	Psychosexual dysfunction (finding)
psychosis caused by ethanol (disorder)	1231846001	Psychosis caused by ethanol (disorder)
psychostimulant dependence in remission (disorder)	1231331002	Psychostimulant dependence in remission (disorder)
psychotic disorder (disorder)	69322001	Psychotic disorder (disorder)
pterygium (disorder)	77489003	Pterygium (disorder)
ptosis of eyebrow (finding)	246813002	Ptosis of eyebrow (finding)
ptosis of eyelid (disorder)	11934000	Ptosis of eyelid (disorder)
puerperal pyrexia (disorder)	237348005	Puerperal pyrexia (disorder)
pulmonary artery stenosis (disorder)	95441000	Pulmonary artery stenosis (disorder)
pulmonary aspiration (finding)	68052005	Pulmonary aspiration (finding)
pulmonary congestion (disorder)	67599009	Pulmonary congestion (disorder)
pulmonary edema (disorder)	19242006	Pulmonary edema (disorder)
pulmonary embolism (disorder)	59282003	Pulmonary embolism (disorder)
pulmonary emphysema (disorder)	87433001	Pulmonary emphysema (disorder)
pulmonary emphysema in alpha-1 primary immunodeficiency deficiency (disorder)	233674008	Pulmonary emphysema in alpha-1 primary immunodeficiency deficiency (disorder)
pulmonary hypertension (disorder)	70995007	Pulmonary hypertension (disorder)
pulmonary sarcoidosis (disorder)	24369008	Pulmonary sarcoidosis (disorder)
pulmonary stenosis, non-rheumatic (disorder)	194997002	Pulmonary stenosis, non-rheumatic (disorder)
pulmonary tuberculosis (disorder)	154283005	Pulmonary tuberculosis (disorder)
pulmonic valve regurgitation (disorder)	91434003	Pulmonic valve regurgitation (disorder)
punctate keratitis (disorder)	42513006	Punctate keratitis (disorder)
puncture wound - injury (disorder)	312609001	Puncture wound - injury (disorder)
puncture wound of skin (disorder)	283497000	Puncture wound of skin (disorder)
pure hypercholesterolemia (disorder)	267432004	Pure hypercholesterolemia (disorder)
pure hyperglyceridemia (disorder)	267433009	Pure hyperglyceridemia (disorder)
pure red cell aplasia (disorder)	50715003	Pure red cell aplasia (disorder)
purpuric disorder (disorder)	387778001	Purpuric disorder (disorder)
purulent rhinitis (disorder)	8442000	Purulent rhinitis (disorder)
pustule (disorder)	271760008	Pustule (disorder)
pyelonephritis (disorder)	45816000	Pyelonephritis (disorder)
pyloric stenosis (disorder)	367403001	Pyloric stenosis (disorder)
pyoderma (disorder)	70759006	Pyoderma (disorder)
pyogenic granuloma (disorder)	200722003	Pyogenic granuloma (disorder)
pyogenic granuloma of skin (disorder)	39629007	Pyogenic granuloma of skin (disorder)
pyometra (disorder)	88981003	Pyometra (disorder)
pyonephrosis (disorder)	48631008	Pyonephrosis (disorder)
pyosalpinx (disorder)	397810006	Pyosalpinx (disorder)
pyrexia of unknown origin (finding)	7520000	Pyrexia of unknown origin (finding)
pyuria (finding)	4800001	Pyuria (finding)
quadriparesis (disorder)	91327001	Quadriparesis (disorder)
quadriplegia (disorder)	11538006	Quadriplegia (disorder)
quadriplegic cerebral palsy (disorder)	48721008	Quadriplegic cerebral palsy (disorder)
radial neuropathy (disorder)	16644004	Radial neuropathy (disorder)
radial polydactyly (disorder)	205135003	Radial polydactyly (disorder)
radial styloid tenosynovitis (disorder)	21794005	Radial styloid tenosynovitis (disorder)
radiation proctitis (disorder)	235760009	Radiation proctitis (disorder)
radical mastectomy of left breast (procedure)	726429001	Radical mastectomy of left breast (procedure)
radical mastectomy of right breast (procedure)	726430006	Radical mastectomy of right breast (procedure)
radical perineal prostatectomy (procedure)	8782006	Radical perineal prostatectomy (procedure)
radical prostatectomy (procedure)	26294005	Radical prostatectomy (procedure)
radical retropubic prostatectomy (procedure)	65551008	Radical retropubic prostatectomy (procedure)
radiofrequency ablation operation for arrhythmia (procedure)	233163003	Radiofrequency ablation operation for arrhythmia (procedure)
radiographic imaging procedure (procedure)	363680008	Radiographic imaging procedure (procedure)
radiologic infiltrate of lung (disorder)	409609008	Radiologic infiltrate of lung (disorder)
radiology result abnormal (finding)	168501001	Radiology result abnormal (finding)
radionuclide therapy for hyperthyroidism (procedure)	64978007	Radionuclide therapy for hyperthyroidism (procedure)
range of joint movement increased (finding)	298181000	Range of joint movement increased (finding)
rapid atrial fibrillation (disorder)	314208002	Rapid atrial fibrillation (disorder)
rapid eye movement sleep behavior disorder (disorder)	415238003	Rapid eye movement sleep behavior disorder (disorder)
raynaud's disease (disorder)	195295006	Raynaud's disease (disorder)
raynaud's phenomenon (finding)	266261006	Raynaud's phenomenon (finding)
re-entrant atrioventricular node tachycardia (disorder)	233896004	Re-entrant atrioventricular node tachycardia (disorder)
reactive airways dysfunction syndrome (disorder)	371088008	Reactive airways dysfunction syndrome (disorder)
reactive depression (situational) (disorder)	87414006	Reactive depression (situational) (disorder)
reactive hypoglycemia (disorder)	317006	Reactive hypoglycemia (disorder)
reconstruction of anterior cruciate ligament of knee joint (procedure)	239431009	Reconstruction of anterior cruciate ligament of knee joint (procedure)
reconstruction of breast (procedure)	33496007	Reconstruction of breast (procedure)
reconstruction procedure (procedure)	122465003	Reconstruction procedure (procedure)
rectal abscess (disorder)	197166005	Rectal abscess (disorder)
rectal hemorrhage (disorder)	12063002	Rectal hemorrhage (disorder)
rectal mass (finding)	248523006	Rectal mass (finding)
rectal pain (finding)	77880009	Rectal pain (finding)
rectal polyp (disorder)	39772007	Rectal polyp (disorder)
rectal prolapse (disorder)	57773001	Rectal prolapse (disorder)
rectovaginal fistula (disorder)	65619001	Rectovaginal fistula (disorder)
recurrent acute otitis media (disorder)	194287004	Recurrent acute otitis media (disorder)
recurrent acute tonsillitis (disorder)	195677001	Recurrent acute tonsillitis (disorder)
recurrent bacterial infection (disorder)	428875002	Recurrent bacterial infection (disorder)
recurrent brief depressive disorder (disorder)	40568001	Recurrent brief depressive disorder (disorder)
recurrent bronchiectasis (disorder)	195984007	Recurrent bronchiectasis (disorder)
recurrent cholangitis (disorder)	10184002	Recurrent cholangitis (disorder)
recurrent cystitis (disorder)	197853008	Recurrent cystitis (disorder)
recurrent depression (disorder)	191616006	Recurrent depression (disorder)
recurrent dislocation of shoulder region (disorder)	30556007	Recurrent dislocation of shoulder region (disorder)
recurrent erosion of cornea (disorder)	2055003	Recurrent erosion of cornea (disorder)
recurrent falls (finding)	279992002	Recurrent falls (finding)
recurrent genital herpes simplex (disorder)	402894005	Recurrent genital herpes simplex (disorder)
recurrent herpes simplex (disorder)	37323009	Recurrent herpes simplex (disorder)
recurrent left inguinal hernia (disorder)	767678008	Recurrent left inguinal hernia (disorder)
recurrent major depression (disorder)	66344007	Recurrent major depression (disorder)
recurrent major depression in full remission (disorder)	46244001	Recurrent major depression in full remission (disorder)
recurrent major depression in partial remission (disorder)	33135002	Recurrent major depression in partial remission (disorder)
recurrent major depression in remission (disorder)	68019004	Recurrent major depression in remission (disorder)
recurrent major depressive episodes (disorder)	268621008	Recurrent major depressive episodes (disorder)
recurrent miscarriage (disorder)	102878001	Recurrent miscarriage (disorder)
recurrent pterygium (disorder)	73181007	Recurrent pterygium (disorder)
recurrent pulmonary embolism (disorder)	438773007	Recurrent pulmonary embolism (disorder)
recurrent pyogenic cholangitis (disorder)	65001009	Recurrent pyogenic cholangitis (disorder)
recurrent right inguinal hernia (disorder)	767679000	Recurrent right inguinal hernia (disorder)
recurrent sinusitis (disorder)	195788001	Recurrent sinusitis (disorder)
recurrent subluxation of the patella (disorder)	202248001	Recurrent subluxation of the patella (disorder)
recurrent ulcer of mouth (disorder)	723177002	Recurrent ulcer of mouth (disorder)
recurrent urinary tract infection (disorder)	197927001	Recurrent urinary tract infection (disorder)
red eye (finding)	703630003	Red eye (finding)
redness of throat (finding)	126662008	Redness of throat (finding)
reduced fetal movement (finding)	276369006	Reduced fetal movement (finding)
reduced libido (finding)	8357008	Reduced libido (finding)
reduced visual acuity (finding)	13164000	Reduced visual acuity (finding)
reduction mammoplasty (procedure)	59214008	Reduction mammoplasty (procedure)
reduction plasty of bilateral breasts (procedure)	265250008	Reduction plasty of bilateral breasts (procedure)
redundant prepuce (disorder)	39526006	Redundant prepuce (disorder)
redundant prepuce and phimosis (disorder)	266570005	Redundant prepuce and phimosis (disorder)
refractive amblyopia (disorder)	90927000	Refractive amblyopia (disorder)
refractory migraine with aura (disorder)	423683008	Refractory migraine with aura (disorder)
refractory migraine without aura (disorder)	423279000	Refractory migraine without aura (disorder)
regional ileocolitis (disorder)	196983007	Regional ileocolitis (disorder)
regional lymph node metastasis present (finding)	399374009	Regional lymph node metastasis present (finding)
regular astigmatism (disorder)	68905002	Regular astigmatism (disorder)
rehabilitation therapy (regime/therapy)	52052004	Rehabilitation therapy (regime/therapy)
rehabilitation therapy management (procedure)	410083007	Rehabilitation therapy management (procedure)
relapsing polychondritis (disorder)	72275000	Relapsing polychondritis (disorder)
relapsing remitting multiple sclerosis (disorder)	426373005	Relapsing remitting multiple sclerosis (disorder)
relationship counseling (procedure)	313085000	Relationship counseling (procedure)
relationship problem (finding)	160822004	Relationship problem (finding)
relaxation of pelvic floor (disorder)	444599008	Relaxation of pelvic floor (disorder)
release for de quervain's tenosynovitis of hand (procedure)	3713005	Release for de Quervain's tenosynovitis of hand (procedure)
removal of acoustic neuroma (procedure)	300009002	Removal of acoustic neuroma (procedure)
removal of bone screw from bone (procedure)	285663000	Removal of bone screw from bone (procedure)
removal of ear wax (procedure)	385904005	Removal of ear wax (procedure)
removal of foreign body (procedure)	10849003	Removal of foreign body (procedure)
removal of internal fixation device (procedure)	72010008	Removal of internal fixation device (procedure)
removal of intrauterine contraceptive device (procedure)	1263416007	Removal of intrauterine contraceptive device (procedure)
removal of ovarian cyst (procedure)	387740003	Removal of ovarian cyst (procedure)
removal of plate from bone (procedure)	285662005	Removal of plate from bone (procedure)
removal of staples (procedure)	35963001	Removal of staples (procedure)
removal of suture (procedure)	30549001	Removal of suture (procedure)
removal of ureteral stent (procedure)	178728009	Removal of ureteral stent (procedure)
renal artery occlusion (disorder)	236488005	Renal artery occlusion (disorder)
renal artery stenosis (disorder)	302233006	Renal artery stenosis (disorder)
renal colic (finding)	7093002	Renal colic (finding)
renal dialysis (procedure)	265764009	Renal dialysis (procedure)
renal disease in pregnancy and/or puerperium without hypertension (disorder)	75150001	Renal disease in pregnancy AND/OR puerperium without hypertension (disorder)
renal disorder due to type 1 diabetes mellitus (disorder)	421893009	Renal disorder due to type 1 diabetes mellitus (disorder)
renal disorder due to type 2 diabetes mellitus (disorder)	420279001	Renal disorder due to type 2 diabetes mellitus (disorder)
renal failure syndrome (disorder)	42399005	Renal failure syndrome (disorder)
renal function tests outside reference range (finding)	167180005	Renal function tests outside reference range (finding)
renal hypertension (disorder)	28119000	Renal hypertension (disorder)
renal impairment (disorder)	236423003	Renal impairment (disorder)
renal mass (finding)	309088003	Renal mass (finding)
renal osteodystrophy (disorder)	16726004	Renal osteodystrophy (disorder)
renal transplant rejection (disorder)	236570004	Renal transplant rejection (disorder)
renal tubular acidosis (disorder)	1776003	Renal tubular acidosis (disorder)
renewal of prescription (procedure)	103742009	Renewal of prescription (procedure)
renovascular hypertension (disorder)	123799005	Renovascular hypertension (disorder)
repair of aneurysm of abdominal aorta (procedure)	405525004	Repair of aneurysm of abdominal aorta (procedure)
repair of aneurysm of abdominal aorta with graft (procedure)	21574003	Repair of aneurysm of abdominal aorta with graft (procedure)
repair of aortic valve with tissue graft (procedure)	52247003	Repair of aortic valve with tissue graft (procedure)
repair of bilateral inguinal hernias (procedure)	177866001	Repair of bilateral inguinal hernias (procedure)
repair of coarctation of aorta (procedure)	274022008	Repair of coarctation of aorta (procedure)
repair of complete shoulder cuff avulsion, chronic (procedure)	12660003	Repair of complete shoulder cuff avulsion, chronic (procedure)
repair of inguinal hernia (procedure)	44558001	Repair of inguinal hernia (procedure)
repair of middle ear (procedure)	386556002	Repair of middle ear (procedure)
repair of musculotendinous cuff of shoulder (procedure)	56060000	Repair of musculotendinous cuff of shoulder (procedure)
repair of paraesophageal diaphragmatic hernia (procedure)	359908007	Repair of paraesophageal diaphragmatic hernia (procedure)
repair of reducible inguinal hernia (procedure)	429653007	Repair of reducible inguinal hernia (procedure)
repair of retina for retinal detachment (procedure)	8920006	Repair of retina for retinal detachment (procedure)
repair of rotator cuff by suture (procedure)	61774002	Repair of rotator cuff by suture (procedure)
repair of ruptured supraspinatus tendon, acute (procedure)	59213002	Repair of ruptured supraspinatus tendon, acute (procedure)
repair of ruptured supraspinatus tendon, chronic (procedure)	66692001	Repair of ruptured supraspinatus tendon, chronic (procedure)
repair of sliding inguinal hernia (procedure)	56062008	Repair of sliding inguinal hernia (procedure)
repair of tricuspid valve (procedure)	384643000	Repair of tricuspid valve (procedure)
repair of umbilical hernia (procedure)	44946007	Repair of umbilical hernia (procedure)
repair of ventral hernia (procedure)	238192002	Repair of ventral hernia (procedure)
repeat prescription card duplicate issue (finding)	184238003	Repeat prescription card duplicate issue (finding)
repetitive motion disorder (disorder)	788465007	Repetitive motion disorder (disorder)
replacement of aortic valve (procedure)	26212005	Replacement of aortic valve (procedure)
replacement of aortic valve with mechanical valve prosthesis (procedure)	174929002	Replacement of aortic valve with mechanical valve prosthesis (procedure)
replacement of contraceptive intrauterine device (procedure)	46706006	Replacement of contraceptive intrauterine device (procedure)
replacement of heart valve (procedure)	34068001	Replacement of heart valve (procedure)
replacement of heart valve with prosthesis (procedure)	307279007	Replacement of heart valve with prosthesis (procedure)
replacement of mitral valve (procedure)	53059001	Replacement of mitral valve (procedure)
replacement of mitral valve with tissue graft (procedure)	50216001	Replacement of mitral valve with tissue graft (procedure)
replacement of pulmonary valve with biological valve prosthesis (procedure)	308665009	Replacement of pulmonary valve with biological valve prosthesis (procedure)
replacement of tricuspid valve with biologic valve prosthesis (procedure)	55253009	Replacement of tricuspid valve with biologic valve prosthesis (procedure)
replacing dentures (regime/therapy)	225100009	Replacing dentures (regime/therapy)
reprogramming of cardiac pacemaker (procedure)	233185009	Reprogramming of cardiac pacemaker (procedure)
requires a meningitis vaccination (finding)	170544002	Requires a meningitis vaccination (finding)
requires a tetanus booster (finding)	170537006	Requires a tetanus booster (finding)
requires polio vaccination (finding)	170539009	Requires polio vaccination (finding)
requires vaccination (finding)	723620004	Requires vaccination (finding)
residual cognitive deficit as late effect of cerebrovascular accident (disorder)	442212003	Residual cognitive deficit as late effect of cerebrovascular accident (disorder)
residual foreign body in soft tissue (disorder)	6058003	Residual foreign body in soft tissue (disorder)
residual schizophrenia (disorder)	26025008	Residual schizophrenia (disorder)
respiratory arrest (disorder)	87317003	Respiratory arrest (disorder)
respiratory crackles (finding)	48409008	Respiratory crackles (finding)
respiratory disease screening (procedure)	171228002	Respiratory disease screening (procedure)
respiratory distress (finding)	271825005	Respiratory distress (finding)
respiratory distress syndrome in the newborn (disorder)	46775006	Respiratory distress syndrome in the newborn (disorder)
respiratory failure (disorder)	409622000	Respiratory failure (disorder)
respiratory insufficiency (disorder)	409623005	Respiratory insufficiency (disorder)
respiratory obstruction (disorder)	79688008	Respiratory obstruction (disorder)
respiratory syncytial virus infection (disorder)	55735004	Respiratory syncytial virus infection (disorder)
respiratory tract infection (disorder)	275498002	Respiratory tract infection (disorder)
resting tremor (finding)	25082004	Resting tremor (finding)
restless legs syndrome (disorder)	32914008	Restless legs syndrome (disorder)
restrictive cardiomyopathy (disorder)	415295002	Restrictive cardiomyopathy (disorder)
restrictive cardiomyopathy secondary to infiltrations (disorder)	15544002	Restrictive cardiomyopathy secondary to infiltrations (disorder)
restrictive lung disease (disorder)	36485005	Restrictive lung disease (disorder)
retained dental root (disorder)	66569006	Retained dental root (disorder)
retained foreign body in eye (disorder)	82576008	Retained foreign body in eye (disorder)
retained placenta (disorder)	109894007	Retained placenta (disorder)
retained products after miscarriage (disorder)	275425008	Retained products after miscarriage (disorder)
retained products of conception, following delivery with hemorrhage (disorder)	44216000	Retained products of conception, following delivery with hemorrhage (disorder)
retention of urine (disorder)	267064002	Retention of urine (disorder)
reticulosarcoma (disorder)	373168002	Reticulosarcoma (disorder)
retinal deposits (disorder)	95689000	Retinal deposits (disorder)
retinal detachment (disorder)	42059000	Retinal detachment (disorder)
retinal disorder (disorder)	29555009	Retinal disorder (disorder)
retinal drusen (finding)	247153005	Retinal drusen (finding)
retinal edema (disorder)	6141006	Retinal edema (disorder)
retinal hemorrhage (disorder)	28998008	Retinal hemorrhage (disorder)
retinal lattice degeneration (disorder)	3577000	Retinal lattice degeneration (disorder)
retinal neovascularization (disorder)	61267008	Retinal neovascularization (disorder)
retinal scar (disorder)	66485003	Retinal scar (disorder)
retinal tear (disorder)	95690009	Retinal tear (disorder)
retinal vascular disorder (disorder)	57534004	Retinal vascular disorder (disorder)
retinitis pigmentosa (disorder)	28835009	Retinitis pigmentosa (disorder)
retinopathy due to diabetes mellitus (disorder)	4855003	Retinopathy due to diabetes mellitus (disorder)
retinopathy of prematurity (disorder)	415297005	Retinopathy of prematurity (disorder)
retinoschisis (disorder)	44268007	Retinoschisis (disorder)
retractile testis (disorder)	21779006	Retractile testis (disorder)
retraction of stoma (disorder)	236117001	Retraction of stoma (disorder)
retroperitoneal fibrosis (disorder)	49120005	Retroperitoneal fibrosis (disorder)
retroperitoneal lymphadenopathy (disorder)	127154008	Retroperitoneal lymphadenopathy (disorder)
retrosternal pain (finding)	4568003	Retrosternal pain (finding)
reversible ischemic neurologic deficit syndrome (disorder)	36179005	Reversible ischemic neurologic deficit syndrome (disorder)
review of medication (procedure)	182836005	Review of medication (procedure)
rhabdomyolysis (disorder)	240131006	Rhabdomyolysis (disorder)
rhabdomyosarcoma (disorder)	302847003	Rhabdomyosarcoma (disorder)
rhd negative (finding)	165746003	RhD negative (finding)
rhegmatogenous retinal detachment (disorder)	19620000	Rhegmatogenous retinal detachment (disorder)
rhesus isoimmunization affecting pregnancy (disorder)	44795003	Rhesus isoimmunization affecting pregnancy (disorder)
rheumatic aortic regurgitation (disorder)	78031003	Rheumatic aortic regurgitation (disorder)
rheumatic aortic stenosis (disorder)	72011007	Rheumatic aortic stenosis (disorder)
rheumatic aortic stenosis with regurgitation (disorder)	17759006	Rheumatic aortic stenosis with regurgitation (disorder)
rheumatic disease of tricuspid valve (disorder)	49699002	Rheumatic disease of tricuspid valve (disorder)
rheumatic fever (disorder)	58718002	Rheumatic fever (disorder)
rheumatic heart disease (disorder)	23685000	Rheumatic heart disease (disorder)
rheumatic mitral regurgitation (disorder)	31085000	Rheumatic mitral regurgitation (disorder)
rheumatic mitral stenosis (disorder)	86466006	Rheumatic mitral stenosis (disorder)
rheumatic mitral stenosis with regurgitation (disorder)	787001	Rheumatic mitral stenosis with regurgitation (disorder)
rheumatic tricuspid valve regurgitation (disorder)	67696008	Rheumatic tricuspid valve regurgitation (disorder)
rheumatoid arthritis (disorder)	69896004	Rheumatoid arthritis (disorder)
rheumatoid arthritis of foot (disorder)	429192004	Rheumatoid arthritis of foot (disorder)
rheumatoid arthritis of hand joint (disorder)	287007001	Rheumatoid arthritis of hand joint (disorder)
rheumatoid arthritis with arteritis (disorder)	399923009	Rheumatoid arthritis with arteritis (disorder)
rheumatoid factor detected (finding)	165839004	Rheumatoid factor detected (finding)
rhinitis (disorder)	70076002	Rhinitis (disorder)
rhinitis medicamentosa (disorder)	95239003	Rhinitis medicamentosa (disorder)
rhinophyma (disorder)	19877001	Rhinophyma (disorder)
rib pain (finding)	297217002	Rib pain (finding)
rickets (disorder)	41345002	Rickets (disorder)
right bundle branch block (disorder)	59118001	Right bundle branch block (disorder)
right femoral hernia (disorder)	15971181000119105	Right femoral hernia (disorder)
right inguinal hernia (disorder)	236021006	Right inguinal hernia (disorder)
right lower quadrant pain (finding)	301754002	Right lower quadrant pain (finding)
right lower zone pneumonia (disorder)	301001009	Right lower zone pneumonia (disorder)
right upper quadrant pain (finding)	301717006	Right upper quadrant pain (finding)
right ventricular failure (disorder)	367363000	Right ventricular failure (disorder)
rosacea (disorder)	398909004	Rosacea (disorder)
rotator cuff impingement syndrome (disorder)	359532006	Rotator cuff impingement syndrome (disorder)
rotator cuff tear arthropathy (disorder)	415352004	Rotator cuff tear arthropathy (disorder)
round hole of retina without detachment (disorder)	51226000	Round hole of retina without detachment (disorder)
routine antenatal care (regime/therapy)	134435003	Routine antenatal care (regime/therapy)
roux-en-y gastrojejunostomy (procedure)	173747005	Roux-en-Y gastrojejunostomy (procedure)
rubella non-immune (finding)	302764009	Rubella non-immune (finding)
rubella status not known (finding)	169696001	Rubella status not known (finding)
rubeosis iridis (disorder)	51995000	Rubeosis iridis (disorder)
rumination disorder (disorder)	37941009	Rumination disorder (disorder)
rupture of achilles tendon (disorder)	429513001	Rupture of Achilles tendon (disorder)
rupture of anterior cruciate ligament (disorder)	239725005	Rupture of anterior cruciate ligament (disorder)
rupture of eye with partial loss of intraocular tissue (disorder)	23293006	Rupture of eye with partial loss of intraocular tissue (disorder)
rupture of globe (disorder)	231791008	Rupture of globe (disorder)
rupture of medial collateral ligament of knee (disorder)	239729004	Rupture of medial collateral ligament of knee (disorder)
rupture of muscle (disorder)	262966007	Rupture of muscle (disorder)
rupture of posterior cruciate ligament (disorder)	239727002	Rupture of posterior cruciate ligament (disorder)
rupture of rotator cuff of shoulder (disorder)	926335004	Rupture of rotator cuff of shoulder (disorder)
rupture of tendon of biceps (disorder)	428883008	Rupture of tendon of biceps (disorder)
ruptured abdominal aortic aneurysm (disorder)	14336007	Ruptured abdominal aortic aneurysm (disorder)
ruptured achilles tendon - traumatic (disorder)	275335003	Ruptured Achilles tendon - traumatic (disorder)
ruptured cerebral aneurysm (disorder)	233983001	Ruptured cerebral aneurysm (disorder)
ruptured cyst of ovary (disorder)	95598005	Ruptured cyst of ovary (disorder)
ruptured ectopic pregnancy (disorder)	17433009	Ruptured ectopic pregnancy (disorder)
sacral dimple (finding)	311897005	Sacral dimple (finding)
sacroiliac disorder (disorder)	202805003	Sacroiliac disorder (disorder)
sacroiliac instability (finding)	29885006	Sacroiliac instability (finding)
saint louis encephalitis virus infection (disorder)	417192005	Saint Louis encephalitis virus infection (disorder)
salmonella food poisoning (disorder)	302229004	Salmonella food poisoning (disorder)
salpingo-oophorectomy (procedure)	116028008	Salpingo-oophorectomy (procedure)
sampling of cervix for papanicolaou smear done (situation)	767357000	Sampling of cervix for Papanicolaou smear done (situation)
sarcoidosis (disorder)	31541009	Sarcoidosis (disorder)
sarcoma (disorder)	424413001	Sarcoma (disorder)
sarcoma of head and/or neck (disorder)	423812005	Sarcoma of head and/or neck (disorder)
sarcoma, metastatic (morphologic abnormality)	372152003	Sarcoma, metastatic (morphologic abnormality)
scalding pain on urination (finding)	58250006	Scalding pain on urination (finding)
scalp laceration (disorder)	274166008	Scalp laceration (disorder)
scapulalgia (finding)	20793008	Scapulalgia (finding)
scar (disorder)	275322007	Scar (disorder)
scar of face (disorder)	447071003	Scar of face (disorder)
scar of skin (disorder)	70582006	Scar of skin (disorder)
scarlet fever (disorder)	30242009	Scarlet fever (disorder)
scarred macula (disorder)	18410006	Scarred macula (disorder)
schizoaffective disorder (disorder)	68890003	Schizoaffective disorder (disorder)
schizoaffective disorder, depressive type (disorder)	84760002	Schizoaffective disorder, depressive type (disorder)
schizoaffective disorder, manic type (disorder)	271428004	Schizoaffective disorder, manic type (disorder)
schizoaffective schizophrenia in remission (disorder)	191574005	Schizoaffective schizophrenia in remission (disorder)
schizophrenia (disorder)	58214004	Schizophrenia (disorder)
school admission medical examination (procedure)	171387006	School admission medical examination (procedure)
schwannoma (disorder)	189948006	Schwannoma (disorder)
sciatic nerve palsy (disorder)	247390002	Sciatic nerve palsy (disorder)
sciatic neuropathy (disorder)	52585001	Sciatic neuropathy (disorder)
sciatica (disorder)	23056005	Sciatica (disorder)
scleral buckling (procedure)	26786002	Scleral buckling (procedure)
scleritis (disorder)	78370002	Scleritis (disorder)
sclerosing cholangitis (disorder)	235917005	Sclerosing cholangitis (disorder)
scoliosis deformity of spine (disorder)	298382003	Scoliosis deformity of spine (disorder)
scoliosis of lumbar spine (disorder)	298591003	Scoliosis of lumbar spine (disorder)
scoliosis of thoracic spine (disorder)	298494008	Scoliosis of thoracic spine (disorder)
screening colonoscopy (procedure)	444783004	Screening colonoscopy (procedure)
screening for cardiovascular system disease (procedure)	300007000	Screening for cardiovascular system disease (procedure)
screening for disorder (procedure)	312851005	Screening for disorder (procedure)
screening for harmful pattern of substance use (procedure)	370854007	Screening for harmful pattern of substance use (procedure)
screening for malignant neoplasm of breast (procedure)	268547008	Screening for malignant neoplasm of breast (procedure)
screening for malignant neoplasm of cervix (procedure)	171149006	Screening for malignant neoplasm of cervix (procedure)
screening for malignant neoplasm of colon (procedure)	275978004	Screening for malignant neoplasm of colon (procedure)
screening for malignant neoplasm of prostate (procedure)	444822002	Screening for malignant neoplasm of prostate (procedure)
screening for malignant neoplasm of rectum (procedure)	275979007	Screening for malignant neoplasm of rectum (procedure)
screening for malignant neoplasm of skin (procedure)	444638005	Screening for malignant neoplasm of skin (procedure)
screening for malignant neoplastic disease (procedure)	15886004	Screening for malignant neoplastic disease (procedure)
screening for osteoporosis (procedure)	300004007	Screening for osteoporosis (procedure)
screening mammography (procedure)	24623002	Screening mammography (procedure)
screening procedure (procedure)	20135006	Screening procedure (procedure)
seasonal affective disorder (disorder)	247803002	Seasonal affective disorder (disorder)
seasonal allergic conjunctivitis (disorder)	231855007	Seasonal allergic conjunctivitis (disorder)
seasonal allergic rhinitis (disorder)	367498001	Seasonal allergic rhinitis (disorder)
sebaceous hyperplasia (finding)	238748009	Sebaceous hyperplasia (finding)
seborrheic blepharitis (disorder)	231797007	Seborrheic blepharitis (disorder)
seborrheic dermatitis (disorder)	50563003	Seborrheic dermatitis (disorder)
seborrheic dermatitis of scalp (disorder)	156329007	Seborrheic dermatitis of scalp (disorder)
second degree perineal laceration (disorder)	6234006	Second degree perineal laceration (disorder)
second degree uterine prolapse (disorder)	9283009	Second degree uterine prolapse (disorder)
secondary adhesive capsulitis (disorder)	430474001	Secondary adhesive capsulitis (disorder)
secondary benign hypertension (disorder)	194785008	Secondary benign hypertension (disorder)
secondary cataract (disorder)	766834007	Secondary cataract (disorder)
secondary erectile dysfunction (disorder)	473021009	Secondary erectile dysfunction (disorder)
secondary female infertility (disorder)	30238006	Secondary female infertility (disorder)
secondary glaucoma (disorder)	95717004	Secondary glaucoma (disorder)
secondary hemorrhage postprocedure (disorder)	308896002	Secondary hemorrhage postprocedure (disorder)
secondary hyperparathyroidism (disorder)	91478007	Secondary hyperparathyroidism (disorder)
secondary hypertension (disorder)	31992008	Secondary hypertension (disorder)
secondary hypothyroidism (disorder)	82598004	Secondary hypothyroidism (disorder)
secondary inflammatory arthritis (disorder)	239821006	Secondary inflammatory arthritis (disorder)
secondary parkinsonism (disorder)	230292008	Secondary parkinsonism (disorder)
secondary peripheral neuropathy (disorder)	385006	Secondary peripheral neuropathy (disorder)
secondary physiologic amenorrhea (finding)	86030004	Secondary physiologic amenorrhea (finding)
secondary polycythemia (disorder)	44865000	Secondary polycythemia (disorder)
secondary progressive multiple sclerosis (disorder)	425500002	Secondary progressive multiple sclerosis (disorder)
secondary pulmonary hypertension (disorder)	88223008	Secondary pulmonary hypertension (disorder)
sedative dependence (disorder)	427327003	Sedative dependence (disorder)
seen by pediatrician (finding)	305647009	Seen by pediatrician (finding)
seizure (finding)	91175000	Seizure (finding)
seizure disorder (disorder)	128613002	Seizure disorder (disorder)
self inflicted injury (disorder)	276853009	Self inflicted injury (disorder)
self poisoning caused by carbon monoxide (disorder)	242840004	Self poisoning caused by carbon monoxide (disorder)
self-injurious behavior (finding)	248062006	Self-injurious behavior (finding)
semimembranosus bursitis (disorder)	240004005	Semimembranosus bursitis (disorder)
seminoma (disorder)	443675005	Seminoma (disorder)
senile angioma (disorder)	5050001	Senile angioma (disorder)
senile cataract (disorder)	39450006	Senile cataract (disorder)
senile dementia (disorder)	15662003	Senile dementia (disorder)
senile dementia with delirium (disorder)	191461002	Senile dementia with delirium (disorder)
senile entropion (disorder)	55408009	Senile entropion (disorder)
senile hyperkeratosis (disorder)	398838000	Senile hyperkeratosis (disorder)
senile osteopenia (disorder)	37605006	Senile osteopenia (disorder)
senile osteoporosis (disorder)	18040001	Senile osteoporosis (disorder)
sensorineural hearing loss (disorder)	60700002	Sensorineural hearing loss (disorder)
sensorineural hearing loss of bilateral ears (disorder)	194424005	Sensorineural hearing loss of bilateral ears (disorder)
sensorineural hearing loss of combined sites (disorder)	65680009	Sensorineural hearing loss of combined sites (disorder)
sensory ataxia (finding)	445458007	Sensory ataxia (finding)
sensory hearing loss (disorder)	85571008	Sensory hearing loss (disorder)
sensory neuropathy (disorder)	95662005	Sensory neuropathy (disorder)
separation anxiety (disorder)	126943008	Separation anxiety (disorder)
sepsis (disorder)	91302008	Sepsis (disorder)
sepsis caused by coagulase negative staphylococcus (disorder)	449505005	Sepsis caused by coagulase negative Staphylococcus (disorder)
sepsis caused by escherichia coli (disorder)	447899008	Sepsis caused by Escherichia coli (disorder)
sepsis caused by gram negative bacteria (disorder)	449082003	Sepsis caused by Gram negative bacteria (disorder)
sepsis caused by staphylococcus (disorder)	447894003	Sepsis caused by Staphylococcus (disorder)
sepsis caused by staphylococcus aureus (disorder)	448417001	Sepsis caused by Staphylococcus aureus (disorder)
sepsis caused by streptococcus (disorder)	448418006	Sepsis caused by Streptococcus (disorder)
sepsis due to urinary tract infection (disorder)	721104000	Sepsis due to urinary tract infection (disorder)
septic shock (disorder)	76571007	Septic shock (disorder)
sequela of infection caused by human poliovirus (disorder)	110270004	Sequela of infection caused by Human poliovirus (disorder)
sequela of intracranial injury (disorder)	17461000119103	Sequela of intracranial injury (disorder)
seroma (morphologic abnormality)	56021002	Seroma (morphologic abnormality)
seronegative rheumatoid arthritis (disorder)	239792003	Seronegative rheumatoid arthritis (disorder)
seropositive rheumatoid arthritis (disorder)	239791005	Seropositive rheumatoid arthritis (disorder)
serous detachment of retinal pigment epithelium (disorder)	52002008	Serous detachment of retinal pigment epithelium (disorder)
serous otitis media (disorder)	80327007	Serous otitis media (disorder)
serum calcium level above reference range (finding)	166702002	Serum calcium level above reference range (finding)
serum cholesterol above reference range (finding)	166830008	Serum cholesterol above reference range (finding)
serum cholesterol within reference range (finding)	166828006	Serum cholesterol within reference range (finding)
serum creatinine above reference range (finding)	166717003	Serum creatinine above reference range (finding)
serum ferritin above reference range (finding)	390943009	Serum ferritin above reference range (finding)
serum iron above reference range (finding)	165624002	Serum iron above reference range (finding)
severe adrenal insufficiency (disorder)	24867002	Severe adrenal insufficiency (disorder)
severe chronic obstructive pulmonary disease (disorder)	313299006	Severe chronic obstructive pulmonary disease (disorder)
severe depressed bipolar i disorder with psychotic features (disorder)	59617007	Severe depressed bipolar I disorder with psychotic features (disorder)
severe depressed bipolar i disorder without psychotic features (disorder)	61403008	Severe depressed bipolar I disorder without psychotic features (disorder)
severe intellectual disability (disorder)	40700009	Severe intellectual disability (disorder)
severe major depression with psychotic features (disorder)	73867007	Severe major depression with psychotic features (disorder)
severe major depression without psychotic features (disorder)	75084000	Severe major depression without psychotic features (disorder)
severe major depression, single episode, with psychotic features (disorder)	430852001	Severe major depression, single episode, with psychotic features (disorder)
severe major depression, single episode, without psychotic features (disorder)	76441001	Severe major depression, single episode, without psychotic features (disorder)
severe manic bipolar i disorder with psychotic features (disorder)	28663008	Severe manic bipolar I disorder with psychotic features (disorder)
severe mixed bipolar i disorder with psychotic features (disorder)	10981006	Severe mixed bipolar I disorder with psychotic features (disorder)
severe mixed bipolar i disorder without psychotic features (disorder)	46229002	Severe mixed bipolar I disorder without psychotic features (disorder)
severe nonproliferative retinopathy due to diabetes mellitus (disorder)	312905005	Severe nonproliferative retinopathy due to diabetes mellitus (disorder)
severe nonproliferative retinopathy with clinically significant macular edema due to diabetes mellitus (disorder)	399872003	Severe nonproliferative retinopathy with clinically significant macular edema due to diabetes mellitus (disorder)
severe persistent asthma (disorder)	426656000	Severe persistent asthma (disorder)
severe pre-eclampsia (disorder)	46764007	Severe pre-eclampsia (disorder)
severe recurrent major depression with psychotic features (disorder)	28475009	Severe recurrent major depression with psychotic features (disorder)
severe recurrent major depression without psychotic features (disorder)	36474008	Severe recurrent major depression without psychotic features (disorder)
severe visual impairment (disorder)	397541004	Severe visual impairment (disorder)
sexual abuse (event)	213017001	Sexual abuse (event)
sexual assault (event)	248110007	Sexual assault (event)
sexually assaultive behavior (finding)	786919007	Sexually assaultive behavior (finding)
sexually transmitted infectious disease (disorder)	8098009	Sexually transmitted infectious disease (disorder)
shadow of lung (finding)	274714007	Shadow of lung (finding)
shock (disorder)	27942005	Shock (disorder)
short bowel syndrome (disorder)	26629001	Short bowel syndrome (disorder)
short stature disorder (disorder)	237836003	Short stature disorder (disorder)
short-sleeper (finding)	192007009	Short-sleeper (finding)
shoulder girdle dystocia (disorder)	89700002	Shoulder girdle dystocia (disorder)
shoulder joint deformity (finding)	298772001	Shoulder joint deformity (finding)
shoulder joint unstable (finding)	298854003	Shoulder joint unstable (finding)
shoulder stiff (finding)	249918006	Shoulder stiff (finding)
shoulder strain (disorder)	275334004	Shoulder strain (disorder)
sialoadenitis (disorder)	42982001	Sialoadenitis (disorder)
sick sinus syndrome (disorder)	36083008	Sick sinus syndrome (disorder)
sickle cell trait (disorder)	16402000	Sickle cell trait (disorder)
sickling disorder due to hemoglobin s (disorder)	417357006	Sickling disorder due to hemoglobin S (disorder)
sigmoid volvulus (disorder)	197060001	Sigmoid volvulus (disorder)
sigmoidoscopy (procedure)	24420007	Sigmoidoscopy (procedure)
simple chronic bronchitis (disorder)	61937009	Simple chronic bronchitis (disorder)
simple goiter (disorder)	267369002	Simple goiter (disorder)
simple ligature of hemorrhoid (procedure)	84282008	Simple ligature of hemorrhoid (procedure)
simple obesity (disorder)	415530009	Simple obesity (disorder)
simple phobia (disorder)	54587008	Simple phobia (disorder)
simple renal cyst (disorder)	77945009	Simple renal cyst (disorder)
simple schizophrenia (disorder)	191527001	Simple schizophrenia (disorder)
single episode of major depression in full remission (disorder)	19527009	Single episode of major depression in full remission (disorder)
single live birth from singleton pregnancy (finding)	169826009	Single live birth from singleton pregnancy (finding)
single liveborn born in hospital by cesarean section (situation)	442423001	Single liveborn born in hospital by cesarean section (situation)
single major depressive episode, severe, with psychosis (disorder)	191604000	Single major depressive episode, severe, with psychosis (disorder)
single umbilical artery (disorder)	204470001	Single umbilical artery (disorder)
sinus bradycardia (disorder)	49710005	Sinus bradycardia (disorder)
sinus headache (finding)	4969004	Sinus headache (finding)
sinus node dysfunction (disorder)	60423000	Sinus node dysfunction (disorder)
sinus tachycardia (finding)	11092001	Sinus tachycardia (finding)
sinusitis (disorder)	36971009	Sinusitis (disorder)
sjã¶gren's syndrome (disorder)	83901003	SjÃ¶gren's syndrome (disorder)
skew deviation (disorder)	40631009	Skew deviation (disorder)
skin disease screening (procedure)	171237002	Skin disease screening (procedure)
skin irritation (finding)	367466007	Skin irritation (finding)
skin lesion (disorder)	95324001	Skin lesion (disorder)
skin necrosis (disorder)	95347000	Skin necrosis (disorder)
skin nodule (disorder)	95319004	Skin nodule (disorder)
skin sensation disturbance (finding)	80910005	Skin sensation disturbance (finding)
skin tag (disorder)	201091002	Skin tag (disorder)
skin ulcer (disorder)	46742003	Skin ulcer (disorder)
skin ulcer of calf (disorder)	300984006	Skin ulcer of calf (disorder)
sleep apnea (disorder)	73430006	Sleep apnea (disorder)
sleep apnea assessment (procedure)	103750000	Sleep apnea assessment (procedure)
sleep disorder (disorder)	39898005	Sleep disorder (disorder)
sleep hypoventilation (disorder)	443760008	Sleep hypoventilation (disorder)
sleep terror disorder (disorder)	89675003	Sleep terror disorder (disorder)
sleep walking disorder (disorder)	80495009	Sleep walking disorder (disorder)
sleep-wake schedule disorder, delayed phase type (disorder)	80623000	Sleep-wake schedule disorder, delayed phase type (disorder)
sliding hiatus hernia (disorder)	236053002	Sliding hiatus hernia (disorder)
slipped upper femoral epiphysis (disorder)	26460006	Slipped upper femoral epiphysis (disorder)
slow transit constipation (disorder)	35298007	Slow transit constipation (disorder)
slowing of urinary stream (finding)	84471002	Slowing of urinary stream (finding)
small bowel obstruction (disorder)	281255004	Small bowel obstruction (disorder)
small cell carcinoma of lung (disorder)	254632001	Small cell carcinoma of lung (disorder)
small intestinal gangrene (disorder)	235849009	Small intestinal gangrene (disorder)
small intestine excision (procedure)	107938000	Small intestine excision (procedure)
smells of urine (finding)	67162002	Smells of urine (finding)
smoke inhalation injury (disorder)	426936004	Smoke inhalation injury (disorder)
smoker (finding)	77176002	Smoker (finding)
smoking cessation education (procedure)	225323000	Smoking cessation education (procedure)
snake bite (event)	238456006	Snake bite (event)
snapping thumb syndrome (disorder)	42786005	Snapping thumb syndrome (disorder)
snoring (finding)	72863001	Snoring (finding)
social phobia (disorder)	25501002	Social phobia (disorder)
sodium retention (disorder)	771113001	Sodium retention (disorder)
soft tissue infection (disorder)	95880003	Soft tissue infection (disorder)
soft tissue swelling (finding)	298349001	Soft tissue swelling (finding)
solar degeneration (disorder)	43982006	Solar degeneration (disorder)
solar erythema (disorder)	403194002	Solar erythema (disorder)
solar lentigo (disorder)	72100002	Solar lentigo (disorder)
solitary nodule of lung (finding)	427359005	Solitary nodule of lung (finding)
somatization disorder (disorder)	397923000	Somatization disorder (disorder)
sore throat (finding)	267102003	Sore throat (finding)
spasm (finding)	45352006	Spasm (finding)
spasm of back muscles (finding)	203095000	Spasm of back muscles (finding)
spasm of urinary bladder (finding)	249297006	Spasm of urinary bladder (finding)
spasmodic torticollis (disorder)	74333002	Spasmodic torticollis (disorder)
spastic cerebral palsy (disorder)	230773005	Spastic cerebral palsy (disorder)
spastic dysphonia (disorder)	29003001	Spastic dysphonia (disorder)
spastic neurogenic urinary bladder (finding)	425596001	Spastic neurogenic urinary bladder (finding)
spastic paraparesis (finding)	312444006	Spastic paraparesis (finding)
spasticity (finding)	221360009	Spasticity (finding)
special observation (regime/therapy)	225307000	Special observation (regime/therapy)
specialized medical examination (procedure)	79206001	Specialized medical examination (procedure)
speech and language disorder (disorder)	231543005	Speech and language disorder (disorder)
speech delay (disorder)	229721007	Speech delay (disorder)
speech problem (finding)	267095009	Speech problem (finding)
spermatocele (disorder)	49263001	Spermatocele (disorder)
spider bite wound (disorder)	403149008	Spider bite wound (disorder)
spider nevus (disorder)	195382003	Spider nevus (disorder)
spina bifida (disorder)	67531005	Spina bifida (disorder)
spina bifida of lumbar region (disorder)	77224008	Spina bifida of lumbar region (disorder)
spinal arthrodesis (procedure)	55705006	Spinal arthrodesis (procedure)
spinal cord compression (disorder)	71286001	Spinal cord compression (disorder)
spinal cord disorder (disorder)	48522003	Spinal cord disorder (disorder)
spinal cord injury (disorder)	90584004	Spinal cord injury (disorder)
spinal stenosis (disorder)	76107001	Spinal stenosis (disorder)
spinal stenosis in cervical region (disorder)	83561009	Spinal stenosis in cervical region (disorder)
spinal stenosis of lumbar region (disorder)	18347007	Spinal stenosis of lumbar region (disorder)
splenectomy (procedure)	234319005	Splenectomy (procedure)
splenomegaly (disorder)	16294009	Splenomegaly (disorder)
splinter foreign body (disorder)	443678007	Splinter foreign body (disorder)
splinter foreign body (morphologic abnormality)	426912003	Splinter foreign body (morphologic abnormality)
spondylolisthesis (disorder)	274152003	Spondylolisthesis (disorder)
spondylolisthesis l5/s1 level (disorder)	307138004	Spondylolisthesis L5/S1 level (disorder)
spondylolysis of cervical spine (disorder)	445018004	Spondylolysis of cervical spine (disorder)
spondylosis (disorder)	8847002	Spondylosis (disorder)
spontaneous pneumothorax (disorder)	80423007	Spontaneous pneumothorax (disorder)
spontaneous rupture of membranes (finding)	169734005	Spontaneous rupture of membranes (finding)
spontaneous tension pneumothorax (disorder)	196102003	Spontaneous tension pneumothorax (disorder)
sprain (morphologic abnormality)	384709000	Sprain (morphologic abnormality)
sprain of ankle (disorder)	44465007	Sprain of ankle (disorder)
sprain of elbow and forearm (disorder)	269134004	Sprain of elbow and forearm (disorder)
sprain of foot (disorder)	49388007	Sprain of foot (disorder)
sprain of hand (disorder)	87778004	Sprain of hand (disorder)
sprain of hip (disorder)	17883008	Sprain of hip (disorder)
sprain of interphalangeal joint of toe (disorder)	24864009	Sprain of interphalangeal joint of toe (disorder)
sprain of knee (disorder)	54888009	Sprain of knee (disorder)
sprain of ligament (disorder)	398878007	Sprain of ligament (disorder)
sprain of ligament of elbow (disorder)	263128001	Sprain of ligament of elbow (disorder)
sprain of ligament of finger (disorder)	263129009	Sprain of ligament of finger (disorder)
sprain of ligament of lower limb (disorder)	281599007	Sprain of ligament of lower limb (disorder)
sprain of ligament of lumbosacral joint (disorder)	209548004	Sprain of ligament of lumbosacral joint (disorder)
sprain of ligament of thumb (disorder)	263130004	Sprain of ligament of thumb (disorder)
sprain of ligament of upper limb (disorder)	123536004	Sprain of ligament of upper limb (disorder)
sprain of medial collateral ligament of knee (disorder)	81902001	Sprain of medial collateral ligament of knee (disorder)
sprain of sacroiliac region (disorder)	111653006	Sprain of sacroiliac region (disorder)
sprain of shoulder (disorder)	3199001	Sprain of shoulder (disorder)
sprain of spinal ligament (disorder)	281598004	Sprain of spinal ligament (disorder)
sprain of wrist (disorder)	70704007	Sprain of wrist (disorder)
sputum - symptom (finding)	248596009	Sputum - symptom (finding)
sputum retention (finding)	277357006	Sputum retention (finding)
squamous cell carcinoma (disorder)	402815007	Squamous cell carcinoma (disorder)
squamous cell carcinoma of auricle of ear (disorder)	423700001	Squamous cell carcinoma of auricle of ear (disorder)
squamous cell carcinoma of bronchus (disorder)	254622008	Squamous cell carcinoma of bronchus (disorder)
squamous cell carcinoma of chin (disorder)	422572002	Squamous cell carcinoma of chin (disorder)
squamous cell carcinoma of floor of mouth (disorder)	276954004	Squamous cell carcinoma of floor of mouth (disorder)
squamous cell carcinoma of hand (disorder)	403896003	Squamous cell carcinoma of hand (disorder)
squamous cell carcinoma of larynx (disorder)	405822008	Squamous cell carcinoma of larynx (disorder)
squamous cell carcinoma of lip (disorder)	255071008	Squamous cell carcinoma of lip (disorder)
squamous cell carcinoma of lung (disorder)	254634000	Squamous cell carcinoma of lung (disorder)
squamous cell carcinoma of mouth (disorder)	307502000	Squamous cell carcinoma of mouth (disorder)
squamous cell carcinoma of palate (disorder)	276962007	Squamous cell carcinoma of palate (disorder)
squamous cell carcinoma of scalp (disorder)	403891008	Squamous cell carcinoma of scalp (disorder)
squamous cell carcinoma of skin (disorder)	254651007	Squamous cell carcinoma of skin (disorder)
squamous cell carcinoma of skin of face (disorder)	403892001	Squamous cell carcinoma of skin of face (disorder)
squamous cell carcinoma of skin of lower extremity (disorder)	403898002	Squamous cell carcinoma of skin of lower extremity (disorder)
squamous cell carcinoma of skin of neck (disorder)	423284006	Squamous cell carcinoma of skin of neck (disorder)
squamous cell carcinoma of skin of trunk (disorder)	403899005	Squamous cell carcinoma of skin of trunk (disorder)
squamous cell carcinoma of tongue (disorder)	276952000	Squamous cell carcinoma of tongue (disorder)
stab wound (disorder)	425322008	Stab wound (disorder)
stable angina (disorder)	233819005	Stable angina (disorder)
staghorn calculus (disorder)	197794008	Staghorn calculus (disorder)
staphylococcal infectious disease (disorder)	56038003	Staphylococcal infectious disease (disorder)
staphylococcal pneumonia (disorder)	22754005	Staphylococcal pneumonia (disorder)
staring (finding)	103262002	Staring (finding)
stasis dermatitis (disorder)	35498005	Stasis dermatitis (disorder)
steatosis of liver (disorder)	197321007	Steatosis of liver (disorder)
steinert myotonic dystrophy syndrome (disorder)	77956009	Steinert myotonic dystrophy syndrome (disorder)
stem cell donor (person)	430792005	Stem cell donor (person)
stenosis of cervix (disorder)	83536006	Stenosis of cervix (disorder)
stenosis of lacrimal canaliculi (disorder)	81345003	Stenosis of lacrimal canaliculi (disorder)
stenosis of lacrimal punctum (disorder)	74783009	Stenosis of lacrimal punctum (disorder)
stenosis of nasolacrimal duct (disorder)	231841004	Stenosis of nasolacrimal duct (disorder)
stenosis of precerebral artery (disorder)	1055001	Stenosis of precerebral artery (disorder)
stenosis of trachea (disorder)	11296007	Stenosis of trachea (disorder)
stenosis of ureter (disorder)	95574003	Stenosis of ureter (disorder)
stenosis of urinary meatus (disorder)	197919005	Stenosis of urinary meatus (disorder)
stented coronary artery (finding)	386138005	Stented coronary artery (finding)
sterilization education (procedure)	268533009	Sterilization education (procedure)
steroid therapy (procedure)	297279009	Steroid therapy (procedure)
steroid-induced diabetes (disorder)	190447002	Steroid-induced diabetes (disorder)
steroid-induced myopathy (disorder)	26715006	Steroid-induced myopathy (disorder)
stevens-johnson syndrome (disorder)	73442001	Stevens-Johnson syndrome (disorder)
stiff neck (finding)	161882006	Stiff neck (finding)
stiff person spectrum disorder (disorder)	5217008	Stiff person spectrum disorder (disorder)
stimulus deprivation amblyopia (disorder)	193638002	Stimulus deprivation amblyopia (disorder)
stomatitis (disorder)	61170000	Stomatitis (disorder)
stopped smoking (finding)	160617001	Stopped smoking (finding)
strabismic amblyopia (disorder)	35600002	Strabismic amblyopia (disorder)
strabismus (disorder)	22066006	Strabismus (disorder)
strain of abdominal muscle (disorder)	285348005	Strain of abdominal muscle (disorder)
strain of back muscle (disorder)	262965006	Strain of back muscle (disorder)
strain of hamstring muscle (disorder)	481000119104	Strain of hamstring muscle (disorder)
strain of neck muscle (disorder)	360450007	Strain of neck muscle (disorder)
strain of rotator cuff of shoulder (disorder)	789758005	Strain of rotator cuff of shoulder (disorder)
strain of tendon of back (disorder)	262975009	Strain of tendon of back (disorder)
strain of tendon of foot and ankle (disorder)	281544003	Strain of tendon of foot and ankle (disorder)
strain of tendon of wrist (disorder)	722813003	Strain of tendon of wrist (disorder)
strain of trapezius muscle (disorder)	438505003	Strain of trapezius muscle (disorder)
streptococcal sore throat (disorder)	43878008	Streptococcal sore throat (disorder)
streptococcal tonsillitis (disorder)	41582007	Streptococcal tonsillitis (disorder)
streptococcus group b infection of the infant (disorder)	405633009	Streptococcus group B infection of the infant (disorder)
stress (finding)	73595000	Stress (finding)
stress fracture (disorder)	240197007	Stress fracture (disorder)
stress fracture (morphologic abnormality)	23382007	Stress fracture (morphologic abnormality)
stress fracture of tibia (disorder)	442205007	Stress fracture of tibia (disorder)
stricture of anastomosis of gastrointestinal tract (disorder)	236104004	Stricture of anastomosis of gastrointestinal tract (disorder)
stricture of anus (disorder)	69914001	Stricture of anus (disorder)
stricture of bile duct (disorder)	43797002	Stricture of bile duct (disorder)
stricture of esophagus (disorder)	63305008	Stricture of esophagus (disorder)
stricture of intestine (disorder)	56226004	Stricture of intestine (disorder)
stridor (finding)	70407001	Stridor (finding)
stripping of vein (procedure)	233456008	Stripping of vein (procedure)
struck by falling object (event)	71893005	Struck by falling object (event)
stuttering (finding)	39423001	Stuttering (finding)
subacromial bursitis (disorder)	40799003	Subacromial bursitis (disorder)
subacute bacterial endocarditis (disorder)	73774007	Subacute bacterial endocarditis (disorder)
subarachnoid hemorrhage due to traumatic injury (disorder)	262955000	Subarachnoid hemorrhage due to traumatic injury (disorder)
subarachnoid intracranial hemorrhage (disorder)	21454007	Subarachnoid intracranial hemorrhage (disorder)
subcapsular cataract (disorder)	95723009	Subcapsular cataract (disorder)
subclavian steal syndrome (disorder)	15258001	Subclavian steal syndrome (disorder)
subclinical hyperthyroidism (disorder)	427970008	Subclinical hyperthyroidism (disorder)
subclinical hypothyroidism (disorder)	54823002	Subclinical hypothyroidism (disorder)
subconjunctival hemorrhage (disorder)	78768009	Subconjunctival hemorrhage (disorder)
subcutaneous nodule (finding)	95325000	Subcutaneous nodule (finding)
subdeltoid bursitis (disorder)	78715003	Subdeltoid bursitis (disorder)
subdural intracranial hemorrhage (disorder)	35486000	Subdural intracranial hemorrhage (disorder)
subendocardial ischemia (disorder)	46109009	Subendocardial ischemia (disorder)
subglottic stenosis (disorder)	22668006	Subglottic stenosis (disorder)
subjective tinnitus (finding)	62452009	Subjective tinnitus (finding)
subluxation of lens (disorder)	65814009	Subluxation of lens (disorder)
subluxation of radial head (disorder)	417109008	Subluxation of radial head (disorder)
submandibular sialolithiasis (disorder)	196500001	Submandibular sialolithiasis (disorder)
submucous leiomyoma of uterus (disorder)	95279007	Submucous leiomyoma of uterus (disorder)
subsequent myocardial infarction (disorder)	194856005	Subsequent myocardial infarction (disorder)
subserous leiomyoma of uterus (disorder)	95280005	Subserous leiomyoma of uterus (disorder)
substance dependence (disorder)	1254812006	Substance dependence (disorder)
subtotal abdominal hysterectomy (procedure)	176795006	Subtotal abdominal hysterectomy (procedure)
subtotal gastrectomy (procedure)	49209004	Subtotal gastrectomy (procedure)
subtotal thyroidectomy (procedure)	30956003	Subtotal thyroidectomy (procedure)
subtrochanteric fracture of femur (disorder)	263229001	Subtrochanteric fracture of femur (disorder)
subungual hematoma of foot (disorder)	274203005	Subungual hematoma of foot (disorder)
sudden death (event)	26636000	Sudden death (event)
sudden hearing loss (disorder)	79471008	Sudden hearing loss (disorder)
suicidal thoughts (finding)	6471006	Suicidal thoughts (finding)
suicide (event)	44301001	Suicide (event)
suicide attempt (event)	82313006	Suicide attempt (event)
suicide attempt by inadequate means (event)	55554002	Suicide attempt by inadequate means (event)
suicide by drug overdose (event)	274228002	Suicide by drug overdose (event)
suicide by self-administered drug (event)	891003	Suicide by self-administered drug (event)
superficial injury of forearm (disorder)	283033008	Superficial injury of forearm (disorder)
superficial injury of wrist (disorder)	274192001	Superficial injury of wrist (disorder)
superficial laceration of foot (disorder)	370240005	Superficial laceration of foot (disorder)
superficial laceration of hand (disorder)	370244001	Superficial laceration of hand (disorder)
superficial thrombophlebitis (disorder)	2477008	Superficial thrombophlebitis (disorder)
superficial ulcer of skin (disorder)	93448009	Superficial ulcer of skin (disorder)
superficial vein thrombosis (disorder)	275517008	Superficial vein thrombosis (disorder)
superior mesenteric vein thrombosis (disorder)	197001004	Superior mesenteric vein thrombosis (disorder)
superior vena cava syndrome (disorder)	63363004	Superior vena cava syndrome (disorder)
supernumerary tooth (disorder)	367534004	Supernumerary tooth (disorder)
suprapubic cystostomy (procedure)	129252005	Suprapubic cystostomy (procedure)
suprapubic pain (finding)	162053006	Suprapubic pain (finding)
supraventricular arrhythmia (disorder)	72654001	Supraventricular arrhythmia (disorder)
supraventricular tachycardia (disorder)	6456007	Supraventricular tachycardia (disorder)
surgical biopsy of breast (procedure)	274331003	Surgical biopsy of breast (procedure)
surgical follow-up (finding)	183644000	Surgical follow-up (finding)
surgical procedure (procedure)	387713003	Surgical procedure (procedure)
suspected victim of child abuse (situation)	162596006	Suspected victim of child abuse (situation)
sustained ventricular tachycardia (disorder)	426525004	Sustained ventricular tachycardia (disorder)
suture granuloma (disorder)	66962008	Suture granuloma (disorder)
swallowed foreign body (disorder)	14448006	Swallowed foreign body (disorder)
swallowing painful (finding)	30233002	Swallowing painful (finding)
sweating (finding)	415690000	Sweating (finding)
swelling (finding)	65124004	Swelling (finding)
swelling of bilateral lower limbs (finding)	762898005	Swelling of bilateral lower limbs (finding)
swelling of eyelid (finding)	193967004	Swelling of eyelid (finding)
swelling of finger (finding)	299060006	Swelling of finger (finding)
swelling of first metatarsophalangeal joint of hallux (disorder)	415692008	Swelling of first metatarsophalangeal joint of hallux (disorder)
swelling of hand (finding)	299037003	Swelling of hand (finding)
swelling of limb (finding)	80068009	Swelling of limb (finding)
swelling of scrotum (finding)	271687003	Swelling of scrotum (finding)
swelling of upper arm (finding)	449619004	Swelling of upper arm (finding)
swollen abdomen (finding)	60728008	Swollen abdomen (finding)
symbolic dysfunction (finding)	271721006	Symbolic dysfunction (finding)
symptomatic dermographism (disorder)	402410006	Symptomatic dermographism (disorder)
symptomatic sinus bradycardia (disorder)	444605001	Symptomatic sinus bradycardia (disorder)
syncope (finding)	271594007	Syncope (finding)
syncope and collapse (finding)	309585006	Syncope and collapse (finding)
syndrome of inappropriate vasopressin secretion (disorder)	55004003	Syndrome of inappropriate vasopressin secretion (disorder)
syndrome of infant of diabetic mother (disorder)	21584002	Syndrome of infant of diabetic mother (disorder)
synovial cyst (disorder)	240205003	Synovial cyst (disorder)
synovial cyst of knee (disorder)	240008008	Synovial cyst of knee (disorder)
synovial sarcoma (disorder)	302851001	Synovial sarcoma (disorder)
synovitis (disorder)	416209007	Synovitis (disorder)
synovitis and tenosynovitis (disorder)	202900007	Synovitis and tenosynovitis (disorder)
synovitis and tenosynovitis of joint of knee (disorder)	1260437003	Synovitis and tenosynovitis of joint of knee (disorder)
synovitis of elbow (disorder)	239816008	Synovitis of elbow (disorder)
synovitis of knee (disorder)	239817004	Synovitis of knee (disorder)
syphilis (disorder)	76272004	Syphilis (disorder)
syphilis titer detected (finding)	165781001	Syphilis titer detected (finding)
syringomyelia (disorder)	111496009	Syringomyelia (disorder)
systemic lupus erythematosus (disorder)	55464009	Systemic lupus erythematosus (disorder)
systemic lupus erythematosus glomerulonephritis syndrome (disorder)	68815009	Systemic lupus erythematosus glomerulonephritis syndrome (disorder)
systemic mast cell disease (disorder)	397016004	Systemic mast cell disease (disorder)
systemic onset juvenile chronic arthritis (disorder)	201796004	Systemic onset juvenile chronic arthritis (disorder)
systemic sclerosis (disorder)	89155008	Systemic sclerosis (disorder)
systolic dysfunction (finding)	371037005	Systolic dysfunction (finding)
systolic heart failure (disorder)	417996009	Systolic heart failure (disorder)
systolic hypertension (disorder)	56218007	Systolic hypertension (disorder)
systolic murmur (finding)	31574009	Systolic murmur (finding)
sã©zary's disease of lymph nodes of multiple sites (disorder)	188637007	SÃ©zary's disease of lymph nodes of multiple sites (disorder)
t-cell chronic lymphocytic leukemia (disorder)	277545003	T-cell chronic lymphocytic leukemia (disorder)
tachyarrhythmia (disorder)	6285003	Tachyarrhythmia (disorder)
tachycardia (finding)	3424008	Tachycardia (finding)
tachycardia-bradycardia (disorder)	74615001	Tachycardia-bradycardia (disorder)
tachypnea (finding)	271823003	Tachypnea (finding)
tailor's bunion (disorder)	7951001	Tailor's bunion (disorder)
takayasu's disease (disorder)	359789008	Takayasu's disease (disorder)
talipes equinovarus (disorder)	397932003	Talipes equinovarus (disorder)
talipes planus (disorder)	53226007	Talipes planus (disorder)
tardive dyskinesia (disorder)	102449007	Tardive dyskinesia (disorder)
tardy ulnar nerve palsy (finding)	58497009	Tardy ulnar nerve palsy (finding)
tarsal tunnel syndrome (disorder)	47374004	Tarsal tunnel syndrome (disorder)
tear film insufficiency (disorder)	46152009	Tear film insufficiency (disorder)
tear of lateral meniscus of knee (disorder)	302933001	Tear of lateral meniscus of knee (disorder)
tear of medial meniscus of knee (disorder)	302932006	Tear of medial meniscus of knee (disorder)
tear of meniscus of knee (disorder)	239720000	Tear of meniscus of knee (disorder)
teenage pregnancy (finding)	237240001	Teenage pregnancy (finding)
teething syndrome (finding)	8004003	Teething syndrome (finding)
telangiectasia disorder (disorder)	247479008	Telangiectasia disorder (disorder)
telephone encounter (procedure)	185317003	Telephone encounter (procedure)
telogen effluvium (disorder)	39479004	Telogen effluvium (disorder)
temporal arteritis (disorder)	400130008	Temporal arteritis (disorder)
temporal lobe epilepsy (disorder)	193000002	Temporal lobe epilepsy (disorder)
temporomandibular joint disorder (disorder)	41888000	Temporomandibular joint disorder (disorder)
temporomandibular joint-pain-dysfunction syndrome (disorder)	386207004	Temporomandibular joint-pain-dysfunction syndrome (disorder)
tenderness (finding)	247348008	Tenderness (finding)
tenderness of temporomandibular joint (finding)	298375002	Tenderness of temporomandibular joint (finding)
tendinitis (disorder)	34840004	Tendinitis (disorder)
tendinitis of elbow (disorder)	1363606006	Tendinitis of elbow (disorder)
tendinitis of finger (disorder)	423226005	Tendinitis of finger (disorder)
tendinitis of foot (disorder)	425772008	Tendinitis of foot (disorder)
tendinitis of forearm (disorder)	1363605005	Tendinitis of forearm (disorder)
tendinitis of hand (disorder)	423417009	Tendinitis of hand (disorder)
tendinitis of patellar tendon (disorder)	37785001	Tendinitis of patellar tendon (disorder)
tendinitis of wrist (disorder)	423810002	Tendinitis of wrist (disorder)
tendon contracture (disorder)	274141009	Tendon contracture (disorder)
tenosynovitis (disorder)	67801009	Tenosynovitis (disorder)
tenosynovitis of ankle (disorder)	202907005	Tenosynovitis of ankle (disorder)
tenosynovitis of elbow (disorder)	846645002	Tenosynovitis of elbow (disorder)
tenosynovitis of finger (disorder)	1373497002	Tenosynovitis of finger (disorder)
tenosynovitis of hand (disorder)	423778009	Tenosynovitis of hand (disorder)
tenosynovitis of wrist (disorder)	442048005	Tenosynovitis of wrist (disorder)
tension-type headache (disorder)	398057008	Tension-type headache (disorder)
term infant (finding)	57891003	Term infant (finding)
terminal esophageal web (disorder)	66889002	Terminal esophageal web (disorder)
testicular hypofunction (disorder)	111551000	Testicular hypofunction (disorder)
testis excision (procedure)	120001005	Testis excision (procedure)
testosterone level below reference range (finding)	131078003	Testosterone level below reference range (finding)
testosterone measurement, total (procedure)	85470006	Testosterone measurement, total (procedure)
tetanus (disorder)	76902006	Tetanus (disorder)
tetrachlorodibenzodioxin poisoning (disorder)	25440005	Tetrachlorodibenzodioxin poisoning (disorder)
tetralogy of fallot (disorder)	86299006	Tetralogy of Fallot (disorder)
thalassemia (disorder)	40108008	Thalassemia (disorder)
thallium stress test abnormal (finding)	441377000	Thallium stress test abnormal (finding)
therapeutic drug monitoring assay (regime/therapy)	30058000	Therapeutic drug monitoring assay (regime/therapy)
thiamine deficiency (disorder)	399357009	Thiamine deficiency (disorder)
thickening of pleura (disorder)	73725006	Thickening of pleura (disorder)
thigh pain (finding)	78514002	Thigh pain (finding)
third degree perineal laceration (disorder)	10217006	Third degree perineal laceration (disorder)
thoracentesis (procedure)	91602002	Thoracentesis (procedure)
thoracic and lumbosacral neuritis (disorder)	202796002	Thoracic and lumbosacral neuritis (disorder)
thoracic aortic aneurysm without rupture (disorder)	74883004	Thoracic aortic aneurysm without rupture (disorder)
thoracic back pain (finding)	279038004	Thoracic back pain (finding)
thoracic back sprain (disorder)	274162005	Thoracic back sprain (disorder)
thoracic outlet syndrome (disorder)	128210009	Thoracic outlet syndrome (disorder)
thoracic radiculopathy (disorder)	42452002	Thoracic radiculopathy (disorder)
thoracic spondylosis without myelopathy (disorder)	267971005	Thoracic spondylosis without myelopathy (disorder)
thoracoabdominal aortic aneurysm (disorder)	233984007	Thoracoabdominal aortic aneurysm (disorder)
threatened abortion (disorder)	54048003	Threatened abortion (disorder)
thrombocytopenic disorder (disorder)	302215000	Thrombocytopenic disorder (disorder)
thrombocytosis (disorder)	6631009	Thrombocytosis (disorder)
thromboendarterectomy with graft of carotid artery by neck incision (procedure)	15023006	Thromboendarterectomy with graft of carotid artery by neck incision (procedure)
thrombophilia (disorder)	234467004	Thrombophilia (disorder)
thrombophlebitis (disorder)	64156001	Thrombophlebitis (disorder)
thrombophlebitis of iliac vein (disorder)	42861008	Thrombophlebitis of iliac vein (disorder)
thrombophlebitis of superficial veins of lower extremity (disorder)	40283005	Thrombophlebitis of superficial veins of lower extremity (disorder)
thrombophlebitis of superficial veins of upper extremities (disorder)	95451004	Thrombophlebitis of superficial veins of upper extremities (disorder)
thrombosed external hemorrhoids (disorder)	26373009	Thrombosed external hemorrhoids (disorder)
thrombosed hemorrhoids (disorder)	75955007	Thrombosed hemorrhoids (disorder)
thrombosed internal hemorrhoids (disorder)	52931009	Thrombosed internal hemorrhoids (disorder)
thrombosis of arteries of lower extremity (disorder)	90958004	Thrombosis of arteries of lower extremity (disorder)
thrombosis of cerebral artery (disorder)	71444005	Thrombosis of cerebral artery (disorder)
thrombosis of mesenteric vein (disorder)	95446005	Thrombosis of mesenteric vein (disorder)
thrombotic stroke (disorder)	371040005	Thrombotic stroke (disorder)
thrombotic thrombocytopenic purpura (disorder)	78129009	Thrombotic thrombocytopenic purpura (disorder)
thrombus of atrium (disorder)	195147006	Thrombus of atrium (disorder)
thumb injury (disorder)	262520005	Thumb injury (disorder)
thymic carcinoma (morphologic abnormality)	128717008	Thymic carcinoma (morphologic abnormality)
thymoma (disorder)	444231005	Thymoma (disorder)
thyroglossal duct cyst (disorder)	39462005	Thyroglossal duct cyst (disorder)
thyroid disease in pregnancy (disorder)	274120003	Thyroid disease in pregnancy (disorder)
thyroid disorder screening (procedure)	171182009	Thyroid disorder screening (procedure)
thyroid dysfunction (disorder)	264580006	Thyroid dysfunction (disorder)
thyroid eye disease (disorder)	276177000	Thyroid eye disease (disorder)
thyroid follicular adenoma (disorder)	255034006	Thyroid follicular adenoma (disorder)
thyroid function tests abnormal (finding)	312399001	Thyroid function tests abnormal (finding)
thyroid nodule (disorder)	237495005	Thyroid nodule (disorder)
thyroid stimulating hormone level above reference range (finding)	309080005	Thyroid stimulating hormone level above reference range (finding)
thyroid stimulating hormone measurement (procedure)	61167004	Thyroid stimulating hormone measurement (procedure)
thyroidectomy (procedure)	13619001	Thyroidectomy (procedure)
thyroiditis (disorder)	82119001	Thyroiditis (disorder)
thyrotoxicosis (disorder)	90739004	Thyrotoxicosis (disorder)
thyrotoxicosis factitia (disorder)	4997005	Thyrotoxicosis factitia (disorder)
tibial torsion (finding)	249785006	Tibial torsion (finding)
tibialis posterior tendinitis (disorder)	202881005	Tibialis posterior tendinitis (disorder)
tibialis tendinitis (disorder)	50127006	Tibialis tendinitis (disorder)
tic disorder (disorder)	568005	Tic disorder (disorder)
tick bite (disorder)	95898004	Tick bite (disorder)
tietze's disease (disorder)	30128009	Tietze's disease (disorder)
tight chest (finding)	23924001	Tight chest (finding)
tight foreskin (finding)	198006006	Tight foreskin (finding)
tilt test (procedure)	14769009	Tilt test (procedure)
tinea capitis (disorder)	5441008	Tinea capitis (disorder)
tinea corporis (disorder)	84849002	Tinea corporis (disorder)
tinea cruris (disorder)	399029005	Tinea cruris (disorder)
tinea pedis (disorder)	6020002	Tinea pedis (disorder)
tinnitus (finding)	60862001	Tinnitus (finding)
tired (finding)	224960004	Tired (finding)
tobacco dependence in remission (disorder)	191889006	Tobacco dependence in remission (disorder)
tobacco dependence syndrome (disorder)	89765005	Tobacco dependence syndrome (disorder)
tobacco user (finding)	110483000	Tobacco user (finding)
toe swelling (finding)	277890004	Toe swelling (finding)
toe-walking gait (finding)	250018006	Toe-walking gait (finding)
tongue carcinoma (disorder)	269516007	Tongue carcinoma (disorder)
tongue tie (disorder)	67787004	Tongue tie (disorder)
tonic-clonic epileptic seizure (finding)	1217136003	Tonic-clonic epileptic seizure (finding)
tonic-clonic status epilepticus (finding)	13973009	Tonic-clonic status epilepticus (finding)
tonsil carcinoma (disorder)	274085008	Tonsil carcinoma (disorder)
tonsillectomy (procedure)	173422009	Tonsillectomy (procedure)
tonsillectomy and adenoidectomy (procedure)	28913000	Tonsillectomy and adenoidectomy (procedure)
tonsillitis (disorder)	90176007	Tonsillitis (disorder)
tooth disorder (disorder)	234947003	Tooth disorder (disorder)
tooth eruption disorder (disorder)	234949000	Tooth eruption disorder (disorder)
tooth extraction (procedure)	55162003	Tooth extraction (procedure)
tooth loss (finding)	25540007	Tooth loss (finding)
toothache (finding)	27355003	Toothache (finding)
tophus (disorder)	240042004	Tophus (disorder)
torsion of appendix of testis (disorder)	198047009	Torsion of appendix of testis (disorder)
torsion of ovary (disorder)	13595002	Torsion of ovary (disorder)
torsion of spermatic cord (disorder)	49198006	Torsion of spermatic cord (disorder)
torticollis (disorder)	70070008	Torticollis (disorder)
torus mandibularis (disorder)	11625007	Torus mandibularis (disorder)
total abdominal hysterectomy (procedure)	116143008	Total abdominal hysterectomy (procedure)
total abdominal hysterectomy with bilateral salpingo-oophorectomy (procedure)	116144002	Total abdominal hysterectomy with bilateral salpingo-oophorectomy (procedure)
total avulsion of nail plate (procedure)	183668008	Total avulsion of nail plate (procedure)
total cholesterol measurement (procedure)	121868005	Total cholesterol measurement (procedure)
total colectomy (procedure)	26390003	Total colectomy (procedure)
total elbow replacement (procedure)	87366001	Total elbow replacement (procedure)
total hysterectomy with removal of both tubes and ovaries (procedure)	86477000	Total hysterectomy with removal of both tubes and ovaries (procedure)
total nephrectomy (procedure)	175905003	Total nephrectomy (procedure)
total parenteral nutrition (regime/therapy)	225372007	Total parenteral nutrition (regime/therapy)
total pneumonectomy (procedure)	49795001	Total pneumonectomy (procedure)
total replacement of hip (procedure)	52734007	Total replacement of hip (procedure)
total replacement of left knee joint (procedure)	443681002	Total replacement of left knee joint (procedure)
total replacement of right knee joint (procedure)	443682009	Total replacement of right knee joint (procedure)
total splenectomy (procedure)	174776001	Total splenectomy (procedure)
total urinary incontinence (finding)	129853007	Total urinary incontinence (finding)
total, mature senile cataract (disorder)	193590000	Total, mature senile cataract (disorder)
toxic diffuse goiter (disorder)	267374005	Toxic diffuse goiter (disorder)
toxic effect of carbon monoxide (disorder)	17383000	Toxic effect of carbon monoxide (disorder)
toxic multinodular goiter (disorder)	26389007	Toxic multinodular goiter (disorder)
trabeculation of urinary bladder (disorder)	79184009	Trabeculation of urinary bladder (disorder)
trabeculectomy ab externo (procedure)	30880003	Trabeculectomy ab externo (procedure)
tracheomalacia (disorder)	95434006	Tracheomalacia (disorder)
tracheostomy complication (disorder)	68033004	Tracheostomy complication (disorder)
traction detachment of retina (disorder)	34711008	Traction detachment of retina (disorder)
transesophageal echocardiography (procedure)	105376000	Transesophageal echocardiography (procedure)
transformed migraine (disorder)	427419006	Transformed migraine (disorder)
transfusion of blood product (procedure)	116859006	Transfusion of blood product (procedure)
transient blindness (disorder)	83785004	Transient blindness (disorder)
transient global amnesia (finding)	230736007	Transient global amnesia (finding)
transient hypertension of pregnancy (disorder)	237279007	Transient hypertension of pregnancy (disorder)
transient ischemic attack (disorder)	266257000	Transient ischemic attack (disorder)
transient synovitis (disorder)	202924004	Transient synovitis (disorder)
transient synovitis of hip (disorder)	301864002	Transient synovitis of hip (disorder)
transitional cell carcinoma of kidney (disorder)	408642003	Transitional cell carcinoma of kidney (disorder)
transitional cell carcinoma of urinary bladder (disorder)	255109008	Transitional cell carcinoma of urinary bladder (disorder)
transitory tachypnea of newborn (disorder)	7550008	Transitory tachypnea of newborn (disorder)
transjugular intrahepatic portosystemic shunt (procedure)	233445008	Transjugular intrahepatic portosystemic shunt (procedure)
transplant follow-up (finding)	183655000	Transplant follow-up (finding)
transplant of kidney (procedure)	70536003	Transplant of kidney (procedure)
transplant of lung (procedure)	88039007	Transplant of lung (procedure)
transplantation of bone marrow (procedure)	23719005	Transplantation of bone marrow (procedure)
transplantation of heart (procedure)	32413006	Transplantation of heart (procedure)
transplantation of liver (procedure)	18027006	Transplantation of liver (procedure)
transplantation of pancreas (procedure)	62438007	Transplantation of pancreas (procedure)
transplantation of small intestine (procedure)	56283009	Transplantation of small intestine (procedure)
transplantation to recipient (procedure)	77465005	Transplantation to recipient (procedure)
transplanted organ rejection (disorder)	213148006	Transplanted organ rejection (disorder)
transurethral cystoscopy (procedure)	386745004	Transurethral cystoscopy (procedure)
transurethral prostatectomy (procedure)	90199006	Transurethral prostatectomy (procedure)
transverse lie (disorder)	73161006	Transverse lie (disorder)
transverse myelopathy syndrome (disorder)	16631009	Transverse myelopathy syndrome (disorder)
traumatic amputation of finger (disorder)	95855003	Traumatic amputation of finger (disorder)
traumatic arthropathy (disorder)	58188004	Traumatic arthropathy (disorder)
traumatic arthropathy of ankle (disorder)	201954006	Traumatic arthropathy of ankle (disorder)
traumatic arthropathy of the ankle and/or foot (disorder)	201938008	Traumatic arthropathy of the ankle and/or foot (disorder)
traumatic brain injury (disorder)	127295002	Traumatic brain injury (disorder)
traumatic cataract (disorder)	34361001	Traumatic cataract (disorder)
traumatic dislocation of joint of finger (disorder)	125619004	Traumatic dislocation of joint of finger (disorder)
traumatic dislocation of knee joint (disorder)	58320001	Traumatic dislocation of knee joint (disorder)
traumatic injury (disorder)	417746004	Traumatic injury (disorder)
traumatic injury of common peroneal nerve (disorder)	25604001	Traumatic injury of common peroneal nerve (disorder)
traumatic intracranial subdural hematoma (disorder)	262952002	Traumatic intracranial subdural hematoma (disorder)
traumatic or non-traumatic injury (disorder)	417163006	Traumatic or non-traumatic injury (disorder)
traumatic or non-traumatic injury of back (disorder)	712893003	Traumatic or non-traumatic injury of back (disorder)
traumatic or nontraumatic brain injury (disorder)	127294003	Traumatic or nontraumatic brain injury (disorder)
traumatic rupture of lumbar intervertebral disc (disorder)	212454006	Traumatic rupture of lumbar intervertebral disc (disorder)
traumatic subarachnoid hemorrhage with loss of consciousness (disorder)	329671000119106	Traumatic subarachnoid hemorrhage with loss of consciousness (disorder)
traumatic subdural intracranial hemorrhage (disorder)	209987007	Traumatic subdural intracranial hemorrhage (disorder)
traumatic tear of skin (disorder)	428220001	Traumatic tear of skin (disorder)
tremor (finding)	26079004	Tremor (finding)
trichiasis (disorder)	60332004	Trichiasis (disorder)
trichilemmal cyst (disorder)	254677004	Trichilemmal cyst (disorder)
trichomonal vaginitis (disorder)	276877003	Trichomonal vaginitis (disorder)
trichotillomania (disorder)	17155009	Trichotillomania (disorder)
tricuspid incompetence, non-rheumatic (disorder)	194990000	Tricuspid incompetence, non-rheumatic (disorder)
tricuspid valve disorder (disorder)	20721001	Tricuspid valve disorder (disorder)
tricuspid valve regurgitation (disorder)	111287006	Tricuspid valve regurgitation (disorder)
trigeminal nerve disorder (disorder)	64309007	Trigeminal nerve disorder (disorder)
trigeminal neuralgia (disorder)	31681005	Trigeminal neuralgia (disorder)
triple vessel disease of the heart (disorder)	233817007	Triple vessel disease of the heart (disorder)
tubal pregnancy (disorder)	79586000	Tubal pregnancy (disorder)
tuberculosis (disorder)	56717001	Tuberculosis (disorder)
tuberculosis of lung, confirmed by culture only (disorder)	186194007	Tuberculosis of lung, confirmed by culture only (disorder)
tuberculosis of lung, confirmed by sputum microscopy with or without culture (disorder)	186193001	Tuberculosis of lung, confirmed by sputum microscopy with or without culture (disorder)
tuberculosis of lung, confirmed histologically (disorder)	186195008	Tuberculosis of lung, confirmed histologically (disorder)
tuberculosis of meninges (disorder)	58437007	Tuberculosis of meninges (disorder)
tuberculosis of pleura (disorder)	186182003	Tuberculosis of pleura (disorder)
tuberculosis of vertebral column (disorder)	35984006	Tuberculosis of vertebral column (disorder)
tuberculosis screening (procedure)	171126009	Tuberculosis screening (procedure)
tuberculous adenitis (disorder)	10893003	Tuberculous adenitis (disorder)
tuberous sclerosis syndrome (disorder)	7199000	Tuberous sclerosis syndrome (disorder)
tubo-ovarian abscess (disorder)	58949002	Tubo-ovarian abscess (disorder)
tubular adenoma (disorder)	444408007	Tubular adenoma (disorder)
tubulointerstitial nephritis (disorder)	428255004	Tubulointerstitial nephritis (disorder)
turner syndrome (disorder)	38804009	Turner syndrome (disorder)
twin liveborn born in hospital (situation)	442327001	Twin liveborn born in hospital (situation)
twin liveborn born in hospital by cesarean section (situation)	442342003	Twin liveborn born in hospital by cesarean section (situation)
twin pregnancy (finding)	65147003	Twin pregnancy (finding)
tympanoplasty with mastoidectomy (procedure)	232188001	Tympanoplasty with mastoidectomy (procedure)
tympanostomy (procedure)	397862008	Tympanostomy (procedure)
tympanotomy (procedure)	397760009	Tympanotomy (procedure)
type c thymoma (disorder)	444374006	Type C thymoma (disorder)
type i diabetes mellitus with ulcer (disorder)	190368000	Type I diabetes mellitus with ulcer (disorder)
type ii diabetes mellitus with ulcer (disorder)	190389009	Type II diabetes mellitus with ulcer (disorder)
typhoid fever (disorder)	4834000	Typhoid fever (disorder)
ulcer of duodenum (disorder)	51868009	Ulcer of duodenum (disorder)
ulcer of esophagus (disorder)	30811009	Ulcer of esophagus (disorder)
ulcer of foot (disorder)	95345008	Ulcer of foot (disorder)
ulcer of foot due to diabetes mellitus (disorder)	371087003	Ulcer of foot due to diabetes mellitus (disorder)
ulcer of genital labium (disorder)	427788009	Ulcer of genital labium (disorder)
ulcer of heel (disorder)	301022003	Ulcer of heel (disorder)
ulcer of lower extremity (disorder)	95344007	Ulcer of lower extremity (disorder)
ulcer of mouth (disorder)	26284000	Ulcer of mouth (disorder)
ulcer of rectum (disorder)	54609002	Ulcer of rectum (disorder)
ulcer of toe (disorder)	301021005	Ulcer of toe (disorder)
ulcer on tongue (disorder)	66123000	Ulcer on tongue (disorder)
ulceration of intestine (disorder)	85942002	Ulceration of intestine (disorder)
ulcerative colitis (disorder)	64766004	Ulcerative colitis (disorder)
ulcerative pancolitis (disorder)	444548001	Ulcerative pancolitis (disorder)
ulnar nerve entrapment (disorder)	277188003	Ulnar nerve entrapment (disorder)
ulnar nerve entrapment at elbow (disorder)	230631009	Ulnar nerve entrapment at elbow (disorder)
ulnar neuritis (disorder)	95675005	Ulnar neuritis (disorder)
ulnar neuropathy (disorder)	359837005	Ulnar neuropathy (disorder)
ultrasound scan abnormal (finding)	169255008	Ultrasound scan abnormal (finding)
ultrasound scan for fetal anomaly (procedure)	408814002	Ultrasound scan for fetal anomaly (procedure)
umbilical discharge (finding)	35745008	Umbilical discharge (finding)
umbilical granuloma (disorder)	200724002	Umbilical granuloma (disorder)
umbilical hernia (disorder)	396347007	Umbilical hernia (disorder)
unable to balance (finding)	282299006	Unable to balance (finding)
unable to concentrate (finding)	60032008	Unable to concentrate (finding)
unbalanced diet (finding)	424890008	Unbalanced diet (finding)
unconscious (finding)	418107008	Unconscious (finding)
uncontrolled type 1 diabetes mellitus (disorder)	444073006	Uncontrolled type 1 diabetes mellitus (disorder)
uncontrolled type 2 diabetes mellitus (disorder)	443694000	Uncontrolled type 2 diabetes mellitus (disorder)
underweight (finding)	248342006	Underweight (finding)
undescended left testicle (disorder)	1010568002	Undescended left testicle (disorder)
undescended right testicle (disorder)	1010569005	Undescended right testicle (disorder)
undescended testes - bilateral (disorder)	268228006	Undescended testes - bilateral (disorder)
undescended testicle (disorder)	204878001	Undescended testicle (disorder)
undifferentiated connective tissue disease (disorder)	239918008	Undifferentiated connective tissue disease (disorder)
undifferentiated inflammatory polyarthritis (disorder)	416956002	Undifferentiated inflammatory polyarthritis (disorder)
undifferentiated schizophrenia (disorder)	111484002	Undifferentiated schizophrenia (disorder)
unemployed (finding)	73438004	Unemployed (finding)
unequal length of lower limbs (disorder)	1354826003	Unequal length of lower limbs (disorder)
unequal length of lower limbs due to acquired shortening (disorder)	1354830000	Unequal length of lower limbs due to acquired shortening (disorder)
unexplained weight loss (finding)	422868009	Unexplained weight loss (finding)
uninodular goiter (disorder)	237569006	Uninodular goiter (disorder)
uninsured medical expenses (finding)	424553001	Uninsured medical expenses (finding)
unplanned pregnancy (finding)	83074005	Unplanned pregnancy (finding)
unprotected sexual intercourse (finding)	2314005	Unprotected sexual intercourse (finding)
unresponsive (finding)	422768004	Unresponsive (finding)
unsatisfactory cardiotochogram tracing (finding)	278073009	Unsatisfactory cardiotochogram tracing (finding)
unsatisfactory living conditions (finding)	308899009	Unsatisfactory living conditions (finding)
unsettled infant (finding)	444951002	Unsettled infant (finding)
unstable knee (finding)	250102002	Unstable knee (finding)
unstable lie (disorder)	86356004	Unstable lie (disorder)
unsteady when walking (finding)	22631008	Unsteady when walking (finding)
unwanted fertility (finding)	281305005	Unwanted fertility (finding)
up-to-date with immunizations (finding)	171258008	Up-to-date with immunizations (finding)
upper abdominal pain (finding)	83132003	Upper abdominal pain (finding)
upper airway resistance syndrome (disorder)	408418009	Upper airway resistance syndrome (disorder)
upper gastrointestinal hemorrhage (disorder)	37372002	Upper gastrointestinal hemorrhage (disorder)
upper respiratory infection (disorder)	54150009	Upper respiratory infection (disorder)
upper respiratory tract obstruction (disorder)	68372009	Upper respiratory tract obstruction (disorder)
uremia (disorder)	44730006	Uremia (disorder)
ureteric colic (finding)	17329003	Ureteric colic (finding)
ureteric stone (disorder)	31054009	Ureteric stone (disorder)
ureteritis (disorder)	111405003	Ureteritis (disorder)
ureteroileostomy (procedure)	243306000	Ureteroileostomy (procedure)
urethral caruncle (disorder)	6929003	Urethral caruncle (disorder)
urethral discharge (finding)	9957009	Urethral discharge (finding)
urethral fistula (disorder)	14981000	Urethral fistula (disorder)
urethral stricture (disorder)	76618002	Urethral stricture (disorder)
urethritis (disorder)	31822004	Urethritis (disorder)
urge incontinence of urine (finding)	87557004	Urge incontinence of urine (finding)
urgent desire for stool (finding)	71820002	Urgent desire for stool (finding)
urgent desire to urinate (finding)	75088002	Urgent desire to urinate (finding)
uric acid urolithiasis (disorder)	267441009	Uric acid urolithiasis (disorder)
urinary bladder stone (disorder)	70650003	Urinary bladder stone (disorder)
urinary incontinence (finding)	165232002	Urinary incontinence (finding)
urinary symptoms (finding)	249274008	Urinary symptoms (finding)
urinary tract infection following delivery (disorder)	199111004	Urinary tract infection following delivery (disorder)
urinary tract infection in pregnancy (disorder)	307534009	Urinary tract infection in pregnancy (disorder)
urinary tract infectious disease (disorder)	68566005	Urinary tract infectious disease (disorder)
urinary tract obstruction (disorder)	7163005	Urinary tract obstruction (disorder)
urine cytology abnormal (finding)	310439007	Urine cytology abnormal (finding)
urine screening abnormal (finding)	171251002	Urine screening abnormal (finding)
urogenital finding (finding)	118238000	Urogenital finding (finding)
urolithiasis (disorder)	95566004	Urolithiasis (disorder)
urostomy management and care (regime/therapy)	50049003	Urostomy management and care (regime/therapy)
urticaria (disorder)	126485001	Urticaria (disorder)
uses contraception (finding)	13197004	Uses contraception (finding)
uses depot contraception (finding)	268464009	Uses depot contraception (finding)
uses intrauterine device contraception (finding)	312081001	Uses intrauterine device contraception (finding)
uses oral contraception (finding)	5935008	Uses oral contraception (finding)
uterine leiomyoma (disorder)	95315005	Uterine leiomyoma (disorder)
uterine prolapse (disorder)	24976005	Uterine prolapse (disorder)
uterovaginal prolapse (disorder)	18973006	Uterovaginal prolapse (disorder)
uveitis (disorder)	128473001	Uveitis (disorder)
vaccine declined by patient (situation)	591000119102	Vaccine declined by patient (situation)
vaginal delivery (finding)	289259007	Vaginal delivery (finding)
vaginal discharge (finding)	271939006	Vaginal discharge (finding)
vaginal dryness (disorder)	31908003	Vaginal dryness (disorder)
vaginal enterocele (disorder)	398061002	Vaginal enterocele (disorder)
vaginal hysterectomy (procedure)	265056007	Vaginal hysterectomy (procedure)
vaginal irritation (finding)	161816004	Vaginal irritation (finding)
vaginal lesion (disorder)	289517005	Vaginal lesion (disorder)
vaginal pain (finding)	38343000	Vaginal pain (finding)
vaginal show (finding)	268471004	Vaginal show (finding)
vaginal tear resulting from childbirth (disorder)	249220002	Vaginal tear resulting from childbirth (disorder)
vaginal vault hematoma (disorder)	237102006	Vaginal vault hematoma (disorder)
vaginal wall prolapse (disorder)	398022005	Vaginal wall prolapse (disorder)
vaginitis (disorder)	30800001	Vaginitis (disorder)
vaginoscopy with biopsy of cervix (procedure)	38526002	Vaginoscopy with biopsy of cervix (procedure)
varicella (disorder)	38907003	Varicella (disorder)
varicella-zoster virus infection (disorder)	309465005	Varicella-zoster virus infection (disorder)
varicocele (disorder)	51070004	Varicocele (disorder)
varicose ulcer of lower extremity (disorder)	304026004	Varicose ulcer of lower extremity (disorder)
varicose veins of lower extremity (disorder)	72866009	Varicose veins of lower extremity (disorder)
varicose veins of lower extremity with ulcer and inflammation (disorder)	69352009	Varicose veins of lower extremity with ulcer AND inflammation (disorder)
varicose veins of lower limb without ulcer and without inflammation (disorder)	297713002	Varicose veins of lower limb without ulcer and without inflammation (disorder)
vascular cannula removal (procedure)	233553003	Vascular cannula removal (procedure)
vascular dementia (disorder)	429998004	Vascular dementia (disorder)
vascular dementia of acute onset (disorder)	230285003	Vascular dementia of acute onset (disorder)
vascular ectasia of gastric antrum (disorder)	43935004	Vascular ectasia of gastric antrum (disorder)
vascular headache (disorder)	128187005	Vascular headache (disorder)
vascular insufficiency of intestine (disorder)	82196007	Vascular insufficiency of intestine (disorder)
vasculitis (disorder)	31996006	Vasculitis (disorder)
vasectomy (procedure)	22523008	Vasectomy (procedure)
vasomotor rhinitis (disorder)	8229003	Vasomotor rhinitis (disorder)
vasospasm (finding)	71772004	Vasospasm (finding)
vasovagal syncope (finding)	398665005	Vasovagal syncope (finding)
venereal disease screening (procedure)	171128005	Venereal disease screening (procedure)
venous catheterization for renal dialysis (procedure)	69380006	Venous catheterization for renal dialysis (procedure)
venous lake (disorder)	402843003	Venous lake (disorder)
venous retinal branch occlusion (disorder)	24596005	Venous retinal branch occlusion (disorder)
venous stasis (finding)	71897006	Venous stasis (finding)
venous stasis syndrome (disorder)	238788004	Venous stasis syndrome (disorder)
venous thrombosis (disorder)	111293003	Venous thrombosis (disorder)
venous ulcer of lower leg (disorder)	1237117000	Venous ulcer of lower leg (disorder)
venous ulcer of lower limb (disorder)	1237116009	Venous ulcer of lower limb (disorder)
venous varices (disorder)	128060009	Venous varices (disorder)
ventricular arrhythmia (disorder)	44103008	Ventricular arrhythmia (disorder)
ventricular fibrillation (disorder)	71908006	Ventricular fibrillation (disorder)
ventricular hypertrophy (disorder)	266249003	Ventricular hypertrophy (disorder)
ventricular premature complex (disorder)	251175005	Ventricular premature complex (disorder)
ventricular septal defect (disorder)	30288003	Ventricular septal defect (disorder)
ventricular tachycardia (disorder)	25569003	Ventricular tachycardia (disorder)
ventriculoperitoneal shunt (procedure)	47020004	Ventriculoperitoneal shunt (procedure)
vernal conjunctivitis (disorder)	318316003	Vernal conjunctivitis (disorder)
verruca plantaris (disorder)	63440008	Verruca plantaris (disorder)
verruca vulgaris (disorder)	57019003	Verruca vulgaris (disorder)
vertebral artery stenosis (disorder)	90520006	Vertebral artery stenosis (disorder)
vertebral artery syndrome (disorder)	34781003	Vertebral artery syndrome (disorder)
vertebral osteoporosis (disorder)	203438009	Vertebral osteoporosis (disorder)
vertical heterophoria (disorder)	20636006	Vertical heterophoria (disorder)
vertigo (finding)	399153001	Vertigo (finding)
vesicocolic fistula (disorder)	28626004	Vesicocolic fistula (disorder)
vesicoureteric reflux (disorder)	197811007	Vesicoureteric reflux (disorder)
vesicovaginal fistula (disorder)	89405008	Vesicovaginal fistula (disorder)
vesicular eczema of foot (disorder)	201201000	Vesicular eczema of foot (disorder)
victim of abuse (finding)	386702006	Victim of abuse (finding)
victim of physical abuse (finding)	225824003	Victim of physical abuse (finding)
victim of physical assault (finding)	90774003	Victim of physical assault (finding)
victim of sexual aggression (finding)	56890008	Victim of sexual aggression (finding)
victim of terrorism (finding)	95317002	Victim of terrorism (finding)
villous adenomatous polyp of colon (disorder)	309084001	Villous adenomatous polyp of colon (disorder)
viral bronchitis (disorder)	16146001	Viral bronchitis (disorder)
viral conjunctivitis (disorder)	45261009	Viral conjunctivitis (disorder)
viral disease (disorder)	34014006	Viral disease (disorder)
viral exanthem (disorder)	49882001	Viral exanthem (disorder)
viral gastroenteritis (disorder)	111843007	Viral gastroenteritis (disorder)
viral gastroenteritis caused by norwalk-like agent (disorder)	24789006	Viral gastroenteritis caused by Norwalk-like agent (disorder)
viral hepatitis type b (disorder)	66071002	Viral hepatitis type B (disorder)
viral hepatitis type c (disorder)	50711007	Viral hepatitis type C (disorder)
viral hepatitis, type a (disorder)	40468003	Viral hepatitis, type A (disorder)
viral labyrinthitis (disorder)	409711008	Viral labyrinthitis (disorder)
viral meningitis (disorder)	58170007	Viral meningitis (disorder)
viral pharyngitis (disorder)	1532007	Viral pharyngitis (disorder)
viral pneumonia (disorder)	75570004	Viral pneumonia (disorder)
viral screening (procedure)	243791004	Viral screening (procedure)
viral sinusitis (disorder)	444814009	Viral sinusitis (disorder)
viremia (finding)	2528003	Viremia (finding)
vision screening (procedure)	408760009	Vision screening (procedure)
visual disturbance (disorder)	63102001	Visual disturbance (disorder)
visual field defect (finding)	12184005	Visual field defect (finding)
visual field scotoma (finding)	23388006	Visual field scotoma (finding)
visual field study (procedure)	86944008	Visual field study (procedure)
visual impairment (disorder)	397540003	Visual impairment (disorder)
visual loss after cataract extraction (disorder)	371060002	Visual loss after cataract extraction (disorder)
visual testing (procedure)	268360001	Visual testing (procedure)
vitamin b deficiency (disorder)	47903000	Vitamin B deficiency (disorder)
vitamin b-complex deficiency (disorder)	190631007	Vitamin B-complex deficiency (disorder)
vitamin b12 deficiency (non anemic) (disorder)	64117007	Vitamin B12 deficiency (non anemic) (disorder)
vitamin d deficiency (disorder)	34713006	Vitamin D deficiency (disorder)
vitiligo (disorder)	56727007	Vitiligo (disorder)
vitrectomy (procedure)	75732000	Vitrectomy (procedure)
vitreous degeneration (disorder)	60189009	Vitreous degeneration (disorder)
vitreous detachment (disorder)	53772007	Vitreous detachment (disorder)
vitreous floaters (disorder)	15013002	Vitreous floaters (disorder)
vitreous hemorrhage (disorder)	31341008	Vitreous hemorrhage (disorder)
vocal cord cyst (disorder)	249444002	Vocal cord cyst (disorder)
vocal cord dysfunction (finding)	134290008	Vocal cord dysfunction (finding)
vocal cord palsy (disorder)	302912005	Vocal cord palsy (disorder)
vomiting (disorder)	422400008	Vomiting (disorder)
vomiting of pregnancy (disorder)	90325002	Vomiting of pregnancy (disorder)
von hippel-lindau syndrome (disorder)	46659004	Von Hippel-Lindau syndrome (disorder)
von willebrand disorder (disorder)	128105004	von Willebrand disorder (disorder)
vulval pain (finding)	162145001	Vulval pain (finding)
vulvar vestibulitis (disorder)	30833006	Vulvar vestibulitis (disorder)
vulvitis (disorder)	63144007	Vulvitis (disorder)
vulvodynia (disorder)	238968009	Vulvodynia (disorder)
vulvovaginitis (disorder)	53277000	Vulvovaginitis (disorder)
waldenstrã¶m macroglobulinemia (disorder)	190818004	WaldenstrÃ¶m macroglobulinemia (disorder)
walking disability (finding)	228158008	Walking disability (finding)
warfarin overdosage (disorder)	47546008	Warfarin overdosage (disorder)
weakness of hand (finding)	299042006	Weakness of hand (finding)
weakness of vocal cord (finding)	445424004	Weakness of vocal cord (finding)
weight decreased (finding)	262285001	Weight decreased (finding)
weight increased (finding)	262286000	Weight increased (finding)
well child visit (procedure)	410620009	Well child visit (procedure)
well child visit, 2 month (procedure)	410624000	Well child visit, 2 month (procedure)
well man health examination (procedure)	281029006	Well man health examination (procedure)
well woman health examination (procedure)	281031002	Well woman health examination (procedure)
well-differentiated neuroendocrine tumor (disorder)	1288045008	Well-differentiated neuroendocrine tumor (disorder)
wellness health education, guidance, and counseling (procedure)	410321003	Wellness health education, guidance, and counseling (procedure)
wheezing (finding)	56018004	Wheezing (finding)
whiplash injury to neck (disorder)	39848009	Whiplash injury to neck (disorder)
white blood cell disorder (disorder)	54097007	White blood cell disorder (disorder)
widespread metastatic malignant neoplastic disease (disorder)	405843009	Widespread metastatic malignant neoplastic disease (disorder)
willing to be donor of kidney (finding)	160656007	Willing to be donor of kidney (finding)
willing to be donor of liver (finding)	444412001	Willing to be donor of liver (finding)
wolff-parkinson-white pattern (disorder)	74390002	Wolff-Parkinson-White pattern (disorder)
work-related counseling (procedure)	313080005	Work-related counseling (procedure)
worried well (finding)	81302005	Worried well (finding)
wound (disorder)	416462003	Wound (disorder)
wound dehiscence (disorder)	225553008	Wound dehiscence (disorder)
wound hematoma (finding)	239160006	Wound hematoma (finding)
wound pain (finding)	298012000	Wound pain (finding)
wrinkled skin (finding)	247434009	Wrinkled skin (finding)
xeroderma (disorder)	52475004	Xeroderma (disorder)
xerostomia (finding)	87715008	Xerostomia (finding)
yttrium-aluminum-garnet laser capsulotomy of lens (procedure)	172532006	Yttrium-aluminum-garnet laser capsulotomy of lens (procedure)
